Query SMILE,Closest Match,LSH Distance,Actual Distance,Tanimoto Similarity
CC(N)(C)C1=CC=C(C(=O)N)C=C1N2CCCC(C3=CC(C(=O)C(C(C(=O)N)))=CC=C3)=C2,No matches found,,,
CC1=CC=CC=C1CC(=O)NCC(=O)C2=CC(=O)CC=C2C3=CC=CC(C(=O)C(N))=C3,No matches found,,,
CC1=C(C(N))CCC=C1CCC=CC2=CC=CC=C2C=CC3=CC=C(C(=O)N)C=C3,No matches found,,,
O=C(CC1=CC=CC(=C(N))C(=O)1)CC2=CC=CC=C2C=CC3=CC=C(C(=O)N)C=C3,No matches found,,,
CC(N)(C)C1=CC=CC=C1NCC2=CC(N)=CC=C2CC3CCC(N)(C)CC3,No matches found,,,
O=C(CC1=CC(C(=C)N)=CC=C1)N2CCN(CC3=CC=C(C(=C(C(=O)N))N)C=C3)C(=O)2,No matches found,,,
O=C(CCC1=CC=CC(C(=C(N))(C(=O)N))=C1)N(C(=O)(N))C(=O)C=CCC2=CC=CC=C2,No matches found,,,
O=C(CC1=CC=C(C(=O)C)C=C1)NCC2=CC(C(C(N)))=CC=C2[CH1]C=CC3CCCCC3,No matches found,,,
C(C(=O)N)=1C2=CC=CC(C(=O)N)=C2C=CC=1C=CC3=CC(C(=C(N))N)=CC=C3C,No matches found,,,
C(C(C(=O)N))CC1=CC=CC=C1CCNC2=CC=CC=C2C3=CCC(=C)C(=O)S3,No matches found,,,
CN(CC1=CC=CC(N)=C1)C(=O)CC=CC2=C(C(=C)N)C=CC=C2CC3=CC=CC=C3,No matches found,,,
O=C(NCC1=CC=CC=C1)CC2CC(=O)C3=CC=C(C(C(C(C(C(=O)N)))))C=C3S2,No matches found,,,
O=C(CC1=CC=CC=C1)NCC(C(=O)N)=CC2=CC=C3C(=C2)C(=C(C(C(N)))(N))CC3,No matches found,,,
O=C(C1=CC(C(C))=CC=C1)NCC2=CC=CC(C(=C))=C2CCC(=C(N)(C))C(=O)N,No matches found,,,
O=C(CC1=CC(C(=C)N)=C(N)C=C1)N2CC(C(=O)N)=C(C3=CC=CC(C(=O)N)=C3)C2,No matches found,,,
CC1=CC=C(C(=O)(N))C=C1C(=O)CN(C)C2CC3=CC(C(C(C(C(=O)N))))=CC=C3CC2,No matches found,,,
N#CC1=C(C(=O)N)C=CC=C1CCC(=N)C=CC2=CC3=CC(C(=O)N)=CC=C3C=C2,No matches found,,,
C=C(CC1=CC=CC2=C1C=C(C(=O)N)C=C2)C=C(N)C3(C(=O)O)CC4=CC=CC=C4C3,No matches found,,,
O=C(CC1=C(C(=O)O)C=CC2=C1C=C(C(=O)N)C=C2)C=CC3(N)CC4=CC=CC=C4C3,No matches found,,,
CC1=CC=C(C(=O)O)C=C1NC(=O)NC(=O)C2=CC3=CC(Cl)=C(C(=C)C(N))C=C3C(=O)2,No matches found,,,
O=C(NC1=CC=CC(C(=O)C)=C1)N2CCC(=O)C(C3=CC=CC(C(=O)C(=N)(C(C)))=C3)=C2,No matches found,,,
O=C(NC1=C(C(=O)N)C=CC2=C1C=C(C(=O)N)CC2)C(=O)C=CC3=CC=CC(C)=C3,No matches found,,,
C=C(C(N)C1=CC=CC=C1)C(N)=CC2=CC=CC(=C2)CC3=CC=CC(C(=O)N)=C3,No matches found,,,
CC(C)(C(=O)C1CCC(C(C(=O)(N)))CC1)CCCCC2=CC=CC(C(=C)N)=C2C,No matches found,,,
CC1=CC=C(C(=O)(N))C=C1CC2=CC(N)=CC=C2CCNC3=C(N)C=CC(=O)C3,No matches found,,,
CC1=CC=CC=C1C(=O)NC=CC2=CC(=O)CC=C2C3=CC=CC(C(=O)N)=C3,No matches found,,,
O=C(CC1=CC(C(=O)C(=O)(N))=CC=C1)N2CCC(CC3=CC=C(C(=O)(N))C=C3)C2(=O),No matches found,,,
CC1=C(C(=O)N)C=CC=C1CSC2=CC=CC=C2C=C3C=C(C(=O)N)C4=CC=CN=C34,No matches found,,,
CC1=C(C(=O)N)C=CC=C1CCCCC=CC2=C(C(=O)N)C(=C)C3=CC=CC=C3C2,No matches found,,,
C(N)C1=CC=CC=C1CCC2=CC=CC=C2C=CC=CC3=CC(C)=CN=C(N)3,No matches found,,,
C(N)CCCCC1=CC=C(C(=O)N)C=C1N2CCCC(C3=CC=CC(C(=O)N)=C3)C(=O)2,No matches found,,,
CC(=C(C(=O)N))C1=CC=CC=C1CCNC2=CC=CC=C2C3=C(N)NC(=O)CS3,No matches found,,,
O=C(CC1=CC=CC(C(C)C)=C1)N2C(C(=C)C)=CCC(C3=CC=C(C(=O)N)C=C3)=C2,No matches found,,,
CC1=CC=CC=C1NC=CC=CC2=CC=CC3=C2C=CC(C(=C(C(N)))(N))=C3,No matches found,,,
CN(CC1=CC(C(=O)N)=CC=C1)C(=O)CC(=O)C2=CCC(=C)C(C)=C2NC3=CC=CC=C3,No matches found,,,
O=C(CC1=CC=CC=C1)NCCCC2=C(C(=O)N)CCC3=C2C=C(C(=O)N)CC3,No matches found,,,
C(N)C1=CC=CC=C1CCC2=CC=CC=C2C=CC=C(N)C(Cl)=C(N)C,No matches found,,,
C(C(=O)(N))=CC1=CC(C(=O)O)=CC=C1CC(=O)C2=C(C)C3=CC=C(C(=C)(C))C=C3C2=O,No matches found,,,
O=C(NCC1=CC=C(N)C=C1)CC2=C(C(=O)C)CC3=CC=CC(C(=O)N)=C3S2,No matches found,,,
C(CC1=CC=C(C(=N)C)C=C1)C(O)C2=CC=CC=C2CC3=CC=CC(C(=O)N)=C3,No matches found,,,
C(C(=O)C)=C(CC1=CC(C(=O)N)=CC=C1)CCC=C2CCC=C2[NH1]C3=CC=CC=C3,No matches found,,,
NC(=O)C1=CC=C(C(=O)N)C=C1CC(=C)C2=C(C(=O)N)C3=CC=CC(C(=O)C)=C3S2,No matches found,,,
O=C(NC1=CC=CC=C1C)N2CC(C(=C)C(C(=O)C))=CC3=CC=C(C(=O)C(C(N)))C=C32,No matches found,,,
C(C(=O)N)=C(CC1=CC=CC(C(=O)C)=C1)N2CCCC(C3=CC=CC(C(=O)N)=C3)=C2,No matches found,,,
CC1=CC(C(C(C(=O)(N))))=CC=C1C2=CC=C(C=C2CC(=O)CC=CC(=C(N))C)C,No matches found,,,
CC1=CC=CC=C1CCCC(=O)NC=CC2=CC3=CC=C(C(=O)C(=O)(N))C=C3C2,No matches found,,,
CCC1=C(N)C=C(C(=O)N)C=C1CCCC2=CC=CC=C2C3=CCCCC(=N)3,No matches found,,,
O=C(CC1=CC=CC(=O)C1)CC2=CC(C(=O)N)=CC=C2C(=O)ONC(=O)C3=CC=CC=C3,No matches found,,,
C(C(=O)N)C1=CC=CC=C1NC(=O)NCC2=CC3=CC(C)=C(C(=O)C(N))C=C3C2,No matches found,,,
O=C(CC1CCCCC1)NCC2CC3=C(C(=O)C(C(C(=O)N)))C=CC=C3CC2,No matches found,,,
O=C(C1=CC(N)=CC=C1NC(=O)C2=CC=CC=C2)C3CCCC(C(C(=O)(N)))=3,No matches found,,,
O=C(CC1=CC=CC=C1)NCC=CC2=C(C(=O)N)C(=O)CC(=C2)CCCC(=O)(N),No matches found,,,
C=C(N)C1=CC=CC=C1CCC2=CC=CC=C2CCC(N)C3CCCCC3,No matches found,,,
CCC1=CC=C(C(=C(=N))C(C(=O)(N)))C(O)=C1CC(=O)NC(=O)C2=CC=CC=C2,No matches found,,,
C(=O)(CC1=CC=C(C)C=C1)NCC=CC2=C(C(=O)N)C=CC=C2NC(=C)C(=O)CC,No matches found,,,
O=C(CC1=CC=CC=C1)NC(=C)C=CC2=CC3=CC=C(C(C(CC))N)C=C3C=C2,No matches found,,,
O=C(CC1=CC=C(C(=O)N)C=C1)C(=C)C2=CN=NN=C2CC3=CC=CC(C(=O)N)=C3,No matches found,,,
O=C(CC1=CC(C(=O)N)=CC=C1)CCC2=CC=CC=C2CC=C(C(=O)O)C3=CCCC=C3,No matches found,,,
CC(C(=O)C1=CC=CC=C1)C(=N)CCC(=O)N2CCC3=CC=C(C(=O)N)C=C3C2,No matches found,,,
O=C(CC1=CC=C(C(=O)C)C=C1)NCC2=CC(N)=CC(C)=C2N3CCCC(C)C3,No matches found,,,
C1=CC=C(C(=O)(N))C=C1CC(=O)NC(=O)C2=CC3=CC(C(=O)(N))=CC=C3C(=C(N))2,No matches found,,,
O=C(C(=C)CC1=CC=CC(C(=C)N)=C1)CCC(C)=C(C(=O)N)C2=CC=C(C(=O)O)C=C2,No matches found,,,
C=C(C1=CC=CC=C1)CC2=CC=CC=C2C(C(=O)C)CC3=CC=CC(C(=O)(C(N)))=C3,No matches found,,,
CC1=CC=CC=C1C(=O)NC=CC2=CC=C(C)N=C2CC(=O)CC3=CC(C(=O)O)=CC=C3,No matches found,,,
C(C(=O)(N))=CC1=CC=CC=C1CC(=C)C2=C(C)C3=CC=C(C(=O)(N))C=C3C(=O)2,No matches found,,,
O=C(CC1=CC(C(N))=CC=C1)C(C)C2=CC=CC=C2CC3=CC=C(N)C(C(=O)N)=C3,No matches found,,,
O=C(C1=CC=C(C(=O)C)C=C1)NC2=NN=C(N)CN2C=CC3=CC=CC(C(C(=O)(N)))=C3,No matches found,,,
C(C(=O)(N))#CC1=CC=C(C(=O)C(C(C(=O)N)))C=C1CC(=O)C2=CC3=CC=CC=C3C2,No matches found,,,
O=C(CC1=CC=CC=C1)NCC=CC2=C(C(=C(N))N)C=CC=C2CC(=O)CCC,No matches found,,,
O=C(CC1=CC=CC=C1)C(=C)C2=CC=CC=C2CC3=CCCC(C(=O)C(=O)(N))=C3,No matches found,,,
O=C(C1=CC(N)=CN=C1NC(=O)C2=CC=C(C(=O)O)C2)CCCC3CCCCC3,No matches found,,,
CC1=CC=C(N)C=C1CC2=CC=CC=C2CCC(C)CC3=C(N)C(N)=CC=C3,No matches found,,,
O=C(CCC1=CC=CC2=C1C=C(C(=O)N)C=C(N)2)NC3=CC(=N)CCC3,No matches found,,,
O=C(CC1=C(C)C2=CC=CC=C2C(=O)1)NC=CC3=CC4=CC(C(=O)C)=CC=C4N3,No matches found,,,
O=C(CC1=CC(N)=CC=C1)C(C)C2=CC=CC=C2CC3=CC=C(N)C(C(=O)N)=C3,No matches found,,,
O=C(CCC1=CC=CC=C(N)1)NCC2CC(=O)C3=CC=CC(C(=C)N)=C3C=2,No matches found,,,
O=C(CC1=CC=CC=C1)NCC=CC2=C(C(=O)O)C=CC(=C2)CC(=O)CCC(N)C,No matches found,,,
CCC(N)C1=CC=CC(C(=O)C)=C1CCNC(=O)CC2=CC3=CC=CC=C3S2,No matches found,,,
O=C(N)C1=CC=CC=C1CCC2=CC=CC=C2C(=C)C(C3)CCC(C(=C(C(=O)(N)))N)C3,No matches found,,,
CCC1=CC(N)=C(C(=O)N)C=C1CC(=O)C=C(C(=O)NC)C2=CC=C(C)C=C2,No matches found,,,
CC1=C(C(=C)N)C=CC=C1CCC=C(CCNC(=O)C(N))CC2=CC=CC=C2C,No matches found,,,
CN(C1=CC=C(C(=C)N)C=C1)C(=O)C2=CC=CC=C2C=CC3=CCCC(C)=C3,No matches found,,,
O=C(CC1=CC=CC=C1)NCC2=CC=CC=C2CC(=C(=O))CC3=CC(=O)CC=C3,No matches found,,,
CN(CC1=CC(C(=O)(N))=CC=C1)C(=O)CC(C)C2=CC=CC=C2NC3=CC=CC=C3,No matches found,,,
CC(N)(C)C1=CC=CC=C1CCCCC2=CC=CC=C2NC3=C(N)C=CCC3,No matches found,,,
O=C(NCC1=CC(N)=CC=C1)CC2=C(C(=O)C(N))C(=C)CC3=CC=CC=C23,No matches found,,,
CC1=CC=CC=C1CC(N)=CC(=O)CC2=CC(N)=NN=C2C3=CC=CC(C(=O)N)=C3,No matches found,,,
NC1=CC(C(=O)(N))=CC2=C1CC(=C)C(=O)N2CCC(=O)NC3=NC=CC(C)=C3,No matches found,,,
O=C(NC1=CC=CC=C1)C=CC(=O)C2=CC=CC3=C2C=CC=C(C(=C)C(=O)(N))3,No matches found,,,
CC(N)(C)C1=CC=CC=C1CCN(C(=O)C(=O)(N))CCC=CC2=CC=CN=C(N)2,No matches found,,,
C(C(=O)N)C1=CC=C(C(=C)C(C(=O)N))C=C1CC(=O)C2=CC3=CC=CC=C3C2,No matches found,,,
C(=O)(CC1=CC=CC(C(=C)N)=C1C)CC=CC=CC2=CC=CC(C(=O)(N))=C2,No matches found,,,
CC(N)(C)C1=CC=CC=C1CCC(=C(C))CC=C(C)C2=CC=C(C)C=C2,No matches found,,,
O=C(C(N)=CC1=CC=CC=C1)CC=C(C(=O)N)CC=CC2=CC(C(=O)N)=CC=C2,No matches found,,,
C(C(=O)N)=C(NC1=CC=CC=C1)C(=O)C2=CCC=C2CC3=CC=CC(C(=O)N)=C3,No matches found,,,
O=C(CCC1=CC=CC=C1)NCC=2C(=O)CC3=CC=CC(C(=C(N))N)=C3C=2,No matches found,,,
O=C(C1=CC=CC(N)=C1)NC2=CC=CC=C2C=CC3=C(C(=O)N)CCC(C(=O))=C3,No matches found,,,
O=C(CC1=CC(C(=O)N)=CC=C1)C=CC=C2C=CC=C(C(C(C(=O)N)))C2=C,No matches found,,,
CC1=CC=C(C(=O)N)C=C1NC(=O)CC=C2C(C(=O)C)=C(N)C=C2CCCCC,No matches found,,,
CC(N)(C)C1=CC=CC=C1CCC=C(C(=O)C)CCC=CC2=CN=C(N)C=C2,No matches found,,,
O=C(CC1=CC=C(N)C(C(=O)N)=C1)N2C=C(C(O))CC(C3=CC=C(C(=O)C)C=C3)=C2,No matches found,,,
O=C(CC1=CC=CC=C1)NCCC=C2C=CC3=CC(N)=C(C(=O)N)C=C3C2,No matches found,,,
C(N)C1=CC=CC=C1CCC2=CC=CC=C2C=CC=CC(C(N))=C(N)C,No matches found,,,
NC1=CC=C(N)C=C1CC2=CC=CC=C2CCC(=O)C3=CC=C(C(N))CC3,No matches found,,,
C(=O)(N)CC1=CC=CC(C(=O)C)=C1CC=C(C)C(=O)C=C(N)C2=CC=CC=C2C,No matches found,,,
C(CC(=C(=O)))=C(CC1=CC=CC=C1C)C2=CC(C(=O)N)=CC3=CC(C(=O)N)=CC=C32,No matches found,,,
CCC(=O)C=C(N)C1=CC=CC(C(=O)N)=C1C(=O)C(C)=CC(=O)C2=CC=C(C)C=C2,No matches found,,,
O=C(CC1=CC2=CC=CC=C2C(=O)1)NCC3=CC=CC4=C3NC(=C)CC(=O)4,No matches found,,,
CC(N)(C)C1=CC=CC=C1CCC=CC2=CC(=O)CC=C2NC3=CC=CC=C3,No matches found,,,
O=C(NC1=CC=CC=C1N)CCCC2=CC(=C(=O))C3=CC=C(C(C(N)))C=C32,No matches found,,,
C=C(N)C1=CC=CC(C(=O)C)=C1CCNC(=O)CC2=CC3=CC=CC=C3C2=O,No matches found,,,
O=C(CC1=CC=CC=C1)NCCCC2=CC=CC3=C2CC(=C(=C(N)))CC3,No matches found,,,
NC(=O)C1=CC=CC(C(=O)C)=C1CC=CC2=C(C(=O)C)C=CC=C2C=CC3=CC=CO3,No matches found,,,
CC1=CC=CC=C1CNC(=O)CC(C(=O)O)=C2C(=O)CC3=CC=C(C(=O)N)C=C3[CH1]2,No matches found,,,
O=C(CC1=CC=C(C)C=C1)NCC2=CC=CC=C2C3CC(=O)NC(N)=C3,No matches found,,,
CC(CC1=CC(C(=O)N)=CC=C1)=C(C)CC(=O)NC=CC2=CC=CC(N)=C2,No matches found,,,
O=C(CC1=CC=CC=C1)NCC2=CC=CC=C2C3CCCC(C(=O)(N))=C3,No matches found,,,
CC1=C(C(=O)N)C=CC=C1CCCCC=CC2=CN=C(N3CCC(N)C3)C=C2,No matches found,,,
O=C(CC1=CC=CC=C1)NCC2=CC=CC(=C2)CC3=CCCC(C(=C(N))N)=C3,No matches found,,,
CC1=C(C(=O)N)C=CC=C1CCCC(=C(N))C=CC2=CC3=CC=CC=C3S2,No matches found,,,
O=C(C(N)(N)C1=CC=CC=C1)NCC=CC2=CC=CC=C2C=C(N)CC,No matches found,,,
O=C(CC1=CC=CC=C1)NC(=O)CCC(C(=O)O)=CCC(=O)CC2=CN=CC3=C2CCC3,No matches found,,,
NC1=CC=C(N)C=C1CC2=CC=CC=C2CCC(C)CC3=CC=CC(N)=C3,No matches found,,,
ClC1=C(C(=O)N)C=CC=C1CCC(=O)CCC=CC2=C(C(=O)N)C3=CC=CC=C3C2,No matches found,,,
C(=O)=C(CC1=CC=CC=C1)C(=O)NC=CC2=CC3=CC=CC(C(=C)N)=C3C=C2,No matches found,,,
O=C(CC1=CC=CC=C(C(=O)N)1)N2CCC(=C(C(=O)O))C(C3=CC=CC(N)=C3)=C2,No matches found,,,
C(C(=O)C)=C(CC1=CC(C(=O)N)=CC=C1)N2CCC(C(=O)O)=C(C3=CC=C(C(=O)O)C=C3)C2,No matches found,,,
C=C(CC1=CC=C(C(=C(N))C(N))C=C1)NC2CCC(C3=CC=CC(C(=O)C(C))=C3)CC2,No matches found,,,
CN(CC1=CC(C(=O)N)=CC=C1)C(=O)C2=CC=NC=C2CC3=CC(N)=CC(=O)C(=O)3,No matches found,,,
CC(N)(C)C1=CC=CC=C1NSC2=CC=CC=C2C3=CC(C(=O)N)=CC(F)=C3,No matches found,,,
C(C(=O)N)=C(CC1=CC(C(=O)C)=CC=C1)N2CCC(C(=O)N)=C(C3=CC=CC=C3)C2,No matches found,,,
O=C(CC1=CC=CC=C1)N2CCCN(C3=CC=CC(C(=C(C(=O)C(N)))C(N))=C3)C(=O)2,No matches found,,,
CC1=C(C(=O)N)C=CC=C1CCC2=CC=CC=C2C=CC=CC(Cl)=CCNC,No matches found,,,
O=C(NCC1=CC=CC=C1)CCC2CCC3=C(N(C(=O)C(C(C))))C=CC=C3S2,No matches found,,,
O=C(CC1=CC=CC=C1)NCCC=CC2=CC3=CC=C(C(=O)C(C(C)))C=C3C2=O,No matches found,,,
CN(CC1=CC=CC(C(=O)N)=C1)C(=O)CNC2=CC=CC=C2C(N)C3=CC=CC=C3,No matches found,,,
CC1=CC=CC=C1CC(=O)NC(=O)CNC2CC(=O)C3=CC=CC(C(=O)N)=C3C2,No matches found,,,
CC1=C(C(=O)O)C=CC=C1CCCC(=C(N))C=CC2=CN=C(C3CCCC3)C=C2,No matches found,,,
CC1=CC=CC=C1CNC(=O)CNCC2CC(=O)[NH1]C3=CC=C(C(=O)N)C=C32,No matches found,,,
CCCCCC1=CC=CC=C1N2CCCC(C3=CC=CC(C(=O)C(N))=C3)C2=O,No matches found,,,
O=C(CC1=CC=CC=C1)NCC2=CC(C(N))=CC(N)=C2[CH1]C=CC3=CC=CC=C3,No matches found,,,
CC1=C(C(=O)N)C=CC=C1CCCCC(=N)C=CC2=CC3=CC=CC=C3C2,No matches found,,,
O=C(CC1=CC=CC=C1)NC(=O)NCC2=CC=CC(=C2)C3CCC=C(C(C(=O)N))3,No matches found,,,
CC(C(=O)NCC1=CC=CC=C1CCC(C(C(=O)N))C)C2=CC=C(N)C=C2,No matches found,,,
CC(C)C1=CC=C(C(=O)N)C=C1N2CCCC(C3=CC(C(CC(N)(N)))=CC=C3)=C2,No matches found,,,
C(N)C1=CC=CC=C1CCC2=CC=CC=C2C=CC=C(N)C(F)=C(N)C,No matches found,,,
C(=O)(N)CC1=CC=CC(C(=C(=O))C)=C1CC=CC(=O)NC(=O)C2=CC=CC=C2F,No matches found,,,
C(N)N(CC1=CC=CC(C(=O)N)=C1)C(=O)C2=CC=CC=C2NC3=CCC(C(N))=C3,No matches found,,,
CC(N)(C)C1=CC=CC=C1NCCNC2=NC(=O)CC=C2NC3=CC=CC=C3,No matches found,,,
CC1=CC=CC=C1CSC2=CC(C(=O)O)=CC=C2C3=CC4=CCCC=C4C(=O)C3,No matches found,,,
O=C(CC1=CC=CC=C1)NCC(C(=O)N)=CC2=CC=CC(=C2)C(N)3CCCC3,No matches found,,,
O=C(C=CC=C(C(=O)N)C=C(N)C1=CC=CC=C1)CCC2CC3=CC=CC=C3C2,No matches found,,,
O=C(CC1=CC=CC=C1)CCC(=O)C=C(C(=O)N)C2=CC=CC(C(C(C(C(=C)N))))=C2,No matches found,,,
O=C(CC1=CC=C(N)C=C1)C(C)C2=CC=CC(N)=C2CC3=CC=CC(C(=O)N)=C3,No matches found,,,
N#CC1=CC=CC(C(=O)N)=C1CC(=O)NC=C2C(=O)CCC3=CC=C(C(=O)(N))C=C32,No matches found,,,
N(C(=O))(CC1=CC(C(=O)N)=CC=C1)N2CCCN(C3=CC=C(C(=C)N)C=C3)C2,No matches found,,,
O=C(CC1=CC=CC(C(=C(N))C(C(=O)O))=C1)N2CCCC(C3=CC=C(N)C=C3)=C2O,No matches found,,,
O=C(CN)CNC(=O)CCCC1=CC=C(C(=O)N)C=C1C=CC2=CC3=CC=CC=C3C2,No matches found,,,
C(CC1=CC=C(C)C=C1)C(C)C2=CC=CN2C(=O)CC3=CC=CC(C(=O)N)=C3,No matches found,,,
C(C)CC1=CC=CC=C1CC=CC2=C(C(=O)N)C=CN=C2CC(=O)CC3=CC=CS3,No matches found,,,
O=C(N)C1=CC=CC=C1CCC2=CC=CC=C2C=CC(C(C(=C(N))C)(N)N),No matches found,,,
N(C(=O)C1CCCCC1)CCC2CC3=C(C(=C)N)C=CC=C3CC2,No matches found,,,
O=C(CC1=CC(C(N))=CC=C1)CCC=CC2=CC=CC=C2NC3=CC=C(N)CC3,No matches found,,,
CN(CC1=CCCC(C(=O)N)=C1C)C(=O)CCC(=O)C(=O)NCC2=CC=CC=C2F,No matches found,,,
CNC1=CN=C(N)N=C1CCCCC=C2CCCC3=CC=C(C(=O)N)C=C23,No matches found,,,
O=C(NC(=O)CC(=O)CC1=CC(C(=O)N)=CC=C1)C=CC2=CC3=CC=CC=C3C(=O)2,No matches found,,,
O=C(CNC=C1CC(=O)CC2=C1C=C(C(=O)N)C=C2)C3=CC(N)=CC=C3,No matches found,,,
CC(C)(N)C1=CC=CC=C1CCC(=C(C(=N)C))C2=CC(C(=O)N)=CC=C2C,No matches found,,,
CCC1=CC(N)=C(C(=O)N)C=C1CC(=O)CC=C(C)C2=NC3=CC=CC=C3S2,No matches found,,,
O=C(CC1=CC=CC=C1)NC(=O)CCC(C(=O)C(N))CC2=CC(C(=O)N)=CC=C2,No matches found,,,
C=C(CC1=CC=CC2=C1C=CC=C2)NCC3=CC4=CC=CC=C4C(N)(N)3,No matches found,,,
C(=O)(C(N))C1=CC=CC=C1CCC2=CC=CC=C2C=CC=CC(Cl)=C(N)C,No matches found,,,
CCC1=CC(=O)C(=C(C(=O)O))C=C1CCNC(=O)CC2CC3=CC=CC=C3C2,No matches found,,,
NC1=CC=CC=C1C(=O)NC(C)CC2=CC(C(C(C(=O)(N))))=C(N)C(C)=C2,No matches found,,,
NC(=O)N1C=CC=C1CNC(=O)CCC=C2CC(=O)[NH1]C3=CC=C(C(=O)N)C=C32,No matches found,,,
CC1=C(C(=C)N)C=CC=C1CCCCC(=O)C=CC2=CC3=CC=CC=C3C2,No matches found,,,
CC1=CC=CC=C1NCCCC=C2C(C(=O)C)=C(N)C=C2CCCCC(=O)(N),No matches found,,,
O=C(CC1=CC=CC(C(=C(N))N)=C1C)CCC=CC=CC2=CC=CC=C2Cl,No matches found,,,
NC1=C(N)C(C(=O)N)=CC2=C1CC(=O)N2CC(=C)NC(=O)C3=CC=CC(C)=C3,No matches found,,,
O=C(CCC1=CC=CC=C1)NCCC2=CC(C(=C(N)(C(C(=O)N)))N)=CCC2,No matches found,,,
NC1=CC=C(N)C=C1CC2=CC=CC=C2CNCC3=CC(N)=CC(=O)C3,No matches found,,,
CSC1=CC(C(=O)N)=CC=C1CC=CCCC2=CC3=CC=C(C(=O)N)C=C3C(=O)2,No matches found,,,
C(=O)(CC1=CC(C(=O)C(N))=CC=C1)N(C)C(=O)CCC2=CC=C(C(=C)C(C(=O)N))C=N2,No matches found,,,
CC1=C(C(=O)N)C=CC=C1C(=O)CCCC(=C(N))CC(=O)CC=CC2=CC=CC(F)=C2,No matches found,,,
CC(CC1=CC(C(=C(N))O)=CC=C1)N2CCC(CC3=CC=C(N)C=C3)CC2,No matches found,,,
C=C(CC1=CC=CC2=C1C=CC(N)=C(N)2)C=CC3=CC4=CC=CC=C4C3,No matches found,,,
N(=O)C1=C(C)C=C(N)C=C1CC2=CC=CC=C2CC(=O)NC3=NC=CC=C3,No matches found,,,
C=C(CCC(=O)NCC1=CC=CC=C1)C(=O)C=CC2=CC=C3C(C(=O)(N))=CSC3=C2,No matches found,,,
CC1=C(C(=O)N)C=CC=C1CC(=C(=O))CCC2=NC3=CC(C(C(=O)(N)))=CC=C3S2,No matches found,,,
C(C(=O)N)#CC1=CC=C(C(=O)N)C=C1CCCCC(=O)C2=CC3=CC=CC=C3C2,No matches found,,,
O=C(NCC1=CC=CC=C1)CCC=2CCC3=CC=CC(C(=C(N))N)=C3C=2,No matches found,,,
O=C(CC1=CC=CC=C1)C(=C)C2=CC=CC=C2C(=O)C3=CC(=O)CC(C(=O)N)=C3,No matches found,,,
CC(C(C(=O)N))CC1=C(N)C=CC=C1CCCC(=O)NC2=CC=CC(N)=C2,No matches found,,,
CCC1=CC=CC(C(=C)C)=C1CCNC(=O)CC2CCC3=CC=CC=C3C2(=O),No matches found,,,
CN(CC1=CC=C(C(=O)N)C=C1)C(=O)C2CCC(C3=CC(C(=O)N)=CC=C3)=C2,No matches found,,,
O=C(CC1=CC(C(=O)C(C(=O)N))=CC=C1)NC2CCC(C3=CC=CC=C3)=C(O)2,No matches found,,,
C(N)=C(CCC=C1C=CC=C(C(=O)N)1)CCCCCC(=O)NC2=CC=CC=C2,No matches found,,,
NC=CC=CCCC1=CC=C(C(=O)O)C=C1CC(=O)CC2=CC=CC(C(=C)N)=C2,No matches found,,,
O=C(NC1=CC=CC(C(=O)O)=C1)NCC2=CC(=O)CC=C2CCC3CCCCC3,No matches found,,,
CC(C)C1=CC=C(C(=O)N)C=C1N2CCNN(CCC3=CC=CC(C(=O)N)=C3C)C2,No matches found,,,
O=C(CC1=CC(N)=NC=C1)NCC=CC2=C(C(=O)N)C=CC=C2SC(=O)CCC,No matches found,,,
O=C(CCC1=CC=CC=C1)NCCC(C(=C(=O))C)CC2=CC(C(=O)N)=CC=C2,No matches found,,,
O=C(CC1=CC(C(=C(N)(N))N)=C(N)C=C1)N2CCCC(C3=CC=CC=C3)=C(N)2,No matches found,,,
C#CC1=CC=C(C(=O)N)C=C1CC(=C)C2=CC3=C(C(=O)O)C=C(C(C)C)C=C3[NH1]2,No matches found,,,
NC(=O)CCC(=O)CC=CC=CC1=CC=CC=C1N(C(=O)C2=CC=C(C(=O)O)C=C2C)C,No matches found,,,
C(=O)=C(C)C1=CCCC=C1C(=O)C2=CC=CC=C2CC3=CC(C(=O)N)=CC=C3,No matches found,,,
O=C(CC1=CC=C(C)C=C1)NCC2=CC(N)=CC=C2C3CC(C)CCC3,No matches found,,,
CCC1=CC=CC(C(=O)N)=C1C(=O)C=CC2=CC=CC=C2C=CC3=CC=CC(=O)3,No matches found,,,
CC(N)(C)C(N)=CCC(=O)CC1=CC=CC=C1C(=C)C2=CC=CC(C(C(=O)(N)))=C2,No matches found,,,
O=C(CC1=CC=CC=C1)CCC=CC2=C(C(=O)N)C=CC(=C2)C(=O)CCC(C)N,No matches found,,,
O=C(CC1=CC=CC=C1)NC2C=C(C(=O)C(C(C(=O)N)))C3=CC=CC=C32,No matches found,,,
C(=O)=C(C(=C)C1=CC(C(=O)N)=CC=C1)N2CCCC(C3=CC=CC(C(=O)(O))=C3)=N2,No matches found,,,
O=C(NCCCC(C(=O)C)CC1=CC(C(=O)N)=CC=C1)C(N)C2=CC=CC=C2,No matches found,,,
CC1=C(C(=O)N)C=CC=C1CC(=O)CC(=C)C=CC2=CC3=CC=CC=C3N2C,No matches found,,,
O=C(CC1=CC=CC=C1)NCCCC2=C(C(=O)C)C=CC3=C2CC(=N)C=C3Cl,No matches found,,,
CC(CC1=CC=C(N)C(C(=O)N)=C1)C(C)C2=CC=CC=C2NC3=CC=CC=C3,No matches found,,,
O=C(NCC1=CC=CC=C1)N(C)C(=O)CC(C(=O)C(C))CC2=CC(C(C(N)))=CC=C2,No matches found,,,
CC(N)C(N)(N)C1=CC=CN=C1NC(=O)CC2=CC=CC3=C2C=CC=C3,No matches found,,,
O=C(NC1=CC=CC=C1)C(=C)C2=CC=CC=C2CC3=CC(=O)CC(C(=O)N)=C3,No matches found,,,
O=C(C1=CC(N)=CC=C1)NC=C(C)C2=CC=CC=C2C3=C(N)C=C(C(O))S3,No matches found,,,
CCC1=CC=CC(C(=O)O)=C1CC(=O)NC2=CC=CC=C2C3=CCC(=N)C(=O)S3,No matches found,,,
C(C)(C(=O)N)=CC1=CC=CC(C(=C(=N))C)=C1CC(=O)NC(=O)C2=CC=CC=C2C,No matches found,,,
CC(=C(C(CN)))C1=CC=CC=C1C(=O)NC(=O)CC2=CC3=CC=CC=C3C(=N)2,No matches found,,,
NC1=CC=CC=C1C(=O)NC2=CC(C(=C)N)=CC=C2C=C3C=CC=CC3=O,No matches found,,,
O=C(CC1NC(=O)C2=CC=C(C(=O)O)C=C2)CCC1C3=CC(C(=O)N)=CC=C3,No matches found,,,
O=C(CCC1=CC=CC=C1)NC(=O)CCCCCC2=CC(N)=C(C(=C)N)C(=C)2,No matches found,,,
C(N)C1=CC=CC=C1CCC(=N)CCCC2=CC3=CC(C)=C(C(=O)N)C=C3CC2,No matches found,,,
CC(C(N))(C)C(N)=CC=CC1=CC=CC=C1CCC2=C(C(N))C=CC(F)=C2,No matches found,,,
CCC1=CC=CC=C1CCC(=C(C(=O)N))CNCC2(O)CC3=CC=CC=C3C2,No matches found,,,
O=C(CC1=CC2=CC=CC=C2[NH1]1)NCC3=CC=C(N)C4=C3NC(=C)CC4,No matches found,,,
CC1=C(C(=O)N)C=CC=C1CC(=O)CCCCSC2=CC3=CC=CC=C3C(=N)2,No matches found,,,
CC1=CC=CC=C1CNC(=O)CCCC2CC[NH1]C3=CC=C(C(=O)(N))C=C32,No matches found,,,
CC(=C(N))C(CC1=CC=CC(C(=O)N)=C1)CC2CCC(C3=CC=CC=C3)CC2,No matches found,,,
CC1=CC=CC=C1NCC=CC=CC2=CC=CC3=C2C=CC(C(=C(N))N)=C3F,No matches found,,,
CC(N)(C)C1=CC=CC=C1NC(=O)CCC(C2)=CC3=CC(C(N))=CC=C3[NH1]2,No matches found,,,
O=C(OC1=CC(C(=C(N))O)=CC=C1)N2CCCC(C3=CC(C(=O)C(C))=CC=C3)=C2,No matches found,,,
CN(CC1=CC=CC(=O)C1)C(=O)CCNC2=C(C(=O)N)C=CC=C2CC3=CC=CC(C)=C3,No matches found,,,
O=C(CC1=CC=C(C(=O)O)C=C1)NCC2=CC=CC=C2C(=N)C=CC3=CC=CC(=O)C3,No matches found,,,
NC1=CC=CC=C1CCNC(C)CN2C(=O)CCC3=CC=C(C(C(N)))C=C32,No matches found,,,
O=C(NC1=CC=CC=C1)NC(=O)CCC(=O)C(C)=CC2=CN=CC3=C2CCCC(=C)3,No matches found,,,
CCC1=CC(C)=C(C(=O)N)C=C1CC=CC2=C(N)C=CC=C2C=CC3=CC=CO3,No matches found,,,
O=C(CC1=CC=C(N(C))C=C1)NCC2=CC=CC=C2C3CC=CC(C)=C3,No matches found,,,
O=C(CC1=CC=CC(C(=O)(N))=C1)C(C)C2=CC=CN=C2CC3=CC=CC(C(=O)N)=C3,No matches found,,,
CC(C)C1=CC=C(C(=O)(C(=O)O))C=C1N2CCC(=O)C(C3=CC(C(=O)C(N))=CC=C3)=C2,No matches found,,,
C(C(=O)N)=C(CC1=CC(C(=O)N)=CC=C1)N2CCC(C(=O)O)=C(C3=CC=CC=C3)C2,No matches found,,,
NC(=O)C1=CC=CC=C1CC=CC2=C(C(=C)C)C=CC=C2C=CC3=CC=C[NH1]3,No matches found,,,
CN(CC1=CC=CC=C1CCC(N)(C)C)C(=O)CC(=O)CC2=CC=CC(C(=O)N)=C2F,No matches found,,,
CN(CC1=CC=C(C(=C(N))C(=O)(N))C=C(C(=O)(N))1)C(=O)CC=CC2=CC=CC(C)=C2,No matches found,,,
O=C(CC1=CC=CC=C1)NCCCC2(C3=CC=C(N(C(=O)C(C(C))))C=C3)CCOC2,No matches found,,,
CC=C1CCC(NC(=O)NC(=O)C(=C)CC2=CC(C(=O)(N))=CC=C2)CC1,No matches found,,,
O=C(C=C(C(=O)C(N))CC1=CC=CC(C(=O)(N))=C1)CC2=CC=C3C=CSC3=C2,No matches found,,,
O=C(CC1=CC=CC=C1)NCC(=O)CC2=CC=C3C(=C2)CCCC(C(=O)C(=O)(N))3,No matches found,,,
N#CC1=CC=C(C(=O)C)C=C1CC(=C)C=CC2=CC3=CC=CC(C(=O)N)=C3[NH1]2,No matches found,,,
O=C(C(N)C1=CC=CC=C1)NC(=O)CCC=CCC2=CC=CC3=C2CCCC3,No matches found,,,
CCC1=CC=CC(C(=O)O)=C1CCCCC2=CC=CC=C2C3=C(N)NC(=O)CS3,No matches found,,,
CNC(C(=O)N)=CCC(C)=CC1=CC=CC2=C1C=CC=C2CCC(C(=O)(N)),No matches found,,,
C(=O)=C(CC1=CC=CC(C(=O)N)=C1C)CCC=CC=CC2=CC=C(O)C=C2,No matches found,,,
CC1=CC=CC=C1NC(=O)C(=O)C2=CC=CC=C2CC(=O)CC3=CC(=C)C(=N)C(=O)3,No matches found,,,
CC(N)(C)C1=CC=CC=C1CCC(=C(C(=O)N)(N))C2=C(C)C=C(C(=O)N)C=C2F,No matches found,,,
C(N)=C(CCCCCCC1=CC=CC(C(=O)N)=C1C)C(N)CC2=CC=CC=C2,No matches found,,,
CC1=C(C(=N)(N))C=CC=C1CC(=O)NC(=O)CCC2=CCC3=CC=CC=C3S2,No matches found,,,
C(C)(=N)C(=C(N)(C))CC1=CC(O)=CC=C1CC(=O)NC(=C)C2=CC=C(C)C=C2,No matches found,,,
C(=O)=C(CC1=CC(C(=O)N)=CC=C1)N2CCCC(C3=CC=CC=C(C(N))3)=C2,No matches found,,,
O=C(CNC1=CC=C(C)C2=C1C=C(C(=O)N)C=C2)NC3=C(N)CCC(N)=C3,No matches found,,,
C(C(=O)N)C(=O)NCC1=CC=C(Cl)C=C1CC2CC(=O)C3=CC=CC=C3C2,No matches found,,,
C(=O)=C(CC1=CC(C(=O)N)=CC=C1)N2CCCC(C3=CC=CC=C(N)3)=C2,No matches found,,,
CC(N)(C)C1=CC=CC=C1NCCCC2=CC=CC=C2NC3=CC=CCC3,No matches found,,,
NC(=O)C1=CC=CC=C1CC=CC2=CC=CC=C2C=C(N)C3=CC(C(=O)C)=CN3,No matches found,,,
C(=O)=C(CC1=CC(N)=CN=C1N)CCC2=CC=CC3=CC=C(C(=O)N)C=C32,No matches found,,,
O=C(CC1=CC(N)=CN=C1N)CCC2=CC=CC3=CC=C(C(=C(N))N)C=C23,No matches found,,,
C(C(=C(N)(N))C(N)(=O))C1=CC=CC=C1C(C)C2=CC=CC=C2C3=CC=CC=C3,No matches found,,,
C=C(CCC=CC1=CC=CC=C1)CCC2CC3=CC=C(C(=O)N)C=C3C2,No matches found,,,
O=C(NC(=O)NC)CCCC1=CC(C(=O)C(C(C(C))))=CC=C1C=CC2=CC=C[NH1]2,No matches found,,,
CCC1=CC(=C)C(=N)C=C1CC(=O)NC2=CC=CC3=CC=C(C(=O)(O))C=C32,No matches found,,,
CC(CC1=CC=CC(C(=O)O)=C1)=CC=CC2=CC=CC=C2C(N)C3=CC=CC=C3,No matches found,,,
O=C(C1=CC(N)=CC=C1NC(=O)C2=CC(N)=CC=C2)C3CCCC(C)C3,No matches found,,,
CCCCC=CC1=CC(=O)CC=C1C(=O)C(=O)NC(=O)C2=CC=C(C)C=C2,No matches found,,,
NCC1=CC(N)=C(C(=O)N)C=C1CCCC=CC2=CC3=CC=CC=C3C2,No matches found,,,
CC(N)(C)C1=CC=CC=C1NC(=C(N))CCC(C)=CC2=CC(C(=O)(N))=CC=C2,No matches found,,,
NC1=CC=CC=C1CCNC(C)CC2=CC(C(C(C(=O)N)))=C(N)C(C)=C2,No matches found,,,
C=C(CC1=CC=CC=C1)C(=O)C2=CC=CN=C2CC3=CCCC(C(=O)N)=C3,No matches found,,,
CC1=CC=C(C(=O)N)C=C1C=C(N)C2=NC=CC=C2CC(=C)C=CC3=CC=CC=C3,No matches found,,,
O=C(NC1CCCCC1)CCC2CC3=C(C(=C)N)C=CC=C3CC2,No matches found,,,
C(C(=C(C(N(C(=O)C))))C)#CC1=CC=CC(N)=C1CC(=N2)C=CC3=CC=CC=C32,No matches found,,,
O=C(NC(=O)C1CCCC1)CCC2CC3=C(C(=O)N)C=CC=C3C2=O,No matches found,,,
C=C(CC1=CC(C(=O)N)=CC=C1)N2NC(=N)C=C(C3=CC=CC=C3)C2,No matches found,,,
CC(=O)C1=CC=CC=C1CCC(=C(C(=O)N))CNCC2=CC3=CC=CC=C3C(=O)2,No matches found,,,
NCC1=CC=CC(C(=O)N)=C1CC=CC2=C(C(C(N)))C=CC=C2C=CC3=CC=CO3,No matches found,,,
CC(C)C1=CC(=O)C(=N)C=C1CNC(=O)C(=O)NC(=O)CC2=CC=CC=C2,No matches found,,,
O=C(NCC1=CC=CC=C1)NCC=CC(=C(C))CC(=O)CC2=CC=C(C(N))C=C2F,No matches found,,,
C(C(=O)N(C))=C(CC1=CC=CC(C(=O)N)=C1)C=CC2=CC(C(=C)N)=CC=C2,No matches found,,,
N(C(=O)CC1CCCC1)CCC2C(=O)C3=C(C(=O)N)C=CC=C3CC2,No matches found,,,
O=C(NCCC(C(=O)N)=CCC1=CC=CC(C(=C)N)=C1F)CCC2=CC=CC=C2,No matches found,,,
CNC1=CC=CC=C1CCC(=C)C=2C=CC=C3C2C=CC=C(C(=C(N))N)3,No matches found,,,
O=C(CC1=CC=CC=C1)NCCC(C(=C(C(=O)O))C2=CC)=NC3=C2C(=O)CCC3,No matches found,,,
CC1=C(C(=O)N)C=CC=C1CCCC(=N)CCSC2=CC3=CC=CC=C3C2,No matches found,,,
CC1=CCCC=C1NCC2=CC=CC=C2C=CC3=CC(Cl)=CC=C3C(C(=O)(N)),No matches found,,,
O=C(CNC1CCCC1)NCC2CC3=C(C(=O)C(=O)(N))C=CC=C3CC2,No matches found,,,
C(C(=O)C(N))=CC1=C(C(=O)N)C=CC=C1CC(=O)C=CC2=CC=CC(C(=O)N)=C2,No matches found,,,
CN(CC1=CC(C(=O)N)=CC=C1)C(=C(C(=O)O))CCCC2(O)CC3=CC=CC=C3C2,No matches found,,,
O=C(NC(=N)C1=CC=CC=C1)CC=2C(=O)CC3=CC=CC(C(=O)N)=C3C2,No matches found,,,
C(=O)=C(CC1=CC=CC=C1)CCC=CC2=C(C(=O)O)C=CC(=C2)CCCC(N)(=O),No matches found,,,
O=C(CC1=CC=CC(C(=O)C(=O)(N))=C1)N2CCC(=O)C(C3=CC=C(C(=O)N)C=N3)=C2,No matches found,,,
O=C(CC1=CC=CC=C1)NCC2=CC=CC=C2C3CCC(C(=O)(N))=C3,No matches found,,,
C(C(=O)(N))1=CC=CC=C1CC(=O)NC(=O)C2=CC3=CC(Br)=CC=C3C(=C(=N))2,No matches found,,,
CC1=CC=CC=C1NCCCC=C2C(C(=O)N)=C(N)C=C2CCCCC,No matches found,,,
O=C(CC1=CC=C(C(=O)O)C=C1)NC2C3=CC=CC=C3C=C2CCCC(C(C(=O)(N))),No matches found,,,
C(=O)=C(CC1=CC(C(=O)N)=CC=C1)C(=O)C2=CC=CC3=C2CC(C)(C)C(=O)3,No matches found,,,
C(C(=O)(N))C1=CC=CC=C1CC=CC2=C(C(=C)C)C=CC=C2C(=C)CCCC(N),No matches found,,,
CC(=O)C1=CC=CC=C1CC(=C)C2=C(C(=O)C)C3=CC=CC(C(=O)C(=O)(N))=C3C2,No matches found,,,
C(=O)=C(CC1=CC=CC(C(=O)N)=C1)N2CCCC(C3=CC(C(=O)O)=CC=C(C(=O)O)3)=C2,No matches found,,,
CCC1=CC=C(C(=C(C(=O)(N)))C)C=C1CNC(=O)CC2=CC3=CN=CC=C3C2,No matches found,,,
C(N)=C(N)C1=CC=CC=C1NCC2=CC=NN=C2NCCCC3CCCC3,No matches found,,,
CN(CC1=CC(C(=C)N)=CC=C1)C(=O)C2=CC=CC=C2NC3=CC=CC(N)=C3,No matches found,,,
CC(N)(C)C1=CC=CC=C1CC=C(N)N(C)CC2=CC=C(C(=C)C)C=C2CC,No matches found,,,
NC(=O)C1=CC=CC=C1CCCC2=CC=CC=C2C3=CC(=O)C(=C(=O))NC(=O)3,No matches found,,,
NC1=CC=CC=C1CC2=CC=CC=C2CCC(N)CC3=CC=CC(N)=N3,No matches found,,,
CC(C)(CC1=CC(C(=C(=O))N)=CC=C1NC(C)=O)CCC2=CC(C(=O)N)=CC=C2F,No matches found,,,
C(C(=C(N))C(C(N)))#CC1=CC=CC=C1NC(=O)C2=CC3=CC=CC=C3S2,No matches found,,,
O=C(CC(N)=C1C=CC(=O)C1)NCC2=CC=CC=C2SC(=O)CC3=CC=CC=C3,No matches found,,,
FC1=C(C(=O)N)C=CC=C1CC(=O)N(C)CCCC2=CC(C(C(=O)(N)))=CN=C(C(C))2,No matches found,,,
O=C(C(=O)NC1CCCC1)NCN2CC3=C(C(=C(N))N)C=CC=C3CC2,No matches found,,,
C(N)(=O)C1=CC=C(C(=O)C(N))C=C1CCCC=C2CCC3=CC=CC=C3[NH1]2,No matches found,,,
NC(=O)C1=CC=CC=C1CCC(=O)C=C2CC(=N(C(=O)N))CC3=CC=CC=C32,No matches found,,,
C(=O)=C(CC1=CC=CC(C(=O)N)=C1C)CCC=CC=CC2=CC=CC=C2,No matches found,,,
CC1=CC=CC=C1NC(=O)NC2CCC3=C(N)C(C(C(=O)N))=CC=C3C2,No matches found,,,
O=C(CCC1=CC=CC(N)=C1)CCCC(C)CC=CC2=CC=CC(C(=O)(N))=C2,No matches found,,,
O=C(CCC1=CC(C(=O)N)=CC=C1)CC(=N)C=CC(=N)C=CC2=CC=CC=C2,No matches found,,,
CCC(=O)NC1=CC(C(=O)O)=CC=C1C(=O)CCC2CCC3=CC=C(C(=O)N)C=C32,No matches found,,,
O=C(CNC1CCCC1)NCN2CC3=C(C(=C(N))N)C=CC=C3CC2,No matches found,,,
CC1=CC(C(=O)N)=CC=C1C2=CC=CC=C2CCCCCC3CCC(N)C3,No matches found,,,
O=C(CC1=CC=C(N)C=C1)CCC=C2C=CC=C2[NH1]C(=O)CC3=CC(N)=NC=C3,No matches found,,,
CC1=CC=C(N)C=C1CC2=CC=CC=C2CCC(O)C3=CC=CC(N)=C3,No matches found,,,
C(=O)(CC1=CC=CC=C1)NCCC(=O)C2=CC(C(=O)C(N)(C))=C(C)C=C2C,No matches found,,,
CC1=CC=CC=C1CCC(=O)NC=CC2=CC(C(=O)N)=CC=C2C3=CC=CCC(=O)3,No matches found,,,
C=C(CC1=CC=CC(C(=O)N)=C1)C(=C(N))CCCC(=O)NCC2=CC=CC=N2,No matches found,,,
C(C(=C)C(N))=CC1=CC=C(C(=O)C(N))C=C1NC(=O)C2=CC3=CC=CC=C3C2,No matches found,,,
O=C(CC1=CC=CC=C1)NCC=CC(C2=CC(C(=C(C(C)))N(C(=O)C))=CC=C2)=C,No matches found,,,
CC(C(=O)C1=CC=CC(C(=O)N)=C1C)CCC=CC=CC2=CC=CC=C2,No matches found,,,
CC1=CC=C(N)C=C1CNC(=O)CC2=CC=CC=C2C3=CC(C(=O)N)=CC=C3,No matches found,,,
CCC1=CC(N)=C(C(=O)N)C=C1CC(=C(C(=O)O))C2=CC3=CC=CC=C3C(=O)2,No matches found,,,
O=C(CCC1CCCC1)NCC2CC3=C(C(=O)C(=O)(N))C=CC=C3CC2,No matches found,,,
CC(C)C1=CC=C(C(=O)N)C=C1N2C(=O)CCN(C3=CC=CC(C(=O)C)=C3)S2,No matches found,,,
O=C(CC1=CC(C(=O)C(C(=O)C))=CC=C1)N2CCCC(C3=CC=CCC3)=C(N)2,No matches found,,,
CC1=CC=CC=C1NCCCC=C2C(C(=O)C)=C(N)C=C2CCCCC,No matches found,,,
CCC1=CC=CC=C1CC(=C)C2=CC3=CC=CC(C(=C(N)(C))N)=C3S2,No matches found,,,
O=C(NC1=CC(=O)CC=C(N)1)N2CCN(C(=O)C3=CC(C(=O)N)=CC=C3)C2,No matches found,,,
NC(=O)C1=CC=CC=C1N2CCCC(C3=CC(C(=O)C(C(=C)C(=O)(N)))=CC=C3)C2,No matches found,,,
O=C(NC1=CC=CC=C1)NC(=O)CC=CCC2=CC=C(O)C3=C2CCC=C(N)3,No matches found,,,
O=C(NC1=CC=CC=C1)NC=CCC=CC2=C(C(=O)C)C=CN=C2CC(=O)C,No matches found,,,
O=C(NCC1=CC=CC=C1)CCC(=C(C(=C)N))CCCC(N)C2=CC=CC=C2,No matches found,,,
C(C(=O)C)=C(C(=O)C1=CC=CC(C(=O)N)=C1)N2CCC(CC3=CC=CC=C3)C2,No matches found,,,
O=C(CC1=CC=CC(C(=O)C)=C1C)CC2=CC=CC=C2CC=CC3=CCCC(=O)3,No matches found,,,
CC(N)(C)C1=CC=CC=C1CC(=O)NCCC(C)C2=C(N)C=C(N)C=C2,No matches found,,,
O=C(NC1=CC(C(=O)O)=CC=C(C(=O)O)1)NCC2=CC=CC=C2C3CCCC(C)C3,No matches found,,,
CC(CC1=CC(C(=O)O)=CC=C1)C(=C(N))CCNC(=O)C2=CC=CC(N)=C2,No matches found,,,
C(C(=O)N)=C(C)C1=CC=CC=C1N2CCCC(C3=CC(C(=O)C(C(C(N))))=CC=C3)=C2,No matches found,,,
O=C(CC1=CC=CC(N)=N1)C(C)C2=CC=CC=C2CC3=CC=CC(C(=O)C)=C3,No matches found,,,
NC1=NC=C(N)C=C1CC2=C(C(=O)O)C=CC=C2CCCC3=CCCC=C3,No matches found,,,
O=C(CCC1=CC=CC(=C(N))C(=N)1)CCC(=O)NC(=O)C2=CC=CC=C2,No matches found,,,
O=C(CC1=CC(C(=O)(N))=CC=C1)N2CC=CC(C3=CC(C(=O)O)=CC=C(C(=C)C)3)=C(C(=O)O)2,No matches found,,,
CC1=C(C(=O)N)C=CC=C1CCCC(=O)C=CC2=CC3=CC=C(N)[NH1]C3=C2,No matches found,,,
C(=O)(CC1=CC=CC(C(=O)C(C(=O)N))=C1)N2CC(=O)C(=N)C(C3=CC=CC=C3)=C2,No matches found,,,
NC(N)=CC(=C(=O))CC1=CC=CC=C1CCC(=O)NC(=O)C2CCCC2,No matches found,,,
O=C(NC1=CC=CC=C1)NC(=O)CCC=CCCC2=CC=CC3=C2CC(=N)C(=O)C3,No matches found,,,
CC1=CC=CC=C1CNC(=O)CC=C2C=CC(C(=O)O)=C2CCCCC(=O)(N),No matches found,,,
O=C(CC1=CC=CC(C(=O)N)=C1)N(C(=O)C(N))C(=O)CC=CC2=CC=CC(N)=N2,No matches found,,,
C(N)(=O)C1=CC(C(C(=O)(N)))=CC=C1CC(=O)CC=CC2=CC3=CC=CC=C3[NH1]2,No matches found,,,
O=C(CC1=CC(C(=O)N)=CC=C1)N2CC=CC(C3=CC=CC(C(=O)N(C))=C(N)3)=C2,No matches found,,,
CN(CC1=CC=CC=C1N)C(=O)C=CC2=CC=CC(C(=C(C(=O)N))N)=C2,No matches found,,,
CC(=O)C1=C(N)C=CC=C1CC(=O)NC2=CC=CC=C2C=CC3=CC=CC(=N)3,No matches found,,,
NC1=CC=C(N)C=C1CC2=CC=CC=C2CCC(C(=O)C(C))C3=CC=CC=C3,No matches found,,,
O=C(NCCC(C(=O)N)C(=O)CC1=CC=CC(C(=O)N)=C1F)CC2=CC=CC=C2,No matches found,,,
O=C(CC1=CC=CC=C(C(=C)N)1)N2CCC(=O)C(C3=CC=CC(N)=C3)=C2,No matches found,,,
O=C(CC1=CC=C(C(=O)C(C(C(N))))C=C1)C2CCC(C3=CC=CC=C(N)3)=CC2,No matches found,,,
O=C(NCC1=CC=CC=C1)C(=O)CCC(C(N))CC=CC2=CC(C(=O)N)=CC=C2,No matches found,,,
O=C(C1=CC=CC=C1)NCCCC2=CCCC3=C2C=C(C(=O)N)C(=N)3,No matches found,,,
CC(C(N)(N))(C)C1=CC=CC=C1NC(=O)CCC(C(=O)C)CCC2=CC=CC=C2,No matches found,,,
CCC1=CC=CC(C(=O)N)=C1CCNC2=NC=CC=C2C=CC3=CC=CC3,No matches found,,,
CC1=CC=C(C(=O)C(=O)(N))C=C1CCC(=O)C=C2C=CC3=CC=CC=C3C2=C,No matches found,,,
O=C(CCC(=O)CC1=CC=CC(C(=C(N))N)=C1C)CCCCC2=CC=CC=C2,No matches found,,,
CCC(N)(N)C=C(N)C1=CC=CC=C1NC(=O)CC2=CC=C(C)C=C2CC,No matches found,,,
CCC1=CC=CC(C(=O)N)=C1CC=CCC(=O)CC2=C(N)C3=CC=CC=C3S2,No matches found,,,
C(C(=O)N)=C(CCC1=CC=CC=C(C(=C)N)1)CCC=CC2=CC=CC=C2F,No matches found,,,
C=CC1=C(N)C=C(C(=O)N)C=C1CC(=C)C2=CC3=CC=C(C(=O)O)C=C3N2,No matches found,,,
ClC1=CC=CC=C1CCCCC=C2C(C(=O)N)=C(N)C(N)=C2C(=O)CCCC,No matches found,,,
O=C(NC(=O)C1CCCC1)NCC2CC3=C(C(=O)N)C=CC=C3CC2,No matches found,,,
CC(CC1=CC(C(=O)N)=CC=C1)N2CCCC(C3=CC=C(C(=O)C)C=C3)=C(N)2,No matches found,,,
CN(C(=O)C=CC=CC=C(C(N))C1=CC=CC=C1)CCC2CC3=CC=CC=C3C2,No matches found,,,
NC1=CC=CC=C1C(=O)NC(=O)CCC2=CC(=O)CC(C)=C2C(C(=O)N),No matches found,,,
O=C(NCC1=CC=CC=C1)CCC2CC(=O)CC3=CC=C(C(=O)C(N))C=C23,No matches found,,,
C=C(C(N)(N)C1=CC=CC=C1)NCCCC2=CC=CC3=C2CCCC3,No matches found,,,
NC(CC1=CC=CC(C(C(C(N))))=C1C)=CCC(=O)CC2=CC=CC(C(=O)N)=C2,No matches found,,,
C(=O)=C(CC1=CC(C(=O)N)=CC=C1)C(=C)C=CC=CC2=CC=CC=C2F,No matches found,,,
O=C(NC1=CC=CC=C1)CCC=CC2=C(C(=C(N))O)C=CC=C2CCC(=O)CC,No matches found,,,
O=C(CCC1=CC=C(C(C(N)))C=C1)CC(C(=O)C)CC=CC2=CC(C(=O)N)=CC=C2,No matches found,,,
O=C(CCC(=O)C(=C)C1=CC(C(=O)N)=CC=C1)CCC2(C(=O)O)CC3=CC=CC=C3C2,No matches found,,,
CC(N)C1=CC=CC(C(=O)N)=C1CCNC(=O)CC2=CC3=CC=CC=C3S2,No matches found,,,
O=C(CNC1CCCC1)NCC2CC3=C(C(=O)C(N))C=CC=C3CC2,No matches found,,,
O=C(CC1=CC=CC=C1)NCC2=CC=CC=C2C3C(=O)C=CC(N)=C3,No matches found,,,
NC1=CC=C(N)C=C1CC2=CC=C(C(N))C=C2CC=CC3=CC=CC(=O)N3,No matches found,,,
O=C(NCC1=CC=CC=C1)CCC2CC(=O)CC3=CC(C(=O)O)=C(C(=O)C)C=C23,No matches found,,,
CC(C)(N)C1=CC=CC=C1CC(=O)NCC(=O)C2=CC3=CC=CC=C3C(=N)2,No matches found,,,
O=C(C1=C(C(=O)N)C=CC(C(O)O)=C1)NC2=CC=CC=C2C=C3C=CC(C)C=C3,No matches found,,,
C=C(CC1=CC=CC=C1N)C2=C(C(=O)N)CC(C3=CC(C(=O)N)=CC=C3)=C2,No matches found,,,
CC1=C(C(=O)N)C=CC=C1CC(=O)C=C(C)C(=O)CCCC2=CC(C(N))=CC=C2C,No matches found,,,
O=C(CC1=CC=CC=C1)NCCCC(C)=C2C=CC=C2CC(=C(C(=O)N))C,No matches found,,,
O=C(NCC1=CC=C(N)C=C1)CCC2=CCC3=CC=CC(C(=C)N)=C3S2,No matches found,,,
O=C(C(=N)C1=CC=CC=C1)NC(=O)CCC(C2=CC(C(=O)N)=CC=C2)C,No matches found,,,
C(=O)(CC1=CC=CC=N1)CCCCC2=C(C(=O)O)C=CC3=C2CC(C(=O)N)=CC3,No matches found,,,
NC(=O)C(CC1=CC(C(=O)N)=CC=C1)CCCCCC(N)C2=CC=CC=C2,No matches found,,,
O=C(CC1=CC=CC=C1)NCC2=CC=CC=C2CC3(C)CCC=C(N)3,No matches found,,,
O=C(CC1=CC=CC=C1)NCCCC2=C(C(=O)O)C=CC3=C2CC(=O)CC(N)3,No matches found,,,
O=C(CCC1=CC=CC(N)=C1)NC2CCC(=N)C3=CC=C(C(=O)N)C=C23,No matches found,,,
O=C(CC1=CC(C(=O)C)=CC=C1)N2CC=CC(C3=CC=CC(C(=O)N)=C3)C2,No matches found,,,
NC(C(=O)(N))C(C)C1=CC=CC=C1NCCC2=CC=CC3=CC=CC=C32,No matches found,,,
CC(CC1=CC(C(=O)N)=CC=C1)=CC(=C(C(=O)N))C=CC2=CC=CC(F)=C(C)2,No matches found,,,
CC(N)(C)C1=CC=CC=C1NCC(=C(=C(=C)))CC2=CC=C(C(=O)N)C=C2,No matches found,,,
O=C(CCC(C(=O)C(C(=O)N))CCCC1=CC=CC=C1)NC(=O)CC2=CC=CC=C2,No matches found,,,
O=C(CC1=CC=C(C(=O)O)CC1)CSC2=CC=C(C3=CC(C(=O)N)=CC=C3C)C=C2,No matches found,,,
CC1=CC=CC=C1CCNC(=O)CC2=CC3=CC=C(C(=C(N))C(=O)(C(N)))C=C3C2,No matches found,,,
O=C(CC1=CC=NC=C1)NCCCC2=C(C(=O)O)C=CC3=C2C=C(C(=O)N)CC3,No matches found,,,
C(C(=O)O)=C(CCC1=CC=C(C(=O)N)C=C1)NCC=C2C=CC3=CC=CC=C3C(=O)2,No matches found,,,
CC(C(=O)N)=CCC(=O)NC(C)C1=CC=CC=C1CCCC2=CC=CC=C2,No matches found,,,
O=C(CC1=CC=CC=C1)NCC=CC2=CC=CC(=C2)CC(=N)CC(N)C,No matches found,,,
C=C(CCC(=O)NCC1=CC=CC=C1F)CC2CCC3=CC=CC(C(=O)N)=C3C2,No matches found,,,
O=C(C(N)C1=CC=CC=C1)NCC2=CC=CC=C2CCCCC3CCCCC3,No matches found,,,
C=C(N)C1=CC=CC=C1CC(=O)NCC(=C(=N))C2=CC3=CC=CC=C3S2,No matches found,,,
C(CC)=C(CNC1=CC=CC=C1Cl)C(=O)NC(=O)C(N)=CC2=CC=CC=C2,No matches found,,,
O=C(NC(=O)C1=CC=CC=C1)NCCC(CN)CC=CC2=CC=CC(C(=O)N)=C2,No matches found,,,
O=C(CC1=CC=CC=C1)NCC=C(C(CO)C)CCC2=CC(C(=O)N)=CC=C2,No matches found,,,
C(=N)=C(CCC1=CC=CC(C(=O)N)=C1Cl)CCC(=O)CCCC2=CC=CC=C2F,No matches found,,,
CC1=CC=C(CCC(=O)C=C(C(=O)(C))CC2=CC=CC(C(=C)N)=C2Cl)C=C1Cl,No matches found,,,
CC1=C(N)C(N)=C(C(=O)N)N=C1CC=C(C)C(=O)NC2=CC=CC(C)=C2,No matches found,,,
O=C(CCC1=CC=CC(C(=C)N)=C1F)C(N)CCCCC(=O)NC2=CC=CC=C2,No matches found,,,
O=C(CC1=CCCC=C1)CCC2=CC=CC=C2C(=N)C=CC3=CC(C(=O)O)=CC=C3,No matches found,,,
CC(CC1=CC(C(=O)N)=CC=C1)N2CCCC(C3=CC=C(C(=O)N)C=C3)C2,No matches found,,,
O=C(CC1=CC(C(=O)N)=CC=C1)CC(N)C=CC2=CC=CC(=C2)CCC,No matches found,,,
CC1=C(C(=O)O)C=CC=C1CCC(=N)CCC=CC2=CC3=CC=CC=C3C2,No matches found,,,
CC1=CC=CC=C1C(=O)C2=CN=C(N)C=C2C=CC(N)CC3=CC=CC=C3,No matches found,,,
CC=CC=CC1=CC=CC(C(=O)N)=C1NC(=O)N=CCC2=CC=C(C)C=C2,No matches found,,,
CN(CC1=CC=C(N)C(C(=O)N)=C1)C(C)C2=CC=CC=C2NC3=NC=CC=C3,No matches found,,,
O=C(CC1=CC=CC=C1)NCCC(CC2=C(N)C(C(N)))=CC=C(N)2,No matches found,,,
O=C(C(=O)NC1=CC=CC=C1)NCC2C(=O)CC3=CC=CC(C(=O)N)=C3C2,No matches found,,,
CC(N)(C)C1=CC=CC=C1NC=C(C)CC2=CC=C(C(=O)N)C=C2C(=O)CC,No matches found,,,
CC(CC1=CC=C(C(=O)C(C(N)))C=C1C)C(=O)CCC2=CC=C(C(=O)C)C(C)=C2,No matches found,,,
C(=O)(N)C(CC1=CC=C(C(=O)O)C=C1C)CCC2=CC3=C(C(=O)N)C=CC=C3S2,No matches found,,,
C=C(N)C1=CC=CC=C1CCC(=C(C(N)))CCC2=CC3=CC=CC=C3N2,No matches found,,,
CC(N)(C)C1=CC=CC=C1NCC=CC(=O)CC=CC2=CC=CC(C(=O)N)=C2,No matches found,,,
O=C(CC1=CC=C(N)C=C1)NCC2=CC=CC=C2C3=C(N)CNC(O)=C3,No matches found,,,
CC(=C(C(=O)C))CC1=CC=CC=C1CCC(=O)C2=NC3=CC=CC=C3C(=N)2,No matches found,,,
CC(=O)C1=CC=CC=C1CC=CC2=C(C(=O)O)C=CC=C2C=CC3=CC=C(N)N3,No matches found,,,
O=C(CC1CCC(C(C(=O)N))CC1)CC2CCC3=CC=C(C(=O)O)C=C3C2,No matches found,,,
CN(CC1=CC=CC(C(=O)N)=C1C)C(=C)C=CC2=CC(C(=O)C(N))=CC=C2F,No matches found,,,
C=C(CCCC(=C)CC1=CC=CC(C(=O)N)=C1)C2(C)CC3=CC=CC=C3C2,No matches found,,,
O=C(NCC1=CC=CC=C1)CCN2C(C(=O)O)=CC3=CC=CC(C(=O)C(N))=C3[NH1]2,No matches found,,,
CCC1=CC(C(=O)O)=C(C(=O)N)C=C1CCC(=O)NC(=O)CC2=CC=C(C)CC2,No matches found,,,
CC(=O)C(C(N)(N)C1=CC=CC=N1)NC(=O)CCC2=CC=CC3=C2C=CC=C3,No matches found,,,
CC1=CC=C(C(=O)N)C=C1CNC(=O)NC=C2C=CC3=CC=C(C(=O)O)C=C3[NH1]2,No matches found,,,
CCC1=CC=CC=C1NCC(C(=O)C(C(C)(C)))NCC(=O)NC2=NC(C)=CC=C2,No matches found,,,
C(C(=O)C)=C(CC1=CC=CC(C(=O)N)=C1)CSC=CC2=CC=CC(N)=C2,No matches found,,,
O=C(C(=C)C=CC1=CC=CC=C1)C=C(C(=O)N)CCC2=CC=CC=C2C(=O)N,No matches found,,,
CC(C)C1=CC(=C)C(=N)C=C1C(=O)NC(=O)CCC(=O)NC2=CC=CC=C2,No matches found,,,
N=C(CCC1=CC=CC=C1)C(=O)C(C)=CC2=CC=CC=C2C(C(=C(C(=O)N))C),No matches found,,,
O=C(NCC1=CC=CC=C1)C(N)CC2=CC(=N)C3=CC(C(=O)(N))=CC=C3S2,No matches found,,,
NC(=C)C1=CC=CC(C(=O)N)=C1CC=CCCC=C(N)C2=CC=CC=C2,No matches found,,,
O=C(CC1=CC=C(N)CC1)NCC2=CC=CC=C2C=CCCC(N)(=O),No matches found,,,
CC1=CC=CC=C1CNC(=O)CCC(C(C(=O)N))SC2=CC(C(=O)N)=CC=C2,No matches found,,,
NC(=O)CC(C)CC1=CC=C(CCCC(=O)NC(=O)C2=CC=CC=C(N)2)S1,No matches found,,,
O=C(NCC1=CC=CC=C1)N(C)C(=C(C(=C(=O))C))CCC2=C(C(=O)N)C=CC=C2,No matches found,,,
O=C(NC1=CC=CC=C1C)C=CCC(C(=O)C(N))CC2=CC(C(=O)N)=CC=C2,No matches found,,,
CC(CC1=C(C(=O)N)C=CC=C1C(=O)CCC)NC(=O)CC2=CC=C(O)C=C2,No matches found,,,
O=C(NCC1=CC(N)=CC=C1)CC2C(=O)C=CC3=CC=C(C(=O)C)C=23,No matches found,,,
NC(=O)C1=CC=C(C(=O)C(C(=O)O))C=C1N2CCCC(C3=CC(C(=O)C)=CC=C3)C(=O)2,No matches found,,,
ClC1=CC=CC2=C1CCN2CC(=O)CC(=N)C3=CC(C(=N)N)=CC(C)=C3,No matches found,,,
O=C(C(N)(N)C1=CC=CC=C1)NCCCC2C(=O)C3=CC=CC=C3CC2,No matches found,,,
O=C(CC1=CC=CC=C1)NCC2=CC(C(=C)N)=CC=C2CC(=O)CCCC(N)C,No matches found,,,
NC1=CC=C(N)C=C1CC2=CC=CC=C2CCCC3=NC(N)=CC(N)=C3,No matches found,,,
C1C=CC=C(CNC(=O)N(C)CC2=CC=C(C(=C(C(=O)O))C(C(=O)N))C=C2)C1,No matches found,,,
CNC1=CC=CC=C1CC(=O)C(N)=C2C=CC3=CC=C(C(=O)C)C=C3C2,No matches found,,,
CC(N)(C)C1=CC=CCN1CCSC2=CC=CC=C2CC3=CC=CC(N)=C3,No matches found,,,
CC(C(=O)C1CCC(C(N))CC1)=C(C(=O)C)CCC2=CC(C(=O)N)=CC=C2Br,No matches found,,,
O=C(CC1=CC=CC(=C)C1)NCC2=CC(C(=O)N)=CC=C2CCCCCC(N),No matches found,,,
CCC(CC1=CC(C(=O)N)=CC=C1)C(C(=O)N)CCCC2=CC=C(C)C=C2,No matches found,,,
CN(CC1=CC(C(=O)N)=C(N)C(N)=C1CCCC)CC=CC2=CC=CC=C2C,No matches found,,,
O=C(CC1=CC=CC=C1)NC(=O)CCC=CC(=O)C2=NC=CC3=C2C(=N)C(=O)C=C3,No matches found,,,
O=C(CCC1=CC=CC=C1)NCCN2C(=O)C(=C)C(=O)C3=CCC(=O)C=C32,No matches found,,,
O=C(CC=CC=C1C=CC(=O)CC1=O)C2=CC=CC3=CC=C(C(=O)N)C=C32,No matches found,,,
NC1=CC=CC=C1CC(=O)NCCC(=C(C(=O)N))C2=CCC3=CC=CC=C3C2,No matches found,,,
O=C(CC1=CC=CC=C1)NCC(=O)C2=CC=CC=C2CC(N)CCC(=O)N,No matches found,,,
CC(N)(C)C1=CC=CC=C1CC(=C)C(=O)NC(=O)C2=CC=C(C)C=C2C,No matches found,,,
CC(CC1=CC=CC=C1)C(C(=O)N)CCC2=CC=CN=C2NC3=CC=CC=C3,No matches found,,,
CC1=CC=CC=C1NC(=O)CC=C2C(C(=O)N)=C(N)C=C2C(=O)CCCC,No matches found,,,
O=C(CC1=CC=CC(N)=C1)NCC2=CC=CC=C2C3CCCC(C)C3,No matches found,,,
C(=O)(CC1=CC(C(=O)O)=CC(N)=C1C(C)CCC)NC(=O)CC2=CC=CC=C2,No matches found,,,
CC1=C(C(=O)N)C=CC=C1CC(=O)C(=O)CC=CC=CC2=CC=CC=C2C#N,No matches found,,,
NC(=C(C(=C)C))C1=CC=CC=C1NC(=O)CCC(C2=CC(C(=O)O)=CC=C2)C,No matches found,,,
C(=C(=O))(CC1=CC(C(=O)N)=CC=C1)N(C)C(=O)CCCCC2=CC=CC(N)=N2,No matches found,,,
N#CC1=CC=C(C(=O)N)C=C1CC(C)=CC=CCC(=O)C(=O)NC2=CC=CC=C2,No matches found,,,
NC1=CC=CC=C1CC(=O)NCCC(=C(=N))C2=CC(=O)C3=CC=CC=C3C2,No matches found,,,
O=C(CC1=CC=CC=C(N)1)ONC2=CC(C(=O)N)=CC=C2C3=CCCC(C)=C3,No matches found,,,
C(=O)=C(CCC=CC=CC1=CC=CC=C1)C(=C)C2=CC=CC(C(=O)N)=C2,No matches found,,,
C(C(=O)N)N(CC1=CC=CC=C1C(N)C)C(=O)C=CC2=CC=CC(N)=C2,No matches found,,,
O=C(NC1=CC=CC=C1Cl)C=CCC(C(=O)C(N))CC2=CC(C(=O)N)=CC=C2,No matches found,,,
N#CC1=CC(C(=O)O)=CN=C1NCCCCCC2=CC(=O)CC3=CC=C(C(=O)N)C=C23,No matches found,,,
CC1=CC=CC=C1CNCCCC2=CC=CC=C2CC(=O)CC3=CC=CC(=O)C3,No matches found,,,
CC1=CC=CC=C1CCCCNC=CC2=CC3=CC=C(C(=O)C(N))C=C3C2,No matches found,,,
C=C(CC1=CC=CC=C(C(=O)N)1)N2CC(=O)NC(C3=CC=CC(N)=C3)=C2,No matches found,,,
C(=O)=C(CC1=CC=CC(C(=O)N)=C1C)C(=O)CC=CC2=CC=CC(C)=C2,No matches found,,,
CCC1=CC(N)=C(C(=O)N)C=C1CNC(=O)C(N)CC2=CC=C(C)C=C2,No matches found,,,
O=C(NC(=O)CCC1=CC=CC=C1)NCC(=O)C=CCC2=CC=CC(=O)C2,No matches found,,,
CC(=O)C1=CC=CC=C1CCNC2=NC=CC=C2C(N)=CC3=CC=CC3,No matches found,,,
O=C(CCC1=CCCC(C(=C(N))N)=C1C)CCCCCCC2=CC=CC=C2,No matches found,,,
O=C(CC1=CC=CC(C(=O)N)=C1)N(C(=O)N)CCC2CCC3=CC=CC=C3C2,No matches found,,,
O=C(CC1=CC=C(C(N))C=C1)NCC2=CC(C)=CC=C2C3CC(C)CCC3,No matches found,,,
O=C(CCCC1=CC=CC=C1)N(C(=O)C)CC=CC2=CC=C(C(=O)C(=O)(N))[NH1]2,No matches found,,,
CN(CC1=CC=CC(C(=O)O)=C1NC)C(=O)C=CC2=CC(C(=C(N))N)=CC=C2Cl,No matches found,,,
C(=O)=C(CC1=CC(C(=O)N)=CC=C1)CSC=CC=CC2=CC=CC=C2,No matches found,,,
O=C(NC(=O)C1=CC=CC=C1)CC2CC=CC3=CC=C(C(=O)N)C=C23,No matches found,,,
O=C(CC1=CC=CC=C1)NCC(=O)CC=CC2=CC(C(=C(N))N)=C(N)C=C2Cl,No matches found,,,
C=C(N)C1=CC=CC=C1NCC2=CC=CN=C2NCCCC(N)3CCCC3,No matches found,,,
CCC1=CC=C(C(=O)O)C=C1CC(=C(C(=O)O))C2=C(C(=O)C)C3=CC=C(C(=O)(N))C=C3C2,No matches found,,,
O=C(OC1=CC=CC=C1)NCCC=C(C)C=CC2=C(C(=O)N)C=CC3=C2CC(=O)C3,No matches found,,,
C(=O)(N)C1=CC=CC=C1C(=O)C2=CC=CC=C2C3=CC(=C(C(N)N))CC3,No matches found,,,
CCCC(=O)NC(=O)C1=C(N)C=C(CNC(=O)CC2=CC=CC=C2C)C(=C(C))1,No matches found,,,
O=C(CC1=CC=CC=C1)NCC2=CC=CC(N)=C2C3CCCC(C(O))=C3,No matches found,,,
NC1=CC=CC=C1CCN(C)CC=CC2=CC(C(N))=CC(C(=C)C(C(=O)(N)))=C2,No matches found,,,
C(C(N))=C(C(=O)CCCC1=CC=CC=C1)CCC(=O)CC2=CC=CC(C(=O)N)=C2,No matches found,,,
CC(C1CCC(N)CC1)CCCCC2=CC=CC=C2CCC(C(=O)(N)),No matches found,,,
CCC1=CC=CC=C1CCCC2=C(C(=O)C)C=CC=C2C=CC3=CC=CC(=N)3,No matches found,,,
NC1=CC(C(=O)N)=CC2=C1CCN2CCC(=O)C3=CCC4=CC=CC=C4C3,No matches found,,,
O=C(NCC1=CC=CC(=O)C1)CCC2=CNC3=CC=C(C(C(=C)C(C)))C=C23,No matches found,,,
O=C(CC1=CC=CC=C(C(=O)C(N))1)NC2=CC=CC=C2C3=CC(N)=CN=C3,No matches found,,,
O=C(CC1=CC=C(N)C(C(=O)N)=C1)NC2CCCC(C3=CC=CC=C3)=C(N)2,No matches found,,,
C(=O)(CC1=C(C(=O)(N))C=CC(N)=C1CCC(C(C(=O)(N)))C)CCC2=CC=CC=C2,No matches found,,,
CCC1=CC(N)=C(C(=O)C(C(N)))C=C1CCCC(C)C2=CC=C(C)C=C2,No matches found,,,
CC(N)(C)C1=CC=CC=C1NCC=C(C)C(=C(C(=O)N))C2=CC=CC=C2,No matches found,,,
C(=O)=C(CC1=CC(C(=O)N)=CC=C1)C(=O)CC2=CC=CC3=C2CC(C)(C)C3,No matches found,,,
CCC1=C(N)C(C(N))=C(C(=O)N)C=C1CC(=O)NC(=C)C2=CC=CC=C2C,No matches found,,,
O=C(CC1=CC=CC=C1)C(=C)C=CC(=C(C(=O)O))CC2=CC=CC(C(=O)N)=C2,No matches found,,,
O=C(CCC1=CC=CC=C1)NC(=O)NCC(=N)C=CC2=CC(C(=O)N)=CC=C2,No matches found,,,
CN(CC1=CCCC(C(=O)N)=C1C)C(=O)CCCNC(=O)C2=CC=CC=C2Br,No matches found,,,
C(=O)(CC1=CC=CC=C1)C(C(=O)C)CC=CC2=CC=CC=C2NC3=NC=CC=C3,No matches found,,,
N#CC1=CC=C(C(N))C=C1C(=O)CNC=CC2=CC3=CC=CC(C(=O)C(N))=C3C=C2,No matches found,,,
CCC1=CC=CC=C1CCC(=O)C=CC2=CC3=CC(N)=CC=C3C(=N)2,No matches found,,,
CC(=C(C(=C)C))CC1=CC=CC=C1NC(=O)C2=CC3=CC=CC(C(C(=O)N))=C3C2,No matches found,,,
CC1=CC=CC=C1CC(=O)CCCC=CC2=CC3=C(N)C=C(N)C=C3C2,No matches found,,,
C(=O)=C(CC1=CC=CC(C(=O)O)=C1)CCC2=CC=C(C3=CC=CC=C3)C(=O)C2,No matches found,,,
O=C(NC(=O)C1CCCC1)CC2CCC3=CC=CC(C(=O)N)=C3C2,No matches found,,,
C(N)CC1=CC=C(C(=O)N)C=C1CC(=C)C2=CC3=CC=CC(C(=O)C(N))=C3S2,No matches found,,,
O=C(CC1CCCCC1)NCCCC2=C(C(=O)O)C=CC3=C2CCC(N)C3,No matches found,,,
O=C(N)NC=CC=CC=CC1=CN=CC=C1C(=O)C2=CC(C(=O)N)=CC=C2,No matches found,,,
CC(CC1=CC(C(=O)N)=CC=C1)N(C)CC=CC2=CC=C(C(=O)C(C(N)))C=C2,No matches found,,,
CC1=C(C(=O)N)C=CC=C1C(=O)C(=O)CC2CCC3=CC(Br)=CC=C3C2,No matches found,,,
N=C(CC1=CC=CC=C1)CNC=CCCC(=O)CC2=CC=CC(C(=O)N)=C2F,No matches found,,,
O=C(CC1=CC=CC(C(=O)N)=C1C)CC2CCCC3=CC=C(N)C=C23,No matches found,,,
C(=O)=C(CC1=CC(C(=O)N)=CC=C1)C(=N)CCC=CC2=CC=CC=C2,No matches found,,,
O=C(C(N)CC1=CC=CC=C1)NCCC2CCC3=CC=C(C(=O)N)C=C3C2,No matches found,,,
C=C(CC1=CC(N)=CC=C1)NCC2=CC=CC(N)=C2CC=CC3=CC=NC=C3,No matches found,,,
CC(C)C1=CC=C(C(=O)N)C=C1N2CCCN(C3=CC=CC(C(=O)C)=C3)S2,No matches found,,,
CC1=CC=CC=C1C(=O)NC(=O)CC=C2C(C(=O)C(=O)(N))=CC=CC2=C,No matches found,,,
NC1=CCCC=C1C(=O)C2=CC=CC=C2CNC(=O)CC3=CC=CC(N)=C3,No matches found,,,
C(C(=O)N)(CC1=CC(C(=O)N)=CC=C1)CCCC(=O)C=C(N)CC2=CC=CC=C2,No matches found,,,
CC(CC1=CC(C(=C(N))N)=CC=C1)N(C)CCNC(=O)CC2=CC=CC=C2,No matches found,,,
O=C(CCC1=CC=CC=C(C(=C)N)1)N(C(=O)C(N))CCC=CNC2=CC=CC=C2,No matches found,,,
O=C(NCC1=CC=CC=C1)NCC(=O)C2=CC3=CC=CC(C(CC)C)=C3S2,No matches found,,,
O=C(CC1=CC=CC=C1)NCCCC2=CC(N(=O))=CC(=C2)CCC(N)C,No matches found,,,
C(C(CC)C(C))=C(NCC1=CC=CC=C1CC(=O)(N))CCNC2=CC=CC=C2,No matches found,,,
C(C(=O)O)(CC1=CC(C(=O)N)=CC=C1)CCC=CNC2=CC=CC(N)=C2,No matches found,,,
O=C(CC1=CC=CC=C1)NCCC(C)C2=CC=C3C(=C2)CCCC(C(C(C)))3,No matches found,,,
N(C(=O)CC1CCCC1)CC2CCC3=CC=CC(C(=O)C(=O)(N))=C3C2,No matches found,,,
O=C(NC=CC(=C)CNC(=O)CC1=CC=CC=C1)C=C2C=CC3=CC=CC=C32,No matches found,,,
C(N)C(C(=O)N)CC1=CC=C(N)C=C1NC(=O)C2CC3=CC=CC=C3C2,No matches found,,,
NC1=CC(C(=O)N)=CC2=C1CC(=O)N2CCC=CC3=CC(N)=CC(C)=C3,No matches found,,,
CC(N)(C)C1=CC=CC=C1NC(=O)CC2=CC=CC3=C2CC(=C(O)(N))C[NH1]3,No matches found,,,
C(C(=O)O)=C(C)C1=CC=C(C(=O)C)C=C1N2CCCC(C3=CC=CC(C(=O)C(N))=C3)=C2,No matches found,,,
C(=O)=C(CC1=CC(C(=O)O)=CC=C1)CCCCC(C2)=CC3=CC=CC=C3[NH1]2,No matches found,,,
O=C(CC1=CC(N)=CC=C1)NCC2=CC=CC=C2CC(=O)CC3=CCOC=C3,No matches found,,,
O=C(CC1=CC=CC=C1)NCC=C2C=CCC=C2C(=O)CCC(C(=O)N),No matches found,,,
O=C(CC1=CC=CC=C1)NCCCC2=CC=CC=C2CC(=C(N))C(N)C,No matches found,,,
O=C(CCC1=CN=C(N)C=C1)CC=C(C(O))CC=CC2=CC(C(=O)N)=CC=C2,No matches found,,,
CCC1=CC=CC=C1CCC(=C(=O))CC=CC2=C(C(=O)N)C3=CC=CC=C3[NH1]2,No matches found,,,
O=C(CCC1=CC=CC=C1)NCC2C=CC3=CC=CC(C(=O)N)=C3C2,No matches found,,,
C(N)C1=CCCC=C1NCCCC=CC2=CC=CC3=C2C=C(C(=O)N)C=C3,No matches found,,,
CC(C)(N)C1=CC=CC=C1NC(=C)C2=CC3=C(C(=O)N)C=CC(C)=C3[NH1]2,No matches found,,,
O=C(NCC1=CC=CC(O)=C1)NCC2CC(=O)CC3=CC=C(C(=O)N)C=C23,No matches found,,,
O=C(CC1=CC(C(=O)N)=CC=C1)C2CCCC(C3=C(N)C=CC=C3)C2,No matches found,,,
O=C(NC(=O)CC=CC1=CC=CC(C(=O)C)=C1)NC(=O)CC2=CC3=CC=C(C(=O)O)C=C3C2,No matches found,,,
C(CN)=C(CC1=CC=CC(C(=O)N)=C1F)C(=O)CC2=CC3=CC=CC=C3[NH1]2,No matches found,,,
O=C(CCC1=CC=CC=C1)NC(=O)C(C(=O)(C))CCC=CC2=CC=C(C(=C))C=C2,No matches found,,,
O=C(CC1=CC(C(=O)N)=CC=C1)NC=CC2=CC(C(=O)N)=CC=C2C=CC#C,No matches found,,,
O=C(CC1=CC=CC=C1)NCC2CC=CC=C2C=CC3=CC=C(C(=O)O)C=C3,No matches found,,,
C(N)CC1=CC=CC=C1CC(=C(C(N)))C2=CC3=CC=CC(C(=O)N)=C3S2,No matches found,,,
CC(C)C1=CC=CC=C1N2CCCC(C3=CC(C(=O)C(=O)(N))=CC=C3)C(=O)2,No matches found,,,
C#CC1=CC=CC=C1NC(=O)NC(C(C(=O)N))CC2=CC(C(C(=O)(N)))=CC=C2,No matches found,,,
NC1=CC(C(=O)N)=CC=C1CCCCCC=CC2=CC3=CC=CC=C3C(=O)2,No matches found,,,
CC1=CC=CC=C1C2=CC=C(C(=O)N)C=C2CC(=O)NC3CC(=N)NC(=N)C3,No matches found,,,
CC(N)(C)C1=CC(C(=O)N)=C(C(=O)N)C=C1C(C)CCCCCC2=CC=CC=C2,No matches found,,,
C(C(=O)N)C(CC1=CC(C(=O)N)=CC=C1)C(=O)CNC(=O)C2=CC=CC(F)=C2,No matches found,,,
NCC1=CC=CC=C1NCCNC2=NC=CC=C2C(N)=CC3=CC=CC(=O)3,No matches found,,,
CCC1=CC=CC=C1C=C(C)CC2=CC=CC=C2CC(C(=O)(N))(N)N,No matches found,,,
C(C(=O)N)=C(C(=O)C1=CC=CC(C(C(N)))=C1)N2CCCC(C3=CC=CC=C3)C2,No matches found,,,
O=C(CC1=CC(N)=CC=C1)NCC2=CC=CC=C2C3CC(C)CCC3,No matches found,,,
CC(N)(C)C1=CC=CC=C1CCCCCC2=CC(C(=C)N)=CC=C2Br,No matches found,,,
O=C(CC1=CC(C(=O)N)=CC=C1)C(=C)C=CC=CCC2=CC=C(N)N=C2,No matches found,,,
CC(=C(=N))C1=CC=CC(C(=O)N)=C1CCNC(=O)CC2=CC3=CC=CC=C3S2,No matches found,,,
CC1=CC=CC(C(=O)N)=C1CC(=O)CCC2=CC3=CC(Cl)=CC=C3C(=N)2,No matches found,,,
CC(N)(C)C1=CC=CC=C1CCCC(=O)C(C2)CC3=CC(N)=CC=C32,No matches found,,,
NC(C(N)(=O))C1=CC=CC=C1NC(=O)NCC2=CC=CC3=CC=CC=C32,No matches found,,,
CN(CC1=CC(N)=CC=C1)C(=O)CCSC2=CC=CN=C2NC3=CCC(=O)C=C3,No matches found,,,
O=C(NCC=CC1=CC=C(N)C=C1)CNC2=CC(=O)C3=CC=C(C(=O)O)C=C3C(=C)2,No matches found,,,
O=C(CC1=CC(C(=O)O)=CC(=O)C1)C(=O)C2=CC=CC=C2CC3=CC=CC(C(=O)N)=C3,No matches found,,,
O=C(CC1=CC(C(=O)O)=CC=C1)CC(=N)C2=CC=CC(=C2)CC3=CC=CC=C3,No matches found,,,
CC(C)(N)C1=CC=CC=C1CCCCCC2=CC3=CC=C(N)C=C3C2,No matches found,,,
NC(=O)C1=CC=C(C(=O)N)C=C1CC(=O)NC=CC2=C(C(=O))C3=CC=CC=C3S2,No matches found,,,
CC1=CC=C(N)C=C1NC(=O)CCCC2=CC(C(=O)N)=C(C)C(=O)C2=C,No matches found,,,
CC(=O)C1=CC(C(=O)C(C(C(=O)C)))=CC=C1CC(C)CNC(=O)C2=CC=C(C)C=C2F,No matches found,,,
O=C(CC1=CC=CC=C1)NCC=CC2=C(C(=C)N)C=CC=C2CCC=CF,No matches found,,,
CCC1=CC=CC(C(=O)C)=C1C(=O)C(=O)NC(=O)C2[NH1]C3=CC=CC=C3[NH1]2,No matches found,,,
CC(CC1=CC=C(C(N))C=C1N)CCC2=CC(C(C(C(C))))=CC=C2Br,No matches found,,,
CC(CC1=CC=CC=C1N)C(C)CCCNC(=O)C2=CC(N)=CC=C2,No matches found,,,
C(=O)(CC1=CC(C(=O)N)=CC=C1)N(C(=O)C)CCC(C)NC2=CC=CC=C2C(=O)C,No matches found,,,
FC1=CC=C(C(=O)N)C=C1CCCC2=CC=CN=C2C=CC=CC3=CC=CN=C(N)3,No matches found,,,
CC(CC1=CC=CC(C(=O)N)=C1F)CCCC(=O)NCC2=CC=CC(N)=N2,No matches found,,,
C(C(=O)N)=C(CC1=CC(C(=O)N)=CC=C1)CC=CC=CC2=CC=CC=C2F,No matches found,,,
CC(N)(C)C1=CC=CC=C1CCC=CC(=O)C(=O)C=CC2=CC=CC(C(=O)N)=C2,No matches found,,,
CC(CC1=CC=CC(C(=O)N)=C1)NC(=O)NC(=O)CC(N)C2=CC=CC=C2,No matches found,,,
C(=O)=C(CC1=CC(C(=O)N)=CC=C1)CSC=CCNCC2=CC=CC=C2,No matches found,,,
O=C(CNC1=CC=CCC1)NC(=O)CCCC(=O)CC2=CC=CC(C(=O)N)=C2Cl,No matches found,,,
O=C(CC1=C(N)C=CC=C1)NCCCC2=CC=CC3=C2CC(C)C=C3,No matches found,,,
O=C(CCC1=CC(C(=O)N)=CC=C1)NC(C)C=CC2=CC=C(C(=C)C)C=C2,No matches found,,,
NC1=CC(C(=O)N)=CC2=C1CCN2CCCC(=O)CC3=CC(N)=CC(C(N))=C3,No matches found,,,
O=C(CC1=CC=CC=C1)NCC=CC2=CN=CC(=C2)CCC(=C)C(=C(N)(N)),No matches found,,,
CN(CC1=C(N)C=CC=C1)C(=O)CC=CC2=CC=CN=C2NC3=CC(N)=CC=C3,No matches found,,,
O=C(C1=CC=CC=C1)CC2CCC(C3=CC=C(C(=O)C(C(=O)N))C=C3)C2,No matches found,,,
CCC1=C(N)C(N)=C(C(=O)N)C=C1CCCC2=CC3=CC=CC=C3[NH1]2,No matches found,,,
CC1=CC=CC=C1NCC2=CC=CC=C2C=CC=C(N)C=C(N)CCl,No matches found,,,
CN(CC1=CC=C(C(=O)C)C=C1)N2CCCC(C3=CC=CC(C(=O)(O))=C3)C(=O)2,No matches found,,,
O=C(CC1=CC=CCC1)NCC(=O)C=CC=C(C)C=CC2=CC=CC=C2,No matches found,,,
CC1=C(C(=O)N)C=CC=C1CCCCCC=CC=C2CCCC(C(=O)O)=C2,No matches found,,,
O=C(CCCC=C(N)CC1=CC=CC=C1F)CCC2=CC=CC(C(=C)N)=C2Cl,No matches found,,,
C=C(CC1=CC=CC(C(=C(C(=O)N))N)=C1)N2CCN(CC3=CC(N)=CC=C3)C2,No matches found,,,
C=CC1=C(C(=O)N)C=CC=C1CCC(=C)C=CC2=CC3=CC=CC=C3[NH1]2,No matches found,,,
O=C(CC1=CC=CC=C1)NCC2=CC=CC(C(=O))=C2C3CCCC(C)C3,No matches found,,,
C=C(CC1=C(O)C=CC(C(=O)N)=C1)NC(=O)C2=CC=CC=C2[NH1]CC=CC=C,No matches found,,,
O=C(C1=CC(C(=O)N)=CCC1)C(=C)C2=CC=CN=C2CC3=CC=CC=C3,No matches found,,,
C#CC(=O)NC1=CC=CC=C1CCN2CCC3=CC(N)=C(C(=C)N)C=C23,No matches found,,,
O=C(NC(=O)C1=CC=CC=C1)CCCC=C2CCC=C(C(=O)N)C(=N)2,No matches found,,,
O=C(CC1=CC=C(N)C=C1)NCC2=CC=CC=C2C3=CC(C)CC(=O)N3,No matches found,,,
C(N)C1=CC=CC=C1CCC2=CC=CC=C2C(=O)CC=CC(Cl)=CNC,No matches found,,,
CC1=CC=CC=C1NC(=C(=N))CC=CC2=C(C(=O)N)C=CC3=C2C=CC=C3F,No matches found,,,
CCC1=CC(N)=C(C(=C)N)C=C1CC(=C)NC(=O)C2=CC(N)=CC=C2,No matches found,,,
O=C(NCC1=CC=CC=C1)NCC(=O)C(=N)[CH1]C=CC2=CC=CC(C(=C)C)=C2,No matches found,,,
C(C(=O)O)CC1=CC(N)=CC=C1CC=CC2=CC=CC=C2C=CC3=CC=CC(=O)3,No matches found,,,
O=C(CC1=CC=C(N)C=C1)NCC2(C3=CC(C(=O)N)=CC=C3)CCCO2,No matches found,,,
O=C(NC(=O)CCCC1=CC=CC(C(=O)N)=C1)C=CC2=CC(C(N)(=O))=CCC(=O)2,No matches found,,,
CC1=C(C(=O)N)C=CC=C1CCC(C)CCNC(=O)C2=CC(N)=CC(N)=C2,No matches found,,,
CC(=O)C1=C(N)C=CC=C1CCNC2=CC=CC=C2C3=CC(N)=CC3,No matches found,,,
O=C(CC1=CC=CC(C(=O)N)=C1Cl)CC(=C(=N))CCCC2=CC=C(C(=O)(O))C=C2,No matches found,,,
O=C(CC1=CC=CC=C1)NCCC(C(=O)C(N))CC2=CC(C(=C)N)=CC=C2,No matches found,,,
CC(N)(C)C1=CC=CC=C1CCCC(C)(C)CC2=CC(C(N)(N))=CC=C2CC,No matches found,,,
O=C(CCCC1=CC=CC=C1)N(C(=O)C(N))C(=O)CCC(=O)CC2=CC=C(N)S2,No matches found,,,
O=C(NC1=CC=CC=C1N)NCC2C(C3=CC=CC(C(=O)O)=C3)CCC2,No matches found,,,
CC(CC1=CC=CC(C(=O)N)=C1)C(=C)C(=O)CCC(C)=CC2=CC=CC=C2,No matches found,,,
CC1=C(C(=O)N)C=CC=C1CC(C)CCC=CC=CC2=CC=CC=C2,No matches found,,,
NC1=CC(=O)CC=C1C(=O)C2=CC=CC=C2CCNC3=NC(N)=CC=C3,No matches found,,,
O=C(CC1=CC=CC=C1)NCC2=CC=CC=C2N3CC(=N)CC(N)C3,No matches found,,,
NC1=CC=C(N)C=C1CCC=C(CCCC2=CC=CC3=CC=CC=C3)C2,No matches found,,,
O=C(CCCCC1=CC(C(=O)N)=CC=C1)CCC(=O)NC(=O)C(N)2C=CC=C2,No matches found,,,
CC(C(=O)C1=CC(C(=O)N)=CC=C1)N2CCCC(C3=C(C(=O)C)C=CC=C3)C2,No matches found,,,
O=C(CCC1=CC=CC(C(=O)N)=C1F)CC=CC=C(C(=N))C2=CC=CC=C2,No matches found,,,
C(C(C(=O)N))CC1=CC=CC=C1CC(=O)CC2=NC=CC=C2C=C(C)C3=CC=CO3,No matches found,,,
O=C(OCC1=CC(C(=O)N)=CC=C1)NC(=O)C=CC(=O)C(N)CC2=CC=CC=C2,No matches found,,,
O=C(CC=CC1=CC(C(=O)N)=CC=C1CC(=O)C)C=CC2=CC3=CC=CC=C3[NH1]2,No matches found,,,
O=C(CC1=CC=C(C)C=C1)NCC2=CC=CC=C2CC3=CC(C(C(N)))CCC3,No matches found,,,
C(=O)(CCC1CCCC1)NC2=CNC3=CC=C(C(=O)C(C(=O)(O)))C=C3C2=C,No matches found,,,
C(=O)=C(CC1=CC(C(=O)N)=CC=C1)CC(=N)CCCC2=CC=CC(C)=C2,No matches found,,,
CN(CC1=CC=CC(C(=O)C(N))=C1C)C(=O)CCCC(N)=CC2=CC=CC=C2,No matches found,,,
CC1=C(C(=O)N)C=CC=C1CCCCCCSC2=C(N)C3=CC=CC=C3C2,No matches found,,,
CC1=CC(C(=O)C(C(=O)N))=CC=C1CCN(C)C2=CC3=CC(C)=CC=C3CC(=O)2,No matches found,,,
O=C(NC1CCC(N)CC1)CCN2CC3=CC=CC(C(=C(N))(N))=C3C2,No matches found,,,
CC1=CC=C(C(=O)O)C=C1CCCC=CC2=CC3=CC(N)=CC=C3C(=N)2,No matches found,,,
O=C(C1=CC=CC=C1)NCCCC2=CC(C(=O)N)=C(N)C(=O)C2=CC,No matches found,,,
O=C(CCC1=C(C(=O)C(C(C)))C(N)=CC(N)=C1)NC2CCCC3=CC=CC=C32,No matches found,,,
CC1=CC=CC=C1C(N)CC=CC=CC2=CC=CC3=C2C=CC(C(=O)O)=C3,No matches found,,,
C#CC1=CC=C(C(=O)N)C=C1CCNC(=O)C2(N)CC3=CC=CC=C3C2,No matches found,,,
C(N)#CC1=CC=CC=C1CC(=C2)C=CC3=CC=CC(C(=C(N))N)=C32,No matches found,,,
CCC1=CC=CC(C(=O)C)=C1CCC(=O)C=CC2=CC3=CC=CC=C3C(=O)2,No matches found,,,
CC=CC1=C(C(=O)NC(=O)C(=O)CC2=CC=CC(N)=C2)C=C(C)C=C(N)1,No matches found,,,
CCC1=CC=C(C(=O)N)C=C1CC(C)C2=C(C(=O)N)C3=CC=CC=C3[NH1]2,No matches found,,,
O=C(CCC1=CC=CC=C1)NC(=O)CCC(=C)C=CC=C2CCC(=O)CC2,No matches found,,,
O=C(CC1=CC=CC(=O)C1)NCCCC2=CC=CC3=C2C=C(C(=O)O)C(N)=C3,No matches found,,,
CC1=CC=C(C(=O)O)C=C1C2=CC(C(=O)O)=C(C3=CC=C(N)C(=C3)CC=C)C2,No matches found,,,
CC(N)(C)C1=CC=CC=C1CNC(=O)CC2CCC3=CC=CC=C3C2,No matches found,,,
O=C(NCC=C1C=CC(N)=C1)CCCCC=CC2=CC=CC(C(=O)N)=C2,No matches found,,,
CC1=CC=CC=C1C(=O)NCCC(=N)C2=CC3=CC(C(C(=O)N))=CC=C3C(=O)C2,No matches found,,,
O=C(CC1=CC=CC=C(N)1)NCCC2=CC=C(C(=O)N)C3=C2C(C)CC(=O)3,No matches found,,,
CN(C(=O)C1=CC=C(N)C=C1)C(=O)CC(C(=O)O)CCC(=O)CC2=CC=CC=C2Cl,No matches found,,,
CC(C)C1=CC=CC=C1CCC(=C(C(=O)N))CCCC2=CC=C(N)C=C2,No matches found,,,
O=C(C1CC=CC(N)=C1)NCCCCC(=O)NC(=O)C2=CC=CC=C2,No matches found,,,
O=C(NCCC(C(=C(=O))C(N))CCC1=CC=CC=C1)NCCC2=CC=CC=C2,No matches found,,,
O=C(NCC1CCCC1)CC2CCC3=CC=C(N)C(C(=O)N)=C3C2,No matches found,,,
O=C(CCC1=CC=CC(C(=O)N)=C1)NCCCC2CNC3=CC=CC=C3N2,No matches found,,,
C=C(N)C1=CC=CC=C1CC2=CC=CC=C2NCC(C)CCC(=O)N,No matches found,,,
O=C(CC1=CC(N)=C(C(=C)O)C=C1)CCC=CC2=CC3=CC=CC=C3CC2,No matches found,,,
CCC1=C(N)C(N)=C(C(=O)N)C=C1CC(=C)C2=CC3=CC=CC=C3S2,No matches found,,,
CC(N)(C)C1=CC=CC=C1NC(=O)C=CCC(C(=O)N)NC2=CC=CC=C2,No matches found,,,
O=C(CC1=CC(N)=CC=C1)NCC2=CC=CC=C2C3CCCC(C)C3,No matches found,,,
O=C(NC(=O)C1=CC=CC(N)=C1)CC=2CC(C)C3=CC=CC=C3C=2,No matches found,,,
O=C(CC1=CC=CC=C1)NCC2=CC=CC=C2C(=C(C(N)))C=CCC(=O)CCC(=O)C,No matches found,,,
C(=C(C))=C(CC1=CC=CC(N)=N1)COC2=CC=CC=C2NC(=O)CC3=CC=CC=C3,No matches found,,,
CC1=CC=CC=C1C(N)=NC=CC2=CC(C(=C)N)=CN=C2C3=CC=CC=C3C,No matches found,,,
C(=O)(N)C(N)C(C)C1=CC=CC=C1NCCC2=CC=CC3=CC=CC=C23,No matches found,,,
O=C(CC(C(=O)O)CC1=CC(C(=O)N)=CC=C1)CCC=C(N)C2=CC=CC=C2,No matches found,,,
O=C(NCC1=CC=CC=C1)C(N)CCC=CC2=CC(C(=N)C)=CC=C2Cl,No matches found,,,
O=C(CC=CC=CC1=CC=CC(C(=O)O)=C1)C=CC2=CC3=CC=CC=C3C(=O)2,No matches found,,,
C=C(N)C1=CC=CC=C1CC(=O)NCC(=O)C2=CC3=CC=CC(N)=C3C2,No matches found,,,
O=C(NCC1=CC=C(N)C=C1)CCN2CCC3=CC=CC(C(=O)N)=C3S2,No matches found,,,
O=C(NCC1=CC=CC=C1)C(N)CCC=CC=CC2=CC(N)=CC=C2,No matches found,,,
C(=O)(C(=O)N)CCC1=CC(=O)CC=C1C(=O)CNC(=O)C2=CC=CC=C2C,No matches found,,,
N#CC1=CC=CC(C(=C(N))N)=C1CCN2CCCC3=CC=C(C(=O)C)C=C23,No matches found,,,
NC(=O)CC(=O)CC1=CC=CC=C1CCC(=C)CN2C=CC3=CC=CC=C3C2,No matches found,,,
CCC1=CC=C(C(=O)N)C=C1CC(=C(C(=O)C(C(N))))CNCC2=CC=CC=C2C,No matches found,,,
O=C(CC1=CC=C(C(=O)(O))C=C1)C(=C)C2=CC=NN=C2CC3=CC=CC(C(=O)N)=C3,No matches found,,,
CC(N)(C)C1=CC(C(=O)N)=CC=C1CC(C)CCC(=O)C2=CC(C(=O)N)=CC=C2,No matches found,,,
O=C(NCC1=CC=CC=C1)C(=C)CCC(C)=CC=CC2=CC=CC(=O)N2,No matches found,,,
N1N=CC=C1CNC(=O)CCC=C2CCCC3=C(C)C=C(N)C=C32,No matches found,,,
CC1=C(C(=O)N)C=CC=C1CCC(=O)C(=N)C=CC2=CC3=CC=CC=C3S2,No matches found,,,
O=C(CC1=CC=C(N)C=C1)CCC2=CC=CC=C2CC=CC3=CC(C(N))=CC=C3,No matches found,,,
CCC1=CC=C(C(N)(N))C=C1CCC(=C(=O))CC=CC2=CC=C(Cl)C=C2,No matches found,,,
O=C(CCC1=CC=CC=C1)NC(=O)C(=C(C(=O)C(N)))C=CC=CC2=CN=CC=C2,No matches found,,,
C(C(=O)C1=CC=CC=C1)C2CCCC(C3=CC=C(C(=C(C(=O)O))C)C=C3)C2,No matches found,,,
CC(N)(C)C1=CC=CC=C1NC(=O)NCN(C=C(N)C2=CC=CC=C2C)C,No matches found,,,
C=C(C(=O)C1=CC=CC=C1)CCC(=O)C2=CC=CC3=C2CCC(C(=O)N)3,No matches found,,,
CN(CCC1=CC=CC(C(=O)N)=C1)C(=O)C(C)C=CC2=CC=C(C(=O)N)C=C2,No matches found,,,
O=C(CC1=CC=CC=C1)NSCCC=CC2=CC=CC3=C2CCCC(=C)3,No matches found,,,
O=C(NCC1=CC=CC=C1)NC(=O)CCCC=CC=C2C=CC(C(=O)C)=CC2,No matches found,,,
CCC=CC1=CC=CC=C1NC(=O)NCCCC2=CC(C(C(=O)N))=CC2,No matches found,,,
O=C(CCC1=CC=CC(N)=C1)N(C(=O)N)C=CCC=CC2=CC=CC(N)=C2,No matches found,,,
CC(N)(C)C1=CC(C(=O)N)=CN=C1N(C)CC=CC(=O)CC2=CC=CC(C(=O)N)=C2,No matches found,,,
O=C(CCC1=CC(C(=O)N)=CC=C1)N(C(=O)C(N))CCC(=O)C=CC2=CC=CC=C2,No matches found,,,
NCC1=CC=CC(C(=O)N)=C1CC=CC2=NC=CC=C2C(C)=CC3=CC=CO3,No matches found,,,
O=C(CC1=CC(N)=CC=C1)NCC2=CC=C(N)C=C2CC(C)CC(=O)(N),No matches found,,,
CCC1=CC=C(C(=O)N)C=C1CC(C)C2=CC3=CC=C(C(=O)N)C=C3N2,No matches found,,,
O=C(CCC1=CC=CC(C(=O)(N))=C1Cl)C(C)CCC(=O)C=CC2=CC=CC=C2,No matches found,,,
O=C(NCC(=C(=N))C=CC=CC1=CN=CC=C1)C2=CC=CC3=CC=CN=C32,No matches found,,,
C(O)1=CC(C(=O)N)=CC=C1CCCC(=C(N))C=CC=CC2=CC=CC=C2C#N,No matches found,,,
O=C(CC1=CC=CC(C(=C(N))O)=C1)C=CC2=CC=CC=C2C3=CC=CCC3,No matches found,,,
CC(C)C1=CC=C(C(=O)N)C=C1N(C)CCC(C)CCC2=CC=CC(C(=O)N)=C2,No matches found,,,
CC(N)(C)C1=CC=CC=C1CC(=C(=O))C(=O)CCCC2=CN=C(N)C=C2,No matches found,,,
N#CC1=CC=CC=C1CCC(=C(C(=O)N))C=CC2CC3=CC=CC=C3C2,No matches found,,,
O=C(CC1=CC(C(=O)N)=C(N)C=C1)NC2CCC(C3=CC=CC=C3)=C2(O),No matches found,,,
O=C(NC1=CC=CC=C1)NCCC(=O)CC=CC2=C(C(=O)N)C=CC3=C2CCC(=N)3,No matches found,,,
N#CC1=CC=C(C(=O)N)C=C1CC(=O)C=CC=CC2=CC=CC=C2C(N)=C,No matches found,,,
C(=O)(N)C1=CC=CC=C1CCC2=CC=CC=C2CC(=O)NC(N)=CCCl,No matches found,,,
O=C(CC1=CC=CC=C1)NCCCCCC(=O)CC2=CC=CN(C(=O)N)C2,No matches found,,,
CC(=O)C1=CC(C)=C(C(=O)C(C))C=C1CCCC(C)C2=CC=CC(C(=O)(N))=C2,No matches found,,,
O=C(NCC1CCCC1)CCC2CC3=C(C(=O)C(=O)(N))C=CC=C3CC2,No matches found,,,
C(C(=O)N)(CC1=CC(C(=O)N)=CC=C1)CCCC(C)[NH1]C2=CC=CC=C2,No matches found,,,
O=C(CC1=CC=CC=C1)NCC2=CC(C(=O)N)=CC(N)=C2CCC(C)CC,No matches found,,,
N#CC1=CC=C(C(=O)N)C=C1CC(=C(C(=O)N))C2=CC3=CC=C(C)C=C3[NH1]2,No matches found,,,
O=C(CC1=CC=CC=C1)NCCC(=O)C=CC=C(C)C=C(N)C2=CC=CC=C2,No matches found,,,
O=C(CCC=CC1=CC=CC=C1)NC2CC3=CC(N)=C(C(=O)N)C=C3C2,No matches found,,,
CN(CC1=CC(C(=C(N))N)=CC=C1)C(=O)CCC=C(N)CC2=CC=CC=C2,No matches found,,,
NC(=O)NCCCCC(=O)CCC=CC1=C(C)C2=CC=CC(C(=O)N)=C2C1,No matches found,,,
C(=O)(N)CC1C(=O)CCC=1CC(=O)C2=C(C(=O)C(C))C3=CC=CC=C3N2,No matches found,,,
C(=C)(N)CC1=C(N)CCCN1CCCCCCC2=CC3=CC=CC=C3S2,No matches found,,,
O=C(CCNC(=O)C1=CC=CC=C1)C2=C(C(=O)O)C=CC3=CC(=N)C(=C)C=C23,No matches found,,,
N(C(=O)C)(CCC1=CC=C(C(=C(N))C)S1)C(=O)CCCC2=CC(Br)=CC=C2,No matches found,,,
C(=N)=C(C)C1=CC=CC=C1NC(=O)CCCC2=CC(C(=C(C(O)))N)=CC=C2Cl,No matches found,,,
C(C(=O)N)=C(CCC1=CC=CC=C1NCC)CC(=O)C=C(N)C2=CC=CC=C2,No matches found,,,
CCCCC1=CC=C(Cl)C=C1C(C(C(=O)N))CCCC2=CC=CC=C(C(=O)(N))2,No matches found,,,
NC(C)(C)C1=CC=CC=C1CCCCCC(N)(N)C2=CC=CC=C2,No matches found,,,
O=C(CC1=CC=CC=C1)NCCCC2=CC(=O)C3=CC(=O)CC=C3C(=N)2,No matches found,,,
CN(C(=O)C1=CC=CC=C1)C(=O)CC(C)CCCC2=CC(C(N)(N))=CC=C2,No matches found,,,
CC(C)C1=CC=C(C(=O)C(C(C(C(=O)O))))C=C1N2CCC(=O)C(C3=CC=CC(C(=O)C(N))=C3)=C2,No matches found,,,
O=C(CC1=CC=CC=C1)NCCCC(C(=O)N)CCC2=CC(C(=O)N)=CC=C2,No matches found,,,
CC(=C(C(=O)N))C1=CC=CC=C1C(=O)CNC(=O)CC2=CC3=CC=CC=C3C2,No matches found,,,
NC1=CC(C(=O)N)=CC2=C1C(=C)C(=C)N2CCC(=O)[NH1]C3=CC(C)=CC(F)=C3,No matches found,,,
O=C(C(=N)C1=CC=CC=C1)CC(=N)C2=CC=CC=C2[NH1]C(=O)CC3=CC=CC=C3,No matches found,,,
O=C(NC1=CC=CC=C1Cl)C=CCC(C(=O)N)CC2=CC=CC(C(=O)N)=C2F,No matches found,,,
CCC1=CC=C(C(=O)N)C=C1CC(=C(=C))CNCC2=CC(N)=CC=C2,No matches found,,,
O=C(NC1=CC=CC=C1Cl)C=CCC(C(=O)N)CC2=CC(C(=O)N)=CC=C2F,No matches found,,,
CCC1=CC=C(C(=O)O)C=C1CCNC2=CC=CC=C2C3=CCC(=N)CS3,No matches found,,,
CC(N)(C)C1=CC=CC=C1NCCCC2=CCC3=CC=C(C(=O)O)C=C3N2,No matches found,,,
C(N)CCCC=CC1=CC=CC=C1C(C)C(=O)NCC2=CC=C(C)C=C2C,No matches found,,,
CC1=CC=CC=C1C(=O)NCC(=O)CC2C(=O)CC3=CC=C(C(=O)C)C=C3C2,No matches found,,,
O=C(CC1=CC=CC=C1)NCC=CC=CC2=CC=CC=C2CCC(C(=O)C)N,No matches found,,,
CC(N)(C)C1=CC=CC=C1NC(=O)CCCC(C)C2=C(N)C=C(N)C=C2,No matches found,,,
O=C(NC1=CC=CC=C1)N(C)C=CCC(=C(C(=O)C))CN2C3=CC=CC=C3C=C2,No matches found,,,
CN(C)C1=CC(=O)NC=C1C=CC=CC2=CC=CC=C2NC3=CC(C(=O)O)=CC=C3,No matches found,,,
C(=C(=C(=N)))=C(CC1=C(C(=O)N)C=CC(C(=O)N)=C1)CCC2=CC=CC=C2,No matches found,,,
O=C(CC1=CC=CC=C1)NCC2=CC(=O)CC=C2C3=CCCC(C)=C3,No matches found,,,
NC1=C(C(N))C(C(=O)N)=CC=C1CCC2=CC(C)=CC(C(C(=C(C))(N)))=C2,No matches found,,,
CC(N)(C)C1=CC=CC=C1NC(=C)CCC2=CC(C(=O)C(N))=CC=C2Cl,No matches found,,,
CC1=C(C(=O)N)C=CC=C1CC(=O)CCCNC2=CCC3=CC=C(C(=O)O)C=C3C2,No matches found,,,
C=C(CC1=CC=CC=C1)NCC2=CC(C(N))=CC=C2CCCCCC(N),No matches found,,,
CC(CC1=CC(C(=O)N)=CC=C1)NC2CCN(C3=C(C(=O)N)C=CC=C3)C2,No matches found,,,
CCC=C1C=CC=C1C(=O)CCCCC=CC2=CC(C(C(C(N))))=CC=C2,No matches found,,,
CCC1=CC=CC=C1CCCC=CC2=CC3=CC(N)=CC=C3C(=N)2,No matches found,,,
CC(N)(C)C1=CC=CC=C1CCNC(=O)CC2=CC3=CC=CC=C3S2,No matches found,,,
C(C(=O)C)C(C)C1=CC=CC=C1CNC(=O)C2=CC(C(=O)N)=CC=C2CS,No matches found,,,
NC1=CC(C(=O)N)=CC=C1CC=C(C)CCC2CCC3=CC=CC=C3C2,No matches found,,,
O=C(CCC1=CC=CC=C1)CC2CCSC3=CC=C(C(=O)N(C(=O)(O)))C=C23,No matches found,,,
O=C(CC1=CC=CC=C1)NCCCC2=CC=CC3=C2CC(=N)CC3C,No matches found,,,
CC1=CC=CN=C1NCC=CC=CC=CCC(=O)CC2=CC(Cl)=C(C(=O)O)C=C2,No matches found,,,
C(C(=O)O)=C(C(=O)NC1CCCC1)CCC2=CC3=C(C(=O)N)C=CC=C3C2=O,No matches found,,,
C1=CC=CC=C1CCC=CC=CCCC2=CC(=O)NC(C(C(C(=O)N)))=C2C#N,No matches found,,,
C(C)=C(CCC1=CC=CC=C1CC(N))CCCC(N)=C(C)C2=CC=CC=C2,No matches found,,,
O=C(CCC1=CC=CC(C(=C)N)=C1)NC(=O)CCC=CC(N)=CC2=CC=CS2,No matches found,,,
CN(CC1=CC(N)=CC=C1N)C(=O)CCCC(=O)C2=CC3=CC=CC=C3C(=N)2,No matches found,,,
O=C(NC1=CC=CC=C1C(=C)(N))NCC(C(=C)C(=O)(N))CC2=CC=CC=C2,No matches found,,,
O=C(CC1=CC=CC=C1)NCCCCC2=CCCC(C(=C(C(O))(N))C(C))=C2,No matches found,,,
O=C(NCC(C(=O)C(N))CC=CC=CC1=CC=CC=C1)C2=CC=CC3=CC=CC=C32,No matches found,,,
C(=O)(N)NC1=CC=CC=C1NCC(C(=O)N)=C2C=CC3=CC=C(C)N=C32,No matches found,,,
C(C(N)N)CC1=CC=CC=C1CCNC2=CC3=CC=C(C(=O)N)C=C3C2,No matches found,,,
C(CC1=CC(C(=C(N)(N))C(C))=CC=C1F)CC(N)=CC2=CC(N)=CC=C2,No matches found,,,
CC1=CC(C(=O)N)=CC=C1CCCCC=NC2=CN=C(N3CCC(=O)NC3)C=C2,No matches found,,,
C(C(=O)C)=C(CC1=CC(C(=O)N)=C(N)C=C1)C(=O)C=CC2=CC(N)=CC=C2F,No matches found,,,
CC(N)(C)C1=CC=CC=C1NC(=O)CCC=C(N)C(=N)C2=CC=CC=C2,No matches found,,,
O=C(CCC1=CC(C(=O)O)=CC=C1)C(=N)C=CC=CC=CC2=CC=CC=C2,No matches found,,,
NC1=CC=CCN1CC2=CC(C(=O)N)=CC=C2NCC(=N)C3=CC=CC=C3,No matches found,,,
O=C(N(C(=O)C(N))CCCC1=CC=CC(N)=C1)CCC(C)=CC2=CC=C[NH1]2,No matches found,,,
O=C(CCCCCCC1=CC=CC(C(=C)N)=C1C)C(C(N))CC2=CC=CC=C2,No matches found,,,
O=C(CC1=CC=CC=C1)NCC2=CSC3=CC=CC(C(=O)C(N))=C3S2,No matches found,,,
N#CC1=CC=CC=C1CC(C)=C2C(C(=O)N)=CC(=O)C3=CC=C(C(=O)N)C=C23,No matches found,,,
CN(CCC1CCCC1)C(=O)NCCC2=CC=CC(N)=C2CC(N)C,No matches found,,,
O=C(CC1=CC=CC(C(=O)N)=C1)CSC=CC(=C)CC=CC2=CC=CC=C2F,No matches found,,,
CS(C)C1=CC=C(C(=O)N)C=C1N(C)C(=O)CCCC2=CC(C(=O)N)=CC=C2,No matches found,,,
NC(=C)C1=CC=CC=C1CCN(C(=O)C(=O)(N))CC2=CC3=CC=CC=C3S2,No matches found,,,
C(=N)=C(CCC1=CC(C(=O)N)=CC=C1)CC(=C)C(F)=CC2=CC=CC=C2,No matches found,,,
CC(N)C1=CC=CC(C(=O)C)=C1CCC=C(C)NC2=CC=C(C)C=C2,No matches found,,,
C(C(=O)O)CC1=CC=CC(C(=O)C)=C1CCCC(=O)NC2=CC3=CC=CC=C3C2,No matches found,,,
CC(C)C1=CC=CC=C1N2CCCC(C3=CC=CC(C(=O)C(N))=C3)C2=O,No matches found,,,
CC(=O)C1=CC=C(C(=O)O)C=C1C(C=CC2=CC3=CC=CC(C(=C(N))O)=C3)=C2,No matches found,,,
C(C(=C)C(C))=C(CC1=CC=CC=C1C(N))CCC2=CC3=CC=CC=C3N2,No matches found,,,
CCC1=CC=CC(C(=O)N)=C1CCC(=O)NCCC=C2C(C)=CCCC2,No matches found,,,
O=C(N)CCCC=CC1=CC=C(C(N))C=C1CC=CC2=CC=C(C(=O)N)O2,No matches found,,,
O=C(CCC1=CC(C(=O)N)=CC=C1)N(C(=C)C)C(=O)NCC=C(N)C2=CC=CC=C2F,No matches found,,,
O=C(CC1=CCCC=C1)NCCCC2=CC(C(=O)N)=CC(N)=C2CC,No matches found,,,
FC1=CC=C(N)C(C(=O)C)=C1CC(=O)NC2=CC=CC=C2C=CNC(=O)OF,No matches found,,,
C(N)C1=CC=CC=C1CC2=CC=CC=C2NCC(N)C3=CC=CC=C3,No matches found,,,
CC(C)(N)C1=CC=CC=C1CCNC(=O)CC2=CC3=CC=CC=C3S2,No matches found,,,
O=C(CCC=CC1=CC(C(=O)C)=CC=C1Cl)NC2CNC3=CC=CC=C3C2,No matches found,,,
CC1=C(C(=O)N)C=CC=C1C(=O)CCCC=C2CCCN=C2NCCCC,No matches found,,,
C(=O)=C(CC1=CC(C(=O)N)=CC=C1)CC2=CC=CC=C2C3=CC=CC(F)=C3,No matches found,,,
CCC1=CC=CC=C1CCC(=C(N))C=CC2=C(C(=O)N)C3=CC=CC=C3[NH1]2,No matches found,,,
NC1=CC=C(N)C=C1CC2=CC=CN=C2CCC(C(C(=O)O))C3=CC=CC=C3,No matches found,,,
CC(N)(C)C1=CC=CC=C1NNCC2=CC=CC3=C2C=CC(C(=O)N)=C3,No matches found,,,
O=C(CCCCC1=CC(=C(N)(N))C=C1)NC(=O)CNC2CCCCC2,No matches found,,,
CC(N)(C)C1=CC=CC=C1CCC(=O)C=CC(=O)CC=CC2=CC=C(N)C=C2,No matches found,,,
O=C(NC1=CC=C(N)C=N1)NCC(=O)C2=CC=CC=C2CC(=O)CC=C(N),No matches found,,,
CC(=C)C1=CC=CC=C1N2CCCC(C3=CC=CC(C(=O)C(N))=C3)C(=O)2,No matches found,,,
NC(=C)C1=CC=CC=C1CCC(=O)CC=C(C(=O)(N))C2=CC=C(C)C=C2C,No matches found,,,
CC(N)(C)C1=CC=CC=C1NCCC2=CC(=C(C(=O)O))CC3=CC=CC=C23,No matches found,,,
O=C(CCC1=CC=CC=C1)NC(=O)C(C(=O)(N))CCC=CC2=CC(C(=O)N)=CC=C2,No matches found,,,
CC(C)C1=CC=CC=C1NC(=O)NCC(C(=C)C(=O)(N))CCCC2=CC=CC=C2,No matches found,,,
C(=O)(CCC(C(=C(=O))N)CCC1=CC=CC=C1C(N))NCC2=CC=CC=C2,No matches found,,,
O=C(CC1=CC=CC=C1N)CCC2=CCC3=CC=CC(C(=O)N)=C3S2,No matches found,,,
O=C(CC1=CC=CC=C1)NCCCC(C2=CC(C(=C(N))N)=CC=C2)CC,No matches found,,,
O=C(CC1=CC=CC=C1)NCCCCC=CC=C2C(C(=O)O)=C(C(=O)C)C=CC2,No matches found,,,
C=C(C1=CC=CC=C1)C(=N)CCCC(C)C(=O)C2=CC=CC(C(=O)N)=C2,No matches found,,,
O=C(CC1=CC=C(C(=O)N)C(C)=C1)CSC=CC=C(N)C2=CC=CC=C2F,No matches found,,,
CCCC(=O)CC1=CC=CC=C1C(=C)C(=O)NC2CCCC3=CC=CC=C32,No matches found,,,
CCC1=NC(N)=C(C(=O)N)C=C1CC(=O)C=C(C=C)C2=CC=C(Cl)C=C2,No matches found,,,
O=C(CC1=CC=CC=C(N)1)NCC2=CC=CC=C2C3CC(C)CCC3,No matches found,,,
O=C(N)C1=CC=CC=C1CCC(C(=O)C)CCCC2=CC(C(=O)N)=CC=C2C#N,No matches found,,,
NC(N)(CC)C(C)NC1=CC=CC=C1CC2=C(C(=O)N)C=CC=C2,No matches found,,,
NC(=C(N))C1=CC=CC=C1CCCCCCC2CC3=CC=CC=C3CC2,No matches found,,,
O=C(CC1=CC=C(N)C=C1)NCC2=CC=CC=C2C=C(N)CC=CC,No matches found,,,
O=C(CCC1=CC=CC=C1)NCCC2CC(C(=O)O)=C(N)C3=CC=CC=C32,No matches found,,,
O=C(CC1=CC=CC(C(=O)(C))=C1)CC(N)CC=CC=CC2=CC=CC=C2,No matches found,,,
CNC=CC1=CC=CC=C1NCCCCCNC(=O)CC2=CCCC=C2,No matches found,,,
O=C(NCC1CCCC1)NCC2CC3=C(C(=O)C(N))C=CC=C3CC2,No matches found,,,
O=C(NC1=CC(N)=CC=C1)NCCC(C(=O)O)CC2=CC3=CC=CC=C3CC2,No matches found,,,
C(=O)(N)CCCNC(=O)CCCCC=C1C=CC2=CC(C(=O)N)=CC=C2S1,No matches found,,,
CC(N)(C)C1=CC=CC=C1CCC(=C)C=CCC2=CC=CC(N)=N2,No matches found,,,
CCC1=CC=CC=C1CCC(=C(C(=O)C(N)))C=CC=CC2=CC=CC=C2O,No matches found,,,
CC(N)(C)C1=CC=CC=C1NCC(=O)NCCC2=CC(N)=C(N)CC2,No matches found,,,
CC(N)(C)C1=CC=CC=C1CC(=O)CC(C)=CC2=CC(C(=O)O)=CC=C2CC,No matches found,,,
CC(C)C1=CC=CC=C1N2CC(=O)C(=O)N(C3=CC(C(=O)N)=CC=C3)S2,No matches found,,,
O=C(CC1=CC=CC=C1)NCC(=O)C(=C(C(=O)N))CCC2=CC=CC=C2C#C,No matches found,,,
CCC1=CC=C(C(=O)O)C=C1C(=O)C(=C(C(=O)C))C2=CC3=CC=C(C(C(N)))C=C3C2,No matches found,,,
C=C(N)C1=CCCC=C1CC(=O)NCCC2=CC3=CC=CC=C3S2,No matches found,,,
C(C(=O)(N))CC1=CC(N)=C(C(=O)N)C=C1CCC(C)CC2=CC=CC=C2CC,No matches found,,,
O=C(NCC1=CC=CC=C1)C(N)CC(=N)C=CC2=CC(C(=O)N)=CC=C2,No matches found,,,
CC(N)(C)C1=CC=CC=C1CCCC(=O)C=CC=C(N)C2=CC=CC=C2,No matches found,,,
CN(CC1=CC(C(=O)N)=CC=C1)C(=C(N))C=CC=CC2=CC=CC=C2F,No matches found,,,
CCC1=CC=CC=C1CCNC2=CC=C(N)C=C2C3=CNC(=N)CC3,No matches found,,,
CC(CCC=CC1=CC(C(=O)N)=CC=C1)C(=O)CCCC2=CC(N)=CC=C2,No matches found,,,
CN(C(=O)C1=CC=CN=C1NC(=O)S)C(=O)CC2=CC=CC(C(=O)C(N))=C2C,No matches found,,,
FC1=CC=CC=C1C=NC2=CC=CC=C2C(=O)C3=CC(C(N))=CC=C3C(=N),No matches found,,,
C(N)(N)CC1=CC=CC=C1C(=C)C(=C)CC=CC2=CC=C(Br)C=C2,No matches found,,,
O=C(CCCCC(=O)NCC1=CC=CC(=O)C1)NC(=O)CC2=CC=C(N)N=C2,No matches found,,,
O=C(NC(=O)NCC1=CC=CC(O)=C1)CCC(=O)CC2=CC=C3CCC(=C)SC3=C2,No matches found,,,
O=C(CC1=CC=CC=C1)NCC2=CC=CC=C2C3CCNC(C)=C3,No matches found,,,
CC(N)(C)C1=CC=CC=C1CCC=CC=CC=CC2=CC=CC(C(C(N)))=C2,No matches found,,,
C(C(=C)N)C=C(C=CCC1=CC=CC=C1CCC(=O)N)C2=CC=C(C(=O)O)C=C2,No matches found,,,
O=C(NC1=CC(O)=CC=C1)C=CCC(C(=O)N)CC2=CC(C(=O)N)=CC=C2,No matches found,,,
O=C(CC1=CC=CC=C1)NCC(C(=O)C)=CC2=CC=CC(=C2)C(N)CCCC,No matches found,,,
O=C(CC1=CC=CC(C(=O)N)=C1)C(=C)C=CC(C)CC2=CC=CC=C2,No matches found,,,
O=C(CCC1=CC=CC=C1)NC(=O)NC(C(=O)N)CCC(=O)C2=CC(C(=O)C)=CC=C2,No matches found,,,
CCC1=CC=C(C(=O)O)C=C1CCNC2=CC=CC=C2C3=CCC(=N)C(=O)S3,No matches found,,,
O=C(CC1=CC=CC(C(=O)N)=C1)N2CCCC(C3=CCC(=O)CC3)=C(N)2,No matches found,,,
O=C(NCCC(N)CCC1=CC=C(C(=O)N)C=C1)NC(=O)C2=CC=CC=C2,No matches found,,,
O=C(CC1=CC=CC(C(=O)C)=C1)C(=O)C2CCC3=C(Cl)C=C(C(=O)(O))C=C3C2,No matches found,,,
C(N)(=O)NC(=O)NC1=CC=CC=C1N(C)C=CC=CC2=C(C(=O)N)C=CC=C2Cl,No matches found,,,
O=C(CC1=CC(C(=O)C)=CC=C1C)NC2=CC=CC=C2CCC(C)C(N)C,No matches found,,,
O=C(NCC1=CC=CC=C1)CCC(=C(=N))C=CC=CC2=CC=CC=C2,No matches found,,,
NC(N)=CC(C)C1=CC=CC=C1CCNC(=O)CCC2=CC=CC=C2,No matches found,,,
CCC1=CC=CC(C(=O)C)=C1CCNC(=O)CC2C(=O)NC3=CC=CC=C3S2,No matches found,,,
CC(N)(C)C1=CC=CC=C1CCCCC2(C)C(=O)C3=CC=CC=C3C2,No matches found,,,
FC1=CC=CC(C(=O)N)=C1CC(=O)NC2=CC=CC=C2C=CC(N)=CCl,No matches found,,,
CCC1=CC=CC=C1CCN(C)CC=C2SC3=CC(C(=O)N)=CC=C3C(=N)2,No matches found,,,
O=C(CCC1=CC=CC=C1)NCN2C=CC3=CC=CC(C(=O)C(N))=C3C2,No matches found,,,
CN(CC1=CC=C(C(=O)N)C=C1N)C(=C)C=CC2=CC(C(=C)N)=CC=C2C,No matches found,,,
CC1=C(C(=O)O)C=CC=C1CCCC(=C)C=C2C=CC3=CC(C(=O)(O))=CC=C3[NH1]2,No matches found,,,
CNC1=CC=CC(C(=O)N)=C1CC=C(C(=C)C)NC(=O)CC=CC2=CC=CC=C2,No matches found,,,
C(=O)(N)CC1=CC=CC=C1CC=C(C(=O)C)C2=CC3=CC=C(C(=O)N)C=C3S2,No matches found,,,
C=C(CC1=CC(C(=C(N))N)=CC=C1)C(=O)C(=C)CCCC2=CC=CC=C2F,No matches found,,,
C(C(=O)O)#CC1=CC=CC=C1CCC(N)C2=CC3=CC=CC(C(=O)C)=C3C=C2,No matches found,,,
O=C(CC1=CC=CC=C1)NCCC(C(=O)C2=CC)=CC(C(=O)C)=C2C#N,No matches found,,,
O=C(C(N)C1=CC=CC=C1)NCCCC2=CC=CC=C2CC(=C(N))CC,No matches found,,,
CCC=C(C(=O)(N))C1=CC=CC=C1CCC(C)CNCC2=CC=CC=C2C,No matches found,,,
CCC1=C(N)C=CC=C1CCNC2=CC=CC=C2C=CC3=CC=CC(=N)3,No matches found,,,
CC(N)(C)C1=CC=CC=C1NCC(=O)NC2=NC=C(C)C(C(=C)C(N))=N2,No matches found,,,
CC(CC1=CC=CC=C1N)CCCC(C(=O)O)CC2=CC=CC(C(=O)N)=C2,No matches found,,,
C(=C(C(=O)C))C1C2=CC=CC=C2C(=C)C=1C3=CC4=CC=C(C(=O)N)C=C4S3,No matches found,,,
O=C(CCC1=CC=CC=C1F)NC(=O)CCC(C(=C)N)CC2=CC(C(=O)N)=CC=C2,No matches found,,,
O=C(CCC1=CC(C(=O)O)=CC=C1)NCC2=CSC3=CC=C(C(=O)C(N))C=C3S2,No matches found,,,
CC1=CC=C(NC=CCC(C(=O)N)CC2=CC(C(=O)N)=CC=C2C)C=C1,No matches found,,,
CN(C(=O)C1=CC=C(N)C=C1)CCC=CC2=CC=CC(N)=C2CC(=C)CC,No matches found,,,
O=C(NC1=CC=CC=C1)CSC=CCN(C2=CC(C(=O)N)=CC=C2)CC(=O)CC,No matches found,,,
CCC1=CC=C(C(=O)N)N=C1CC(=C(C(=O)N))C2=CC3=CC=CC=C3N2,No matches found,,,
C=CC1=C(O)C=C(C(=O)N)C=C1CC(=C(C(=O)O))C2=CC3=CC=CC=C3[NH1]2,No matches found,,,
C(C(=O)N)C(CC1=CC(C(=O)N)=CC=C1)N2CCCC(C3=CC=CC=C3)C2,No matches found,,,
N=C(C)C1=CC=C(C(=O)N)C=C1N2CCC(=O)C(C3=CC(C(=O)N)=CC=C3)=C2,No matches found,,,
O=C(CCC1=CC=CC=C1)NCC(=O)C=2CC3=CC=CC=C3SC(C(=O)C(=N))2,No matches found,,,
CC(CC1=C(C(=O)C)C=CC=C1CC(N)C)NCCC2=CC=CC=C2,No matches found,,,
CSC1=CC=C(C(=C(N)(C(=O)C))N)C=C1CC(=O)C2CC3=CC=CC=C3C2,No matches found,,,
CC(N)(C)C1=CC=CC=C1N(C)CCCCCCC2=CC=CC(C(=C(N))N)=C2,No matches found,,,
C(C(C)C)=C(C)C1=CC=CC=C1N2C(=O)CCC(C3=CC=CC(C(=O)N)=C3)=C2,No matches found,,,
C(=O)(N)N(CC(=O)CCCC1=CC=CC=C1)C=CC2=CC3=CC=CC(N)=C3[NH1]2,No matches found,,,
O=C(CC1=CC=CC=C1)NCCCCC(=N)C=CC2=CN=CC3=C2C(=O)C=C3,No matches found,,,
CC1=CC=CC=C1CNC(=O)CCC(N)=C2C=C(C(=O)N)SC3=NC=CC=C32,No matches found,,,
CC(N)(N)CCCC1=CC=CC=C1N2CCCC(C3=CC=CC=C3)C(=O)2,No matches found,,,
CC(CC1=CC=CC=C(N)1)C(C(=O)N)CCC(=O)NC2=CC=CC(C)=C2,No matches found,,,
CCC1=CC=CC=C1CCNC(=O)C2=C(C(=O)O)SC3=CC=CC(C(=O)C(N))=C3C2,No matches found,,,
CN(CC1=CC(C(=O)N)=CC=C1)C(=O)CC(N)C(=O)CC2=CC=CC(N)=N2,No matches found,,,
CC(N)(C)C1=CC(N)=CC=C1CC(=O)C2=CC3=CC=CC(C(=O)N)=C3C2,No matches found,,,
OC(O)(CC1=CC=CC=C1)C(=C(N))CCCC=2C(=O)C3=CC=CC=C3C(C)2,No matches found,,,
NC1=CC(C(=O)N)=CC2=C1CC(=O)N2CCC=CC3=CC(N)=CC(F)=C3,No matches found,,,
O=C(NC(=O)CC1=CC=CC=C1)NCCCCC2CC=C(C(=O)(N))CC2,No matches found,,,
C(N)C(CC1=CC(C(=O)N)=CC=C1)CCCCC(N)=CC2=CC=CC=C2Cl,No matches found,,,
O=C(C#CC1=CC=CC=C1)NC(=O)CC=CC(=O)CC2=CC=C(C(=O)N)C=C2,No matches found,,,
CC(N)(C)C1=CC=CC=C1NC(=C)CCCC2=CC(C(=O)N)=CN=C(N)2,No matches found,,,
N#CC1=CC=C(C(=O)(O))C=C1CC(=C(C(=O)N))C=CC2=CC(C(=O)(N))=CC=C2,No matches found,,,
C(=O)(CC=CC1=CC(N)=CC=C1)C(=C(C(=O)C))CCCC2=CC=CC=C2,No matches found,,,
CC(N)(C)C1=CC=CC=C1CCCC2=C(C)C=C(C(=C(=N))N)C=C2,No matches found,,,
O=C(CC1=CC=CC=C1)NCCC(=C(CN))CC(=C(=O))CC2=CC=CC=C2,No matches found,,,
CN(CC1=CC=CC=C1)C(=O)CC=CC2=CC=CN=C2CC(=C)C(C(=O)N)=C,No matches found,,,
CSC1=CC=CC(C(=O)O)=C1CCNC(=O)C(=O)N2CC3=CC=CC=C3C(=N)2,No matches found,,,
O=C(NC(=O)CC(=C(=O))C=CC1=CC=CC=C1)CCC2=CC3=CC=CC=C3C(=O)2,No matches found,,,
O=C1N(C2=CC=CC=C2C1)C(=O)C(C)CCC(=O)CC3=CC(C(=O)N)=CC=C3,No matches found,,,
O=C(N)CCCCCCCC1=CC=CC=C1CCNC2=CCNC[CH1]2,No matches found,,,
O=C(N)C1=CC=C(C(=O)O)C=C1CCCC=CC2=CC3=CC=C(C(=O)O)C=C3C2,No matches found,,,
O=C(NCC1=CC=CC=C1)C(C)CCC=CC=C(N)C2=CC=CC=C2,No matches found,,,
O=C(CC1=CC=CC=C(N)1)CCC2=CC=CC=C2C3CCCC(C)C3,No matches found,,,
O=C(CC1=CC=C(C(=O)O)C=N1)C(=O)C2=CC=CC=C2CC3=CC(=O)CC=C3,No matches found,,,
C(=O)=C(CC1=CC(C(=O)N)=CC=C1)CC(=C(=N))C2=CC=C(C(=O)O)C=C2,No matches found,,,
O=C(CC1=CC(C(=O)N)=CC=C1)CCC=CC=C2C=CC(C(=O)O)=CC2=C,No matches found,,,
C=CC1=C(C(=O)N)C=CC=C1CC(=O)C2=CC3=CC(C(=O)O)=CC(C(=O)N)=C3S2,No matches found,,,
CC(CC1=CC=CC=C1N)C(C)CCNC(=O)NC2=CC=CC(N)=C2,No matches found,,,
C(C(=O)C)=C(CC1=CC=CC(C(=O)C(N))=C1)N2CCCC(C3=CC=C(C(=O)O)C=C3)=C2,No matches found,,,
CC1=C(C(=C(N))N)C=CC=C1CCCC(=O)C(=O)CC2=NC3=CC=CC=C3S2,No matches found,,,
CC(N)(C)C1=CC=CC=C1C(=O)CNC2=CC=CC3=C2C=CC(C(=O)N)=C3,No matches found,,,
O=C(CC1=CC=CC=C1)C(=O)CC=C(C=CC(N)=C)C2=CC=CC(C(=O)N)=C2,No matches found,,,
C(=O)=C(CC1=CC(C(=O)O)=CC=C1)N2CC=CC(C3=CC=CC(C(=O)(O))=C3)=C2,No matches found,,,
CC(N)(C)C1=CC=CC=C1CCC(=O)CCC(C(=O)N)CC2=CC=CC=C2,No matches found,,,
O=C(CC1=CC=C(O)C=C1)NCC2=CC=CC=C2CCC(N)C=C(N),No matches found,,,
O=C(CC1=CC(N)=C(C(=O)N)C1)CCCCC=CC2=CC=C(C(=O)O)C=C2,No matches found,,,
NC(CC1=CC=CC=C1)C2CCCN(C3=CC=CC(C(=O)C(C(=O)C))=C3)C2,No matches found,,,
CC1=CC=CC=C1CC(=C(N))CCC=CC2=CC3=CC(C(=O)C)=CC=C3N2C,No matches found,,,
O=C(CCC1=CC=CC(N)=C1)NC2CCCC3=CC=C(C(=O)N)N=C32,No matches found,,,
NC1=CC=CC=C1CC2=CC=CC=C2CCC(N)C3=CC(N)=CC=N3,No matches found,,,
O=C(CCC1=CC(=C(C(=O)O))CC=C1)NC(=O)C(=O)NC(=O)C2=CC=CC=C2,No matches found,,,
CC(N)(C)C1=CN=CC=C1NC(C)C(=O)NC(=O)C2=CC(N)=CC=C2,No matches found,,,
CC(N)(C)C1=CC=CC=C1NC(=O)C(C)CCCC2=CC=CC(N)=C(N)2,No matches found,,,
O=C(NCC1=CC=CC=C1)NC(=O)CCCC=CC2=CNCC(C(=O)C)=C2,No matches found,,,
O=C(CCC1=CC=CC=C1)NC(=O)NCC(=C(N))C=CC2=CC(C(=O)O)=CC=C2C,No matches found,,,
C(C(=C(=N)))CC1=CC=CC(C(=O)N)=C1CCC(=O)NCC2=CC=CC=C2O,No matches found,,,
O=C(C)C1=C(C(=O)O)C=CC2=C1C=CC=C2CC3CC4=CC=CC(C(=O)N)=C4C3,No matches found,,,
CC1=CC=CC=C1NNC(=O)CCC=C2CC(=O)SC3=CC=CC(N)=C32,No matches found,,,
O=C(C)C1=CC=CC=C1CC2=CC=CC=C2[NH1]CC(C(=O)O)CC3=CC=CC=C3,No matches found,,,
O=C(CCC1=CC=C(C(=O)N)C=C1)NC(=O)CNC(=O)C2=CC(=C)C=C(N)2,No matches found,,,
O=C(N)C1=CCCC=C1NC(=O)CCN2CCCC3=C(C(=O)N)C=CC=C32,No matches found,,,
CN(CC1=CC=CC(C(=C)(N))=C1)C(=O)C(=C(C(=O)N))C=CC2=CC=CC=C2F,No matches found,,,
CSC1=CC=CC=C1CCNC(=O)CC2=CC3=CC=CC(C(=C)C(N))=C3[NH1]2,No matches found,,,
CC1=CC=CC=C1CCC=CC(=O)CC=CC2=CC=CC(C(=O)N)=C2C#N,No matches found,,,
N=C(CC1=CC=CC=C1)CC2=C(C(=O)N)C=C(C3=CC=CC=C(N)3)C(=O)2,No matches found,,,
O=C(NCC1=CC=CC=C1)NCCC=2C(C(=O)C)C3=CC=CC=C3C2,No matches found,,,
CN(C(=O)C1=CC=CC=C1NNCC)C(=O)CC2=CC=CC(C(=C)N)=C2F,No matches found,,,
O=C(CCC1=CC(C(=O)N)=CC=C1)C(N)CCC(C(=O)O)=CC2=CC=CC=C2,No matches found,,,
O=C(C(=O)C1=CC=CC(C(=O)N)=C1)N(C)C=CN2C3=CC=CC=C3CCC(=O)2,No matches found,,,
C=C(C(=O)C1=CC(C(=C)N)=CC=C1)CCC(=O)C=CC2=CC=CC(N)=N2,No matches found,,,
CN(CC1=CC(C(=O)O)=CC=C1)C(=C(=C(N)))C=CC=CC2=CC=CC(C)=C2,No matches found,,,
C(C(=O)O)C(CC1=CC(C(=O)N)=CC=C1)N2CCCC(C3=CC=CC=C3)=C(N)2,No matches found,,,
O=C(NCC1=CC=CC=C1)NCCC2C(C)CC3=CC=C(C(=O)C)C=C3C=2,No matches found,,,
O=C(CC1=CC(C(=O)O)=CC=C1)NC(=O)CC=C2C=C(C(=O)C(N))C=CC2=C,No matches found,,,
C(=O)(N)C1=CC=CC=C1CSC2=CC(C(=O)O)=CC=C(C(=C(=C(=C)))C(N))2,No matches found,,,
O=C(CC1=CC=CC=C1)NCCC2C(=O)C(=O)C=C2SC3=CC=CC=C3,No matches found,,,
CC(N)(C)C1=CC=CC=C1CC(=O)NC(CC)C2=CC=C(C(=O)N)C=C2C,No matches found,,,
C(N)CCCCC1=CC=CC=C1CC(=O)NC2(C)C3=CC=CC=C3CC2,No matches found,,,
C(O)#CC1=CC(C(=O)(N))=CC=C1C(=C)CCC2=CC=CC=C2C(=O)N,No matches found,,,
CC1=CC=C(C(=O)N)C=C1CC(=O)C2=CC=CC=C2C(C(=C(=N))C(CC)),No matches found,,,
C(=O)(N)C(CC1=CC(C(=O)N)=CC=C1)N2CCN(CC3=CC=CC(C(=O)(N))=C3)C(=O)2,No matches found,,,
O=C(CC1=CC=CC=C1)NCCCC2=CC(C(=O)N)=C(C)C(N)=C2C,No matches found,,,
O=C(CC1=CC=CC=C1)NCC=CC=CCC2=CC=CC(C(=O)C(N))=C2,No matches found,,,
O=C(NC1=CC=CC(C(=O)N)=C1)CCCC2C=CC3=CC=C(C)C=C3C2,No matches found,,,
O=C(NCC1=CC=CC=C1)C(N)CN2CC(=N)C3=CC(C(=O)(O))=CC=C3C2,No matches found,,,
C(=O)=C(CCC1=CC=CC=C1)CCN(C(=O)C)C(=O)CC[NH1]C2=CC=CC=C2,No matches found,,,
CCCC1=CC=CC=C1CCC(=C(C(N)))C=CC2=CC3=CC=CC=C3[NH1]2,No matches found,,,
O=C(N)NC(=O)CCCC=CC1=CC(C(=O)N)=CC=C1CCC2=CC=C[NH1]2,No matches found,,,
NC=CC(N)=CC1=CC=CC=C1NC(=O)CC2=CC=CC(N)=C2C,No matches found,,,
CC1=CC=C(C(=O)C(N))C=C1CCCCNC(=O)CC2=CC3=CC=CC=C3C2,No matches found,,,
C(=O)(C(N))C(CCC1=CC=CC(C(=O)N)=C1)=C(C)C(=O)SC2=CC=CC=C2,No matches found,,,
O=C(NCC1=CC=CC=C1)C(C)CCC(C(=O)C)CC2=CC=CC(C(=O)(N))=C2,No matches found,,,
CC(CC1=CC(C(=O)C)=CC=C1)=CCCC2NCC3=CC=CC=C3C2,No matches found,,,
CC1=C(C(=O)C(N))C=CC=C1CC(=O)N(C)C2=CC3=CC(F)=CC=C3CC2,No matches found,,,
CC(N)(C)C1=CC=CC=C1NCCC(=O)C(C)=CC2=CC(C(=O)O)=CC=C2CC,No matches found,,,
CC=C1C=C(C(=O)NC(=O)CCC2=CC=CC=C2C(=N)(N))C=C1,No matches found,,,
CC(CC1=CC(C(=O)N)=CC=C1)C(C)CCCC(=O)CNCC2=CC=CC=C2,No matches found,,,
C(C(=O)C(N))=C(CC1=CC=CC(C(=O)N)=C1)C(=C)C=CC2=CC=CC=C2F,No matches found,,,
CCC1=CC=CC=C1CC(=O)NC2=CC=CC=C2C=C(N)C=CS,No matches found,,,
C(C(=O)C(N))=C(CCC1=CC=CC=C1Cl)C(=O)C=CC2=CC(N)=CC=C2,No matches found,,,
CCC1=C(C(=O)(N))C=CC=C1CC(=O)CCCC=C(C(N))C2=CC=CC=C2,No matches found,,,
CCC1=CC=C(C(=O)N)C=C1CCCC=CC2=CC3=CC=CC=C3C(=O)2,No matches found,,,
O=C(CCC(C(O))CC1=CC=CC(C(=O)N)=C1)NC(=O)CCC2=CC=CC=C2,No matches found,,,
C=C(CCC1=CC=CC(C(=O)N)=C1)CCC=CCC(N)C2=CC=CC=C2,No matches found,,,
CCC1=CC=CC=C1CC(=C(=C(C(=O)N)))CNC(=O)C2=CC(C)=CC=C2,No matches found,,,
CC(CC1=CC(C(=O)C)=CC=C1)NCCCC(C2)CC3=CC=CC=C3C2,No matches found,,,
O=C(NC(=O)C=C(N)C1=CC=CC=C1)C(=C)C2=CC(C(=O)N)=CC=C2C,No matches found,,,
O=C(CC=C(N)C1=CC(C(=O)N)=CC=C1)CCC=C(C(N))NC2=CC=CC=C2,No matches found,,,
CC1=C(C(=O)N)C=CC=C1CC(=O)CC(C)C=CC2=CC=CC(C)=C2,No matches found,,,
CC(N)(N)CCC1=CC=CC=C1CNC(=O)CC2=CC=C(C)C=C2CC,No matches found,,,
CC(N)(C)C1=CC=CC=C1CCC(=C)CC(C(=O)N)NC2=CC=CC=C2,No matches found,,,
CCC1=CC=CC=C1CC=C(C(=C)C(N))C=CNC(=O)NC2=CC=CC=C2C,No matches found,,,
O=C(CC1=CC=CC=C1)NSC=CC(=O)CC2=CC=CC(C(=O)(N))=C2F,No matches found,,,
O=C(CCC1=CC=C(N)C=C1)CC(C(=O)C)CCC2=CC=CC(C(=C)N)=C2,No matches found,,,
CCC1=CC=CC=C1C(C)(C(C(=O)N))CCNC(=O)C2=CC(N)=CC=C2,No matches found,,,
O=C(C1=CC=CC=C1)NC(=O)CCC(=O)CC(C)C2=NC=C(N)C(C(=O)N)=C2,No matches found,,,
CCC1=CC=CC=C1NC(=O)CCCC2=C(C(=C(N))N)C(N)=CN=C2Cl,No matches found,,,
O=C(NC1=CC=CC=C1C)C=CCC(C(=O)C(N))CC2=CC(C(=O)C)=CC=C2F,No matches found,,,
CC1=CC(O)=CC=C1CNC(=O)CC(=C(N))C=CC=C[NH1]C2=CC=CC=C2,No matches found,,,
O=C(NC(=O)CC=CC=CC1=CC(C(=O)O)=CC=C1)C=CC2=CC3=CC=CC=C3C2,No matches found,,,
CC(N)(C)C1=CC=CC=C1NC(=O)NCCCCC=C(N)C2=CC=CC=C2,No matches found,,,
CNC1=CC=CC(C(=O)N)=C1CC=CCCC2=C(N)C3=CC=CC=C3S2,No matches found,,,
O=C(CC1=CCCC=C1N)C2CCC(C3=CC(C(=O)N)=CC=C3)CC2,No matches found,,,
CC1=CC=C(N)C=C1C(=O)NC=C(CCC2=CC=CC(N)=C2C#N)C(C(=O)C),No matches found,,,
O=C(CSC1=CC=CC(C(=O)N)=C1)C=C(C(C))C(=O)C(N)=CC2=CC=CC=C2,No matches found,,,
O=C(CC1=CC(C(=C)N)=CC=C1)CSC=CCNCC2=CC=CC=C2Cl,No matches found,,,
O=C(NCCCC(=O)(N))C1=CC=CC=C1C=CC=CC2=CCCC[NH1]2,No matches found,,,
O=C(NC1=CC=CC(C(=O)N)=C1)CCC(=O)CC(C(=O)O)=C2C=C(C(C)C)C=CC2=C,No matches found,,,
CC(C)(C)C1=CC=CC=C1CCCCC(C)C(N)(N)C2=CC=CC=C2,No matches found,,,
CC(=C(C(=N)N))C1=CC=CC=C1CC(=O)NC(=C)C2=CC=CC=C2,No matches found,,,
CCC1=C(C(=O)N)C=CC=C1CCC(=O)C=C2C=CC3=CC(C(=O)C)=CC=C3C2,No matches found,,,
CC1=CC=C(CNC(=O)N(C)CCC(=O)CC2=CC(C(=O)N)=CC=C2)C1,No matches found,,,
O=C(NC1=CC=CC(C(=C(C(=O)O))O)=C1)CC2SC=CC=2C3C=CC=C3,No matches found,,,
C(N)C1=CC=CC=C1NC(=O)CCC2=CC3=CC(N)=CC=C3C(=C(=O))2,No matches found,,,
O=C(CCCC(=O)C1=CC=C(C)C=C1)CCCC(=O)N2C=CC=C(C(=O)N)N2C,No matches found,,,
O=C(NCC=CC=CCN(C(=O)N)CC1=CC=CC=C1)CC2=CC=CC=C2,No matches found,,,
O=C(CC1=CC=CC=C1)NC(=O)NCC(=O)CC=CCC2=CC=CC(=O)C2,No matches found,,,
O=C(CCSC1=CC=CC=C1)NC=CCC(=O)CC2=CC=CC(C(=O)N)=C2Cl,No matches found,,,
CC(N)(C)C1=CC=CC=C1NCCCCCNC(=O)CC2=CCCC=C2,No matches found,,,
O=C(CC1=CC=CC(C(=O)O)=C1)CCC2=CC=CC=C2SC=CC3=CCCC=C3,No matches found,,,
O=C(CC1=CC=CC=C1)NCC2=CC=C(N)C=C2CC(=O)C=CC3OCCO3,No matches found,,,
CC(N)(C)C1=CC=CC=C1NCC2CCCCC2C3=CC=CC=C3,No matches found,,,
O=C(CC1=CC=CC=C1)NCC2=CC(=O)CC=C2CCCCC(N)=O,No matches found,,,
CC(C)CC1=CC=CC(C(=C)N)=C1NCCCCC=CC2=CC=CC=C2,No matches found,,,
CC(N)(C)C1=CC=CC=C1CC(=C(=O))CCC2=CC(C(=O)O)=CC=C2Br,No matches found,,,
CC(N)(C)C1=CC=CC=C1NC(=C(CC))NCCNC2=CC=CC=C2,No matches found,,,
CC(N)(C)C1=CC=CC=C1CC=CCCCC=C(N)C2=CC=CC=C2,No matches found,,,
O=C(NCC1=CC=CC=C1)C(N)CCC=CC=CC2=CC(N)=CC=N2,No matches found,,,
O=C(CC1=CC=CCC1)NCCCC2=C(C(=O)O)C=CC3=C2C(=O)CCC3,No matches found,,,
CC(CC1CCC(N)CC1)NC(=O)CC2=CC(C(=O)N)=CC=C2C,No matches found,,,
C(=O)=C(CCC1=CC=CC(=O)C1)CCCNC(=O)CNC2=CC=CC=C2,No matches found,,,
CC(CC1=CC=CC=C1)NCC(=N)C(=C)CCC2=CC(C(=O)N)=CC=C2,No matches found,,,
CCC=CC1=CC=CC=C1NC(=O)NCCC2=CC=CC(=C(C(=O)N))2,No matches found,,,
CCC1=CC(N)=C(C(=O)N)C=C1CCNC(=O)CC2=CC(N)=CC=C2C,No matches found,,,
CC(N)(C)C1=CC=CC=C1CCCCCC(C(=O)N)CCC2=CC=CC(O)=C2,No matches found,,,
O=C(CC1=CC=C(C(=O)O)C=C1)NCC2=CC=CC=C2C3CC=CC(F)=C3,No matches found,,,
O=C(NC1=CC=CC=C1)NC(=O)C2=CC=CC=C2[NH1]C3=CC=CC(C)C3,No matches found,,,
CC1=CC=CC=C1CNC(=O)CCC(=C(=C(N)))C2=CSC3=CC=CC=C23,No matches found,,,
CC1=CC=CC=C1NC2=NC=C(C(=O)N)C=C2NCC(N)C3=CN=CC=C3,No matches found,,,
O=C(CCC1=CC=C(C(=O)N)C=C1)NCCC(=O)C=C[NH1]C2=CCCC=C2,No matches found,,,
FC1=CC=CC=C1C(=O)NC(=O)CC=CC2=C(C(=C(N))O)C=CC=C2CCl,No matches found,,,
O=C(NCC1=CC=NC=C1)CCCC(C(=O)N)CC2=CC(C(=O)N)=CC=C2,No matches found,,,
O=C(CC1=CC=CC=C1)NCCC(=C(=O))C(C2=CC=CC(C(=O)N)=C2)C,No matches found,,,
C(N)CC(CCC1=CC=CC=C1C(N)=C)CCCCC2=CC=C(O)C=C2,No matches found,,,
O=C(CC1=CC(C(=C(N))(C(=C)O))=CC=C1)NC2CCN(C3=CC=CC=C3)C2,No matches found,,,
C(C(=O)N)CC(CCC1=CC=CC=C1)CCC(=O)CC=C(N)C2=CC=CC=C2,No matches found,,,
O=C(NC=CC=CC(C(N))=CC1=CC=CC=C1)CCC2=CC3=CC=CC=C3S2,No matches found,,,
O=C(C(N)C1=CC=CC=C1)NCCCCCCC2=CC=CC3=C2CC(=O)CC(=O)3,No matches found,,,
CC(N)(C)C1=CC=CC=C1NC(=O)NCC(C(=O)(O))C2=CC=C(N)C=C2,No matches found,,,
CC1=CC(C)=CC=C1CC(C)CC2=CC3=CC(C)=C(N)C=C3C(N)=C2,No matches found,,,
NC1=CC(C(=O)N)=CC2=C1CC(=O)N2CCCNC3=CC=CC(Br)=C3,No matches found,,,
C(=N)=C(CC1=CC(C(=O)O)=CC=C1)CC2=CC=CN=C2CCC3CCC(C(=O)(O))CC3,No matches found,,,
CC1=CC=CC2=C1CCN2CCCC(=N)C3=CC(C(=N)N)=CC(C)=C3F,No matches found,,,
N(NC1=CC=CC=C1)N2NCCC(C3=CC(C(=O)O)=CC=C(C(=O)N)3)=C2,No matches found,,,
C(C(=O)C)=C(CC1=CC(C(=O)N)=CC=C1)C(=O)SC=CC2=CC=CC=C2Cl,No matches found,,,
O=C(CCCCCC1=CC=CC=C1)CCCC(=O)CC2=CC=C(C(=O)N)C(=N)2,No matches found,,,
CN(CC1=CC(C(=O)N)=CC=C1)C(=C)NC(=O)CC2=CC(C(=O)N)=CN=C2CCC,No matches found,,,
CC(N)(C)C1=CC=CC=C1NCCCCC(C)C2=CC=C(C(=O)N)C=C2,No matches found,,,
CCC(=C(=N))C1=CC=C(Cl)C=C1N(C(=O)CCC2=CC(C(=O)N)=CC=C2)C(=O)C,No matches found,,,
C(C(=O)N)C1=CCCC=C1CCNC(=O)CC2=CC3=CC=CC=C3S2,No matches found,,,
CC1=CC=CC=C1CC(=N)C(=O)C=CC(=O)CC2=CC(C(=O)N)=CC=C2C#N,No matches found,,,
O=C(CCC1=CC(C(=O)C(C(=O)N))=CC(=O)C1)NC(=O)NC(=O)C2=CC=CC=C2,No matches found,,,
CC(N)(C)C1=CC=CC=C1NCC=CC(=C)C2=CC=CC(C(=O)N)=C2,No matches found,,,
O=C(CC1=CC=CC=C1)NCCCC(=O)C=CC2=CC=CC3=C2CCC(=N)C3,No matches found,,,
O=C(NCC1=CC=CC=C1)NCCC(C(C(O)))CC=CC2=CC(C(=O)C)=CC=C2,No matches found,,,
O=C(CCCCC1=CC=CC=C1)N(C(=O)C(N))CCCC(N)C2CCCCC2,No matches found,,,
O=C(C(=O)CSC1=CC=CC=C1)CC2CCC3=CC=C(C(=O)N)C=C3C2,No matches found,,,
CC(N)(C)C1=CC=CC=C1NCC(C)CC2=CC=C(C(=O)N)C=C2Br,No matches found,,,
O=C(CC1=CC=CC=C1)NCC2=CC=CC=C2C3C(C)CCCC3,No matches found,,,
C(N)CC(CCC1=CC=CC(C(=O)N)=C1F)CCCCC=CC2=CC=CC=C2,No matches found,,,
O=C(CCC1=CC=CC(N)=C1)C=C2C(=N)CC3=CC=CC=C3S2,No matches found,,,
O=C(NC(N)C1=CC=CC=C1)NCC(C)CC2=CC=CC(C(=O)N)=C2,No matches found,,,
C=C(CC1=CC(C(=C(C(C(=O)O)))O)=CC=C1)N2CCCC(C3=CC=CC=C3)=C2,No matches found,,,
CC(N)(C)C1=CC=CC=C1CCCCC(=O)C(N)=CCC2=CC=CC=C2,No matches found,,,
CSC1=CC=C(C(=O)N)C=C1NC(=O)C2CCC3=CC=C(C(=O)C(N))C=C3C2,No matches found,,,
C(N)CC1=CC=CC=C1CCC(=C(=O))CC=CC2=CC3=CC=CC=C3S2,No matches found,,,
CN(C(=O)C1=CC=CC=C1)CCCC(=O)NC=CC2=C(C(=C(N))N)C=CC=C2Cl,No matches found,,,
C=C(CC1=CC(N)=CC=C1N)C(=C)C=CC2=CC(C(=O)N)=CC=C2F,No matches found,,,
O=C(CC1=CC=CC=C1)NSC(=O)CC=CC=CC2=CC=CC=C(C(C(=O)N))2,No matches found,,,
O=C(CCC1=CC(N)=CC=C1N)CC=CC=C(C)C2=CC(N)=CC=C2,No matches found,,,
CC(C(C)C1=CC(C(=O)N)=CC=C1)NC(=O)C(=O)NC(=O)C2=CC=CC=C2,No matches found,,,
C(C(=O)C)C1=CC=CC(Cl)=C1CC(=O)NCCCC2=CCCCC(=N)2,No matches found,,,
CC1=CC=CC(C(=O)O)=C1CC(=O)NCC2=CC3=CC(Cl)=CC=C3C(=C(=N))2,No matches found,,,
CC(C)C1=CC=CC=C1NCC(=N)CC=CC2=CC(C(=O)N)=C(C)C=C2Cl,No matches found,,,
C(N)=C(CCC1=CC=CC(C(=O)N)=C1)CCCCCC(N)C2=CC=CC=C2,No matches found,,,
C(C(=O)N)(CC1=CC(C(=O)N)=CC=C1)C(C)CC(=O)NC2=CC=CC=C2Cl,No matches found,,,
CC(N)(C)C1=CC=CC=C1CCCCC2=CC=C(C(NC(=O)(N)))C=C2Br,No matches found,,,
CC(N)(C)C1=CC=CC=C1NCC(=O)NCCC2=CCCC(N)=C2,No matches found,,,
O=C(CCC1=CC(C(=O)N)=CC=C1)C(=C(CN))CCC=CC2=CC=CC=C2,No matches found,,,
CC(N)(C)C1=CC=CC=C1NCC=CCC=C(C(N))C2=CC=CC=C2,No matches found,,,
CCC1=CC=CC=C1NC(=O)CC2=C(C(=O)N)C(=O)NC3=C(C)C(=O)C=C23,No matches found,,,
C(C(=O)N)CCC1=CC=C(C(=O)N)C=C1C(=O)CCC=CC2=CC3=CC=CC=C3C2,No matches found,,,
C(=O)(N)CCC(=O)C1=CC=CC=C1C(C)CCC=CNC2=CC=CC=C2C,No matches found,,,
CC(N)(C)C1CCCC=1NC(=O)CCC2=CC=C(C(C(N)))C=C2Br,No matches found,,,
CC1=CC=CC=C1NCCCC2=CC=CC=C2C(N)=CC3=CCCC(=N)3,No matches found,,,
O=C(C1=C(N)CCC=C1)NC2=CC=CC=C2NCCC3=CC=CC(C)=C3,No matches found,,,
CC1=CC=C(C(=O)N)C=C1CC(=C(CO))NCCC2=CCC3=CC=CC=C3C2,No matches found,,,
CC1=CC(C(=O)O)=CC=C1C2=CC=C(C(=O)O)C=C2CCC3=CC(=N)CC(N)=C3,No matches found,,,
O=C(NC(=O)CCC(N)C=CC1=CC=CC=C1)C2=CC=CC3=CC=C(N)C=C32,No matches found,,,
CC(CC1=C(C(=O)N)C=CC=C1C(=O)CCC)CNC(=O)C2=CC=CC=C2C,No matches found,,,
NC1=CC(C(=O)O)=CC=C1CC(=O)CCCC=CC2=CC3=CC=CC=C3C2,No matches found,,,
CC(CCCCC1=CC=CC=C1)CN(C)C(=O)NC(=O)C2=CC(C(N))=CS2,No matches found,,,
CC(N)(C)C1=CC=CC=C1NC(=O)CC2=CC=CC3=C2C(=O)CC(C(=O)N)=C3,No matches found,,,
O=C(NC(=O)CCC(C(=O)O)=CC1=CC=CC=C1)C=CC2=CC3=CC=CC(C(=O)N)=C3C2,No matches found,,,
O=C(CC1=CC=CC=C1)C(=C(C(=O)N))N2CCC(C3=CC=CC(N)=C3)=C(N)2,No matches found,,,
O=C(C1=CC=CC=C1)NCC(=O)C(C(C(=O)C)(=C(=O)))CCC2=CC=CC=C2,No matches found,,,
O=C(NCC1=CC=CC=C1)C(=O)CC=CC(=O)C=C(C(=O)N)C2=CC=CC=C2,No matches found,,,
CN(CC1=CC=CC(N)=C1)C(=O)SC=CC2=CC=C(N)C=C2NC3=CC=CN=C3,No matches found,,,
CC1=CC=CC=C1CCC2=CC=CC=C2C=CC=CC(C(=O)O)=C(N)CF,No matches found,,,
CC(N)(C)C1=CC=CC=C1NCCC(=O)C(=N)C=CCCC2=CC=CC=C2,No matches found,,,
O=C(CC1=CC=CC=C1)NCCC=CC=CC2=CC(C(=O)N)=CC=C2Cl,No matches found,,,
O=C(CC1=CC=CC=C1)NCC=CCC(C(=O)N)CC2=CC(C(=O)(N))=CC=C2F,No matches found,,,
CN(CC1=CC=CC=C(C(C(N)))1)C(=O)NC(=O)C2=CC=CC(N)=C2,No matches found,,,
CC(N)CCC1=CC=CC=C1CCCCCC=C(N)C2=CC=CC=C2,No matches found,,,
CC(CC1=CC(N)=CC=C1C)(C)CC=CC=C(N)C2=C(C)C=CC=C2,No matches found,,,
NC1=C(C(N))C=CC=C1CC(=O)CCC(=O)NC2CCC3=CC=CC=C3C2,No matches found,,,
C(=O)(C(N)(N)C1=CC=CC=C1)NCC(=C(=O))CCC2=CC=CC(C)=C2,No matches found,,,
NC(C)C1=CC=CC=C1NC(=O)CCC(C(=O)C)CCC2=CC=CC=C2,No matches found,,,
CC(CC1=CC(C(=O)N)=CC=C1)C(C(N))CCCCC2=CC=CC=C2C,No matches found,,,
CC=CC(N)=C(CC(=O)NC(=O)CCC1=CC=CC=C1)CCCC(=O)N,No matches found,,,
O=C(CCC1=CC(N)=CC=C1)NCCC(C(=O)C)CCC2=CC=NC(N)=C2,No matches found,,,
CCC1=CC(C)=C(C(=O)N)C=C1C(=O)C(C)NCCC2=CC=C(C)C=C2,No matches found,,,
O=C(OC1=CC(C(=O)O)=C(C(=O)(O))C=C1)NC2CCC(C3=CC(=O)CC=C(N)3)CC2,No matches found,,,
O=C(NCC1=CC=CC=C1)NC(=O)CC=C2C(C(=O)C(N))=CC=CC2=C,No matches found,,,
O=C(CC1=CC=CC=C1)NCCCC=C2C(C(=O)C)=CC=CN2(C(=O)O),No matches found,,,
C(=O)(N)CCCC1=CC=CC=C1C(C)CCCCC(N)C2=CC=CC=C2,No matches found,,,
NC1=CC=CC=C1CCCC(=O)C=CC2=CC3=C(C(=O)O)C=CC=C3C(=C)2,No matches found,,,
CCC1=CC=CC=C1NC(=O)CC(C(=O)N)CC2=CC(C(C(=O)(N)))=CC=C2Cl,No matches found,,,
CC1=CC=CC=C1CNCCCC(N)CCCC2=CC=CC(C(=O)N)=C2C#N,No matches found,,,
O=C(NC(=O)C(=O)NC(=O)C1=CC(N)=CC=C1)CCCC2=CC=CC(=O)C2,No matches found,,,
CCC1=CC=CC=C1CNC(=O)CCC(N)=CC2=N[NH1]C3=CC=CC=C3C(=N)2,No matches found,,,
C(=O)=C(CC1=CC=CC=C1)NCC2=CC=CC=C2CC(=O)CCC(N)=C,No matches found,,,
NC(C(=O)N)CC1=CC=CC=C1C(=O)CCCC2=CC3=CC=CC=C3C2,No matches found,,,
CN(C(=O)C1=CC=CC=C1)NCC=CC2=C(C(=C)N)C=CC=C2Br,No matches found,,,
O=C(NCC(=N)CC(C(=O)C)CCC1=CC=CC=C1)CCC2=CC=CC=C2,No matches found,,,
O=C(CC1=CC=CC=C1)NC(=O)CCC=CCC2=CC=CC3=C2CC(=C)CC(=O)3,No matches found,,,
CC(CCC1=CC(C(=O)N)=CC=C1)NCC=CCC(=O)CC2=CC=CC=C2F,No matches found,,,
CC1=CC=C(C(=O)N)C=C1C2=CC=CC=C2C(=O)CC(C)C(C(=O)(N))=C,No matches found,,,
O=C(CC1=CC=CCC1)NCCCCN2CC3=CC=CC(C(=O)N)=C3C2,No matches found,,,
O=C(NCC1=CC=CCC1)NCCC(=O)C=CC2=CC(C(=O)N)=CC=C2,No matches found,,,
C(=O)=C(CC1=CC=CC(C(=O)N)=C1C)C(=N)CCC2=CC=CC=C2CC,No matches found,,,
CC(N)(C)C1=CC=CC=C1C(C)NC(=O)CCC2=CC(N)=CC(N)=C2,No matches found,,,
O=C(CCC1=CC=CC(C(=O)N)=C1F)CCCC(N)=CC2=CC=CC(N)=C2,No matches found,,,
CCC1=CC=CC=C1CCCNC2=NC=C(N)C=C2C=CC3CCCCC3,No matches found,,,
CC1=C(C(=O)O)C=CC=C1CC(=N)C(=O)CN(CCN2NCCC3=CC=CC=C3)C2,No matches found,,,
CC(C1=CC=CC=C1)NC(=O)CCC2=C(C(=O)N)C=CC3=C2CCS3,No matches found,,,
O=C(C(N)(N)C1=CC=CC=C1)NC(=C)CCC2=CC=CC(=C2)CC#C,No matches found,,,
O=C(NCCC(C(=O)C(N))CCC1=CC=CC=C1C(C))CC2=CC=CC=C(N)2,No matches found,,,
C=C(C)C1=CC=CC=C1NC(=C)C=CC2=C(C(=O)N(C(=O)(N)))C=CC=C2F,No matches found,,,
O=C(CC1=CC=CC=C1)NCCCC(C(=O)C)CC2=CC=CC(C(=O)N)=C(O)2,No matches found,,,
CCC=CC=CC1=CC=CC=C1NCCC2CCCC3=CC=CC=C23,No matches found,,,
O=C(CC1=CC=C(C(=O)C)C=C1)NCC2=CC(=C)C(=O)C(N)=C2CCC(C)=O,No matches found,,,
NC1=CC(C)=CC=C1C(C)CCC(=O)CCC2=C(C(C(C(=O)N)))C=CC=C2,No matches found,,,
CC1=CC=CC=C1CC(=O)CNC=C2C=CC3=CC=CC(C(=O)C)=C3C2,No matches found,,,
C(C(C(=O)N))CC1=CCC(=O)C=C1NC(=O)C2CC3=CC=CC=C3C2,No matches found,,,
C(=O)(CC1=CC=CC(N)=C1)NCCCC(C)=CC2=CCCC(N)=C2,No matches found,,,
CC(C)CCCCC(=O)NCCCC1=CC=CC2=C1NC(=N)NC(=C)2,No matches found,,,
O=C(NCC1=CC=CC=C1)C(=O)CC(O)(C)CCC=CC2=CC=C(C(N))C=C2,No matches found,,,
C(N)=C(CC(=N)C=CC1=CC=CC=C1)C(=O)CC2=CC(C(=O)N)=CC=C2,No matches found,,,
CC(N)(C)C1=CC=CC=C1C=CCCCC=CC2=CC=CN=C(N)2,No matches found,,,
O=C(CCC(=O)NCC1=CC=CC=C1)C(=N)CC=CC2=CC=C3C=CSC3=C2,No matches found,,,
C=CC1=CC=CC=C1CCC(=O)C=CC2=CC3=CC(N)=CC=C3C2=O,No matches found,,,
O=C(CCC1=CC=C(N)C=C1)C(N)CC(C)=CC2=CC=CC=C2C(=O)(N),No matches found,,,
CC(N)(C)C1=CC=CC=C1NCC(=O)NC=CCCCC2=CC=CN=C(N)2,No matches found,,,
CC(=C(C(N)N))C1=CC=CC=C1CCCC(=O)NC2=CC3=CC=CC=C3C2,No matches found,,,
O=C(CCC1=CC=CC=C1)NCN2CC(=O)C3=CC=CC(C(=O)C(O))=C3S2,No matches found,,,
CC1=CC=CC=C1NC(=O)CC2C(C(=O)(C(=O)O))=CC3=CC(C)=CC=C3C2,No matches found,,,
C=CC1=C(C(=O)N)C=CC=C1CC(=C)C2=CC3=C(C(=O)N)C=CC=C3[NH1]2,No matches found,,,
CC(CC1=CC(C(=O)N)=CC=C1)C(C)CC(=O)N2CCC3=CC=CC=C32,No matches found,,,
O=C(CC1=CC=CC(C(=O)N)=C1)C(=C)C(C)CSC2=CC(C(=O)O)=CC=C2,No matches found,,,
O=C(CC1=CC=CC=C1)C=NC=CC2=CC=CN=C2NC3=CC(O)=CC(C(=O)N)=C3,No matches found,,,
O=C(CCC1=CC=CC=C1)NCC2C(C(=O)C(C))CC3=CC=CC=C3C=2,No matches found,,,
CC(N)(C)C1=CC=CC=C1NC(=O)NCCCC=C(N)C2=CC=CC=C2F,No matches found,,,
CCC1=CC=C(C(=O)O)C=C1CCNC=CC2=CC3=CC=C(C(=O)O)C=C3C2,No matches found,,,
CC(N)(C)C1=CC=CC=C1NC(=O)CCN(C)CC2=CC(C(=O)N)=CN=C2C=C,No matches found,,,
O=C(CC1=CC=CC(C(=C)N)=C1)CSC=CC=CC2=CC=CC=C2F,No matches found,,,
O=C(CC1=CC=CC=C1)NCCCC(C)=CC(N)=C2C(C(=O)C)=CC=CC2=C,No matches found,,,
O=C(CCC(N)=C)C1=CC=CC=C1CC(=O)C2CCC3=CC=CC=C3C2,No matches found,,,
O=C(CC1=CC=CC(=O)C1)CCC2=CC=CC=C2[NH1]C(N)=CC3=CC=CC=C3,No matches found,,,
CC(N)(C)C1=CC=CC=C1CCCC=C=C(N)C2=CC=C(C(O))C=C2F,No matches found,,,
CC(CC1=CC=CC(C(=O)O)=C1)CCCC=C(C(N))C2=CC=C(C)C=C2Cl,No matches found,,,
O=C(CC1=CC=CC=C(O)1)NCC2=CC=CC=C2C3C(=O)C(=O)C(C)=C3,No matches found,,,
O=C(NC(=O)CC=CC(=O)CC1=CC=C(C(=O)C)C=C1)C=CC2=CC3=CC=CC=C3C(=O)2,No matches found,,,
CN(CC1=CC=CC=C1)C(C(=O)N)CC(O)C2=CC=CC=C2NC3=CC=CC=C3,No matches found,,,
CN(CC1=CC(N)=CC=C1N)C(=O)CCC(N)=CCC2=CN=C(N)C=C2,No matches found,,,
CC(C)C1=CC=C(C(=O)N)C=C1CCC(=O)CC(N)(C2=CC=CC=C2)N,No matches found,,,
NC(=C)C1=CC=CC=C1CCCCC(C)(C2=CC=C(C(=N))C=C2)C,No matches found,,,
O=C(CC1=CC=CC=C1)NCCCC(C(=O)C)CCC2=CC=CC(N)=C2,No matches found,,,
C(N)C(=O)NC1=CC=CC(C(=O)N)=C1C(C)CCC=CCC2=CC=CC=C2,No matches found,,,
C(=N)=C(CCC1=CC(C(=O)O)=CC=C1)CCCC=2[NH1]C3=CC=CC=C3CC2,No matches found,,,
CN(CC1=CC=CC=C1)NC(=O)N(C(=C(=O))C)CCC2=C(C(=O)N)C=CC=C2,No matches found,,,
CC(N)(N)C1=CC=CC=C1CCNC2=NC=CC=C2C=CC3=CC=CS3,No matches found,,,
O=C(CCC1=CC=CC=C1)NC(C(=O)C(C))=CCC=CC2=CC(C(=O)O)=CC=C2Cl,No matches found,,,
O=C(CCCCCCC1C=CC=CC1)NC(=O)C2=CC(C(=O)O)=CC=C2Cl,No matches found,,,
CC1=CC=CC=C1C2=CC=CC=C2CCNCC3CCCC(CN)C3,No matches found,,,
O=C(CCC1=CC=CC=C1)NCCCCC=C2C=C(C(=O)N)C=CC(=O)2,No matches found,,,
O=C(CC1=C(C(=O)O)C(C(=O)N)=CC=C1)CSC=CC=C(C2=CC=CC=C2C)C,No matches found,,,
CC(CC1=CC(N)=CC=C1N)CCC=CC2=CC=CC(C(C(=O)N))=C2,No matches found,,,
O=C(CC1=CC=CC=C1)NC(=O)CCC(C(=N))CCCC2=CC(C(=O)N)=CC=C2,No matches found,,,
CCC1=CC=C(C(=C(N))(C(=O)O))C=C1CC(=C)C2=CC3=CC=CC=C3[NH1]2,No matches found,,,
C(=N)=C(CCC=CC1=CC=C(N)C=C1)CC(=O)CC2=CC=CC=C2C,No matches found,,,
CN(CC1=CC(N)=CC=C1)CCCOC2=CC=CC=C2CC3=CC(=O)C(N)=C3,No matches found,,,
CC(CC1=CC=CC=C1)C(C(N))CCCC(=O)NC(=O)CC2=CC=CC=C2,No matches found,,,
CC(C(=O)N)C(CC1=CC=CC(C(=O)N)=C1)CCC(=O)NC2=CC=CC(C)=C2,No matches found,,,
CC(C)C1=CC=CC=C1CCC(C)CCC(N)(N)C2=CC=CC=C2,No matches found,,,
CCC1=CC=CC=C1CCCC(C)CC=CC=C(N)C2=CC=CC=C2,No matches found,,,
CCC1=C(C(=O)N)C=CC=C1CC(=O)CC=CC(=O)CC2=CC=CC3=C2CCCN3,No matches found,,,
O=C(CCC1=CC=CC=C1)NCC2=CC(N)(C)CC3=CC=C(C(=O)C)C=C23,No matches found,,,
O=C(NC(=O)C1=CC=CC=C1)CCC(=C(C(=O)N))CNC(=O)CC2=CC=CCC(=O)2,No matches found,,,
NCCC(=C)CC1=CC=CC=C1C(=O)CNC(=O)CCC2=CC=CC2,No matches found,,,
O=C(NC(=O)C1=CC=CC=C1)NCCC(N)C=CC(=O)CC2=CC=CC=C(O)2,No matches found,,,
NC1=CC(C(=O)N)=CC2=C1CCN2CCC=CC3=CC(N)=CC(F)=C3,No matches found,,,
O=C(CC1=CC=CC=C1)NCCCCCSC2=CC=CC3=C2CCC(N)C3,No matches found,,,
O=C(CCC(=O)C1=CC=CC(C(=O)C)=C1)NC(=O)CC=C2C=CC=C[NH1]2,No matches found,,,
CC(CC1=CC(C(=O)O)=CC=C1)C(=O)CCCC(C)=C(C)C2=CC=CC=C2C,No matches found,,,
O=C(CC=CC=CC=CC1=CC(C(=O)C(N))=CC=C1)NC2=CC=CC=C2,No matches found,,,
O=C(CC1=CC=CC=C1)NCCCC2=CC(=N)C3=CC=CC(C(=O)N)=C32,No matches found,,,
ClC1=C(N)C=C(C(=O)N)C=C1CCC(C)C(=O)NC2=CC=CC(C)=C2,No matches found,,,
O=C(CCC1=CC=CC=C1)CCC(C(=O)O)CC=CC2=CC=CC(C(=O)C(N))=C2,No matches found,,,
O=C(CC1=CC=CC(C(=O)N)=C1)N2CCCC(C3=CC=CCC(=O)3)=C2,No matches found,,,
CC(=C(C(=O)N))C1=CC=CC=C1CCCCCC(=O)N=C2C(C)=CCCC2,No matches found,,,
CC1=C(C(=O)N)C=CC=C1CCN(C)C=C2C3=CC(C)=CC=C3CC(=O)2,No matches found,,,
O=C(CC1=CC=CC=C1)NCC=CNC(=O)CC=C(O)C2=CC(N)=CC=N2,No matches found,,,
CC1=CC=CC=C1CNC(=O)CCC(C)C2=CC(C(=O)N)=C(C)C(F)=C2,No matches found,,,
O=C(NC1=CC=CC=C1)CC2=CC=CN=C2C3CC(C(C(=O)N))CC=3,No matches found,,,
O=C(CCCCC1=CC=CC=C1)NC(=C)CCNC(=O)CC2=CC(N)=CC2,No matches found,,,
N=C(CC1=CC=CC=C1)N2C(=N)CCC(C3=CC(C(=N)N)=CC=C3)=C2,No matches found,,,
CC(NC1=CC=CC=C1)C(=O)CCCC(C)CCC2=CC(C(=O)N)=CC=C2,No matches found,,,
O=C(CC1=CC=CC=C1)CCC2=CC=CC=C2C3CC(C(C(=O)C))CCC3,No matches found,,,
CC(N)(C)C1=CC=CC=C1CCCCC#CCC(N)=CC2=CC=CC=C2,No matches found,,,
C=CC1=C(C(=O)O)C=CC=C1CCCC=CC2=C(C(=O)N)C3=CC=CC=C3[NH1]2,No matches found,,,
NC1=CC=C(N)C=C1CCCCC=CC2=CC3=CC(N)=CC=C3C(=O)2,No matches found,,,
NC(C(=O)N)CC1=CC=CC=C1CCNC2CCCC3=CC=CC=C32,No matches found,,,
CCC1=CC=C(C(=O)N)C=C1CCCCC(C)C2=CC3=CC=CC=C3N2,No matches found,,,
CC(N)(C)C1=CC=CC=C1CCC(=O)C=CCC(O)(O)C2=CC=CC=C2,No matches found,,,
C(C(=O)O)=C(CC1=CC=CC=C1)CC=CC=CC2=CC=CC=C2CC(=O)N,No matches found,,,
C=C(CC1=CC=CC=C1)NCC2=C(C(=C)N)C=CC=C2C(=O)CCCC(N)=O,No matches found,,,
CC(N)(C)C1=CC=CC=C1NC(=C(N))CCC=CC2=CC(C(=O)O)=CC=C2,No matches found,,,
O=C(NCC1=CC=CC=C1)NCCCCCC(=O)CC=C2C(N)=CC=CS2,No matches found,,,
O=C(N(C(=O)O)C=CCC(=O)CCC(=O)CC1=CC(C(=O)O)=CC=C1)NC2=CC=CC=C2,No matches found,,,
O=C(NCC1=CC=CC=C1)C(=O)CCC=CC=CC=CC=C(N)C,No matches found,,,
C(C(=O)O)=C(CC1=CC=CC(C(=O)N)=C1)C(=C)C=CC2=CC=CC(N)=N2,No matches found,,,
O=C(CCC1=CC=C(C)C=C1)NN2CC(=O)C(=O)C3=CC(=O)C(=O)C=C32,No matches found,,,
O=C(CCC1=CC=CC=C1)NC(=O)CC(C(=C(CN))C)=CCCC2=CC=CC=C2,No matches found,,,
O=C(C(N)CCCCNC(=O)C1=CC=CC=C1)NCC2=CCCC=C2,No matches found,,,
O=C(CC1=CC=CC=C1)NCCCC2=C(C(=O)O)CCC3=C2CCC(N)=C3,No matches found,,,
NC(=O)CC1=CC=CC=C1CCNC(=O)CC2=CC3=CC=NC=C3C(=N)2,No matches found,,,
C(=O)(N)CCC(=O)CC1=CC=CC=C1C(C)CCC=CC2=CC=CC=C2,No matches found,,,
C(CC1=CC(C(=C(N))(O))=CC=C1)C(=O)C2=CC=CC=C2NC3=CC=CC(=O)C3,No matches found,,,
CSC1=CC(C(=O)O)=CC=C1NC(=O)C2CCC3=CC=CC(C(=O)N)=C3C2,No matches found,,,
CC(N)(C)C1=CC=CC=C1N2CNC(=O)C(C3=CC(C(=O)N)=CC=C3)=C2,No matches found,,,
CC=CC=CC1=CC=C(C(=O)N)C=C1NC(=O)CCCC2=CC=C(C)CC2,No matches found,,,
C(C(=C(N))C(C(=O)O))(=O)CC1=CC=CC=C1NC(=O)C2=CC3=CC=CC=C3C2,No matches found,,,
CCCC(=O)C(=O)C1=CC=CC=C1NC(=O)CC=C2CCCC3=C2C=CN=N3,No matches found,,,
C(=N)=C(NC1=CC=CC=C1)N2CCC(CC3=CC=CC(C(=O)N)=C3)=C(N)2,No matches found,,,
FC1=CC=C(C(=O)N)C=C1C2=NC=C(C(=O)N)C=C2C=CNC(=O)CCCl,No matches found,,,
CC(=C(C(=O)N))CC1=CC=CC=C1CC=CCC=CC2=CC=CC=N2,No matches found,,,
CC(CC1=CC(N)=CC=C1N)=C(C(=O)C(N))CC2=CC=CC(Cl)=C2,No matches found,,,
CN(CC1=CC(N)=CC=C1)N2CCCN(C3=C(C)C=CC(C(C))=C3)C2,No matches found,,,
C=C(CC1=CC=C(N)C(C(=C)N)=C1)NC(=O)C=CC2=CC=CC=C2,No matches found,,,
O=C(CC=CC(N)=CC1=CC=CC=C1)NC(=O)CC2=CC3=CC=CC=C3[NH1]2,No matches found,,,
O=C(CC1=CC=CC(C(=O)O)=C1)C(C)NCCC2=CC(C(=C(C(N))))=CC=C2,No matches found,,,
O=C(CCC=CC1=CC(C(=O)(N))=CC=C1)NC(=O)CCCC2=CC(C(=O)C)=CC=C2,No matches found,,,
NC(=C)C1=CC=CC=C1NCCCC=2CSC3=CC(C(=O)O)=CC=C3C2,No matches found,,,
CC(CC1=CC=CC(C(=O)N)=C1C)CCCC(=C)C2=CC=CC(Br)=C2,No matches found,,,
O=C(CC1=CC=CC=C1)NCCC(C(=O)O)C2=CC=CC(=C2)C3CCNC3,No matches found,,,
CN(CC1=CCCC=C1N)C(=O)CCC(=O)C=CC2=CC=C(C(N))C=C2,No matches found,,,
CC(NCC1=CC=CC=C1)=CCC2=CC3=C(C(=O)C(N))C=CC=C3S2,No matches found,,,
O=C(CCC1=CC=CC=C1)N(C)CC=CC2=CC=CC(C(=C(=N))N)=C2,No matches found,,,
C(C(=O)N)=C(CC1=CC(N)=CC=C1N)C(=O)CC=CC2=CC=CC(C)=C2,No matches found,,,
CN(CC1=CC=CC=C1NNC(C(=O)N)C)C(=O)CCC2=CC=CC=C2Br,No matches found,,,
NC(N)(C1=CC=CC=C1)C(=C(N))CCC=CC2=CC(C(=O)O)=CC(C)=C2,No matches found,,,
CC(=O)C1=CCCC(C(=O)C(N))=C1NCCCCC=CC2=CC=CC=C2,No matches found,,,
O=C(CCC1=CC(C(=O)N)=CC=C1)NC(=O)CCC(N)C=CC2=CC=CC=C2F,No matches found,,,
O=C(CCC1=CC(C(=O)N)=CC=C1)NC(=O)NCNC2(C)C=CC=C2,No matches found,,,
C(C(=O)O)CC1=CC=C(C(=O)N)C=C1CCC=CC2=CC3=CC=CC(N)=C3C(=O)2,No matches found,,,
O=C(NC(=O)NC=C1C=CC=CC1=C)C2=CC=CC3=CC(N)=C(C(=O)O)C=C32,No matches found,,,
O=C(CC1=CC=CC=C1)NCCCC2=C(C(=C)N)C=CN=C2CCCC(=O)CF,No matches found,,,
NC(=O)CC1=CC=CC=C1CCC(=O)NOCC2=CC3=CC=CC=C3C(=N)2,No matches found,,,
O=C(NC(=O)C1=CC=CC=C1)CCCC=CC(N)=C2CCC(=O)C(=C)C2,No matches found,,,
O=C(C(N)(N)C1=CC=CC=C1)NC(=C)CCC2=CC=CC(C(=O)O)=C2CC,No matches found,,,
O=C(NC(=O)CC(C)CC1=CC=CC=C(C(=O)O)1)C=CC2=CC3=CC=CC=C3[NH1]2,No matches found,,,
CC(CC1=CC(C(=O)N)=CC=C1F)CSC2=NC3=CC(C(=O)N)=CC=C3[NH1]2,No matches found,,,
FC1=CC=CC=C1NCC=CC=CC=CC2=CC=CC(C(=O)C(N))=C2C#N,No matches found,,,
C=C(C(=O)C1=CC=CC(C(=O)N)=C1)C(C)C2CC3=CC=CC=C3C2,No matches found,,,
CC(N)(C)C1=CC=CC=C1CCCCSC=C(N)C2=CC=CC=C2F,No matches found,,,
C(=O)(C(N)C1=CC=CC=C1)NC(=O)CC(C2=CC=CC=C2CC(C)C)=O,No matches found,,,
O=C(NC(=O)CC1=CC=CC=C1)NC(=O)CC2=CC(C)=C(N)SC2,No matches found,,,
CCC1=CC=C(C(C(=O)(O)))C=C1NC(=O)CC(C(=O)C(N))CC2=CC(Br)=CC=C2,No matches found,,,
CCC1=CC=CC=C1CC(=C(C(=C)C(C(N))))C=CC2=CC(C(C(N)))=CC=C2,No matches found,,,
CC(N)(N)C1=CC=CC=C1CC(=O)NCC(O)2CC3=CC=CC=C3C2,No matches found,,,
CCCC(=O)CC1=CC=CC=C1C(=O)CC(C)NC(=O)CC2=CC=CC=C2,No matches found,,,
CCC1=CC=C(C(=C(C(N)))O)C=C1CCCC2=CC=CC=C2C3=CC=NS3,No matches found,,,
O=C(NCC1=CC=CN=C1)C(=O)N=C2C(C(=O)N)=CC3=CC=CC(C(=O)O)=C3S2,No matches found,,,
C(C(=O)N)CCCC1CCCC=C1CC(=O)NCC2=CC=CC=C2,No matches found,,,
C=C(N)C1=CC=CC=C1CC=CC=CC=CCC(=O)NC2=CC=CC=N2,No matches found,,,
O=C(NCC1=CC=CC(=O)C1)CCN2N=NC3=CC=C(C(=O)C(C(=O)C))C=C23,No matches found,,,
C(=O)(N)CC1=C(N)C=CC=C1CCCCC=CC2=CC(N)=CC=C2,No matches found,,,
CC(C)(C(=O)C(N)1CCCCC1)NCCCC2=CC=CC=C2CC(N),No matches found,,,
CN(CC1=CC=CC=C1)C(=O)SC=CC2=CC=CN=C2NC3=CC(N)=CN=C(N)3,No matches found,,,
CC(CC1=CC(C(=O)N)=CC=C1)C(N)CCCCNC2=CC=CC=C2F,No matches found,,,
CC(CC1=CC=CC=C1)NC(=O)C(=O)CC(C(=O)C)CCC2=CC=CC=C2,No matches found,,,
C(C(=O)N)=C(CC1=CC=CC(C(=O)C(N))=C1)C(=O)SC=C(C)C2=CC=CC=C2,No matches found,,,
CC(C)C1=CC=C(C(=O)N)C=C1N2CCCC(C3=CC=C(N)C=C(C(=O)N)3)C2,No matches found,,,
C(=O)=C(CCC1CCCC1)C=C2C(=O)C3=CC=C(C(=O)N)C=C3CC2,No matches found,,,
O=C(CC1=CC=CC=C1)NCCC(C(=O)C(N))CC=CC2=CC(C(=O)C)=CC=C2,No matches found,,,
C(CC)NC1=CC=CC(C(=C(=C))C)=C1CC(=O)NC(=O)C2=CC=CC=C2C,No matches found,,,
CC1=CC=CC=C1CCCCC(=C(N))C=CC2=CC3=CC=CC=C3C2,No matches found,,,
CC(N)(C)C1=CC=CC=C1NC(=O)CCCC=CC2=CC(N)=CC=C2,No matches found,,,
O=C(NCC1=CC=CC=C1)C(N)CCC(=C(N))CCSC2=CC=CC=C2,No matches found,,,
CC(N)(C)C1=CC=CC=C1NC(=O)CCNC(C)C2=C(N)C=CC=C2,No matches found,,,
C(=N)=C(CC1=CC=CC(C(=O)O)=C1C)C(=N)CC2=CC=CC3=CC=CC=C23,No matches found,,,
O=C(NC1=C(N)C=CC(N)=N1)CSC2=CC=CC=C2CC(=O)N(C)C(=O)N,No matches found,,,
O=C(CC1=CC(C(=O)N)=CC=C1)CCC=CCNCC2=CC=CCC2,No matches found,,,
O=C(CCC1=CC=C(C(=O)N)C=C1)NCC2=C=C(C)C3=CC=CC=C3S2,No matches found,,,
O=C(CC1=CC=C(N)C=C1)C(=O)N2CCC(C3=CC=CC=C3)C(C)C2,No matches found,,,
CC(CC1=CC(C(=C)N)=CC=C1)=CC(=O)NCC2=C(C(C(=O)O))C=CN=C(N)2,No matches found,,,
CC(N)(C)C1=CC=CC=C1NC(C)C(=O)NCC(O)C2=CC=CC=C2,No matches found,,,
C(N)CC=CC1=CC=CC=C1N(C)C(=O)CC=CC2=CC(N)=CC=C2,No matches found,,,
CN(C(=O)C1=CC=CC(N)=C(N)1)CCC(=O)CC2=CC(C(=O)N)=C(N)C=C2Cl,No matches found,,,
CC(CC1=CC=CC(C(=O)N)=C1C)CCCCC(C(O))CC2=CC=CC=C2,No matches found,,,
O=C(CC1=CC=CC=C1)C(C)C2=CC=CC=C2NC3=CC(N)=CC(C(=O)O)=C3,No matches found,,,
CC1=CC=CC=C1C(=O)NCC(=C)CC(C(=O)N)CC2=CC=CC(C(N))=C2,No matches found,,,
CC(=N)C1=CC=CC=C1CCC(=O)N2C=CC=C3C(Br)=C(C(=O)N)C=C23,No matches found,,,
CC(C(N))(C)C1=CC=CC=C1C(C)CCC(=O)CC2=CC=CC(C(=O)N)=C2,No matches found,,,
N#CC1=CC=C(C(=O)C(N))C=C1CC(=C(C(=O)N))C2=CC3=CC=CC=C3O2,No matches found,,,
O=C(CCC(C(=O)O)CC1=CC(C(=O)N)=CC=C1)NCCC2(C)CCCCC2,No matches found,,,
O=C(CC1=CC=CC=C1)NCCC=C2C(=C)C=CC(=O)C(=C(C(=O)N))2,No matches found,,,
O=C(NC(=O)C(=C(C(=O)O))CC(C)CCC1=CC=CC=C1)NCCC2=CC=CC=C2,No matches found,,,
CC1=CC=CC(C)=C1CC(=C(C(=O)C(N)))NC(=O)C=CC2=CC=CC=C(N)2,No matches found,,,
C(N)CC=CC1=CC=CC=C1CCC(C)CCCC2=CC=CC=C(N)2,No matches found,,,
O=C(C(N)CC1=CC=CC=C1)CCC(C(=O)N)CC2=CC=CC(C(=O)N)=C2,No matches found,,,
CC(C1=CC=CC=C1)NC(=O)C=CC2=C(C(=O)O)C=CC=C2C3=C(C)C=CS3,No matches found,,,
C(N)CC1=CC=CC=C1CC=CC=CC=CC2=CC=CC3=C2C=C(C(N))[NH1]3,No matches found,,,
O=C(CC1=CC=CC=C1)NCCCC=CC(C2=CC3)=CC(N)=C2CC3,No matches found,,,
CC1=CC=C(N)C=C1C(C)CCCC=CC2=CN=C(N3CCCC3)C=C2,No matches found,,,
O=C(CC1=CC=CC(C(=O)(N))=C1)NC(=O)C(=O)NCC2(N)C=CC=C2,No matches found,,,
O=C(CC(C(=O)(C(=O)C))CCC1=CC=CC=C1)CCC=CNC2=CC=CC=C2,No matches found,,,
O=C(CC1=CC=CC=C1)NCCC(=C(N))C=CC=CC2=CC(N)=CC=N2,No matches found,,,
CC(N)(C)C1=CC=CC=C1NCCCC(C(=O)(N))NC2=CC=CC=C2F,No matches found,,,
NC1=CC=CC=C1NC(=O)CCC2=CC3=C(C(=O)C(N))C(C)=CC=C3C2,No matches found,,,
O=C(NCC1=CC=CC(=O)C1)C(=O)CCC(C)=CCCC2=CC=CC=C2,No matches found,,,
O=C(CC1=C(C(=C)N)C=CC=C1)N(C)C2=CC=C(C(=O)(O))C=C2C(=C(=O)),No matches found,,,
CCC(=C)NC1=CC=CC=C1CC(=O)NC(=O)CC=C(N)C2=CC=CC=C2,No matches found,,,
NC1=CC(N)=CC=C1CCC=CC=CCC2=CC(C(=O)N)=CC=C2C#N,No matches found,,,
O=C(NC1=CC=CC=C1C)C=CCC(C(=O))CC2=CC(C(=O)N)=CC=C2Cl,No matches found,,,
N#CC1=CC=C(C(=O)N)C=C1CC(=C(=O))C2=CC3=CC=CC=C3C(=O)2,No matches found,,,
C(=O)(N)C1=CC=CC=C1CC(=C(=O))CCC2=CC3=CC(Cl)=CC=C3C(=O)2,No matches found,,,
CC1=CC(N)=C(C(=O)N)C=C1CCNC(C)C(=O)NC2=CC=CC(F)=C2,No matches found,,,
O=C(CC1=CC(C(=O)N)=CC=C1)CCC(C)=CC2=CC(=O)CN(C(=O)C)C2,No matches found,,,
C=C(CC1=CC=CC=C1Cl)NC(=O)C(=C(CC))C=C(N)C2=CC=CC=C2,No matches found,,,
CC(CC1=CC=CC=C1)NCCCC(C(=O)C)CC(=O)CC2=CC=CC=C2,No matches found,,,
CSC1=CC=C(C(=O)N)C=C1CC(=C(C(=O)N))C2=CC3=CC=CC=C3C(=O)2,No matches found,,,
C(C(=O)C)CC1=CC=CC=C1CC=CC2=NC=CC=C2C(N)=CC3=CC=CO3,No matches found,,,
C(CC1=CC=CC=C1C)CC(=N)C=CC=CC=CC2=CC=CN=C(N)2,No matches found,,,
CC1=CC=CC=C1C(=C(=O))CCCC=CC2=CN=C(N3CCC(=O)C3)C=C2,No matches found,,,
O=C(N)C1=CC=C(C(=O)N)C=C1CCCCC(N)=C2NC=CC=C2,No matches found,,,
CCC1=CC=C(C(=O)N)C=C1CC(=C(C(=O)N))CC(=O)CC2=CC=CC(O)=C2C,No matches found,,,
CC(CC1=CC=CC(C(=O)N)=C1C)CCCN(C)CC2=CC=CC=C2CC(C(N)),No matches found,,,
CN(CC1=CC(C(=O)N)=CC=C1C=C)C(=O)C=C(N)NC2=CC=CN=C(N)2,No matches found,,,
O=C(NCC1=CC=CC=C1)NC(=O)CCC(=O)CC(=O)CC=C2C=CC=CN2,No matches found,,,
O=C(NC=CC=CC=CC1=CC=CC=C1)CC(=O)C2=CC3=CC=CC=C3C2,No matches found,,,
NCC1=CC=CC=C1CCNC(=O)C2C(C(N)(=O))=CC3=CC=CC=C3C2,No matches found,,,
CC(N)(C)C1=CC=CC=C1CCCC(=O)N(C)NC2=CC=C(C(=O)N)C=C2C=C,No matches found,,,
C(=O)(N)CC1=C(N)C=CC=C1CC(=O)NCCC=2SC3=CC=CC=C3C=2,No matches found,,,
O=C(OCC1=CC=C(C(=O)N)C=C1)NCCC(C(N))=CCCC2=CCCC=C2,No matches found,,,
C=C(CC1CCCCC1)CCC2CC3=CC(C(=O)N)=CC=C3CC2,No matches found,,,
CC(N)(C)C1=CC=CC=C1NC(C)CCCCC2=CC=C(C(=C)N)C=C2,No matches found,,,
C(CO)=C(CC1=CC(C(=O)N)=CC=C1)CCC2=CC=CC=C2C(=C)CCCF,No matches found,,,
O=C(NC1=CC=CC=C1)NCCCCC=CC=C2C=C(N)C=CC(=N)2,No matches found,,,
O=C(CCC1=CC=CC=C1)NC(=O)C=2C(=O)C3=CC=C(C(=O)N)C=C3S=2,No matches found,,,
O=C(NCC1=CC=CC(=O)C1)CCCCCC=CC2=CC(N)=CC=C2,No matches found,,,
NC1=CC=C(C(C(N)))C=C1CC(=O)CCCCC2CC(=O)C3=CC=CC=C3C2,No matches found,,,
CN(CC1=CC(N)=CC=C1N)C(=O)CCCC(N)C2=CC(N)=CC=C2,No matches found,,,
CC(=C(C(=O)C(C(=O)(N))))C1=CC=CC2=C1CCN2C3=CC4=CC=CC=C4N3,No matches found,,,
CC1=CC=C(NC(=C(C(=C)N))NC(=O)CCC2=CC=CC=C2(C(=O)(O)))C=C1,No matches found,,,
CN(CC1=CC=CC=C1)C(=O)NC=CC2=CC=CC=C2NC3=C(N)C(N)=CN=C3,No matches found,,,
C=C(CC1=CC=CC=C1C)CCC2=CC(C(=O)N)=CC(N)=C2CCC(=O)C,No matches found,,,
CC(N)(C)C1=CC=CC=C1CCC(=O)CCC(C(N))=CNC2=CC=CN=C2,No matches found,,,
O=C(CC1=CC=CC=C1)NCCC=CC=CC2=CC(C(C(=O)(N)))=CN=C2C#N,No matches found,,,
CCC1=CC=CC=C1CCNC2=NC=CC=C2C=CC3=CCCCC(=N)3,No matches found,,,
CCCC1=CC=C(C(=O)N)C=C1CC(C)C2=C(C(=O)O)C3=CC=CC=C3[NH1]2,No matches found,,,
O=C(NCC1=CC=CC=C1)CCC2C(C(=O)C)=CC3=CC=CC=C3S2,No matches found,,,
O=C(CC1=CC=CC=C1)NCC2=CC=CC(N)=C2CCCC(=O)C3CCCC(=O)3,No matches found,,,
OC(=O)C=CCOCC=CC1=CC=CC=C1C=CC2=CC3=CC=CC=C3C2,No matches found,,,
CN(CC1=CCCC=C1)C(=O)CCNC2=CC(C(=O)O)=CC=C2NC3=CC=CN=C3,No matches found,,,
O=C(CC1=CC(C(=O)O)=CC=C1)CCC=CC=CCC=CC2=C(N)C=NC=C2,No matches found,,,
O=C(CCC1=CCCC(C(=O)N)=C1)CCC(C)=CC2=CC=CC=C2Cl,No matches found,,,
CC1=CC=CC(N)=C1CCCC(=O)CC=CC=CC2=CC(C(N))=CC=C2C#N,No matches found,,,
CC1=CC=CC=C1CC(=O)NCCC2=CC3=CC(C)=CC=C3CC(C(=O)(O))2,No matches found,,,
CC=CC=CC1=CC(N)=CC=C1NC(=O)CCC(N)C2=CC=C(C)C=C2,No matches found,,,
C(CN)=C(CCC1=CC=CC(C(=O)N)=C1)CCCC(O)C2=CC=CC=C2,No matches found,,,
O=C(CC1=CC=CC=C1)NCCC=CC=CC=C(N)C2=CC(=O)CC2,No matches found,,,
O=C(CC1=CC=CC(C(=O)(N))=C1)C2=CC=CC=C2CC(=O)CCC(N)CN,No matches found,,,
O=C(CCC1=CC=CC=C1)NCCCC(C(=O)C(N))CCC2=CC=CC=C2,No matches found,,,
CC1=C(C(=O)N)C=CC=C1CC(C)CCC2=CC(C(=C)N)=CC=C2C,No matches found,,,
C=C(N)C1=CC=CC(C(=O)(O))=C1CCCC=CC2=CC3=CC=CC=C3C(=O)2,No matches found,,,
CC1=CC=CC=C1CNC=CC2=CC=CC=C2NC(=O)NC(N)=CCCl,No matches found,,,
O=C(CCC1=CC=CC=C1)NCC=2C=CC3=CC=CC(C(=O)O)=C3S=2,No matches found,,,
CC(N)(C)C1=CC=CC=C1CCCCC(C)C(N)C2=CC=CC=C2,No matches found,,,
O=C(CC1=CC=CC=C1)NCCCC(C2=CC=CC(C(=C)N)=C2)Br,No matches found,,,
O=C(NC1CCCCC1)CCCCC2=CC=CC(N)=C2CC(N)C,No matches found,,,
CC1=CC=CC=C1NC(=O)CC2C=CC3=CC(C)=C(C(=O)C)C=C3C2,No matches found,,,
CC(N)(C)C1=CC=CC=C1NCCC(=C(=O))CCC2=CC(C(O))=CC=C2,No matches found,,,
C(=O)=C(CC1=CC(C(=O)N)=CC=C1)CC(=N)CC2=CC=CC=C2CC,No matches found,,,
O=C(CCC1=CC(C(=O)N)=CC=C1)C(C(=O)N)CC(C)=CC2=CC=CC=C2,No matches found,,,
O=C(CCCCC1=NC=CC(C(=C)N)=C1)CCCCC(N)C2=CC=CC=C2,No matches found,,,
O=C(CC1=CC=CC(C(=O)N)=C1C(=O))CSC=CC=CC2=CC=CC=C2,No matches found,,,
CC1=CC=CC=C1CCC(CCCC(N)(N)C)C2=CC=C(C(=O)O)C(C)=C2,No matches found,,,
O=C(NCC1=CC=CC=C1)NCCCN2C=C(C(=O)N)C(N)=CC2=C,No matches found,,,
O=C(NCC1=CCCC=C1)NCCCCCCCC2=CC(C(=O)N)=CC=C2F,No matches found,,,
O=C(C1=CC=CC=C1NC(=O)C2=CC=CC(N)=C2)N3CC(C)CC(C(=O)O)=C3,No matches found,,,
CN(CC1=CC=CC=C1N)C(=O)CC2N(C)CC3=CC=C(C(=O)C)C=C3C2,No matches found,,,
CN(CC1=CC(C(C(N)))=C(N)C=C1)C(=O)C(C)CC2=CC(N)=CC=C2,No matches found,,,
C=C(CCCC=CC1=C(C(=O)N)C=CC=C1C(=O)N)C2=CC=CC(N)=C2,No matches found,,,
C(C(C(=O)C))N(CC1=CC=CC=C1NCC(C))CCC2=CC=CC=C2C(C(=O)(N)),No matches found,,,
C(N)C(=O)C(CCC1=CC=CC(N)=C1)CC=CCCC2=CC=CC=C2,No matches found,,,
CC(N)(C)C1=CC=CC=C1NC(=O)CCC=C(N)C2=C(C)C=CC(N)=C2,No matches found,,,
CC1=CC=CC=C1CC(=O)NCC2C=CC3=CC=CC(C(=O)(O))=C3C2,No matches found,,,
CC(CCC1=CC=CC(C(=O)N)=C1)C(=N)CCC=CC2=CC=CC=C2,No matches found,,,
O=C(CCCCNC(=O)C(N)C1=CC=CC=C1)C=C2C=CC3=CC=CC=C32,No matches found,,,
O=C(CC1=CC=CC(C(C(N)))=C1)C(=O)SCC(=O)CC=C(C2=CC=CC=C2)F,No matches found,,,
NCC1=CC=CC=C1CC(=C)C2=CC3=C(C(=O)C(=C(N)))C=CC=C3S2,No matches found,,,
CC(=O)CCC1=CC=CC(C(=O)O)=C1CCCCCC=CC2=CC=CC(=O)C2,No matches found,,,
CN(CC1=CC(C(=O)N)=CC=C1)N2CCCC(C3=CC=CC(N)=N3)=C2,No matches found,,,
CNC1=CC=CC=C1C(=O)CCC=CC2=C(C(=C(N))C)C3=CC=CC=C3[NH1]2,No matches found,,,
CCC1=CC=CC=C1CC=CC2=NC=CC=C2C(N)=CC3=CC=C[NH1]3,No matches found,,,
C(C(=O)N)C1=CC=CC=C1NC(C)CCC=CC(=O)CC2=CC=CC=C2,No matches found,,,
C(C(N))C1=CC=CC=C1CC2=CC=CC=C2CCC=CC=CC=N,No matches found,,,
O=C(CC1=CC=CC(C(=O)C(N))=C1)N2CCCC(C3=CC=C(C(=O)C(N))C=N3)=C2,No matches found,,,
O=C(CCC1=CC=CC=C1)NCCC(C(=O)N)CC(C(=O)N)CC2=CC=CC=C2,No matches found,,,
CN(CC1=CC=CC=C1C(=C)(N))C(=O)C=C(N)C2=CC=CC(N)=C2,No matches found,,,
CC1=CC=CC(C(=O)N)=C1CCCC=C2CC(=O)N=C2NCCCC,No matches found,,,
C(C(=O)(C))C(CCC=CC1=CC=CC(N)=C1)C(=O)CC2=CC=CC=C2Cl,No matches found,,,
CC(NCC1=CC=C(C(N))S1)(C)CC2=CC(Cl)=C(N)C=C2Cl,No matches found,,,
CC(C)(N)C1=CC=CC=C1CC(=C(CC))C2=CC3=CC=CC=C3[NH1]2,No matches found,,,
CC(CC1=CC=CC=C1)NCC(=O)CC(C)CC2=CC(C(=O)N)=CC=C2,No matches found,,,
O=C(NC1=CC=CC=C1NC(C(=O)N)=C(N))C(N)=CC2=CC=CC=C2,No matches found,,,
CC1=CC=C(CNC(=O)N(C)C(=O)C=CC2=CC(C(=O)C(N))=CC=C2)N1,No matches found,,,
O=C(CC1=CC=C(N)C=C1)CCC2=CC=CC=C2CCCCC(N)C,No matches found,,,
O=C(CC1=CCCC=C1)NCCC=CC=CC2=CC(C(=O)O)=CC=C2C,No matches found,,,
NC(=CC1=CC=C(C(=O)O)C=C1)CCCC=C2C=CC3=CC=C(C(=O)O)C=C3C2,No matches found,,,
CCC1=CC=CC(C(C(=O)O))=C1CC(=C(=C))C2=CC3=CC=C(C(=O)N)C=C3S2,No matches found,,,
C(CC1=CC=CC=C1C(=C(N))CC(N)C)NCC2=CC=CC=C2,No matches found,,,
O=C(CC1=CC(C(=O)N)=CC=C1)CC(C(=O)N)CC#CC2=CC=CC=C2,No matches found,,,
O=C(NCC1=CC=CC(N)=C1)C(N)CCC=CC2=CC=C(C(=O)N)C=C2F,No matches found,,,
C(C(=O)C)C(CC1=CC=CC(C(N))=C1)=CCCC(C2=CC=CC=C2)N,No matches found,,,
CC(C)C1=CC=C(N)C=C1N2CNC(CC3=CC=CC(N)=C3)=C2,No matches found,,,
O=C(CCC1=CC=CC=C1)N(C(=O)N)C(=C(=N))C=CC=CC2=CC=CC=C2F,No matches found,,,
O=C(CC1=CC(N)=CC=C1)OCC2=CC=CC(N)=C2C3CCC(C)CC3,No matches found,,,
CC1=CC=CC=C1C(N)CC(=N)C(=O)CNC2=CC=CC3=C2C=CC=C3,No matches found,,,
O=C(CC1=CC=CC=C1)NCCCNC=CC2=C(C(=C(N))N)C=CC=C2C#N,No matches found,,,
O=C(NCC(=O)NCC1=CC=CC=C1)NCC2=CC=C3CC(=C(=C))C[NH1]C3=C2,No matches found,,,
O=C(CC1=CC(=O)CC=C1)NCCCCC=CC2=CC(C(=C)C)=CC=C2,No matches found,,,
CC1=C(C(=O)C)C=CC(C)=C1CC(=O)NC(=O)C(=N)CC2=CC=CN=C(N)2,No matches found,,,
C(C(=O)N)CC1=CC(N)=CC=C1C(=O)N2CC3=C(C(=O)N)C=CC=C3S2,No matches found,,,
CC(N)(C)C1=CC=CC=C1NCCC=CC2=CC(C(=O)N)=CC=C2C,No matches found,,,
O=C(CC1=CC=CC=C1)NCC=CC(C2=CC=CC(C(=O)N)=C2)Cl,No matches found,,,
C(=N)=C(CC1=CC=CC=C1N)CCC=CNC(=O)C2=CC=CC=C2,No matches found,,,
CC(=O)C1=CC=CC=C1NC(=O)CC(C(=O)C(N))CC2=CC(C(=O)(N))=CC=C2,No matches found,,,
O=C(C(N)C1=CC=CC=C1)NCC2=CC=CC=C2CCCCC(=C(N)(N))F,No matches found,,,
CC(N)(C)C1=CC=CC=C1NC(=O)CCC=CC2=C(N)C=CC(N)=C2,No matches found,,,
O=C(NCC1=CC=CC=C1)NCCC=CC=CC=CC2=CCCCC2,No matches found,,,
O=C(CC=CC=C1C=CC=CC1=C)C2=CC=CC3=CC(N)=CC=C32,No matches found,,,
O=C(CC1=CC=CC=C(C)1)NCCCC2=CC=CC3=C2CC(=N)C=C3C,No matches found,,,
O=C(CC1=CC=CC=C1)NCC2=CC=CC=C2C=CNCCCC(=O)(N),No matches found,,,
O=C(NCCC(=O)CCC1=CC=CC(=C(N))C1)C(=O)NC2=CC=CC=C2,No matches found,,,
O=C(CC1CCC2=CC=CC=C2)CC1C3=CC(C(=O)N)=CC=C3,No matches found,,,
CCC1=CC=CC=C1CCC(=C(C(=C)C))CNCC2OC3=CC=CC=C3O2,No matches found,,,
O=C(C1=CC=CC=C1)NC(=C)C=CC2=CC=CC(N)=C2C3=CC=CS3,No matches found,,,
NC(=C)C1=CC=CC=C1NC(C)=CCC2=CC(C(=O)C)=C(C)C=C2C,No matches found,,,
O=C(CC1=CC=CC=C1)NCCCC(C2=CC=CC(C(=O)N)=C2)CC(=O)(C(O)),No matches found,,,
C=C(CC1=CC(N)=CC=C1N)C(=C)CC(=O)CC2=CC=CC(C(=O)N)=C2,No matches found,,,
C=C(CC1=CC=CC=C1)NCC2=CC=CC(N)=C2CC(=O)CC3=NC=CC=C3,No matches found,,,
NC(=O)CCCC(=O)NC(=O)CC(=N)C=CC1=CC2=CC=CC=C2N1,No matches found,,,
CC1=CC=CC=C1CC(=N)C(=O)CCC=C2CC[NH1]C3=CC=CC=C32,No matches found,,,
CC1=CC=CC=C1C=C=CC2=CC=CC=C2C3=C(N)C=CC(N)=C3,No matches found,,,
CC(CC1=CC(C(=C)N)=CC=C1NC(=O)C)CCCC2=CC=CC=C2C(N)=O,No matches found,,,
O=C(CC1=CC=C(N)CC1)NCCC2=CC=CC=C2C(N)(C)C,No matches found,,,
O=C(NCCC(N)=C1C=CC=CC1=C)C2=CC=CC3=C(N)C=C(C(=O)O)C=C32,No matches found,,,
NC(=O)NC1=CC=C(C(=O)N)N1NCCCC2=CC(Br)=CC=C2Cl,No matches found,,,
O=C(CC1=CC=CC=C1)NCC=CCC(C(=O)C(N))CC2=CC=CC(C(=O)N)=C2,No matches found,,,
O=C(NCC1=CC=CC=C1)NCCCC=C2C=C(C(=O)N)C(N)=CC2,No matches found,,,
CC(C(=O)CC1=CC=CC(C(=C)C(N))=C1)(O)CCCCCCC2=CC=CC=C2,No matches found,,,
O=C(CC1=CC=CC=C1)CC(=N)C2=CC=C(C3=CC=CC=C3F)C(=O)[CH1]2,No matches found,,,
C(=O)=C(CCC1=CC=CC=C1NC)CCCC(N)=CC2=CC=CC=C2,No matches found,,,
C(N)=CC1=C(C(=O)N)C=CC=C1CCNC(=C)C2=CC(N)=CC=C2,No matches found,,,
O=C(CC1=CC=CC=C1)NCC2=CC=CC=C2CCC(O)CC3=CCCC=C3,No matches found,,,
O=C(CC1=CC=C(C(=O)O)C=C1)CCCCCC=CC2=CC=CN(C(=O)N)C2,No matches found,,,
C=C(CC1=CC=C(O)C=C1)NCC2=CC=CC=C2SC(=O)CC3=CC=CC=C3,No matches found,,,
CC(=N)C1=CC=CC=C1CC=C(N)CCCC2=CC3=CC=CC=C3[NH1]2,No matches found,,,
O=C(C)C1=CC(N)=C(C(=O)N)C=C1CSC=CC2=CC(C(N))=CC=C2F,No matches found,,,
C(C(=O)C)=C(CCC=C1C=CC=C1)CCC(=O)NC2=CC=CC=C2Cl,No matches found,,,
CC(N)(C)C1=CC=CC=C1NCCCCCC=C(N)C2=CC=CC=C2,No matches found,,,
NC1=CC=CC=C1CC2=CC=CC=C2NC=CC3=CC(N)=CC(O)=C3,No matches found,,,
C=C(CCC1CCCC1)CCC2CC3=CC(C(=O)N)=CC=C3CC2,No matches found,,,
O=C(CC1=CC=CC(C)=N1)CCC=CC=CC=CC2=CC=CC=C2C(N),No matches found,,,
O=C(NC(=O)CCC1=CC=CC=C1)NCCCCC2CC=CC(C)=C2,No matches found,,,
CC(C)C1=CC=CC=C1NC(=O)NCCCC(=O)CC=C(N)C2=CC=CCC2,No matches found,,,
CCC1=CC=CC=C1C=C(C(=O)C(N))CCCC2=CC3=CC=CC=C3[NH1]2,No matches found,,,
CC(C)C1=CC=CC=C1CCCCC(=O)NC(=O)CC2=CC=CN(C(=O)N)C2,No matches found,,,
CC1=CC=CC=C1C(=O)C2C(=O)C=CC=C2CCC(=O)C3=CC=CC=C3,No matches found,,,
C(=C(=C(=N)))=C(CCC1=CC(C(=O)O)=CC=C1)CCCC2=CC(C)=CC=C2,No matches found,,,
O=C(NC(=O)CCC(=O)C1=CC(C(=O)C)=CC=C1)C=CC=C2C=CC=C[NH1]2,No matches found,,,
CC1=CC=CC=C1NC(=O)CCC2=CC3=CC(Cl)=CC=C3C(C(C(=O)N))2,No matches found,,,
CC(N)(C)C1=CC=CC=C1NCCCCC2CC3=CC(C(N))=CC=C3C2,No matches found,,,
C(=O)(CC1=CC=CC=C1)NCCCCCCCCN2CC=C(C)C(N)=C(N)2,No matches found,,,
CC1=CC(N)=CC=C1C(N)CCCC=CC2=CN=C(N3CCCC3)C=C2,No matches found,,,
O=C(CC1=CC=CC=C1C)CC=CSC2=CC(C(=O)C(N))=CC=C2C(N)=O,No matches found,,,
CN(CC1=CC=CC(C(=O)N)=C1)CSC=CC=C(N)C2=CC=CC=C2,No matches found,,,
O=C(CC1CCCCC1)NCCC(N)C2=CC=C(C(=O)N)C=C2Br,No matches found,,,
CC(CC1=CC=CC=N1)CC=CC2=CC=CN=C2CC3=CC=CC(C(=O)O)=C3,No matches found,,,
C=C(CC1=CC=C(C(=O)N)C=C1)C(=O)CCC=CC(C)=CC2=CC=CC=C2,No matches found,,,
N=C(CC1=CC(C(=O)N)=CC=C1)C2CCCC(C3=CC=CC=C3)=C2,No matches found,,,
O=C(NCC1=CC=CC(=O)C1)C(N)CCCCCCCC2=CC=CC=C2,No matches found,,,
CCC1=CC=CC=C1CC(=C(C(=O)(N)))C=CC2=CC(Br)=CC=C2Cl,No matches found,,,
CC(=C)C1=CC=CC=C1CC(=O)NCC(=O)C2[NH1]C3=CC=CC=C3C2,No matches found,,,
C(C(=O)N)CC1=CC=C(C(=O)O)C=C1NC(=O)C2=CC3=CC=CC=C3C(N)2,No matches found,,,
N#CC1=CC(O)=C(C(=O)N)C=C1CC(=C(C(=O)N))C2=CC3=CC=CC=C3[NH1]2,No matches found,,,
CC(N)(C)C1=CC=CC=C1NC(C)CCCCC2=CN=C(N)C=C2,No matches found,,,
O=C(CC1=CC(C(=C(N))C)=CC=C1)CSC2=CC=CC=C2C=CCC(=O)N,No matches found,,,
C=C(CC1=CC(C(=O)O)=CC=C1)CCC2=CC=CC=C2[NH1]C(=O)CC3=CC=CCC3,No matches found,,,
O=C(CC1=CC=CC=C1)NCCCCCC(=C)C2=CC(N)=CCC(=N)2,No matches found,,,
O=C(CC1=CCCC=C1)NCCC=CC=CC=CC2=CC=CC=C2,No matches found,,,
CCC1=CC=CC=C1CCC(C(=O)C)=C=CC2=NC3=CC=CC=C3N2,No matches found,,,
O=C(NC(=O)C(C(=O)C)CCCC1=CC=CC=C1C(C(=O)N))CCC2=CC=CC=C2,No matches found,,,
N(CC1=C(C(=O)N)C=CC=C1C(=C(N))CCC)CCCC2=CC=CC=C2F,No matches found,,,
O=C(CC1=CC=CC=C1)NCC2=C(C(=O)O)C=CC=C2[CH1]C(=C)CC=CCC,No matches found,,,
O=C(NCCCC1=CC(C(=O)N)=CC=C1)NC(=O)CCC2CCC[NH1]C=2,No matches found,,,
CN(CC1=CC(C(=O)N)=CC=C1)C(=O)CCCC(N)CC(O)C2=CC=CC=C2,No matches found,,,
CCC(N)=CC1=CC=C(C(=O)N)C=C1NC(=O)NCCCC2=CC=CC(=O)2,No matches found,,,
CN(CC1=CC=CC(C(=O)N)=C1C)C(=O)CCC=C(N)C2=CC(N)=NC=C2F,No matches found,,,
CCC1=CC=C(C(=O)N)C=C1CCCCCCC=C2C(C)=CC=C(N)2,No matches found,,,
CC(CC1=CC=CC=C1N)CCC=CC=CC2=CC(N)=CC=C2,No matches found,,,
CC(CC1=CC=CC(N)=C1)N(C)C(=O)C=CC(=O)CC2=CC=CC(C(=O)N)=C2,No matches found,,,
O=C(NCC1=CC=CC=C1)NCCCCCC=CC=C2C=CC(N)=CC2,No matches found,,,
CN(CC1=CC=C(N)C=N1)C(=O)NCC2=CC=CC=C2CC3=CCCC=C3,No matches found,,,
O=C(NCCCC=C1CC=CC(C(=O)N)=C1)C=CC2=CC=CC=C2,No matches found,,,
C(C(=O)N)=C(CCC=CC1=CC=CC=C1)CCCC2CC3=CC=CC=C3C2,No matches found,,,
C(C(=O)N)#CC1=C(C(=O)C(C(N)))C=CC=C1NC(=O)C2=CC3=CC=CC=C3C2,No matches found,,,
C=C(N)C1=CC=CC=C1NC(=O)C=CCC(C(=O)N)CC2=CC=CC=C2,No matches found,,,
CCC1=C(C(=O)C)C(N)=CC=C1CC(=O)C2=CC3=C(C(=O)N)C=CC=C3C2,No matches found,,,
O=C(C=CC1=CC=CC=C1)NC(=O)CCCC(=O)CC2=CC(C(O))=CC(=O)C2,No matches found,,,
O=C(CC1=CC=CC=C1)NC(=O)CNC2=C(C(=C(=N))C(C))C=CC=C2C,No matches found,,,
C=C(N)C1=CC=CC=C1NC(=O)C=CCC(C(=O)(N))CC2=CC=CC=C2,No matches found,,,
CC(N)(C)C1=CC=CC=C1NN(C(CC))C(=C)CCC2=CC=CC=C2,No matches found,,,
CC(C)C1=CC(C(C(=O)N))=CC=C1C(=O)NCC=CC=CCNC2=CC=CC=C2,No matches found,,,
O=C(CF)NC1=CC=CC=C1CC(=C(=C(=N)))CC2=CC=CC(C(N))=C2,No matches found,,,
O=C(C(=O)NC(=O)C(N)C1=CC=CC=C1)CCCCCC2CCCCC2,No matches found,,,
CC(N)C1=C(N)C=CC=C1CCNC(=O)CC2=CC3=CC=CC=C3S2,No matches found,,,
O=C(CC1=CC=CC(C(C(N)))=C1)NC(=O)C(=O)NCC2=CC=C(Cl)[CH1]2,No matches found,,,
O=C(CSC1=CC=CC=C1)NCCC(N)CC=CC2=CC(C(=O)N)=CC=C2,No matches found,,,
C(N)C1=CC=C(C(=C)N)C=C1CCCC=CC2=CC3=CC=CC=C3S2,No matches found,,,
O=C(NCC1=CC=CC=C1)CCCC2=CC(C)=C(C(=O)O)C=C(C(=C(=N))C(N))2,No matches found,,,
C(=O)=C(CC1=CC(C(C(N)))=CC=C1)N2CCCC(C3=CC=CC=C3)C2,No matches found,,,
CN(CC1=CC=CC=C1N)CCC=CC=CC=C(N)C2=C(N)C=CC=C2,No matches found,,,
ClC1=CC(C(=O)C)=CC=C1C2=CC=CC=C2CCNN3NCC(N)=C3,No matches found,,,
C(N)CC1=CC=CC=C1CC(=O)NC(C)CC2=CC3=CC=CC=C3C2,No matches found,,,
CC(C)C1=CC=CC=C1N(C)CC=C(N)C(=C)CC2=CC(C(=O)C(N))=CC=C2,No matches found,,,
O=C(CC1=CC=CC=C1N)CCC=CC=CC=CC2=CC=CN=C(C(N))2,No matches found,,,
NC(C)(C)C1=CC=CC=C1NCC2CCCC3=CC(C(=O)O)=CC=C23,No matches found,,,
CCC1=CC=CC=C1N(C)C(=O)CC(C(=O)(N))CC2=CC(C(=O)(N))=CC=C2F,No matches found,,,
O=C(CC1CCC(C(=O)O)CC1)CC2CCC3=CC=CC(C(=O)O)=C3C2,No matches found,,,
O=C(NCC1=CC=CC=C1)NCC2C(N)=CC3=CC=C(C(=O)N)C=C3C2,No matches found,,,
CC(N)(C)C1=CC=CC=C1CNC(=O)C=CC(C(=O)C)CC2=CC=CC=C2,No matches found,,,
NC(CC1=CC=CC(C(=O)O)=C1)=CC(C(C(=O)O))CCCCC2=CC=CC=C2,No matches found,,,
O=C(CC1=CC=CC=C1)NOCCC2=CC=CC3=C2CC(=N)C=C3,No matches found,,,
CC(C)C=C(N)C1=CC=CC=C1C(=O)NCCC2=CC(N)=CC=C2,No matches found,,,
O=C(NCC1=CC=CC=C1)NCN2C(=N)CC3=CC=CC(C(=O)C)=C3S2,No matches found,,,
CC1=CC=CC2=C1CCC2CCCCC3=CC(N)=CC(C)=C(N)3,No matches found,,,
CNC1=CC=CC=C1CCCC=CC2=CC3=CC=CC(C(=C)N)=C3[NH1]2,No matches found,,,
O=C(CC1=CC=CC=C1)NCCCCCCC2=CC=CC3=C2CC(=O)C(=O)C(N)3,No matches found,,,
O=C(CC1=CC(=O)CC=C1)NCCCC2=CC(=O)C3=CC=C(C(=O)O)C=C32,No matches found,,,
CC1=CC=C(C(N))C=C1C(=O)CCC=C2CCCN=C2NCCCC,No matches found,,,
O=C(CC1=CC=C(N)C=C1)CC2=CC=CC=C2CCC3CCC(=O)CO3,No matches found,,,
CCCC1=CC=CC=C1CCC(=O)C=CC2=CC3=CC=C(C(N))C=C3C2,No matches found,,,
CC(C)NC(=O)NCCCCC(=O)SC1=CC2=CC=CC(C(=O)O)=C2C(=C)1,No matches found,,,
O=C(CC1=CC=CC=C1)NCC(=O)C=CC=CC=C(C(N))C2=CC=CC=C2F,No matches found,,,
CC1=C(C(=O)N)CCC=C1SCCC(=O)CC(=O)CC2=CC=C(C(=O)(O))C=C2,No matches found,,,
O=C(N)C1=CC=CC=C1C(=O)CN2CC(=C(=O))CC3=CC=CC=C32,No matches found,,,
CN(C(=O)C1=CC(C(=C(N))C(C(=O)N))=CC=C(C(=O)O)1)CC=CC2=CC=CC=C2F,No matches found,,,
O=C(NC=CC(N)=CCC1=CC=CC=C1)CNC(=O)C2=CC=CC(=O)N2,No matches found,,,
O=C(CC1=CC=CC(N)=C1)N2CCCC(C3=CC=CC(C(=O)O)=C(N)3)=C2Cl,No matches found,,,
CC(N)(C)C1=CC=CC=C1NCCNC(C)(C(=O)C)C2=CC=CC=C2,No matches found,,,
CN(CC1=CC=CC=C1N)C(=C)C=CC2=CC(C(=O)N)=C(N)C=C2Br,No matches found,,,
O=C(CC1=CC=CC=C1)NCCNC=CCC2=CC=CC3=C2CCCC(=C(=O))3,No matches found,,,
O=C(CC1=CC=CC=C1)NCCCC(N)(C)CC=CC2=CC(C(=O)(N))=CC=C2,No matches found,,,
CC(CC1=CC=C(C)C(N)=C1N)CCCC2=CC=CC3=C2CCC3,No matches found,,,
O=C(CCSC1=CC=CC=C1CC(C(=O)C(N)))NC2=CC=CC3=C2NCCO3,No matches found,,,
O=C(CC1=CC=CC=C1)NCC(=O)CC2=CC(C)=C(N)N=C2C(=C(=N))Cl,No matches found,,,
CC(N)(C)C1=CCCC=C1NCCCNC(=O)CC2=CC=CC=C2,No matches found,,,
O=C(C=CC1=CC=CC=C1)NCCC(C(N))CC=CC2=CC(C(=O)O)=CC=C2,No matches found,,,
O=C(CCC1=CC=C(C(=O)N)C=C1)NC(=O)CCC=C[NH1]C2=CCCC=C2,No matches found,,,
O=C(CC1=CC=CC=C1)NCCCC(C2=CC=CC(C(=O)N)=C2)C#C(O),No matches found,,,
CN(CC1=CC(C(=C)O)=CC=C1)C(=O)NC(=O)CCC=CC2=CC=CC=C2Cl,No matches found,,,
C(=N)=C(CC1=CC=C(N)C=C1C)CCC(=O)CC2=CC=CC(N)=C2,No matches found,,,
O=C(CCC1=CC=CC=C1)NCCCC(C(=O)C)CCC2=CC=CC=C2,No matches found,,,
C(N)C1=CC=CC(C(C))=C1CC(=C)NCCCC2=CC=CC(N)=N2,No matches found,,,
NC(N)(C1=CC=CC=C1)N2CCCC(C3=CC(C(=O)N)=CC=C3)C2,No matches found,,,
O=C(CNC1=CC=CC=C1)NCCCCC(=O)CC2=CC(=C(N))CC=C2,No matches found,,,
O=C(CC1=CCCC=C1)NC(=O)CCC(C2=CC=C(C(=N)(N))C=C2)=C,No matches found,,,
O=C(CSC1=CC=CC=C1)NCCN2CC(=O)CC3=CC(=O)CC=C32,No matches found,,,
CCC1=CC=CC=C1CCC(=C(C(C(N))))C=CC2=CC3=CC=CN=C3[NH1]2,No matches found,,,
CC(N)C(N)=CCCCC1=CC=CC=C1NC(=O)NCCC2=CC=CC=C2,No matches found,,,
C(=C)=C(CC1CCC(N)CC1)NC(=O)CCC2=CC=CC=C2Br,No matches found,,,
CC(C(=C)N)CCCC1=CC=CC=C1NCC(=O)CCC(=O)C2=CC=CC=C2,No matches found,,,
O=C(CC1=CC=C(C(=O)N)C=C1)C(C)C(C2=CC(C(=O)N)=CC=C2)C,No matches found,,,
O=C(NCCC(C(=C(N))C(C))CCC1=CC=CC=C1)CSC2=CC=CC=C2,No matches found,,,
O=C(CC1=CC=C(C(=O)O)C=C1)CSC=CC=CC=C(N)C2=CC=CC=C2F,No matches found,,,
O=C(CC=CC=CC1=CC=C(O)C=C1)NC(=O)CCCCC2=CC=CC(=O)2,No matches found,,,
O=C(CCC1=CC(C(=O)N)=CC=C1)NCCC=CC=CC2=NC=CC=C2,No matches found,,,
O=C(CSC1=CC=CC=C1)NCCC(C(=O)C(C(N)))CCCC2=CC=CC=C2,No matches found,,,
O=C(NCC1=CC=CC=C1)NCCC(N)C=CC2=CC(C(=O)N)=CC=C2F,No matches found,,,
C(=O)=C(CCC=CC1=CC=C(C(=O)O)C=C1)C=CCNC2=CC=CC=C2,No matches found,,,
O=C(NCC1=CC=CC=C1)CC2CC=C(N)C3=CC=C(C(=O)O)C=C23,No matches found,,,
O=C(CN1CC=CC=C1)NCCCC2=CC(C(=O)N)=CC=C2CC(C(=O)C),No matches found,,,
CC(N)(C)C1=C(N)CC=C1NC(=O)CNCC2=CC=CC=C2F,No matches found,,,
C(N)CC1=CC=CC=C1CC(=C)C(=O)C=CC2=CC3=CC=CC=C3C2,No matches found,,,
C(=N)=C(CCC1=CC=CC(C(=O)N)=C1)C(=N)CCC=CC2=CC=CC=C2Cl,No matches found,,,
O=C(CC1=CC=CC=C1)NCCCC(C2=CC(C(=O)N)=CC=C2)C#C(O),No matches found,,,
CCC1=CC(C)=C(C(=O)C(N))C=C1NC(C)CCC(=O)C2=CC=CC(C)=C2,No matches found,,,
O=C(NCC=CC1=CC=CC=C1)CNC2CCC3=CC=CC(C(=O)O)=C3C2,No matches found,,,
CC(CC1=CC=CC=C1)C(C)C=CC(=O)NC(=O)CC2=CC=CC=C2,No matches found,,,
O=C(NC1=CC=C(C(=O)N(C(=O)C(N)))C=C1)N2CC=CC(C(=O)C(N))=C2,No matches found,,,
O=C(CC1=CC=CC=C1)NCCC=CC=CC(N)=CC2=C(N)C=CS2,No matches found,,,
O=C(NCC1=CC=CC=C1)NC(=O)CCCC=CC=C2C(=O)NC=CS2,No matches found,,,
CC(C)C1=CC(N)=CC=C1C(=O)CCCC2=CCC3=CC=CC=C3S2,No matches found,,,
CC(N)(C)C1=CC=CC=C1NC(=O)CCCC(C)C2=CC=CC(N)=C2,No matches found,,,
O=C(CC1=CC=CC=C1)NCCC(=C(C(=O)O))C(C)=C2C=CCC(=O)N2,No matches found,,,
CCC1=CC=CC(N)=C1CC(=N)C2=CC3=CC=C(C(=O)N)C=C3C(=O)2,No matches found,,,
O=C(CC1=CC=CC=N1)NCCCC2=CC=C(N)C3=C2C(=N)CC=C3,No matches found,,,
O=C(C1=CC=CC(N)=C1)NCCC(=O)C(N)CC=CC2=CC(N)=CC=C2,No matches found,,,
CC(CC1=CC(N)=CC=C1N)C(C)CCNC(=O)C2=CC=CC=C2,No matches found,,,
CCC1=CCC(C(=C)N)=C1NC(=O)CCCC2=CC(N)=CC=C2,No matches found,,,
CC(C)C1=CC=CC=C1CCC=CC[NH1]C=C(N)C2=CC=CC=C2,No matches found,,,
CC(C(N)C1=CC=CC=C1)C(=O)CCCCC2=CC=CC(C(C(=O)(N)))=C2,No matches found,,,
C=CC1=CC=CC(C(=O)N)=C1CCC(=N)N2CC(=O)CC3=CC=CC=C32,No matches found,,,
C=C(CC1=CC=CC=C1)NCC=CC2=CC=C(O)C(=C2)CCCCC(=O)(N),No matches found,,,
CC1=CC=CC=C1CCN(C)C2=CC3=CC(C(N)(N))=CC=C3CC2=O,No matches found,,,
CN(CC1=CC=CC=C1)C(=N)CCCC2=C(C)C(C(=C(N))N)=CC=C2,No matches found,,,
CC1=CC=C(C(=O)NC(=O)N(C)C(=O)C=CC2=CC(C(=O)N)=CC=C2)C(=O)1,No matches found,,,
CC1=CC=C(CNC(=O)C(C)=CCC(=O)CC2=CC=C(C(=O)C)C=C2)C1,No matches found,,,
C=C(NC1CCCCC1)CSC2=NC3=C(C(=O)N)C=CC=C3N2Cl,No matches found,,,
CSC1=CC=C(C(=O)N)C=C1CCN(C2)C(C(=O)N)C3=CC=CC=C3C2,No matches found,,,
C(C(=O)(N))CC=CC1=CC=CC=C1C(C)CC=CC2=CC=CC=C2,No matches found,,,
CC(N)(C)C1=CC=CC=C1CCC=CC=CCNCC2=CC=CC=C2,No matches found,,,
CC(N)(C)C1=CC=CC=C1CCCCC(C)CC2=C(N)C=CC=C2C,No matches found,,,
CCC1=CC=C(C(N))C=C1NCCC2=NC(N)=CC=C2C3=C(N)C=CS3,No matches found,,,
CC(C)C1=CC=CC=C1CC(C)C=CC(=O)CC2=CC(C(=O)N)=CC=C2,No matches found,,,
O=C(CCC1=CC(C(=O)N)=CCC1)NCCCNC=CC2=CC=CC=C2,No matches found,,,
O=C(NC1=CC(C(C))=CC=C1)C(C)C=CC=CC2=CC=CC=C(C(=O)(N))2,No matches found,,,
O=C(C1=CC=CC=C1)NC2=CC=C(N)C=C2C(=C)C=CCCC(N)C,No matches found,,,
C=C(CC1=CC=CC=C1)C(=N)CC=CC2=CC=CN=C2NC3=CC=CN=C3,No matches found,,,
O=C(CC1=CC=CC=C1)NC(=O)CCCCCCCC2=CC=CC(O)C2,No matches found,,,
C(C(=O)N)=C(CCC1=CC=CC=C1C(=C)C)CC=CC2=C(N)C=CC=C2,No matches found,,,
CC1=C(C(=O)N)C=CC=C1CCN(CCC=CC2=CC(N)=CN=C2)(C(=O)C(N)),No matches found,,,
C(N)(=O)C1=CC=CC=C1CCCCC=CC=C2C(C)=CC(N)=C2,No matches found,,,
CC(=N)C1=CC=CC(C(=O)O)=C1CCNC(=O)N2CSC3=CC=CC=C3C2,No matches found,,,
O=C(CC1=CC(C(=O)N)=CC=C1)CC(=N)C=CC2=CC3=CC=CC=C3CC2,No matches found,,,
CC(NC1=CC=CC=C1N)=CC(=O)N(C)CC2=CC(C(=O)N)=CC=C2C=C,No matches found,,,
C(C(=O)N)CC1=CC=CC=C1NC(=O)C=C2C=CC(N)(C)C=C2,No matches found,,,
CC(CC1=CC(C(=O)C)=CC=C1)N2CCCC(C3=CC=CC=C(N)3)C2,No matches found,,,
O=C(CC1=CC=CC=C1)NCCCN=C=CC2=CC=CC(C(=C)N)=C2,No matches found,,,
O=C(NC(=O)C1=CC=CC=C1)NCCC=CC=C2CC(=O)C(C)=C2S,No matches found,,,
CNC1=CC=CC=C1C(=O)CNC(=O)SC=CCC2=CC=C(C(=O)C(C(N)))C=C2,No matches found,,,
O=C(NNC1=CC=CC=C1)C(=N)CC(=O)N=CC=CC2=CC=CC=C2F,No matches found,,,
CNC1=CC=CC=C1CC(=C(C(=O)C(N)))C2=CC3=CC=CC(C(=O)(O))=C3S2,No matches found,,,
O=C(NCC1=CC=CC=C1)C(C)=CNCC=CC2=C(C(N))C=CC=C2C,No matches found,,,
CC(C)C1=CC=CC(C(=O)O)=C1NCCCC2(C)CC3=CC=CC=C3CC2,No matches found,,,
O=C(NCCCCCCC1=CC=CC=C1)NC(=O)C2=CC=CCC(N)2,No matches found,,,
O=C(CC1=CC=CC=C1)NCCCC(C(=O)C)CCCC2=CC=CC2,No matches found,,,
CC(C(=O)C1=CC=CC(N)=C1C(=O)CC)NC(=O)CC2=CC=CC(N)=C2,No matches found,,,
CC(CC(N)C1=CC=C(C(=O)O)C=C1)CC2=CC=C(N)C3=CC=CC=C23,No matches found,,,
O=C(CCC1=CC=CC=C1)NC(=N)C(C)CC2=CC=CC(C(=C)N)=C2,No matches found,,,
O=C(CC1=CC=CC(N)=C1)NCCC(N)CCC=CC2=CC=CC=N2,No matches found,,,
O=C(CCC1=CC=CC=C1)NC(=O)NCC=CC2=CC(=O)CC(N)=C2Cl,No matches found,,,
CCC1=CC=CC=C1CNC(=N)CCC(=O)N2C(=O)CSC3=CC(O)=CC=C32,No matches found,,,
CC1=CC(Cl)=C(C(=C(N))O)C=C1CC(=O)NCCCC2=CC=CC=C2C,No matches found,,,
C(C(=O)N)C(CC1=CC=CC=C1)NC(=C)C=CC2=C(C(=O)N)C=CC=C2,No matches found,,,
CC=CC(=O)CC1=CC=C(C(=O)O)C=C1CCC(C)NCC2=CC=C(C)C=C2C,No matches found,,,
O=C(NCC1=CC=CC=C1)NCC2CC(=O)C(=O)C3=CC=CC(C(=O)N)=C23,No matches found,,,
CC(C)(N)C1=CC=CC=C1CCC(=C(C(=O)O))CCC=CC2=CC=CC=C2F,No matches found,,,
O=C(NCC1=CC=CC(=O)C1)CCCC=CC=CC2=CC=CC=C2F,No matches found,,,
CC1=CC(N)=C(C(=O)N)C=C1CCCCNC=C2C=CC=CC2=C,No matches found,,,
CCC(=O)CC(N)=C(SCC(=O)NCCC1=CC=CC=C1)C(=O)C=CC,No matches found,,,
CN(C)C1=CC=CC=C1C(=N)CCCC(C)=CC2=CC=CC=C2C(N)=C,No matches found,,,
C(=O)(CC1=CC=CC=C1)NCCCC=CC2=CCC3=CC=CC=C3O2,No matches found,,,
C=C(NCCCCC(N)C1=CC=CC=C1F)CCC2=CC(C(=O)N)=CC=C2,No matches found,,,
C(N)(=O)CCCCCCC(=C(C(O)))C1=CC2=C(C(=O)N)C=CC=C2C(=O)1,No matches found,,,
O=C(NCC1=CC=CC=C1)NCCC(=C(=C(=C(=O))))CCCC2=CC=CC=C2,No matches found,,,
CCCC(=O)CC1=CC=CC=C1C(=O)CC(C)CCNC2=CC=C(N)C=N2,No matches found,,,
CC(C)C1=CC=CC=C1NCC=CCNC=C(N)C2=CC=CC=C2,No matches found,,,
CC1=CC=CC=C1C2=NC=C(C=C2CNCCC(N)=CC(N)=CC)C,No matches found,,,
O=C(CC1=CC=CC=C1)NCCCC(=C(=O))C(C)C=CC2=CC=CC=C2,No matches found,,,
O=C(CC1=CC=CC=C1)NCCCC=CC2=CC(C(=C)C(C(=O)N))=C(N)C=N2,No matches found,,,
CNC1=C(C(=O)(N))C=CC=C1CC(=C(=O))C2=CC3=C(C(=O)O)C=CC=C3[NH1]2,No matches found,,,
CC(CC1=CC=CC=C1N)CCCC(C(=O)O)CC2=CC(C(=O)N)=CC=C2,No matches found,,,
O=C(CCC1=CC=CC=C1)NC(=O)CCCCCC(N)C2=CN=C(N)C=C2,No matches found,,,
N=C(C1=CC=CC=C1)CNC=CC2=CC=CC(=C2)CCC(=N)CC,No matches found,,,
CC(N)(C)C1=CC=CC=C1CCCCC(=O)C=CC2=CCCC=C2,No matches found,,,
CSC1=CC=CC=C1N(C)C(=O)CC(C(=O)C)CC2=CC(C(=O)(N))=CC=C2,No matches found,,,
NC1=CC=CC=C1CCC(C=CC2=CC(C(=C(N))N)=CC=C2)=C,No matches found,,,
NCC1=CC=CC=C1NCCC(C(=O)(N))CC2=CC3=CC=CC=C3S2,No matches found,,,
C(N)=C(CC1=CC(N)=CC(C(=O)N)=C1N)CCCC2=CC=CC=C2CC,No matches found,,,
CN(C(=O)C1=CC(C(=C)N)=CC=C1)N=CC=C(N)C2=CC=CC(C(=O)O)=C2,No matches found,,,
O=C(CC=CC(C)=CCCC1=CC=CC=C1)NC(=O)CCC2=CC=CC(F)=C2,No matches found,,,
O=C(NC(=O)NCC1=CC=CC=C1)CC(=C(N))C=C(C)CC(=O)CCCC,No matches found,,,
O=C(NCC1=C(N)N=CC=C1)NCC2CCC3=CC=CC(C(=O)O)=C3C2,No matches found,,,
O=C(CC1=CC=CC=C1)NCC=CC=CC2=CC=NC=C2SCC(=O)N,No matches found,,,
NC1=CC=C(C(=O)O)C=C1CCNC(=O)CNC2CCC3=CC=CC=C3C2,No matches found,,,
O=C(CCC1CCCC1)NC(=C(=O))CCC2=CC=CC=C2C(N)=C,No matches found,,,
O=C(C(N)C1=CC=C(N)C=C1)NC(C)CC2=CC=CC=C2C(=O)N,No matches found,,,
C1=CC=CC=C1CCNC(=O)CC(C(N))C2CCC3=CC=CC=C3C2,No matches found,,,
O=C(CC1=CC=CC=C1)NCCCC=CC2=CC=NC(N)=C2C(O)CCCC,No matches found,,,
O=C(CCSC=CC1=CC=CC=C1N)NCC2=CC=CC3=C2NCCC(=O)3,No matches found,,,
CC(C1=CC=CC=C1N)CCCN(C)C(=O)C2=C(C(C))C=CC=C2CC,No matches found,,,
O=C(NC=CCC(=C(C(=O)O))CCCC1=CC=CC=C1)C=CC2=CC=CC=C2,No matches found,,,
O=C(CCC1=CC(C(=O)N)=CC=C1)C(N)CCC(=O)CC=CC2=CC=CC=C2,No matches found,,,
CCC1=CC=CC=C1NC(=O)CC(C(=C(=O))C(N))CC2=CC(Cl)=CC=C2,No matches found,,,
CC(N)(C)C1=CC=CC=C1NCC(=O)CC2=CC(C(=C(N))N)=CC=C2Br,No matches found,,,
CCCCC(N)=C(NC(=O)N1CCCC2=CC=C(C(=O)N)C=C2Cl)CC1,No matches found,,,
NC(=O)C1=CC=CC=C1CCCC2=CN(C(=O)O)CC=C2C3=CC=CS3,No matches found,,,
CC(N)CCNC1=CC(N)=CC=C1CCN(C)C(=O)C2=CC=CC=C2CC,No matches found,,,
CN(CC1=CC=CC=C1)CCC2=CC=CC=C2NC=CC3=CCC(=O)C(N)=C3,No matches found,,,
O=C(CC1=CC=CC=C1N)CCC=CC=C(N)C(N)=CC2=CC=CC=C2,No matches found,,,
CN(CC1=CC=CC=C1CCCC)CC(=O)CC2=CCCC(C(=O)N)=C2Cl,No matches found,,,
O=C(CSC1=CC(C(=O)N)=C(N)C=C1)NC(=O)CCC2(C)C=CC=C2,No matches found,,,
CC(N)(C)C1=CC=CC=C1CC(C)=CCCC2=CC=C(N)N=N2,No matches found,,,
CC(N)(C)C1=CC=CC=C1NC(=O)CCCCCC2=C(N)C(=O)CC=C2F,No matches found,,,
O=C(NC(=O)C1=CC=CC=C1)CCC2C(=C)C=CC3=CC=CC=C23,No matches found,,,
O=C(NCC1=CC=CC=C1)C(=O)CCN2NC3=CC=C(C(=O)N)C=C3S2,No matches found,,,
NCCCCC1=CC=CC(C(=O)O)=C1NCCC=CC2=CC=CC(Cl)=C2,No matches found,,,
O=C(NCC1=CC=CC=C1)CCC=2C=CC3=CC=CC(C(=O)O)=C3S=2,No matches found,,,
O=C(NCC1=CC=CC=C1)CCC2C(C(=O)N)CCC3=CC=CC=C23,No matches found,,,
O=C(CC1=CC=CC(C(=O)O)=C1)C(=O)CSC=CC2=CC3=CC=CC=C3C2,No matches found,,,
CC1=CC=CC=C1CCCC(C(=O)C(=O)C2CNC3=CC=CC=C3)=C2C,No matches found,,,
O=C(CCC1=CC=CC=C(C(=O)N)1)C(=O)CC2=CNC3=CC=CC=C3S2,No matches found,,,
NC(=C)C1=CC=CC=C1CCCCC2CCC3=CC=CC=C3C2,No matches found,,,
C(=O)=C(CCC1=CC=CC=C1C(N)(N)C)CCC(=O)NC2=CC=CC=C2,No matches found,,,
O=C(NCC1=CC=CC=C1)CC(=O)N(C(=O)C)CC(=O)C2=CC=CC(=O)C2,No matches found,,,
O=C(CCC1=CC=CC=C1)NC=C(C(C(=O)C(=N)))CC2=CC=CC(C(=O)O)=C2,No matches found,,,
CC1=CC(=O)CC=C1C(=O)NC(=O)CCCN2CCNC3=CC=CC=C32,No matches found,,,
O=C(CSC(=O)C1=CCCC(C(=O)(N))=C1)CCCCNC2=CC=CC=C2,No matches found,,,
CC(C(=O)N)CC1=CC=CC=C1C(=O)CCCC(N)C2=CC=CC=C2,No matches found,,,
C(=O)(CC1=CC=CC=C1)NCCC(C(C(N)))=C=CC2=CC=CC=C2Br,No matches found,,,
CC(N)(C)C1=CC=CC=C1NC(=O)CCCC(N)C2=CC=C(N)N=C2,No matches found,,,
CC(C)C1=CC=CC=C1C2CC(=O)C(CC3=CC(C(=O)C)=CC=C3)=C2,No matches found,,,
CC1=CC=CC(C)=C1C(N)(N)C(=O)NCC=CC2=CC=CC=C(C(=O)N)2,No matches found,,,
CC(CC1=CC=CC=C1N)CCCC(=O)C(N)=C(C)C2=CC=CC=C2,No matches found,,,
