Query SMILE,Closest Match,Distance,Similarity
CC(N)(C)C1=CC=C(C(=O)N)C=C1N2CCCC(C3=CC(C(=O)C(C(C(=O)N)))=CC=C3)=C2,[O-]C(=O)c1cc(N2N=CC(c3cc(ccc3)C(=O)N)=C2)ccc1,0.6470279304978264,0.26666666666666666
CC1=CC=CC=C1CC(=O)NCC(=O)C2=CC(=O)CC=C2C3=CC=CC(C(=O)C(N))=C3,[O-]C(=O)c1cc2c(cc1)C[NH+](C2)CC(=O)NCc3ccccc3,0.7081402995353265,0.2
O=C(CC1=CC=CC(=C(N))C(=O)1)CC2=CC=CC=C2C=CC3=CC=C(C(=O)N)C=C3,O=C(NCC=CCNC(=O)c1c(c(ccc1)C(=O)N)C)c2c(c(c3ncccc3)ccc2)C,0.6632186186327633,0.15853658536585366
CC(N)(C)C1=CC=CC=C1NCC2=CC(N)=CC=C2CC3CCC(N)(C)CC3,O=C(N1CCN(C(=O)c2ccc(cc2)C(=O)N)CC1)c3cc(ccc3)C(=O)C,0.6625667400191306,0.1095890410958904
O=C(CC1=CC(C(=C)N)=CC=C1)N2CCN(CC3=CC=C(C(=C(C(=O)N))N)C=C3)C(=O)2,Clc1c(cccc1)C=CC(=O)N(CCN(C(=O)Cc2cc(ccc2)C(=O)N)C)C,0.5824290612444638,0.27848101265822783
O=C(CCC1=CC=CC(C(=C(N))(C(=O)N))=C1)N(C(=O)(N))C(=O)C=CCC2=CC=CC=C2,Clc1c(ccc(c1)C(=O)NCC=CCNC(=O)C2=Cc3c(cccc3)C2)C(=O)N,0.6667447582046547,0.2125
O=C(CC1=CC=C(C(=O)C)C=C1)NCC2=CC(C(C(N)))=CC=C2[CH1]C=CC3CCCCC3,Could not process,,
C(C(=O)N)=1C2=CC=CC(C(=O)N)=C2C=CC=1C=CC3=CC(C(=C(N))N)=CC=C3C,O=C(NCC=CCNC(=O)CCCc1c(OC)cc(OC)cc1)C2=Cc3c(cccc3)C2,0.6463746370391217,0.11235955056179775
C(C(C(=O)N))CC1=CC=CC=C1CCNC2=CC=CC=C2C3=CCC(=C)C(=O)S3,S(Cc1c(F)ccc(c1)C(=O)NC2=Nc3c(N2)ccc(c3)C(=O)N)C,0.6921007507960524,0.13636363636363635
O=C(NCC1=CC=CC=C1)CC2CC(=O)C3=CC=C(C(C(C(C(C(=O)N)))))C=C3S2,O=C(N)c1c(cccc1)CCC(=O)NCC(CNC(=O)CCc2c(cccc2)C)C,0.67611542476068,0.2077922077922078
O=C(CC1=CC=CC=C1)NCC(C(=O)N)=CC2=CC=C3C(=C2)C(=C(C(C(N)))(N))CC3,Clc1c(cccc1)CC(C(=O)N)CNC(=O)Nc2c(F)ccc(c2)C(=O)N,0.639906714930905,0.1744186046511628
O=C(C1=CC(C(C))=CC=C1)NCC2=CC=CC(C(=C))=C2CCC(=C(N)(C))C(=O)N,O=C(NCCCCNC(=O)C(c1ccccc1)c2ccccc2)C=C(CC)CC,0.7249765053980048,0.18181818181818182
O=C(CC1=CC(C(=C)N)=C(N)C=C1)N2CC(C(=O)N)=C(C3=CC=CC(C(=O)N)=C3)C2,O=C(NCCNC(=O)Cc1c(ccnc1)C)Cc2c(cccc2)CC,0.6340673658848015,0.11392405063291139
CC1=CC=C(C(=O)(N))C=C1C(=O)CN(C)C2CC3=CC(C(C(C(C(=O)N))))=CC=C3CC2,O=C(N)c1cc(O)c(NC(=O)C=2Nc3c(cccc3)C2)cc1,0.6534091545540963,0.17073170731707318
N#CC1=C(C(=O)N)C=CC=C1CCC(=N)C=CC2=CC3=CC(C(=O)N)=CC=C3C=C2,O=C(NCCC(=O)N(Cc1ccccc1)C)c2ccc(Nc3cnccc3)cc2,0.7097560498764357,0.12087912087912088
C=C(CC1=CC=CC2=C1C=C(C(=O)N)C=C2)C=C(N)C3(C(=O)O)CC4=CC=CC=C4C3,S1c2c(ccc(c2)C)C(C(=O)NCCC(=O)NCc3ccccc3)=C1,0.6333489506715295,0.14457831325301204
O=C(CC1=C(C(=O)O)C=CC2=C1C=C(C(=O)N)C=C2)C=CC3(N)CC4=CC=CC=C4C3,O=C(N1CCN(C(=O)Cc2ccc(cc2)C(=O)N)CC1)c3ccc(cc3)C(=O)C,0.6349461850660748,0.2112676056338028
CC1=CC=C(C(=O)O)C=C1NC(=O)NC(=O)C2=CC3=CC(Cl)=C(C(=C)C(N))C=C3C(=O)2,FC(F)(F)C=Cc1c(NCCC2c3c(cccc3)CC2)cccc1,0.67634148587933,0.07446808510638298
O=C(NC1=CC=CC(C(=O)C)=C1)N2CCC(=O)C(C3=CC=CC(C(=O)C(=N)(C(C)))=C3)=C2,[O-][N+](=O)c1c(ccc(c1)C(=O)N2CCN(C(=O)c3cc(c4ccccc4)ccc3)CC2)C(C)C,0.5983502697053067,0.2375
O=C(NC1=C(C(=O)N)C=CC2=C1C=C(C(=O)N)CC2)C(=O)C=CC3=CC=CC(C)=C3,O=C(OCc1ccccc1)NC(C(=O)OCc2cc(ccc2)C(=O)N)Cc3ccccc3,0.6656858119976857,0.15853658536585366
C=C(C(N)C1=CC=CC=C1)C(N)=CC2=CC=CC(=C2)CC3=CC=CC(C(=O)N)=C3,O=C(NCCNC(=O)C1=CCC1)c2cc(c3ccccc3)c(cc2)C,0.6856264572588229,0.16216216216216217
CC1=CC=C(C(=O)(N))C=C1CC2=CC(N)=CC=C2CCNC3=C(N)C=CC(=O)C3,O=C(OCC(=O)NC(=O)Cc1ccccc1)Cc2cc(ccc2)C(=O)N,0.6932425460005962,0.19480519480519481
CC1=CC=CC=C1C(=O)NC=CC2=CC(=O)CC=C2C3=CC=CC(C(=O)N)=C3,Clc1c(ncc(c1)C(=O)N)C(=O)Nc2c(cccc2)C(C)(C)C,0.6977612541423669,0.23076923076923078
O=C(CC1=CC(C(=O)C(=O)(N))=CC=C1)N2CCC(CC3=CC=C(C(=O)(N))C=C3)C2(=O),Brc1c(cccc1)C(=O)NCC(=O)N(CCCNC(=O)C2=CCC2)C,0.6456434013553809,0.10465116279069768
CC1=C(C(=O)N)C=CC=C1CSC2=CC=CC=C2C=C3C=C(C(=O)N)C4=CC=CN=C34,O=C(N)c1cc(ccc1)CC(=O)N(C(Cc2cc(ccc2)C)C)C,0.6753160667625223,0.17073170731707318
CC1=C(C(=O)N)C=CC=C1CCCCC=CC2=C(C(=O)N)C(=C)C3=CC=CC=C3C2,O=C(NCc1cc2NCCc2cc1)NCC(=O)NCC(=O)NCc3ccccc3,0.6919034261043154,0.14285714285714285
C(N)C1=CC=CC=C1CCC2=CC=CC=C2C=CC=CC3=CC(C)=CN=C(N)3,O=C(NCC(=O)NCCc1ccccc1)C(Cc2ccccc2)CCc3ccccc3,0.6538372595851663,0.11764705882352941
C(N)CCCCC1=CC=C(C(=O)N)C=C1N2CCCC(C3=CC=CC(C(=O)N)=C3)C(=O)2,O=C(NC1CC(NC(=O)c2ccc(cc2)CC(=O)N)C1)c3cc(ccc3)C4CC4,0.6694767479529391,0.28
CC(=C(C(=O)N))C1=CC=CC=C1CCNC2=CC=CC=C2C3=C(N)NC(=O)CS3,S1c2c(ccc(OC)c2)C=C1C(=O)Nc3c(cccc3)CC(=O)N,0.6654285650913768,0.21176470588235294
O=C(CC1=CC=CC(C(C)C)=C1)N2C(C(=C)C)=CCC(C3=CC=C(C(=O)N)C=C3)=C2,O=C(OC)c1c(cccc1)CC(=O)Nc2cc(NC(=O)C(=O)N)ccc2,0.6474306013249207,0.17073170731707318
CC1=CC=CC=C1NC=CC=CC2=CC=CC3=C2C=CC(C(=C(C(N)))(N))=C3,O=C(NCC=CCNC(=O)CCNC(=O)Cc1ccccc1)c2nccc(N)c2,0.6965646317200183,0.12790697674418605
CN(CC1=CC(C(=O)N)=CC=C1)C(=O)CC(=O)C2=CCC(=C)C(C)=C2NC3=CC=CC=C3,O=C(NCCCCNC(=O)CCNC(=O)Cc1ccccc1)Cc2c(cccc2)COC(C)C,0.6160340212463415,0.16279069767441862
O=C(CC1=CC=CC=C1)NCCCC2=C(C(=O)N)CCC3=C2C=C(C(=O)N)CC3,Clc1c(Cl)cc2c(NC=C(C(=O)Nc3c(ccc(c3)C(=O)C)C)C2=O)c1,0.6878354258625377,0.10588235294117647
C(N)C1=CC=CC=C1CCC2=CC=CC=C2C=CC=C(N)C(Cl)=C(N)C,O=C(N)c1c(cccc1)CCC(=O)N2c3c(cccc3)CN(C(=O)C2)C,0.698994521928585,0.18571428571428572
C(C(=O)(N))=CC1=CC(C(=O)O)=CC=C1CC(=O)C2=C(C)C3=CC=C(C(=C)(C))C=C3C2=O,[O-]C(=O)c1cc(c(cc1)CNC(=O)c2cc3c(c4c(cccc4)C3=O)cc2)C,0.6137551986474983,0.2631578947368421
O=C(NCC1=CC=C(N)C=C1)CC2=C(C(=O)C)CC3=CC=CC(C(=O)N)=C3S2,O=C1OC(C(=O)NCC=CCNC(=O)C=2Nc3c(cc(cc3)C)C2)=C(c4c1cccc4)C,0.6580285258720365,0.16091954022988506
C(CC1=CC=C(C(=N)C)C=C1)C(O)C2=CC=CC=C2CC3=CC=CC(C(=O)N)=C3,O=C(NCc1c(cccc1)CC)CCC=2Nc3c(cccc3)C2,0.7343511815234844,0.1917808219178082
C(C(=O)C)=C(CC1=CC(C(=O)N)=CC=C1)CCC=C2CCC=C2[NH1]C3=CC=CC=C3,O=C(N)c1cc(ccc1)CNC(=O)CCCC(c2ccccc2)C,0.675886067666989,0.3333333333333333
NC(=O)C1=CC=C(C(=O)N)C=C1CC(=C)C2=C(C(=O)N)C3=CC=CC(C(=O)C)=C3S2,O=C(N1CCN(C(=O)Cc2cc(ccc2)C(=O)N)CCC1)c3cnc(c4ccccc4)cc3,0.639195580287067,0.21686746987951808
O=C(NC1=CC=CC=C1C)N2CC(C(=C)C(C(=O)C))=CC3=CC=C(C(=O)C(C(N)))C=C32,O=C(NCC(=O)N(CCN(C(=O)Cc1cc(ccc1)C(=O)N)C)C)N,0.6559094825034144,0.15476190476190477
CC1=CC(C(C(C(=O)(N))))=CC=C1C2=CC=C(C=C2CC(=O)CC=CC(=C(N))C)C,[O-]C(=O)c1cc(ccc1)CCC(=O)N2Cc3c(NC(=O)C2)cccc3,0.6998092764093135,0.15294117647058825
CCC1=C(N)C=C(C(=O)N)C=C1CCCC2=CC=CC=C2C3=CCCCC(=N)3,O=C(N)c1cc(ccc1)CC(=O)N2CCN(C(=O)Cc3ccc(cc3)C(=O)N)CC2,0.67050279956077,0.2054794520547945
O=C(CC1=CC=CC(=O)C1)CC2=CC(C(=O)N)=CC=C2C(=O)ONC(=O)C3=CC=CC=C3,S(c1cc(ccc1)C(=O)N)C(C(=O)NCc2c(cccc2)C)C,0.6592027558684709,0.2597402597402597
C(C(=O)N)C1=CC=CC=C1NC(=O)NCC2=CC3=CC(C)=C(C(=O)C(N))C=C3C2,S(c1cc(c(cc1)C)C)CC(=O)NCCNC(=O)CCC2(CC2)C,0.646042202666506,0.2125
O=C(CC1CCCCC1)NCC2CC3=C(C(=O)C(C(C(=O)N)))C=CC=C3CC2,O=C(NCc1cc(N)ccc1)c2cc(c(cc2)CC)CC,0.7582147344368411,0.16
O=C(C1=CC(N)=CC=C1NC(=O)C2=CC=CC=C2)C3CCCC(C(C(=O)(N)))=3,O=C(NCC=CCNC(=O)CCc1c(cccc1)C(=O)N)c2cc3c4c(cccc4)Cc3cc2,0.6723010478242184,0.2125
O=C(CC1=CC=CC=C1)NCC=CC2=C(C(=O)N)C(=O)CC(=C2)CCCC(=O)(N),O=C(NCC(CNC(=O)c1c(cccc1)CCC)C)c2ncc(N)cc2,0.6882482865921347,0.15476190476190477
C=C(N)C1=CC=CC=C1CCC2=CC=CC=C2CCC(N)C3CCCCC3,O=C(N)c1c2c(ccc1)C[NH+](CC2)CCC(=O)NCC3CCCCC3,0.66926698991127,0.22535211267605634
CCC1=CC=C(C(=C(=N))C(C(=O)(N)))C(O)=C1CC(=O)NC(=O)C2=CC=CC=C2,Brc1c(cc(OC)cc1)CCC(=O)NCC2CCC(C(=O)N)CC2,0.7419339519505118,0.1875
C(=O)(CC1=CC=C(C)C=C1)NCC=CC2=C(C(=O)N)C=CC=C2NC(=C)C(=O)CC,O=C(NCC=CCNC(=O)c1cc(N)ccc1)c2c(cccc2)C(=O)N,0.6904362259545994,0.3188405797101449
O=C(CC1=CC=CC=C1)NC(=C)C=CC2=CC3=CC=C(C(C(CC))N)C=C3C=C2,O=C(N)c1cc(ccc1)CC(=O)NCC=CCNC(=O)CCc2cnc(N)cc2,0.6678543461940873,0.2073170731707317
O=C(CC1=CC=C(C(=O)N)C=C1)C(=C)C2=CN=NN=C2CC3=CC=CC(C(=O)N)=C3,O=C1N(C(=O)C2C1CC=CC2)CC(=O)NCCCCNC(=O)CCc3ccc(cc3)C(=O)N,0.6165354295609402,0.20512820512820512
O=C(CC1=CC(C(=O)N)=CC=C1)CCC2=CC=CC=C2CC=C(C(=O)O)C3=CCCC=C3,O=C(N)c1cc(O)c(NC(=O)C=2Nc3c(cccc3)C2)cc1,0.6734066440152566,0.18518518518518517
CC(C(=O)C1=CC=CC=C1)C(=N)CCC(=O)N2CCC3=CC=C(C(=O)N)C=C3C2,Clc1cc2c(c(ccc2)C(=O)NCCC(NC(=O)CCc3c(C#N)cccc3)C)cc1,0.6228086368217902,0.15789473684210525
O=C(CC1=CC=C(C(=O)C)C=C1)NCC2=CC(N)=CC(C)=C2N3CCCC(C)C3,O=C(NCCc1ccccc1)C[NH2+]C2Cc3c(cccc3)CC2,0.7287924835079329,0.1686746987951807
C1=CC=C(C(=O)(N))C=C1CC(=O)NC(=O)C2=CC3=CC(C(=O)(N))=CC=C3C(=C(N))2,O=C(N)c1cc(ccc1)CC(=O)NC2c3c(ccc(c4ccccc4)c3)CC2,0.6555998037399535,0.35714285714285715
O=C(C(=C)CC1=CC=CC(C(=C)N)=C1)CCC(C)=C(C(=O)N)C2=CC=C(C(=O)O)C=C2,O=C(NCCC(=O)NCCNC(=O)CCNC(=O)Cc1ccccc1)Cc2ccccc2,0.6817303245414243,0.22033898305084745
C=C(C1=CC=CC=C1)CC2=CC=CC=C2C(C(=O)C)CC3=CC=CC(C(=O)(C(N)))=C3,O=C(N(C1CN(C(=O)Cc2ccc(cc2)C(=O)C)CCC1)C)c3cc(ccc3)C4CC4,0.6511557479807216,0.21686746987951808
CC1=CC=CC=C1C(=O)NC=CC2=CC=C(C)N=C2CC(=O)CC3=CC(C(=O)O)=CC=C3,O=C1NNC(=O)c2c1cc(cc2)C(=O)NCC=CCNC(=O)CNC(=O)c3ccc(N)cc3,0.6615348320747791,0.1511627906976744
C(C(=O)(N))=CC1=CC=CC=C1CC(=C)C2=C(C)C3=CC=C(C(=O)(N))C=C3C(=O)2,Fc1c(cccc1)CN(C(=O)C(=O)NCc2c(F)cccc2)C,0.6680324740319789,0.16666666666666666
O=C(CC1=CC(C(N))=CC=C1)C(C)C2=CC=CC=C2CC3=CC=C(N)C(C(=O)N)=C3,[O-][N+](=O)c1c(ccc(c1)C(=O)N2CCN(C(=O)CCCC(=O)c3cc(OC)ccc3)CC2)C(C)C,0.6237791396796069,0.17582417582417584
O=C(C1=CC=C(C(=O)C)C=C1)NC2=NN=C(N)CN2C=CC3=CC=CC(C(C(=O)(N)))=C3,FC(F)(F)C1Oc2c(cccc2)C=C1C(=O)Nc3c(cccc3)CCC(=O)N,0.6174109746220882,0.1590909090909091
C(C(=O)(N))#CC1=CC=C(C(=O)C(C(C(=O)N)))C=C1CC(=O)C2=CC3=CC=CC=C3C2,O=C(N)c1c(cccc1)CCC(=O)NCC=CCNC(=O)CCCCCC(=O)Nc2ccccc2,0.6624070604550847,0.18181818181818182
O=C(CC1=CC=CC=C1)NCC=CC2=C(C(=C(N))N)C=CC=C2CC(=O)CCC,O=C(NCCCCNC(=O)CCc1ccncc1)Cc2cc3c(cc2)CCC3,0.7118111614551949,0.2
O=C(CC1=CC=CC=C1)C(=C)C2=CC=CC=C2CC3=CCCC(C(=O)C(=O)(N))=C3,O=C(N)c1cc(ccc1)CCNC(=O)C(Nc2ccccc2)C,0.7909435072683553,0.2
O=C(C1=CC(N)=CN=C1NC(=O)C2=CC=C(C(=O)O)C2)CCCC3CCCCC3,O=C(OC)c1c(cc(cc1)C([NH2+]CCCc2c(cccc2)C)C)C,0.6207840109332625,0.11494252873563218
CC1=CC=C(N)C=C1CC2=CC=CC=C2CCC(C)CC3=C(N)C(N)=CC=C3,Fc1ccc(cc1)CNC(=O)C(=O)NCC(O)(CNC(=O)CCC=Cc2ccccc2)C,0.6974660971660664,0.10975609756097561
O=C(CCC1=CC=CC2=C1C=C(C(=O)N)C=C(N)2)NC3=CC(=N)CCC3,O=C(NCCNC(=O)C(Cc1c(cccc1)C)C)c2cc(c(cc2)C(=O)C)C,0.6929100302129884,0.15853658536585366
O=C(CC1=CC(N)=CC=C1)C(C)C2=CC=CC=C2CC3=CC=C(N)C(C(=O)N)=C3,S1c2c(NC(=O)Cc3c(cccc3)CC)cccc2C=C1C(=O)OC,0.6331832609022231,0.19480519480519481
O=C(CCC1=CC=CC=C(N)1)NCC2CC(=O)C3=CC=CC(C(=C)N)=C3C=2,O=C(N(CCN(C(=O)C1=CNC(=O)C=C1)C)C)c2cc(Nc3ccccc3)ccc2,0.7061735433916104,0.14634146341463414
O=C(CC1=CC=CC=C1)NCC=CC2=C(C(=O)O)C=CC(=C2)CC(=O)CCC(N)C,S1c2c(cccc2)C(C(=O)NCCNC(=O)c3c(ccc(c3)C(=O)N)C)=C1C(=O)C,0.651525600620857,0.1744186046511628
O=C(N)C1=CC=CC=C1CCC2=CC=CC=C2C(=C)C(C3)CCC(C(=C(C(=O)(N)))N)C3,O=C(NCC=CCNC(=O)CCc1c(cccc1)C(=O)N)c2cc3c4c(cccc4)Cc3cc2,0.6053637713923784,0.3235294117647059
CCC1=CC(N)=C(C(=O)N)C=C1CC(=O)C=C(C(=O)NC)C2=CC=C(C)C=C2,O=C1Nc2c(cc(cc2)CCCC(=O)Nc3c(cccc3)C(C)(C)C)C1,0.7035221518156332,0.11627906976744186
CC1=C(C(=C)N)C=CC=C1CCC=C(CCNC(=O)C(N))CC2=CC=CC=C2C,O=C(NC(CCNC(=O)CC1CCCCC1)C)c2ccc(cc2)C(=O)N,0.7529200922771991,0.18292682926829268
CN(C1=CC=C(C(=C)N)C=C1)C(=O)C2=CC=CC=C2C=CC3=CCCC(C)=C3,O=C(N)c1c(N2CC([NH2+]C(Cc3cc(ccc3)C)C)CC2)cccc1,0.6618608082452695,0.1839080459770115
O=C(CC1=CC=CC=C1)NCC2=CC=CC=C2CC(=C(=O))CC3=CC(=O)CC=C3,O=C(NCCc1ccccc1)C[NH2+]C2Cc3c(cccc3)CC2,0.7307977789700002,0.2361111111111111
CN(CC1=CC(C(=O)(N))=CC=C1)C(=O)CC(C)C2=CC=CC=C2NC3=CC=CC=C3,[NH+]1(Cc2c(cccc2)C(C)(C)C)Cc3c(ccc(N)c3)CC1,0.6645195316363699,0.1111111111111111
CC(N)(C)C1=CC=CC=C1CCCCC2=CC=CC=C2NC3=C(N)C=CCC3,O=C(N(CCN(C(=O)CCCCc1ccccc1)C)C)C(C2CCCCC2)C3CCCCC3,0.7173549815992951,0.16
O=C(NCC1=CC(N)=CC=C1)CC2=C(C(=O)C(N))C(=C)CC3=CC=CC=C23,Clc1cc2c(c(ccc2)C(=O)NCc3cc(F)c(C#N)cc3)cc1,0.7198163568322135,0.1927710843373494
CC1=CC=CC=C1CC(N)=CC(=O)CC2=CC(N)=NN=C2C3=CC=CC(C(=O)N)=C3,Brc1c(SCCC(=O)Nc2c(cccc2)CC)ccc(N)c1,0.6800226218556886,0.1875
NC1=CC(C(=O)(N))=CC2=C1CC(=C)C(=O)N2CCC(=O)NC3=NC=CC(C)=C3,O=C1OC(C(=O)NCC(CNC(=O)Cc2c(cccc2)C)(C)C)=Cc3c1cccc3,0.6873270471643638,0.13978494623655913
CC(N)(C)C1=CC=CC=C1CCN(C(=O)C(=O)(N))CCC=CC2=CC=CN=C(N)2,O=C(N1CCN(C(=O)Cc2cc(ccc2)C(=O)N)CCC1)c3cnc(c4ccccc4)cc3,0.711738916797084,0.14130434782608695
C(C(=O)N)C1=CC=C(C(=C)C(C(=O)N))C=C1CC(=O)C2=CC3=CC=CC=C3C2,Fc1c(cccc1C(=O)N)C(=O)N(Cc2c(cccc2)C(C)(C)C)C,0.6821012662114534,0.15789473684210525
C(=O)(CC1=CC=CC(C(=C)N)=C1C)CC=CC=CC2=CC=CC(C(=O)(N))=C2,O=C(OCC(=O)Cc1ccccc1)c2cc(N3C(=O)NCCC3)ccc2,0.6958762320372585,0.18292682926829268
CC(N)(C)C1=CC=CC=C1CCC(=C(C))CC=C(C)C2=CC=C(C)C=C2,O=C(NCC=CCNC(=O)C1=Cc2c(cccc2)C1)c3c(cccc3)C(=O)N,0.7101974082827474,0.1506849315068493
O=C(C(N)=CC1=CC=CC=C1)CC=C(C(=O)N)CC=CC2=CC(C(=O)N)=CC=C2,Clc1c(Cl)cc2c(NC=C(C(=O)Nc3c(ccc(c3)C(=O)C)C)C2=O)c1,0.6758617817057101,0.0975609756097561
O=C(CCC1=CC=CC=C1)NCC=2C(=O)CC3=CC=CC(C(=C(N))N)=C3C=2,O=C(N)c1c(cc(NC(CCCCc2ccccc2)C)cc1)C,0.7016879094890742,0.24
O=C(C1=CC=CC(N)=C1)NC2=CC=CC=C2C=CC3=C(C(=O)N)CCC(C(=O))=C3,O=C(N)c1cc(ccc1)CC(=O)NCCCCNC(=O)CCNC(=O)Cc2ccccc2,0.6410846899118989,0.21333333333333335
O=C(CC1=CC(C(=O)N)=CC=C1)C=CC=C2C=CC=C(C(C(C(=O)N)))C2=C,S1c2c(ccc(OC)c2)C=C1C(=O)Nc3c(cccc3)CC(=O)N,0.6579351702710958,0.1875
CC1=CC=C(C(=O)N)C=C1NC(=O)CC=C2C(C(=O)C)=C(N)C=C2CCCCC,O=C(Nc1ccccc1)CC[NH2+]Cc2c(cccc2)C(C)(C)C,0.7275121094199096,0.13414634146341464
CC(N)(C)C1=CC=CC=C1CCC=C(C(=O)C)CCC=CC2=CN=C(N)C=C2,O=C(N1Cc2c(ccc(N)c2)C1)c3c(cccc3)CN4N=NC(c5ccc(N)cc5)=C4,0.7083942941945665,0.17045454545454544
O=C(CC1=CC=C(N)C(C(=O)N)=C1)N2C=C(C(O))CC(C3=CC=C(C(=O)C)C=C3)=C2,O=C(NCc1cc(ccc1)C)c2ccc(cc2)C(=O)NCCC(=O)N(Cc3ccccc3)C,0.6490853313980964,0.15476190476190477
O=C(CC1=CC=CC=C1)NCCC=C2C=CC3=CC(N)=C(C(=O)N)C=C3C2,O=C(NCCNc1c2c(ccc1)cccc2)CC([NH3+])c3c(cccc3)C,0.7380674372600636,0.175
C(N)C1=CC=CC=C1CCC2=CC=CC=C2C=CC=CC(C(N))=C(N)C,O=C(Nc1c(NCCC)cccc1)c2c(cccc2)C,0.7432337594761829,0.12903225806451613
NC1=CC=C(N)C=C1CC2=CC=CC=C2CCC(=O)C3=CC=C(C(N))CC3,Clc1c(F)cccc1CC(=O)NCC=CCNC(=O)c2c(F)cccc2,0.7130873308388503,0.17567567567567569
C(=O)(N)CC1=CC=CC(C(=O)C)=C1CC=C(C)C(=O)C=C(N)C2=CC=CC=C2C,O=C(Nc1c(cccc1)CCC(=O)N)c2c(N)cc3c(c2)CCCC3,0.7224753348716102,0.20270270270270271
C(CC(=C(=O)))=C(CC1=CC=CC=C1C)C2=CC(C(=O)N)=CC3=CC(C(=O)N)=CC=C32,O=C(NCC=CCNC(=O)c1cc2c3c(cccc3)Cc2cc1)c4c(c(ccc4)C(=O)N)C,0.6633773978539993,0.24358974358974358
CCC(=O)C=C(N)C1=CC=CC(C(=O)N)=C1C(=O)C(C)=CC(=O)C2=CC=C(C)C=C2,O=C(N)c1c(cccc1)CCC(=O)Nc2c(O)cc(cc2)C(=O)N,0.6733607797216732,0.23880597014925373
O=C(CC1=CC2=CC=CC=C2C(=O)1)NCC3=CC=CC4=C3NC(=C)CC(=O)4,Fc1c(F)cccc1CCC(=O)Nc2cc(NC(=O)CCCCCC(=O)Nc3ccccc3)ccc2,0.6785592547177757,0.2
CC(N)(C)C1=CC=CC=C1CCC=CC2=CC(=O)CC=C2NC3=CC=CC=C3,O=C(Nc1ncccc1)CNC(=O)Cc2c(cccc2)C,0.7253140440703252,0.14473684210526316
O=C(NC1=CC=CC=C1N)CCCC2=CC(=C(=O))C3=CC=C(C(C(N)))C=C32,O=C(N1Cc2c(c(ccc2)C(=O)N)CC1)c3c(cc(N)cc3)CC,0.6938563134562383,0.1566265060240964
C=C(N)C1=CC=CC(C(=O)C)=C1CCNC(=O)CC2=CC3=CC=CC=C3C2=O,O=C(NCC[NH2+]C(c1ccccc1)CCCC)Cc2ccccc2,0.7233076105245791,0.22972972972972974
O=C(CC1=CC=CC=C1)NCCCC2=CC=CC3=C2CC(=C(=C(N)))CC3,O=C(NC(CCCNC(=O)CCNC(=O)Cc1ccccc1)C)c2c(O)c(ccc2)CC,0.7231544021453449,0.3835616438356164
NC(=O)C1=CC=CC(C(=O)C)=C1CC=CC2=C(C(=O)C)C=CC=C2C=CC3=CC=CO3,O=C(Nc1c(cccc1)C(=O)NCCNC(=O)c2c(nc(cc2)C)C)N,0.662570385032533,0.18055555555555555
CC1=CC=CC=C1CNC(=O)CC(C(=O)O)=C2C(=O)CC3=CC=C(C(=O)N)C=C3[CH1]2,Could not process,,
O=C(CC1=CC=C(C)C=C1)NCC2=CC=CC=C2C3CC(=O)NC(N)=C3,O=C(NCC(CNC(=O)Cc1cc(ccc1)C(=O)N)C)c2ccc(cc2)C3CCC3,0.6662579662180861,0.24691358024691357
CC(CC1=CC(C(=O)N)=CC=C1)=C(C)CC(=O)NC=CC2=CC=CC(N)=C2,O=C1OC(C(=O)NCC=CCNC(=O)CCc2ccccc2)=CC=C1,0.7086439719912588,0.19718309859154928
O=C(CC1=CC=CC=C1)NCC2=CC=CC=C2C3CCCC(C(=O)(N))=C3,O=C(N(Cc1cc(N)ccc1)C)C(=O)Nc2cc(N3CCCC3)c(cc2)C,0.7207435167157039,0.1686746987951807
CC1=C(C(=O)N)C=CC=C1CCCCC=CC2=CN=C(N3CCC(N)C3)C=C2,Fc1c(cc(cc1)C(=O)N)C(=O)NCc2c(F)ccc(N)c2,0.6971959445693968,0.15476190476190477
CC1=C(C(=O)N)C=CC=C1CCCC(=C(N))C=CC2=CC3=CC=CC=C3S2,O=C1OC(C(=O)NCC=CCNC(=O)c2cc(N)c(cc2)CCCC)=Cc3c1cccc3,0.721074666546077,0.22988505747126436
O=C(C(N)(N)C1=CC=CC=C1)NCC=CC2=CC=CC=C2C=C(N)CC,S(c1c(cccc1)CCNC(=O)C(=O)N2Cc3c(c4c(cccc4)C2)cccc3)C,0.7124950050072529,0.16216216216216217
O=C(CC1=CC=CC=C1)NC(=O)CCC(C(=O)O)=CCC(=O)CC2=CN=CC3=C2CCC3,O=C(NCCCCNC(=O)CCc1ccncc1)Cc2cc3c(cc2)CCC3,0.7489805270077015,0.2727272727272727
NC1=CC=C(N)C=C1CC2=CC=CC=C2CCC(C)CC3=CC=CC(N)=C3,Clc1c(Cl)ccnc1C(=O)OCC(=O)NC(=O)Cc2ccccc2,0.6947028988380936,0.10810810810810811
ClC1=C(C(=O)N)C=CC=C1CCC(=O)CCC=CC2=C(C(=O)N)C3=CC=CC=C3C2,O=C(Nc1c(cccc1)C=C)NC(c2cc(c(O)cc2)C(=O)N)C,0.6896512888055535,0.175
C(=O)=C(CC1=CC=CC=C1)C(=O)NC=CC2=CC3=CC=CC(C(=C)N)=C3C=C2,O=C(NCc1c(cccc1)C(C)(C)C)C=2Nc3c(cccc3)C2,0.7280534399906811,0.16455696202531644
O=C(CC1=CC=CC=C(C(=O)N)1)N2CCC(=C(C(=O)O))C(C3=CC=CC(N)=C3)=C2,O=C(NNC(=O)c1c(cccc1)C)Nc2c(cccc2)C(C)(C)C,0.6990525295637926,0.12658227848101267
C(C(=O)C)=C(CC1=CC(C(=O)N)=CC=C1)N2CCC(C(=O)O)=C(C3=CC=C(C(=O)O)C=C3)C2,[O-][N+](=O)c1c(ccc(c1)C(=O)N2CCN(C(=O)c3cc(c4ccccc4)ccc3)CC2)C(C)C,0.5928982313469231,0.2345679012345679
C=C(CC1=CC=C(C(=C(N))C(N))C=C1)NC2CCC(C3=CC=CC(C(=O)C(C))=C3)CC2,O=C(NCC=CCNC(=O)CCCc1ccccc1)C=Cc2ccccc2,0.6928955423892844,0.14634146341463414
CN(CC1=CC(C(=O)N)=CC=C1)C(=O)C2=CC=NC=C2CC3=CC(N)=CC(=O)C(=O)3,O=C(NCC=CCNC(=O)CCCc1c(OC)cc(OC)cc1)C2=Cc3c(cccc3)C2,0.6285495279712369,0.14285714285714285
CC(N)(C)C1=CC=CC=C1NSC2=CC=CC=C2C3=CC(C(=O)N)=CC(F)=C3,O=C(N1CCN(C(=O)c2c(c(ccc2)C(=O)N)C)CCC1)c3c(NCCCC)cccc3,0.6668595952144802,0.20253164556962025
C(C(=O)N)=C(CC1=CC(C(=O)C)=CC=C1)N2CCC(C(=O)N)=C(C3=CC=CC=C3)C2,S1c2c(NC(=O)C1)cc(cc2)C(=O)NCCNC(=O)C=C(c3c(cccc3)C)C,0.6297455766621359,0.18888888888888888
O=C(CC1=CC=CC=C1)N2CCCN(C3=CC=CC(C(=C(C(=O)C(N)))C(N))=C3)C(=O)2,O=C(NCCCCNC(=O)CCNC(=O)Cc1ccccc1)Cc2c(cccc2)COC(C)C,0.6243053071895567,0.1728395061728395
CC1=C(C(=O)N)C=CC=C1CCC2=CC=CC=C2C=CC=CC(Cl)=CCNC,O=C(Nc1c(cccc1)CCC(=O)N)C=C2CCC(CC2)(C)C,0.700070285059061,0.2236842105263158
O=C(NCC1=CC=CC=C1)CCC2CCC3=C(N(C(=O)C(C(C))))C=CC=C3S2,O=C(N)c1c(cccc1)CCC(=O)NCC(CNC(=O)CCc2c(cccc2)C)C,0.6847144908799303,0.19480519480519481
O=C(CC1=CC=CC=C1)NCCC=CC2=CC3=CC=C(C(=O)C(C(C)))C=C3C2=O,O=C(N)c1ccc(cc1)CC(=O)NC2C(NC(=O)CCCCC(=O)N)CC2,0.6936615901800833,0.21621621621621623
CN(CC1=CC=CC(C(=O)N)=C1)C(=O)CNC2=CC=CC=C2C(N)C3=CC=CC=C3,O=C(OC)c1cc(c(cc1)C(=O)N(CCN(C(=O)CCC(=O)N)C)C)C,0.6632224806107203,0.22666666666666666
CC1=C(C(=O)O)C=CC=C1CCCC(=C(N))C=CC2=CN=C(C3CCCC3)C=C2,O=C(NCCCCCCNC(=O)c1cc2c3c(cccc3)Cc2cc1)c4c(c(ccc4)C(=O)N)C,0.7011019677084145,0.22093023255813954
CC1=CC=CC=C1CNC(=O)CNCC2CC(=O)[NH1]C3=CC=C(C(=O)N)C=C32,O=C(NCCCCCCNC(=O)c1cc2c3c(cccc3)Cc2cc1)c4c(c(ccc4)C(=O)N)C,0.6961435057326644,0.23529411764705882
CCCCCC1=CC=CC=C1N2CCCC(C3=CC=CC(C(=O)C(N))=C3)C2=O,[O-]C(=O)c1c(cc(NC(=O)CCCC(=O)NCc2ccccc2)cc1)C,0.7446709995789791,0.1411764705882353
O=C(CC1=CC=CC=C1)NCC2=CC(C(N))=CC(N)=C2[CH1]C=CC3=CC=CC=C3,Could not process,,
CC1=C(C(=O)N)C=CC=C1CCCCC(=N)C=CC2=CC3=CC=CC=C3C2,Clc1c(cccc1)C=C(C(=O)N2CC=C(C(=O)N)CC2)C,0.7165624959832031,0.175
O=C(CC1=CC=CC=C1)NC(=O)NCC2=CC=CC(=C2)C3CCC=C(C(C(=O)N))3,Clc1ccc(cc1)CCCC(=O)NCCNC(=O)CCc2c(cccc2)C(=O)N,0.6651548691290486,0.19736842105263158
CC(C(=O)NCC1=CC=CC=C1CCC(C(C(=O)N))C)C2=CC=C(N)C=C2,O=C(N1CCN(C(=O)Cc2cc(ccc2)C(=O)N)CC1)c3cc(N)ccc3,0.7528626288395762,0.16666666666666666
CC(C)C1=CC=C(C(=O)N)C=C1N2CCCC(C3=CC(C(CC(N)(N)))=CC=C3)=C2,O=C(N)c1c(cccc1)CCC(=O)N2Cc3c(cccc3)C2,0.6792761946997958,0.2
C(N)C1=CC=CC=C1CCC2=CC=CC=C2C=CC=C(N)C(F)=C(N)C,O=C(OC(C(=O)c1c(cc(c(c1)C)C)C)C)CCNC(=O)Cc2ccccc2,0.6902161301545479,0.10666666666666667
C(=O)(N)CC1=CC=CC(C(=C(=O))C)=C1CC=CC(=O)NC(=O)C2=CC=CC=C2F,O=C(N)c1cc(ccc1)CC(=O)N2CCN(C(=O)Cc3ccc(cc3)C(=O)N)CC2,0.6197047327094773,0.16216216216216217
C(N)N(CC1=CC=CC(C(=O)N)=C1)C(=O)C2=CC=CC=C2NC3=CCC(C(N))=C3,Fc1c(ccc(c1)CO)C(=O)NCc2c(cccc2)C(C)(C)C,0.6892719208066755,0.1566265060240964
CC(N)(C)C1=CC=CC=C1NCCNC2=NC(=O)CC=C2NC3=CC=CC=C3,O=C(N)c1cc(O)c(NC(=O)C=2Nc3c(cccc3)C2)cc1,0.7164806160219672,0.11538461538461539
CC1=CC=CC=C1CSC2=CC(C(=O)O)=CC=C2C3=CC4=CCCC=C4C(=O)C3,O=C(N)c1c(cccc1)CCC(=O)NCC=CCNC(=O)CCCCCC(=O)Nc2ccccc2,0.6593771810561638,0.1728395061728395
O=C(CC1=CC=CC=C1)NCC(C(=O)N)=CC2=CC=CC(=C2)C(N)3CCCC3,O=C(N)c1cc(ccc1)CC(=O)N2c3c(c(N)ccc3)CCC2,0.6984791857059267,0.2328767123287671
O=C(C=CC=C(C(=O)N)C=C(N)C1=CC=CC=C1)CCC2CC3=CC=CC=C3C2,Clc1c(cccc1)C=CC(=O)OCc2c(c(ccc2)C(=O)OC)C,0.6687722399370177,0.15384615384615385
O=C(CC1=CC=CC=C1)CCC(=O)C=C(C(=O)N)C2=CC=CC(C(C(C(C(=C)N))))=C2,O=C(N(c1c(cccc1)C)C)CC=Cc2ccccc2,0.7526654164247059,0.15714285714285714
O=C(CC1=CC=C(N)C=C1)C(C)C2=CC=CC(N)=C2CC3=CC=CC(C(=O)N)=C3,O=C(NCC(=O)NCC(=O)NCc1ccccc1)C=2NC(=O)C=CC2,0.7269647760797893,0.1527777777777778
N#CC1=CC=CC(C(=O)N)=C1CC(=O)NC=C2C(=O)CCC3=CC=C(C(=O)(N))C=C32,O=C(NCCCCNC(=O)CCCc1c(ccc(c1)C)C)CC2=Cc3c(cccc3)C2,0.6920597733884406,0.15217391304347827
N(C(=O))(CC1=CC(C(=O)N)=CC=C1)N2CCCN(C3=CC=C(C(=C)N)C=C3)C2,O=C(NC1Cc2c(cccc2)C1)CCc3c(C#N)cccc3,0.7659279097099232,0.1111111111111111
O=C(CC1=CC=CC(C(=C(N))C(C(=O)O))=C1)N2CCCC(C3=CC=C(N)C=C3)=C2O,Clc1c(NC(=O)CCCC(=O)Nc2c(cccc2)C)cc(cc1)C(=O)N,0.6831010340396608,0.1566265060240964
O=C(CN)CNC(=O)CCCC1=CC=C(C(=O)N)C=C1C=CC2=CC3=CC=CC=C3C2,O=C(NCCCCNC(=O)CCNC(=O)Cc1ccccc1)Cc2c(cccc2)COC(C)C,0.7092797436612851,0.1927710843373494
C(CC1=CC=C(C)C=C1)C(C)C2=CC=CN2C(=O)CC3=CC=CC(C(=O)N)=C3,O=C(Nc1c(cccc1)C(C)(C)C)NCC(c2ccccc2)C(=O)N(C)C,0.7431933208686441,0.13924050632911392
C(C)CC1=CC=CC=C1CC=CC2=C(C(=O)N)C=CN=C2CC(=O)CC3=CC=CS3,O=C(Nc1ncccc1CC)C(C(C)C)CCc2ccccc2,0.6937101260621368,0.23076923076923078
O=C(N)C1=CC=CC=C1CCC2=CC=CC=C2C=CC(C(C(=C(N))C)(N)N),[O-]C(=O)c1cc2c(cc1)CC(NC(=O)CCC=Cc3ccccc3)C2,0.732790974227653,0.15789473684210525
N(C(=O)C1CCCCC1)CCC2CC3=C(C(=C)N)C=CC=C3CC2,O=C(N1CCN(C(=O)Cc2cc(ccc2)C(=O)N)CCC1)c3cnc(c4ccccc4)cc3,0.6642718653502018,0.14942528735632185
O=C(CC1=CC(C(N))=CC=C1)CCC=CC2=CC=CC=C2NC3=CC=C(N)CC3,O=C(N)c1c(c(NC(=O)CCCc2c(ccc(c2)C)C)ccc1)C,0.7218183595493548,0.18072289156626506
CN(CC1=CCCC(C(=O)N)=C1C)C(=O)CCC(=O)C(=O)NCC2=CC=CC=C2F,Fc1c(F)ccc(N)c1C(=O)Nc2c(cccc2)C=CC(F)(F)F,0.7260574013789967,0.15476190476190477
CNC1=CN=C(N)N=C1CCCCC=C2CCCC3=CC=C(C(=O)N)C=C23,O=C(N1CCN(C(=O)C2=C(c3ccccc3)CCC2)CC1)c4c(N)ccc(c4)CC,0.6839455491636752,0.16666666666666666
O=C(NC(=O)CC(=O)CC1=CC(C(=O)N)=CC=C1)C=CC2=CC3=CC=CC=C3C(=O)2,O=C(NCCNC(=O)Cc1ccc(cc1)C(=O)N)c2cc(ccc2)C(C)C,0.6797076471036398,0.2702702702702703
O=C(CNC=C1CC(=O)CC2=C1C=C(C(=O)N)C=C2)C3=CC(N)=CC=C3,O=C(NCCNC(=O)C=1Nc2c(ccc(c2)C(C)C)C1)c3cc(c(C#C)cc3)C,0.6855500237655793,0.12359550561797752
CC(C)(N)C1=CC=CC=C1CCC(=C(C(=N)C))C2=CC(C(=O)N)=CC=C2C,O=C(NCCCCNC(=O)C=Cc1cc2c(NC=C2)cc1)c3c(c(ccc3)C(=O)N)C,0.7229910444917733,0.18181818181818182
CCC1=CC(N)=C(C(=O)N)C=C1CC(=O)CC=C(C)C2=NC3=CC=CC=C3S2,O=C(NCCc1c(cccc1)CC)C=Cc2cc(N)ccc2,0.7572981125278232,0.22077922077922077
O=C(CC1=CC=CC=C1)NC(=O)CCC(C(=O)C(N))CC2=CC(C(=O)N)=CC=C2,O=C(Nc1ccccc1)NCCC(=O)NCC=CCNC(=O)c2c(cccc2)C(=O)N,0.6934383055617308,0.2608695652173913
C(=O)(C(N))C1=CC=CC=C1CCC2=CC=CC=C2C=CC=CC(Cl)=C(N)C,S1c2c(N(c3c1cccc3)CCC(=O)NNc4c(cccc4)C)cccc2,0.743710817115296,0.1506849315068493
CCC1=CC(=O)C(=C(C(=O)O))C=C1CCNC(=O)CC2CC3=CC=CC=C3C2,Brc1cc(ccc1)C(=O)NCC(CNC(=O)c2c(c(ccc2)C(=O)N)C)C,0.6869066804695405,0.14814814814814814
NC1=CC=CC=C1C(=O)NC(C)CC2=CC(C(C(C(=O)(N))))=C(N)C(C)=C2,S(c1ccccc1)CC(=O)N2CCN(C(=O)CC3Cc4c(cccc4)CC3)CC2,0.6845278519954947,0.1111111111111111
NC(=O)N1C=CC=C1CNC(=O)CCC=C2CC(=O)[NH1]C3=CC=C(C(=O)N)C=C32,O=C(Nc1c(cccc1)CCC(=O)N)c2c(ccc(N)c2)C,0.7036597456375692,0.15294117647058825
CC1=C(C(=C)N)C=CC=C1CCCCC(=O)C=CC2=CC3=CC=CC=C3C2,[NH2+](C(CCCCc1ccccc1)C)Cc2c(cccc2)C(C)(C)C,0.6882129180881497,0.15584415584415584
CC1=CC=CC=C1NCCCC=C2C(C(=O)C)=C(N)C=C2CCCCC(=O)(N),O=C(Nc1c(cccc1)CC(=O)N)C=C(Cc2c(OC)cccc2)C,0.6927076687000927,0.25675675675675674
NC1=C(N)C(C(=O)N)=CC2=C1CC(=O)N2CC(=C)NC(=O)C3=CC=CC(C)=C3,Fc1c(cccc1)C(=O)NCCNC(=O)Cc2ccccc2,0.7236240003644545,0.14666666666666667
O=C(CCC1=CC=CC=C1)NCCC2=CC(C(=C(N)(C(C(=O)N)))N)=CCC2,O=C(N1c2c(cccc2)CC(C1)C)c3c(NC(=O)c4cc(ccc4)C)cccc3,0.7055115678670656,0.12941176470588237
NC1=CC=C(N)C=C1CC2=CC=CC=C2CNCC3=CC(N)=CC(=O)C3,O=C(NCC=CCNC(=O)c1ccccc1)c2c(cccc2)C(C)(C)C,0.7246717423384974,0.15151515151515152
CSC1=CC(C(=O)N)=CC=C1CC=CCCC2=CC3=CC=C(C(=O)N)C=C3C(=O)2,Brc1cc2c(cc1)cccc2C(=O)NCC=CCNC(=O)C=Cc3ccc(cc3)C(=O)N,0.6690233412358928,0.18823529411764706
C(=O)(CC1=CC(C(=O)C(N))=CC=C1)N(C)C(=O)CCC2=CC=C(C(=C)C(C(=O)N))C=N2,O=C(NCCCCCCNC(=O)c1cc(c(cc1)CC)CC)c2c(ccc(c2)C(=O)N)C,0.6792305894869706,0.16666666666666666
CC(CC1=CC(C(=C(N))O)=CC=C1)N2CCC(CC3=CC=C(N)C=C3)CC2,[O-]C(=O)c1ccc(cc1)CC(=O)NCc2cc(ccc2)C(=O)N,0.7104736500064448,0.20833333333333334
C=C(CC1=CC=CC2=C1C=CC(N)=C(N)2)C=CC3=CC4=CC=CC=C4C3,O=C1NNC(=O)c2c1cc(cc2)C(=O)NCC=CCNC(=O)CNC(=O)c3ccc(N)cc3,0.675163346982907,0.1375
N(=O)C1=C(C)C=C(N)C=C1CC2=CC=CC=C2CC(=O)NC3=NC=CC=C3,O=C(Nc1ccccc1)c2c3c(c(N)ccc3)ccc2,0.6807473545915032,0.1791044776119403
C=C(CCC(=O)NCC1=CC=CC=C1)C(=O)C=CC2=CC=C3C(C(=O)(N))=CSC3=C2,O=C(N1CCN(C(=O)Cc2ccccc2)CC1)c3cc(c4cc(N)ccc4)ccc3,0.645007902395407,0.2
CC1=C(C(=O)N)C=CC=C1CC(=C(=O))CCC2=NC3=CC(C(C(=O)(N)))=CC=C3S2,[O-]C(=O)c1cc(NC(=O)c2cc(NC(=O)c3cc(O)c(cc3)C(=O)C)ccc2)ccc1,0.679773984338833,0.13414634146341464
C(C(=O)N)#CC1=CC=C(C(=O)N)C=C1CCCCC(=O)C2=CC3=CC=CC=C3C2,O=C(N)c1cc(ccc1)CC[NH2+]C(Cc2ccc(c3ccccc3)cc2)C,0.7733544707644449,0.22666666666666666
O=C(NCC1=CC=CC=C1)CCC=2CCC3=CC=CC(C(=C(N))N)=C3C=2,O=C(NC(c1ccccc1)C)NCc2cc(ccc2)C(=O)N,0.7128776326908051,0.2714285714285714
O=C(CC1=CC=CC=C1)C(=C)C2=CC=CC=C2C(=O)C3=CC(=O)CC(C(=O)N)=C3,Fc1c(ccc(c1)CO)C(=O)NCc2c(cccc2)C(C)(C)C,0.6719424993829459,0.14666666666666667
CC(C(C(=O)N))CC1=C(N)C=CC=C1CCCC(=O)NC2=CC=CC(N)=C2,O=C(N)c1cc(ccc1)CC(=O)Nc2c(cccc2)C(C)(C)C,0.694503235883269,0.21621621621621623
CCC1=CC=CC(C(=C)C)=C1CCNC(=O)CC2CCC3=CC=CC=C3C2(=O),O=C(N)c1cc(ccc1)CC[NH2+]CC(=Cc2ccccc2)C,0.8185901378033235,0.1566265060240964
CN(CC1=CC=C(C(=O)N)C=C1)C(=O)C2CCC(C3=CC(C(=O)N)=CC=C3)=C2,O=C(NCCNC(=O)Cc1ccccc1)Cc2ccc(cc2)CC[NH3+],0.7732410175769167,0.15151515151515152
O=C(CC1=CC(C(=O)C(C(=O)N))=CC=C1)NC2CCC(C3=CC=CC=C3)=C(O)2,O=C(N)c1cc(ccc1)CC(=O)OC2C=C(c3ccccc3)CCC2,0.6465100115343712,0.40298507462686567
NC=CC=CCCC1=CC=C(C(=O)O)C=C1CC(=O)CC2=CC=CC(C(=C)N)=C2,Clc1c(cccc1)CNc2c(cccc2)C(=O)NCCC3([NH3+])CCC3,0.7103954689005026,0.10227272727272728
O=C(NC1=CC=CC(C(=O)O)=C1)NCC2=CC(=O)CC=C2CCC3CCCCC3,N(c1c(cccc1)C(C)(C)C)Cc2cc3c(cc2)CC3,0.7085638749713508,0.14285714285714285
CC(C)C1=CC=C(C(=O)N)C=C1N2CCNN(CCC3=CC=CC(C(=O)N)=C3C)C2,O=C(NCCCCNC(=O)CCNC(=O)Cc1ccccc1)C=Cc2c3c(ccc2)cccc3,0.6579506872038801,0.09574468085106383
O=C(CC1=CC(N)=NC=C1)NCC=CC2=C(C(=O)N)C=CC=C2SC(=O)CCC,Fc1c(O)c(ccc1)CC(=O)NCCNC(=O)C=Cc2ccc(cc2)C(=O)N,0.7521056094331704,0.25301204819277107
O=C(CCC1=CC=CC=C1)NCCC(C(=C(=O))C)CC2=CC(C(=O)N)=CC=C2,S1c2c(cccc2)C=C1CCNC(=O)c3c(c(ccc3)C(=O)N)C,0.688191012996888,0.25333333333333335
O=C(CC1=CC(C(=C(N)(N))N)=C(N)C=C1)N2CCCC(C3=CC=CC=C3)=C(N)2,O=C(NC(CCCNC(=O)CCNC(=O)Cc1ccccc1)C)c2c(O)c(ccc2)CC,0.6445281784059405,0.16666666666666666
C#CC1=CC=C(C(=O)N)C=C1CC(=C)C2=CC3=C(C(=O)O)C=C(C(C)C)C=C3[NH1]2,Fc1c(cc(cc1)C(=O)N)C(=O)NCC=CCNC(=O)Cc2c(F)cccc2C#N,0.6919721027516931,0.21348314606741572
NC(=O)CCC(=O)CC=CC=CC1=CC=CC=C1N(C(=O)C2=CC=C(C(=O)O)C=C2C)C,[O-]C(=O)c1ccc(cc1)C=CC(=O)NCCNC(=O)Cc2ccccc2,0.6830910323567428,0.175
C(=O)=C(C)C1=CCCC=C1C(=O)C2=CC=CC=C2CC3=CC(C(=O)N)=CC=C3,O=C(NCC=CCNC(=O)CC1=Cc2c(cccc2)C1)c3c(N)cc(cc3)CC,0.6728267671356737,0.17857142857142858
CCC1=CC=CC(C(=O)N)=C1C(=O)C=CC2=CC=CC=C2C=CC3=CC=CC(=O)3,Clc1ccc(cc1)CNC(=O)C(=O)NNC(=O)c2cc(ccc2)CC[NH3+],0.6952523282537799,0.1111111111111111
CC(N)(C)C(N)=CCC(=O)CC1=CC=CC=C1C(=C)C2=CC=CC(C(C(=O)(N)))=C2,S(CCC(=O)NC(=O)NCc1ccccc1)CCC=Cc2ccccc2,0.6924093836974653,0.1518987341772152
O=C(CC1=CC=CC=C1)CCC=CC2=C(C(=O)N)C=CC(=C2)C(=O)CCC(C)N,O=C(N)c1cc(ccc1)CNC(=O)C([NH3+])Cc2ccccc2,0.6825530054979311,0.2535211267605634
O=C(CC1=CC=CC=C1)NC2C=C(C(=O)C(C(C(=O)N)))C3=CC=CC=C32,O=C(Nc1c(NCCC)cccc1)c2c(cccc2)C,0.7140869610057674,0.15384615384615385
O=C(NCCCC(C(=O)C)CC1=CC(C(=O)N)=CC=C1)C(N)C2=CC=CC=C2,O=C(Nc1c(N)cccc1)c2ccc(cc2)CN(C(=O)C)C,0.7170145452593488,0.2112676056338028
CC1=C(C(=O)N)C=CC=C1CC(=O)CC(=C)C=CC2=CC3=CC=CC=C3N2C,Fc1c(cccc1)C([NH3+])C(=O)NCCc2cc(ccc2)C(=O)N,0.6799019362058236,0.21518987341772153
O=C(CC1=CC=CC=C1)NCCCC2=C(C(=O)C)C=CC3=C2CC(=N)C=C3Cl,S1c2c(N(Cc3c1cccc3)CC(=O)c4c(cc(cc4)C(C)C)C(C)C)cccc2,0.7470586032893067,0.16279069767441862
CC(CC1=CC=C(N)C(C(=O)N)=C1)C(C)C2=CC=CC=C2NC3=CC=CC=C3,O=C(N)c1cc(ccc1)CC(=O)NCC=CCNC(=O)CCc2cnc(N)cc2,0.6872025649347704,0.20512820512820512
O=C(NCC1=CC=CC=C1)N(C)C(=O)CC(C(=O)C(C))CC2=CC(C(C(N)))=CC=C2,S1c2c(ccc(c2)C)C(C(=O)NCCC(=O)NCc3ccccc3)=C1,0.6743984371454738,0.24675324675324675
CC(N)C(N)(N)C1=CC=CN=C1NC(=O)CC2=CC=CC3=C2C=CC=C3,Fc1c(c2c3c(NC(C(=O)N)=C3)ccc2)cccc1C(=O)N,0.7696213065527427,0.1506849315068493
O=C(C1=CC(N)=CC=C1)NC=C(C)C2=CC=CC=C2C3=C(N)C=C(C(O))S3,O=C(Nc1c(N2CC([NH3+])C2)cccc1)CCNC(=O)Cc3ccccc3,0.6747905136003596,0.13095238095238096
CCC1=CC=CC(C(=O)O)=C1CC(=O)NC2=CC=CC=C2C3=CCC(=N)C(=O)S3,Clc1ccc(cc1)C=CCOC(=O)c2cc(c(cc2)CC)CC,0.6786873560248945,0.13580246913580246
C(C)(C(=O)N)=CC1=CC=CC(C(=C(=N))C)=C1CC(=O)NC(=O)C2=CC=CC=C2C,O=C(NCC=CCNC(=O)c1cc(N)ccc1)c2cc3c4c(cccc4)Cc3cc2,0.6834011863404561,0.19230769230769232
CC(=C(C(CN)))C1=CC=CC=C1C(=O)NC(=O)CC2=CC3=CC=CC=C3C(=N)2,O=C(N(C(C)C)C)c1ccc(cc1)C[NH2+]Cc2c(cc(cc2)C)C,0.7061552123712755,0.0975609756097561
NC1=CC=CC=C1C(=O)NC2=CC(C(=C)N)=CC=C2C=C3C=CC=CC3=O,O=C(NCCNC(=O)Cc1ccccc1)C(=O)NCCC(CC)C,0.8051630608868865,0.12
O=C(CC1NC(=O)C2=CC=C(C(=O)O)C=C2)CCC1C3=CC(C(=O)N)=CC=C3,Clc1c(c2c(cccc2)CCCC([O-])=O)ccc(c1)C(=O)C,0.7373310617168432,0.13157894736842105
O=C(CCC1=CC=CC=C1)NC(=O)CCCCCC2=CC(N)=C(C(=C)N)C(=C)2,O=C(NCCCCCCNC(=O)c1cc2c3c(cccc3)Cc2cc1)c4cnc(c(C#N)c4)C,0.6784959958390743,0.1511627906976744
C(N)C1=CC=CC=C1CCC(=N)CCCC2=CC3=CC(C)=C(C(=O)N)C=C3CC2,O=C(N)c1cc(ccc1)CC(=O)NCCNC(=O)CCC=Cc2ccccc2,0.7793437356696913,0.18072289156626506
CC(C(N))(C)C(N)=CC=CC1=CC=CC=C1CCC2=C(C(N))C=CC(F)=C2,[O-]C(=O)c1cc(NC(=O)c2cc(NC(=O)c3cc(O)c(cc3)C(=O)C)ccc2)ccc1,0.7124015907809367,0.09210526315789473
CCC1=CC=CC=C1CCC(=C(C(=O)N))CNCC2(O)CC3=CC=CC=C3C2,O=C(N)c1c(cccc1)CCC(=O)Nc2cc(NC(=O)C3=Cc4c(cccc4)C3)ccc2,0.7255243207056123,0.26666666666666666
O=C(CC1=CC2=CC=CC=C2[NH1]1)NCC3=CC=C(N)C4=C3NC(=C)CC4,O=C(N(Cc1c(N)cccc1)C)CCCC(=O)c2c(N)cccc2,0.6797189005160132,0.17105263157894737
CC1=C(C(=O)N)C=CC=C1CC(=O)CCCCSC2=CC3=CC=CC=C3C(=N)2,Fc1c(cccc1)CCC(C(=O)NCC=CCNC(=O)CCNC(=O)Cc2ccccc2)C,0.667639280459069,0.1724137931034483
CC1=CC=CC=C1CNC(=O)CCCC2CC[NH1]C3=CC=C(C(=O)(N))C=C32,O=C(NC1CC(NC(=O)CCC=Cc2ccccc2)C1)c3c(N)cc4c(c3)CCCC4,0.7203471435894329,0.1797752808988764
CC(=C(N))C(CC1=CC=CC(C(=O)N)=C1)CC2CCC(C3=CC=CC=C3)CC2,O=C(NCCC1Oc2c(OC1)cccc2)Cc3ccc(N)cc3,0.7330030186834255,0.1625
CC(N)(C)C1=CC=CC=C1NC(=O)CCC(C2)=CC3=CC(C(N))=CC=C3[NH1]2,O=C(NCCNC(=O)Cc1ccccc1)C(CCCc2ccccc2)C,0.8197044141421576,0.2
NC1=CC=CC=C1CCNC(C)CN2C(=O)CCC3=CC=C(C(C(N)))C=C32,O=C(N)c1c(cccc1)CCC(=O)NCCNC(=O)C2=CCCC2,0.7565793273889717,0.19753086419753085
O=C(NC1=CC=CC=C1)NC(=O)CCC(=O)C(C)=CC2=CN=CC3=C2CCCC(=C)3,Fc1c(cccc1)C=CC(=O)NCC=CCNC(=O)Cc2cc(ccc2)C(=O)N,0.6962453789553087,0.16853932584269662
O=C(CC1=CC=C(N(C))C=C1)NCC2=CC=CC=C2C3CC=CC(C)=C3,Clc1c(cccc1)CNc2c(cccc2)C(=O)NCCC3([NH3+])CCC3,0.6784507258171262,0.22077922077922077
O=C(CC1=CC=CC(C(=O)(N))=C1)C(C)C2=CC=CN=C2CC3=CC=CC(C(=O)N)=C3,O=C(NC1C(NC(=O)CCCc2cc3c(cc2)CCCC3)CC1)c4c(ccc(c4)C(=O)N)C,0.6473967967517669,0.1951219512195122
CC(C)C1=CC=C(C(=O)(C(=O)O))C=C1N2CCC(=O)C(C3=CC(C(=O)C(N))=CC=C3)=C2,Fc1c(cccc1)C=CC(=O)NCC=CCNC(=O)CCc2c(cccc2)C(=O)N,0.6771437719746141,0.10752688172043011
C(C(=O)N)=C(CC1=CC(C(=O)N)=CC=C1)N2CCC(C(=O)O)=C(C3=CC=CC=C3)C2,O=C(OC(C)(C)C)c1c(cccc1)CC(=O)OCc2cc(ccc2)C(=O)N,0.6408113423471411,0.29333333333333333
NC(=O)C1=CC=CC=C1CC=CC2=C(C(=C)C)C=CC=C2C=CC3=CC=C[NH1]3,O=C(NCCCCNC(=O)CCNC(=O)Cc1ccccc1)c2ccc(cc2)C(=O)C,0.7024296152743208,0.14285714285714285
CN(CC1=CC=CC=C1CCC(N)(C)C)C(=O)CC(=O)CC2=CC=CC(C(=O)N)=C2F,Clc1c(ccc(c1)C(=O)NCC=CCNC(=O)C2=Cc3c(cccc3)C2)C(=O)N,0.6160392088651372,0.18072289156626506
CN(CC1=CC=C(C(=C(N))C(=O)(N))C=C(C(=O)(N))1)C(=O)CC=CC2=CC=CC(C)=C2,O=C(N)c1c(cccc1)CCC(=O)N2Cc3c(c4c(cccc4)C2)cccc3,0.6427634875504631,0.18421052631578946
O=C(CC1=CC=CC=C1)NCCCC2(C3=CC=C(N(C(=O)C(C(C))))C=C3)CCOC2,Brc1cc(ccc1)CCCC(=O)N(CCN(C(=O)C=2SC(=CC2)CCC)C)C,0.6827440782766925,0.1839080459770115
O=C(C=C(C(=O)C(N))CC1=CC=CC(C(=O)(N))=C1)CC2=CC=C3C=CSC3=C2,Clc1c(NC(=O)CCCC(=O)Nc2c(cccc2)C)cc(cc1)C(=O)N,0.7010147882693041,0.2
O=C(CC1=CC=CC=C1)NCC(=O)CC2=CC=C3C(=C2)CCCC(C(=O)C(=O)(N))3,[O-]C(=O)c1cc(c(cc1)CNC(=O)c2c(c(ccc2)C(=O)N)C)C,0.6716770991172676,0.1794871794871795
N#CC1=CC=C(C(=O)C)C=C1CC(=C)C=CC2=CC3=CC=CC(C(=O)N)=C3[NH1]2,Brc1cc2c(cc1)cccc2C(=O)Nc3c(cccc3)Cc4ccccc4,0.6910104744652776,0.17857142857142858
O=C(C(N)C1=CC=CC=C1)NC(=O)CCC=CCC2=CC=CC3=C2CCCC3,O=C(N(CCN(C(=O)CCCC(=O)c1ccccc1)C)C)c2c(c(ccc2)CO)C,0.704507744279855,0.1728395061728395
CCC1=CC=CC(C(=O)O)=C1CCCCC2=CC=CC=C2C3=C(N)NC(=O)CS3,O=C(OCC(=O)c1c(ccc(c1)CC)CC)C2=Cc3c(cccc3)C2,0.6770909884919677,0.1875
CNC(C(=O)N)=CCC(C)=CC1=CC=CC2=C1C=CC=C2CCC(C(=O)(N)),Fc1c(cc(N)c(c1)C(=O)NCC=CCNC(=O)C=2OC(=O)c3c(cccc3)C2)CC,0.7528794658582562,0.1927710843373494
C(=O)=C(CC1=CC=CC(C(=O)N)=C1C)CCC=CC=CC2=CC=C(O)C=C2,O=C(NCC=CCNC(=O)C=1c2c(NC1C)cccc2)c3c(NC)cccc3,0.736588291563609,0.17721518987341772
CC1=CC=CC=C1NC(=O)C(=O)C2=CC=CC=C2CC(=O)CC3=CC(=C)C(=N)C(=O)3,O=C(N)c1c(cccc1)CCC(=O)NCCNC(=O)C=2C(=O)c3c(NC2)cccc3,0.6877412515404745,0.1951219512195122
CC(N)(C)C1=CC=CC=C1CCC(=C(C(=O)N)(N))C2=C(C)C=C(C(=O)N)C=C2F,S1c2c(ccc(c2)C)C(C(=O)NCCC(=O)NCc3ccccc3)=C1,0.6504921432647591,0.1728395061728395
C(N)=C(CCCCCCC1=CC=CC(C(=O)N)=C1C)C(N)CC2=CC=CC=C2,O=C(OCc1nc(ccc1)C)CCC=Cc2ccccc2,0.7442978818393567,0.20270270270270271
CC1=C(C(=N)(N))C=CC=C1CC(=O)NC(=O)CCC2=CCC3=CC=CC=C3S2,[O-]C(=O)c1cc(NC(=O)c2cc(NC(=O)c3cc(O)c(cc3)C(=O)C)ccc2)ccc1,0.6999088096381332,0.1375
C(C)(=N)C(=C(N)(C))CC1=CC(O)=CC=C1CC(=O)NC(=C)C2=CC=C(C)C=C2,O=C(N1CC(C2CN(C(=O)Cc3cc(ccc3)C(=O)N)C2)C1)c4cc(ccc4)C(=O)C,0.62205389400889,0.1794871794871795
C(=O)=C(CC1=CC(C(=O)N)=CC=C1)N2CCCC(C3=CC=CC=C(C(N))3)=C2,O=C(N)c1cc(ccc1)CCNC(=O)CCNC(=O)Cc2ccccc2,0.6857231596257063,0.3142857142857143
O=C(CNC1=CC=C(C)C2=C1C=C(C(=O)N)C=C2)NC3=C(N)CCC(N)=C3,O=C(N)c1ccc(cc1)CC(=O)NCCCCNC(=O)CCNC(=O)Cc2ccccc2,0.6787849339072273,0.2112676056338028
C(C(=O)N)C(=O)NCC1=CC=C(Cl)C=C1CC2CC(=O)C3=CC=CC=C3C2,O=C(N)c1ccc(cc1)CCC(=O)NCCNC(=O)C2=CCC2,0.7691768650305131,0.17105263157894737
C(=O)=C(CC1=CC(C(=O)N)=CC=C1)N2CCCC(C3=CC=CC=C(N)3)=C2,O=C(NCCNC(=O)C=1Nc2c(ccc(c2)C(C)C)C1)c3cc(c(C#C)cc3)C,0.6592836568562244,0.10869565217391304
CC(N)(C)C1=CC=CC=C1NCCCC2=CC=CC=C2NC3=CC=CCC3,O=C(Nc1c(N)cccc1)c2ccc(cc2)CN(C(=O)C)C,0.7682951543849719,0.1643835616438356
C(=O)=C(CC1=CC(N)=CN=C1N)CCC2=CC=CC3=CC=C(C(=O)N)C=C32,O=C(N)c1ccc(cc1)C[NH2+]C(C=2Nc3c(cccc3)C2)C,0.6541462281404387,0.2236842105263158
O=C(CC1=CC(N)=CN=C1N)CCC2=CC=CC3=CC=C(C(=C(N))N)C=C23,Fc1c(F)cccc1CCC(=O)Nc2cc(NC(=O)CCCCCC(=O)Nc3ccccc3)ccc2,0.7166568951248681,0.2
C(C(=C(N)(N))C(N)(=O))C1=CC=CC=C1C(C)C2=CC=CC=C2C3=CC=CC=C3,O=C(NCC=CCNC(=O)c1ccc(cc1)CC(=O)N)c2cc(c(N)cc2)CC(C)C,0.6703878295198251,0.20588235294117646
C=C(CCC=CC1=CC=CC=C1)CCC2CC3=CC=C(C(=O)N)C=C3C2,O=C(NCCCCNC(=O)Cc1c2c(ccc1)cccc2)c3c(N)cc4c(c3)cccc4,0.7411492488358001,0.13924050632911392
O=C(NC(=O)NC)CCCC1=CC(C(=O)C(C(C(C))))=CC=C1C=CC2=CC=C[NH1]2,FC(F)(F)c1c(cccc1)C(NC(=O)CCc2cc(N)ccc2)C,0.6850302092361427,0.16279069767441862
CCC1=CC(=C)C(=N)C=C1CC(=O)NC2=CC=CC3=CC=C(C(=O)(O))C=C32,O=C(Nc1c(cccc1)C(C)(C)C)NC(C(=O)N)Cc2ccccc2,0.736118768528135,0.18181818181818182
O=C(C1=CC(N)=CC=C1NC(=O)C2=CC(N)=CC=C2)C3CCCC(C)C3,O=C(NCCCCNC(=O)c1cc(N)ccc1)c2c(cccc2)CC(C)C,0.6820181345340746,0.3235294117647059
NCC1=CC(N)=C(C(=O)N)C=C1CCCC=CC2=CC3=CC=CC=C3C2,O=C(N1CCN(C(=O)Cc2ccc(cc2)C(=O)N)CC1)c3ccc(cc3)C(=O)C,0.7492865726490966,0.14666666666666667
CC(N)(C)C1=CC=CC=C1NC(=C(N))CCC(C)=CC2=CC(C(=O)(N))=CC=C2,S1c2c(cccc2)C=C1CNC(=O)CCc3c(cccc3)C[NH3+],0.7299459465183532,0.18181818181818182
NC1=CC=CC=C1CCNC(C)CC2=CC(C(C(C(=O)N)))=C(N)C(C)=C2,O=C(NCC(C1CC1)C)CCCc2c(N)cccc2,0.6668610249008217,0.3484848484848485
CC1=CC=C(C(=O)N)C=C1C=C(N)C2=NC=CC=C2CC(=C)C=CC3=CC=CC=C3,O=C(NCCc1c(cccc1)CC)CCC2=Nc3c(N2)cccc3,0.6983018208203058,0.15476190476190477
O=C(NC1CCCCC1)CCC2CC3=C(C(=C)N)C=CC=C3CC2,FC(F)(F)c1c(cc(N)cc1)C(=O)NC(CCNC(=O)Cc2c(cccc2)C(C)C)C,0.7326770023811922,0.13333333333333333
C(C(=C(C(N(C(=O)C))))C)#CC1=CC=CC(N)=C1CC(=N2)C=CC3=CC=CC=C32,O=C(NCCCCNC(=O)CCNC(=O)Cc1ccccc1)Cc2c(cccc2)COC(C)C,0.6683482740597506,0.14285714285714285
O=C(NC(=O)C1CCCC1)CCC2CC3=C(C(=O)N)C=CC=C3C2=O,O=C1OC(C(=O)N(CCN(C(=O)CCc2c(cccc2)C(=O)N)C)C)=Cc3c1cccc3,0.7123016956380204,0.20987654320987653
C=C(CC1=CC(C(=O)N)=CC=C1)N2NC(=N)C=C(C3=CC=CC=C3)C2,O=C(N1CCN(C(=O)C2=C(c3ccccc3)CCC2)CC1)c4c(N)ccc(c4)CC,0.6560814745077947,0.23076923076923078
NCC1=CC=CC(C(=O)N)=C1CC=CC2=C(C(C(N)))C=CC=C2C=CC3=CC=CO3,O=C(N)c1cc(c2ccc(cc2)C(=O)CC(C)(C)C)ccc1,0.6978399613088377,0.16666666666666666
CC(C)C1=CC(=O)C(=N)C=C1CNC(=O)C(=O)NC(=O)CC2=CC=CC=C2,O=C(N(Cc1cc(N)ccc1)C)C(=O)Nc2cc(N3CCCC3)c(cc2)C,0.7469638168258657,0.18292682926829268
C(C(=O)N(C))=C(CC1=CC=CC(C(=O)N)=C1)C=CC2=CC(C(=C)N)=CC=C2,O=C(NCc1ccccc1)C([NH2+]C(CCCCc2ccccc2)C)C,0.6845098779779341,0.1643835616438356
N(C(=O)CC1CCCC1)CCC2C(=O)C3=C(C(=O)N)C=CC=C3CC2,O=C(N)c1c2c(ccc1)C[NH+](CC(=O)C=3NC(=C(C(=O)C)C3CC)C)CC2,0.6979411726319927,0.24390243902439024
O=C(NCCC(C(=O)N)=CCC1=CC=CC(C(=C)N)=C1F)CCC2=CC=CC=C2,O=C(NCc1c(cccc1)C(C)(C)C)c2cc(ccc2)CC[NH3+],0.7099498016596653,0.22972972972972974
CNC1=CC=CC=C1CCC(=C)C=2C=CC=C3C2C=CC=C(C(=C(N))N)3,O=C(N)c1c(cccc1)CCC(=O)N(Cc2ccccc2)CCC=C,0.753734754315965,0.26865671641791045
CC1=C(C(=O)N)C=CC=C1CCCC(=N)CCSC2=CC3=CC=CC=C3C2,O=C1N(C(=O)CCN1Cc2cc(ccc2)C(=O)N)Cc3cc(ccc3)C(=O)N,0.6927579503001969,0.16666666666666666
CC1=CCCC=C1NCC2=CC=CC=C2C=CC3=CC(Cl)=CC=C3C(C(=O)(N)),[NH2+](CC=1Nc2c(c(ccc2)C)C1)CCc3c(cccc3)CC,0.6855743714287112,0.1518987341772152
O=C(CNC1CCCC1)NCC2CC3=C(C(=O)C(=O)(N))C=CC=C3CC2,O=C(NCC=CCNC(=O)CCCc1c(OC)cc(OC)cc1)C2=Cc3c(cccc3)C2,0.6351123333971754,0.16853932584269662
C(C(=O)C(N))=CC1=C(C(=O)N)C=CC=C1CC(=O)C=CC2=CC=CC(C(=O)N)=C2,O=C(NCCNC(=O)Cc1ccccc1)C(CCCc2ccccc2)C,0.715662489583388,0.125
CN(CC1=CC(C(=O)N)=CC=C1)C(=C(C(=O)O))CCCC2(O)CC3=CC=CC=C3C2,O=C(N)c1cc(ccc1)CN(C(=O)CN2c3c(cccc3)CCC2=O)C,0.638700270413126,0.44285714285714284
O=C(NC(=N)C1=CC=CC=C1)CC=2C(=O)CC3=CC=CC(C(=O)N)=C3C2,O=C(N(Cc1cc(ccc1)C(=O)N)C)c2ccc(N3CCCC3)cc2,0.7068816510311515,0.2
C(=O)=C(CC1=CC=CC=C1)CCC=CC2=C(C(=O)O)C=CC(=C2)CCCC(N)(=O),O=C(NCCc1ncccc1)Cc2cc(N)ccc2,0.7883771995372727,0.20270270270270271
O=C(CC1=CC=CC(C(=O)C(=O)(N))=C1)N2CCC(=O)C(C3=CC=C(C(=O)N)C=N3)=C2,O=C(N1CCN(C(=O)Cc2cc(ccc2)C(=O)N)CC1)c3c(cccc3)C(=O)C,0.6196263539083642,0.36619718309859156
O=C(CC1=CC=CC=C1)NCC2=CC=CC=C2C3CCC(C(=O)(N))=C3,O=C(N(CCN(C(=O)CCC=1Nc2c(cccc2)C1)C)C)CCc3c(cccc3)C(=O)N,0.7129631846453641,0.18421052631578946
C(C(=O)(N))1=CC=CC=C1CC(=O)NC(=O)C2=CC3=CC(Br)=CC=C3C(=C(=N))2,[O-]C(=O)c1cc(N2N=CC(c3cc(ccc3)C(=O)N)=C2)ccc1,0.7069227048972526,0.13924050632911392
CC1=CC=CC=C1NCCCC=C2C(C(=O)N)=C(N)C=C2CCCCC,Clc1c(F)cccc1CCC(=O)NCCCCNC(=O)Cc2c(F)cccc2,0.7805488968195924,0.18181818181818182
O=C(CC1=CC=C(C(=O)O)C=C1)NC2C3=CC=CC=C3C=C2CCCC(C(C(=O)(N))),O=C(Nc1c(cccc1)C(C)(C)C)NC(C(=O)N)Cc2ccccc2,0.7289540588852379,0.18666666666666668
C(=O)=C(CC1=CC(C(=O)N)=CC=C1)C(=O)C2=CC=CC3=C2CC(C)(C)C(=O)3,O=C(NCC=CCNC(=O)C1=Cc2c(cccc2)C1)c3cc(c(cc3)CC)CC,0.6694928677772132,0.1728395061728395
C(C(=O)(N))C1=CC=CC=C1CC=CC2=C(C(=C)C)C=CC=C2C(=C)CCCC(N),O=C(N)c1cc(ccc1)CNC(=O)CCC([NH3+])c2ccccc2,0.7777674498186928,0.18181818181818182
CC(=O)C1=CC=CC=C1CC(=C)C2=C(C(=O)C)C3=CC=CC(C(=O)C(=O)(N))=C3C2,O=C(NCC1[NH2+]Cc2c(cccc2)C1)c3cc(ccc3)C(=O)C,0.7224314355893158,0.2054794520547945
C(=O)=C(CC1=CC=CC(C(=O)N)=C1)N2CCCC(C3=CC(C(=O)O)=CC=C(C(=O)O)3)=C2,O=C(NNC(=O)c1cc(c2ccc(cc2)C(=O)N)ccc1)c3c(cccc3)C,0.6209060947771825,0.2236842105263158
C(N)=C(N)C1=CC=CC=C1NCC2=CC=NN=C2NCCCC3CCCC3,ClC1=C(C(=O)Nc2cc(NC(=O)c3cc(N)ccc3)ccc2)CC1,0.714654992360316,0.0975609756097561
CC(N)(C)C1=CC=CC=C1CC=C(N)N(C)CC2=CC=C(C(=C)C)C=C2CC,O=C(N(Cc1ccccc1)C)CCNC(=O)C=Cc2ccc(cc2)CC,0.72805785903013,0.22077922077922077
NC1=CC=CC=C1CC2=CC=CC=C2CCC(N)CC3=CC=CC(N)=N3,O=C(NCCCC=CC)c1c(cccc1)CN2N=NC(=C2)CCC(=O)C,0.7101681767922814,0.1375
CC(C)(CC1=CC(C(=C(=O))N)=CC=C1NC(C)=O)CCC2=CC(C(=O)N)=CC=C2F,O=C(NCCCCC(NC(=O)C1=CCC1)C)c2ccccc2,0.6920292981818896,0.1375
C(C(=C(N))C(C(N)))#CC1=CC=CC=C1NC(=O)C2=CC3=CC=CC=C3S2,O=C(N)c1c(NC(=O)C(Cc2ccccc2)CC=C)cccc1,0.7456363575469528,0.20270270270270271
O=C(CC(N)=C1C=CC(=O)C1)NCC2=CC=CC=C2SC(=O)CC3=CC=CC=C3,S(c1ccccc1)CC(=O)NCCc2cc(ccc2)C(=O)N,0.6884321558414755,0.2535211267605634
FC1=C(C(=O)N)C=CC=C1CC(=O)N(C)CCCC2=CC(C(C(=O)(N)))=CN=C(C(C))2,O=C(N)c1cc(ccc1)CNC(=O)C([NH3+])Cc2ccccc2,0.6501417081979257,0.175
O=C(C(=O)NC1CCCC1)NCN2CC3=C(C(=C(N))N)C=CC=C3CC2,O=C(N)c1c(cccc1)CCC(=O)NCC=CCNC(=O)CCCCCC(=O)Nc2ccccc2,0.6981968476551741,0.189873417721519
C(N)(=O)C1=CC=C(C(=O)C(N))C=C1CCCC=C2CCC3=CC=CC=C3[NH1]2,[O-]C(=O)c1cc(ccc1)CCC(=O)NCCCc2cc(ccc2)C,0.717630541807132,0.14814814814814814
C(=O)=C(CC1=CC=CC(C(=O)N)=C1C)CCC=CC=CC2=CC=CC=C2,O=C(N)c1cc(ccc1)CC(=O)N2c3c(c(N)ccc3)CCC2,0.6817519444934513,0.16883116883116883
CC1=CC=CC=C1NC(=O)NC2CCC3=C(N)C(C(C(=O)N))=CC=C3C2,O=C(NCCCCNC(=O)CCNC(=O)Cc1ccccc1)c2c(cccc2)C(=O)C,0.7310552127891466,0.15384615384615385
O=C(CCC1=CC=CC(N)=C1)CCCC(C)CC=CC2=CC=CC(C(=O)(N))=C2,O=C1OC(C(=O)NCC=CCNC(=O)c2c(cccc2)C(=O)N)=Cc3c1cccc3,0.7468934265646927,0.20253164556962025
O=C(CCC1=CC(C(=O)N)=CC=C1)CC(=N)C=CC(=N)C=CC2=CC=CC=C2,O=C(Nc1cc(NC(=O)C2CC(CCC2)C)ccc1)c3cc(N)ccc3,0.6590760881218454,0.1794871794871795
CCC(=O)NC1=CC(C(=O)O)=CC=C1C(=O)CCC2CCC3=CC=C(C(=O)N)C=C32,O=C(N(CCN(C(=O)c1cc(N)c(cc1)CC)C)C)c2c(ccc(c2)C(=O)N)C,0.6753261431252524,0.23376623376623376
O=C(CNC1CCCC1)NCN2CC3=C(C(=C(N))N)C=CC=C3CC2,Clc1c(cccc1)CNc2c(cccc2)C(=O)NCCC3([NH3+])CCC3,0.6951803046195573,0.16470588235294117
CC1=CC(C(=O)N)=CC=C1C2=CC=CC=C2CCCCCC3CCC(N)C3,O=C(NCCc1c(cccc1)CC)C=Cc2cc(N)ccc2,0.7608993143957885,0.19736842105263158
O=C(CC1=CC=C(N)C=C1)CCC=C2C=CC=C2[NH1]C(=O)CC3=CC(N)=NC=C3,Fc1c(ccc(NC(=O)NNc2ccccc2)c1)C(=O)N,0.6695978969906853,0.12658227848101267
CC1=CC=C(N)C=C1CC2=CC=CC=C2CCC(O)C3=CC=CC(N)=C3,O=C(NCCCCNC(=O)CCNC(=O)Cc1ccccc1)C=C(CC)C,0.8090636233985564,0.14285714285714285
C(=O)(CC1=CC=CC=C1)NCCC(=O)C2=CC(C(=O)C(N)(C))=C(C)C=C2C,O=C(N)c1cc(ccc1)CC(=O)NCC(O)(CNC(=O)CCCCCCc2ccccc2)C,0.6350529616683153,0.3142857142857143
CC1=CC=CC=C1CCC(=O)NC=CC2=CC(C(=O)N)=CC=C2C3=CC=CCC(=O)3,O=C(NCCC1Oc2c(OC1)cccc2)Cc3ccc(N)cc3,0.7557302166580768,0.1744186046511628
C=C(CC1=CC=CC(C(=O)N)=C1)C(=C(N))CCCC(=O)NCC2=CC=CC=N2,O=C(Nc1ccccc1)NCCC(=O)NCC=CCNC(=O)c2c(cccc2)C(=O)N,0.6783750390682786,0.24675324675324675
C(C(=C)C(N))=CC1=CC=C(C(=O)C(N))C=C1NC(=O)C2=CC3=CC=CC=C3C2,Brc1cc2c(cc1)cccc2C(=O)NCCNC(=O)CCC=Cc3ccccc3,0.6861809236224847,0.18604651162790697
O=C(CC1=CC=CC=C1)NCC=CC(C2=CC(C(=C(C(C)))N(C(=O)C))=CC=C2)=C,Fc1c(cccc1)C(=O)NCC=CCNC(=O)c2ccc(cc2)CC(=O)N,0.7374270575221206,0.2676056338028169
CC(C(=O)C1=CC=CC(C(=O)N)=C1C)CCC=CC=CC2=CC=CC=C2,O=C(N)c1cc(ccc1)CN(C(=O)C2(O)Cc3c(cccc3)C2)C,0.7321164086442962,0.19718309859154928
CC1=CC=C(N)C=C1CNC(=O)CC2=CC=CC=C2C3=CC(C(=O)N)=CC=C3,O=C1Nc2c(cc(cc2)CCCC(=O)Nc3c(cccc3)C(C)(C)C)C1,0.6922320806114504,0.17073170731707318
CCC1=CC(N)=C(C(=O)N)C=C1CC(=C(C(=O)O))C2=CC3=CC=CC=C3C(=O)2,O=C(N)c1cc(ccc1)CC(=O)N2c3c(c(N)ccc3)CCC2,0.6939109217527277,0.19480519480519481
O=C(CCC1CCCC1)NCC2CC3=C(C(=O)C(=O)(N))C=CC=C3CC2,O=C(N)c1cc(NC(=O)CCCc2cc(c(cc2)C)C)c(cc1)C,0.6959910462034833,0.15789473684210525
CC(C)C1=CC=C(C(=O)N)C=C1N2C(=O)CCN(C3=CC=CC(C(=O)C)=C3)S2,O=C(NCCCCNC(=O)c1cc(N)ccc1)c2c(cccc2)CC(C)C,0.6610681843394222,0.20512820512820512
O=C(CC1=CC(C(=O)C(C(=O)C))=CC=C1)N2CCCC(C3=CC=CCC3)=C(N)2,FC(F)(F)C1Oc2c(cccc2)C=C1C(=O)Nc3c(cccc3)CCC(=O)N,0.6344572985924859,0.12087912087912088
CC1=CC=CC=C1NCCCC=C2C(C(=O)C)=C(N)C=C2CCCCC,O=C(OC)CCc1c(cccc1)CNC(=O)Cc2ccc(N)cc2,0.7715283960609893,0.18181818181818182
CCC1=CC=CC=C1CC(=C)C2=CC3=CC=CC(C(=C(N)(C))N)=C3S2,Clc1c(Cl)cc(c(N)c1)C(=O)NCCNC(=O)Cc2ccccc2,0.6935036516447804,0.17142857142857143
O=C(NC1=CC(=O)CC=C(N)1)N2CCN(C(=O)C3=CC(C(=O)N)=CC=C3)C2,O=C(N)c1c2c(ccc1)C[NH+](CC(=O)NC(=O)C3CCCCC3)CC2,0.5961419006460035,0.1728395061728395
NC(=O)C1=CC=CC=C1N2CCCC(C3=CC(C(=O)C(C(=C)C(=O)(N)))=CC=C3)C2,Brc1c(cccc1)C(=O)NCC(=O)N(CCCNC(=O)C2=CCC2)C,0.649194255080427,0.16470588235294117
O=C(NC1=CC=CC=C1)NC(=O)CC=CCC2=CC=C(O)C3=C2CCC=C(N)3,O=C(N)c1c(nccc1)N2CC[NH+](CC(=CC=3OC=CC3)C)CC2,0.7108012567422002,0.11827956989247312
O=C(NC1=CC=CC=C1)NC=CCC=CC2=C(C(=O)C)C=CN=C2CC(=O)C,O=C(Nc1c(cccc1)C=C)NC(c2cc(c(O)cc2)C(=O)N)C,0.6914967243781288,0.189873417721519
O=C(NCC1=CC=CC=C1)CCC(=C(C(=C)N))CCCC(N)C2=CC=CC=C2,O=C(NCc1c(cc(cc1)C)C)C(c2c(OC)cccc2)C,0.6827835720695191,0.17567567567567569
C(C(=O)C)=C(C(=O)C1=CC=CC(C(=O)N)=C1)N2CCC(CC3=CC=CC=C3)C2,Fc1c(c(F)ccc1)C=CC(=O)Nc2c(cccc2)C(=O)C,0.6692614421020631,0.16216216216216217
O=C(CC1=CC=CC(C(=O)C)=C1C)CC2=CC=CC=C2CC=CC3=CCCC(=O)3,Fc1ccc(cc1)CCCCCC(=O)Nc2c(cccc2)C(C)(C)C,0.7496216459419944,0.12658227848101267
CC(N)(C)C1=CC=CC=C1CC(=O)NCCC(C)C2=C(N)C=C(N)C=C2,O=C(NCC(=O)NCCNC(=O)CCc1ccc(cc1)C(=O)N)c2ccc(N)cc2,0.7210303654313526,0.22535211267605634
O=C(NC1=CC(C(=O)O)=CC=C(C(=O)O)1)NCC2=CC=CC=C2C3CCCC(C)C3,O=C(NCCC1=CCCCC1)CNc2c(cccc2)C(C)(C)C,0.7046658846735121,0.18292682926829268
CC(CC1=CC(C(=O)O)=CC=C1)C(=C(N))CCNC(=O)C2=CC=CC(N)=C2,Fc1c(cccc1)C2=NN(C(=O)C=C2)CC(=O)Cc3ccccc3,0.6533508249056527,0.14285714285714285
C(C(=O)N)=C(C)C1=CC=CC=C1N2CCCC(C3=CC(C(=O)C(C(C(N))))=CC=C3)=C2,O=C(Nc1c(cccc1)C(C)(C)C)Nc2c(cccc2)CCCO,0.6887988741914761,0.13253012048192772
O=C(CC1=CC=CC(N)=N1)C(C)C2=CC=CC=C2CC3=CC=CC(C(=O)C)=C3,Fc1c(cccc1C(=O)N)C(=O)NCc2cnccc2,0.75202497946002,0.17333333333333334
NC1=NC=C(N)C=C1CC2=C(C(=O)O)C=CC=C2CCCC3=CCCC=C3,O=C(N)c1ccc(cc1)CC(=O)NCCNC(=O)C=CC2=Cc3c(OC2)cccc3,0.6981781258304536,0.12903225806451613
O=C(CCC1=CC=CC(=C(N))C(=N)1)CCC(=O)NC(=O)C2=CC=CC=C2,O=C(NC1CC(NC(=O)CCC=Cc2ccccc2)C1)c3c(N)cc4c(c3)CCCC4,0.7057621580658728,0.19753086419753085
O=C(CC1=CC(C(=O)(N))=CC=C1)N2CC=CC(C3=CC(C(=O)O)=CC=C(C(=C)C)3)=C(C(=O)O)2,O=C(N)c1cc(ccc1)CC(=O)N2c3c(c(N)ccc3)CCC2,0.6505190710236479,0.4
CC1=C(C(=O)N)C=CC=C1CCCC(=O)C=CC2=CC3=CC=C(N)[NH1]C3=C2,O=C(NCC(CNC(=O)C=CC=Cc1ccccc1)C)c2c(c(ccc2)C(=O)N)C,0.7063196789545223,0.2948717948717949
C(=O)(CC1=CC=CC(C(=O)C(C(=O)N))=C1)N2CC(=O)C(=N)C(C3=CC=CC=C3)=C2,O=C(NCc1c(NCCOC)cccc1)c2c(nccc2)NC(C)C,0.6747382939581159,0.1111111111111111
NC(N)=CC(=C(=O))CC1=CC=CC=C1CCC(=O)NC(=O)C2CCCC2,O=C(N)c1c(cccc1)CCC(=O)NCC2C(CNC(=O)CCc3ccccc3)C2,0.7093408863663124,0.34375
O=C(NC1=CC=CC=C1)NC(=O)CCC=CCCC2=CC=CC3=C2CC(=N)C(=O)C3,O=C(N)c1cc(ccc1)CC(=O)NCc2c(cccc2)C(C)C,0.6992477215329265,0.17721518987341772
O=C(CC1=CC=CC(C(=O)N)=C1)N(C(=O)C(N))C(=O)CC=CC2=CC=CC(N)=N2,S(c1c(N)c(ccc1)C)Cc2c3c(ccc2)CCC3,0.7169312926213114,0.1038961038961039
O=C(CC1=CC(C(=O)N)=CC=C1)N2CC=CC(C3=CC=CC(C(=O)N(C))=C(N)3)=C2,FC(c1ccccc1)C(=O)NCc2c(cccc2)CCC([O-])=O,0.6810066125129695,0.10843373493975904
CN(CC1=CC=CC=C1N)C(=O)C=CC2=CC=CC(C(=C(C(=O)N))N)=C2,O=C(Nc1c(cccc1)C)C[NH+]2C(Cc3c(ccc(c3)C)C2)C,0.7283977472087353,0.13580246913580246
CC(=O)C1=C(N)C=CC=C1CC(=O)NC2=CC=CC=C2C=CC3=CC=CC(=N)3,O=C(Oc1cc2c(cc1)CCC2=O)CCNC(=O)Cc3ccccc3,0.7040321933229379,0.15294117647058825
NC1=CC=C(N)C=C1CC2=CC=CC=C2CCC(C(=O)C(C))C3=CC=CC=C3,O=C(N1Cc2c(c3c(cccc3)C1)cccc2)c4c(cccc4)C(=O)N,0.7001863016407653,0.140625
O=C(NCCC(C(=O)N)C(=O)CC1=CC=CC(C(=O)N)=C1F)CC2=CC=CC=C2,O=C(N)c1cc(ccc1)CC(=O)NCC=CCNC(=O)CCC=C,0.6737087175954519,0.29411764705882354
O=C(CC1=CC=C(C(=O)C(C(C(N))))C=C1)C2CCC(C3=CC=CC=C(N)3)=CC2,Clc1c(Cl)cccc1CC(=O)NCCNC(=O)CCCC(=O)NCc2ccccc2,0.737970069430153,0.2054794520547945
O=C(NCC1=CC=CC=C1)C(=O)CCC(C(N))CC=CC2=CC(C(=O)N)=CC=C2,O=C(N)c1c(cccc1)CCC(=O)NCC=CCNC(=O)CCCCCC(=O)Nc2ccccc2,0.7076641546228376,0.25333333333333335
O=C(C1=CC=CC=C1)NCCCC2=CCCC3=C2C=C(C(=O)N)C(=N)3,O=C(Oc1ccccc1)NCCOC(=O)c2c(c(ccc2)C(=O)N)C,0.7221850325598969,0.21333333333333335
CC(C(N)(N))(C)C1=CC=CC=C1NC(=O)CCC(C(=O)C)CCC2=CC=CC=C2,O=C(OC)c1c2c(ccc1)C[NH+](C2)CCC(=O)NC3CC3,0.737123918540034,0.16883116883116883
CC1=CC=C(C(=O)C(=O)(N))C=C1CCC(=O)C=C2C=CC3=CC=CC=C3C2=C,Brc1c(ccc(c1)C)C=CC(=O)N(Cc2c(N)cccc2)C,0.7703621872576596,0.20512820512820512
O=C(CCC(=O)CC1=CC=CC(C(=C(N))N)=C1C)CCCCC2=CC=CC=C2,O=C(NCC(=O)Nc1ncccc1)c2c(cccc2)CC=C,0.6977720027792378,0.1917808219178082
CCC(N)(N)C=C(N)C1=CC=CC=C1NC(=O)CC2=CC=C(C)C=C2CC,O=C(NCc1c(cccc1)C(C)(C)C)CCCCc2cc(O)ccc2,0.7687373811418279,0.22666666666666666
CCC1=CC=CC(C(=O)N)=C1CC=CCC(=O)CC2=C(N)C3=CC=CC=C3S2,O=C1OC(C(=O)NCC=CCNC(=O)c2cc(N)c(cc2)CCCC)=Cc3c1cccc3,0.6799115375434119,0.22093023255813954
C(C(=O)N)=C(CCC1=CC=CC=C(C(=C)N)1)CCC=CC2=CC=CC=C2F,O=C(N1CCCC1)CCCNC(=O)CNc2ccccc2,0.7455175263709839,0.13333333333333333
C=CC1=C(N)C=C(C(=O)N)C=C1CC(=C)C2=CC3=CC=C(C(=O)O)C=C3N2,Fc1c(cccc1C(=O)N)C(=O)N(Cc2c(cccc2)C(C)(C)C)C,0.65152760466886,0.1375
ClC1=CC=CC=C1CCCCC=C2C(C(=O)N)=C(N)C(N)=C2C(=O)CCCC,O=C(NC1CC(NC(=O)CCC=Cc2ccccc2)C1)c3c(N)cc4c(c3)CCCC4,0.7097023533444442,0.16666666666666666
O=C(NC(=O)C1CCCC1)NCC2CC3=C(C(=O)N)C=CC=C3CC2,O=C(NC1C(NC(=O)CCCc2cc3c(cc2)CCCC3)CC1)c4c(ccc(c4)C(=O)N)C,0.6976503160528531,0.21951219512195122
CC(CC1=CC(C(=O)N)=CC=C1)N2CCCC(C3=CC=C(C(=O)C)C=C3)=C(N)2,O=C(NCc1ccccc1)C(=O)NCC(C=2NC(=O)C=CC2)(C)C,0.7057688878918991,0.15584415584415584
CN(C(=O)C=CC=CC=C(C(N))C1=CC=CC=C1)CCC2CC3=CC=CC=C3C2,S(c1c(cccc1)CCNC(=O)C(=O)N2Cc3c(c4c(cccc4)C2)cccc3)C,0.6906300190511923,0.16666666666666666
NC1=CC=CC=C1C(=O)NC(=O)CCC2=CC(=O)CC(C)=C2C(C(=O)N),O=C(N)c1cc(ccc1)CC(=O)NCCCCNC(=O)C2(Cc3c(cccc3)C2)C,0.7225538668944779,0.20253164556962025
O=C(NCC1=CC=CC=C1)CCC2CC(=O)CC3=CC=C(C(=O)C(N))C=C23,O=C(N)c1cc(c2ccc(cc2)C(=O)C=Cc3ccccc3)c(cc1)C,0.7373525653523579,0.17105263157894737
C=C(C(N)(N)C1=CC=CC=C1)NCCCC2=CC=CC3=C2CCCC3,O=C(N)c1c2c(ccc1)CN(C(=O)Cc3ncccc3)CC2,0.6880831842256929,0.20270270270270271
NC(CC1=CC=CC(C(C(C(N))))=C1C)=CCC(=O)CC2=CC=CC(C(=O)N)=C2,O=C(N)c1cc(ccc1)CC(=O)N2CCN(C(=O)Cc3ccc(cc3)C(=O)C)CCC2,0.6364977882381793,0.36363636363636365
C(=O)=C(CC1=CC(C(=O)N)=CC=C1)C(=C)C=CC=CC2=CC=CC=C2F,S(c1c(cccc1)CCNC(=O)C(=O)N2Cc3c(c4c(cccc4)C2)cccc3)C,0.667790451601432,0.10714285714285714
O=C(NC1=CC=CC=C1)CCC=CC2=C(C(=C(N))O)C=CC=C2CCC(=O)CC,Fc1c(ccc(c1)CO)C(=O)NCc2c(cccc2)C(C)(C)C,0.6949292376872209,0.1794871794871795
O=C(CCC1=CC=C(C(C(N)))C=C1)CC(C(=O)C)CC=CC2=CC(C(=O)N)=CC=C2,Fc1c(cccc1)C=CC(=O)N(CCN(C(=O)CCc2ccccc2)C)C,0.691214792889054,0.22666666666666666
O=C(CCC(=O)C(=C)C1=CC(C(=O)N)=CC=C1)CCC2(C(=O)O)CC3=CC=CC=C3C2,O=C(N1C(C(NC(=O)c2c(ccc(c2)C(=O)N)C)C)CCC1)c3c(ccc(N)c3)C,0.6666594660688856,0.18072289156626506
CC(N)C1=CC=CC(C(=O)N)=C1CCNC(=O)CC2=CC3=CC=CC=C3S2,Fc1c(c2cc(F)ccc2)ccc(NC(=O)Cc3cc(ccc3)C(=O)N)c1,0.6477896285626428,0.1951219512195122
O=C(CNC1CCCC1)NCC2CC3=C(C(=O)C(N))C=CC=C3CC2,O=C(N1CCN(C(=O)Cc2cc(ccc2)C(=O)N)CC1)c3c(cccc3)C(=O)C,0.7006522151469854,0.16455696202531644
O=C(CC1=CC=CC=C1)NCC2=CC=CC=C2C3C(=O)C=CC(N)=C3,O=C(NCCNC(=O)CCc1ccccc1)C2c3c(cccc3)C2,0.7013801089592689,0.30158730158730157
NC1=CC=C(N)C=C1CC2=CC=C(C(N))C=C2CC=CC3=CC=CC(=O)N3,Brc1cnc(N)c(c1)CNC(=O)CCc2c3c(ccc2)cccc3,0.6974876103884429,0.13414634146341464
O=C(NCC1=CC=CC=C1)CCC2CC(=O)CC3=CC(C(=O)O)=C(C(=O)C)C=C23,O=C(NC1C(NC(=O)C2=C(c3ccccc3)CCC2)CC1)c4c(N)ccc(c4)CC,0.6127226890951215,0.2073170731707317
CC(C)(N)C1=CC=CC=C1CC(=O)NCC(=O)C2=CC3=CC=CC=C3C(=N)2,O=C(N)c1c(cccc1)CCC(=O)NCCCCNC(=O)CCNC(=O)Cc2ccccc2,0.6950133586018539,0.23943661971830985
O=C(C1=C(C(=O)N)C=CC(C(O)O)=C1)NC2=CC=CC=C2C=C3C=CC(C)C=C3,O=C(NC(Cc1cc(cc(c1)C)C)C)CCc2c(N)cccc2,0.661249648354253,0.16883116883116883
C=C(CC1=CC=CC=C1N)C2=C(C(=O)N)CC(C3=CC(C(=O)N)=CC=C3)=C2,O=C(N)c1c2c(ccc1)C[NH+](CC2)CCC(=O)NCC3CCCCC3,0.6639733516004855,0.17073170731707318
CC1=C(C(=O)N)C=CC=C1CC(=O)C=C(C)C(=O)CCCC2=CC(C(N))=CC=C2C,O=C(NCCc1c(cccc1)C2CC2)Cc3c(N)cccc3,0.7144213084007282,0.16666666666666666
O=C(CC1=CC=CC=C1)NCCCC(C)=C2C=CC=C2CC(=C(C(=O)N))C,Fc1c(cccc1)C(=O)Nc2cc(c(cc2)C(=O)N)C,0.7031274854614034,0.16216216216216217
O=C(NCC1=CC=C(N)C=C1)CCC2=CCC3=CC=CC(C(=C)N)=C3S2,Fc1c(cccc1)CCC(=O)NCc2cc(ccc2)C(=O)N,0.7119416481477328,0.3142857142857143
O=C(C(=N)C1=CC=CC=C1)NC(=O)CCC(C2=CC(C(=O)N)=CC=C2)C,O=C(NCc1c(cccc1)C2CC2)Cc3ccc(NC(=O)C)cc3,0.7236028311802358,0.16216216216216217
C(=O)(CC1=CC=CC=N1)CCCCC2=C(C(=O)O)C=CC3=C2CC(C(=O)N)=CC3,O=C(N1Cc2c(ccc(N)c2)C1)c3c(cccc3)CN4N=NC(c5ccc(N)cc5)=C4,0.6532451900051156,0.16666666666666666
NC(=O)C(CC1=CC(C(=O)N)=CC=C1)CCCCCC(N)C2=CC=CC=C2,FC(F)(F)c1c(cccc1)C(CC(=O)NCCNC(=O)Cc2cc(ccc2)C(=O)N)C,0.7457181895118086,0.3142857142857143
O=C(CC1=CC=CC=C1)NCC2=CC=CC=C2CC3(C)CCC=C(N)3,O=C(N)c1c2c(ccc1)C[NH+](CC2)CCC(=O)NCC3CCCCC3,0.7273355073790393,0.1625
O=C(CC1=CC=CC=C1)NCCCC2=C(C(=O)O)C=CC3=C2CC(=O)CC(N)3,Clc1c(cc(cc1)C([O-])=O)C=NNC(=O)CCc2ccccc2,0.6812667621048747,0.21794871794871795
O=C(CCC1=CC=CC(N)=C1)NC2CCC(=N)C3=CC=C(C(=O)N)C=C23,O=C(OC(C)(C)C)Nc1c(cccc1)CCC[NH2+]Cc2c(cccc2)C,0.7134772425301343,0.12941176470588237
O=C(CC1=CC(C(=O)C)=CC=C1)N2CC=CC(C3=CC=CC(C(=O)N)=C3)C2,O=C(Nc1c(NCc2ccccc2)ccc(c1)C(=O)N)c3cc(N4CC=CC4)ccc3,0.648104191661262,0.3108108108108108
NC(C(=O)(N))C(C)C1=CC=CC=C1NCCC2=CC=CC3=CC=CC=C32,O=C(Nc1c(cccc1)C(C)(C)C)C=2Nc3c(c(ccc3C)C)C2,0.7102501330948976,0.18309859154929578
CC(CC1=CC(C(=O)N)=CC=C1)=CC(=C(C(=O)N))C=CC2=CC=CC(F)=C(C)2,O=C(N)c1cc(ccc1)CC(=O)N2CC(c3ccccc3)=CCC2,0.6674890698068665,0.3055555555555556
O=C(CCC(C(=O)C(C(=O)N))CCCC1=CC=CC=C1)NC(=O)CC2=CC=CC=C2,Fc1c(cccc1C(=O)N)C(=O)N(CCCCN(C(=O)Cc2c(cccc2)CC)C)C,0.7173888568437885,0.18055555555555555
CC1=CC=CC=C1CCNC(=O)CC2=CC3=CC=C(C(=C(N))C(=O)(C(N)))C=C3C2,Brc1c(cc(cc1)C(=O)OC)CNc2c(cccc2)C(C)(C)C,0.7383059474102462,0.18072289156626506
O=C(CC1=CC=NC=C1)NCCCC2=C(C(=O)O)C=CC3=C2C=C(C(=O)N)CC3,O=C(NCC=CCNC(=O)CCc1c(cccc1)C(=O)N)c2cc3c4c(cccc4)Cc3cc2,0.6722519569789192,0.23809523809523808
C(C(=O)O)=C(CCC1=CC=C(C(=O)N)C=C1)NCC=C2C=CC3=CC=CC=C3C(=O)2,O=C(NC(c1c(cccc1)C)c2c(cccc2)C)C=Cc3c4c(ccc3)cccc4,0.6734274570664747,0.125
CC(C(=O)N)=CCC(=O)NC(C)C1=CC=CC=C1CCCC2=CC=CC=C2,FC(F)(F)C=Cc1c(NC(=O)N(Cc2ccccc2)C)cccc1,0.7099870430872353,0.20833333333333334
O=C(CC1=CC=CC=C1)NCC=CC2=CC=CC(=C2)CC(=N)CC(N)C,O=C(N1CC=CC1)c2c(cccc2)CN3N=NC(c4ncc(N)cc4)=C3,0.665554722695253,0.11494252873563218
C=C(CCC(=O)NCC1=CC=CC=C1F)CC2CCC3=CC=CC(C(=O)N)=C3C2,O=C(N)c1cc(ccc1)C[NH+](Cc2cc(ccc2)C(=O)N)C,0.7808649118669376,0.18309859154929578
O=C(C(N)C1=CC=CC=C1)NCC2=CC=CC=C2CCCCC3CCCCC3,O=C(N)c1c(cccc1)CCC(=O)NCC(=O)NC2CCCC2,0.722254468878133,0.30303030303030304
C(CC)=C(CNC1=CC=CC=C1Cl)C(=O)NC(=O)C(N)=CC2=CC=CC=C2,O=C(NCC=CCNC(=O)C1=Cc2c(cccc2)C1)c3c(c(ccc3)CO)C,0.7182835398888306,0.1625
O=C(NC(=O)C1=CC=CC=C1)NCCC(CN)CC=CC2=CC=CC(C(=O)N)=C2,S(c1c(cccc1)CCNC(=O)C(=O)N2Cc3c(c4c(cccc4)C2)cccc3)C,0.714482746338273,0.1625
O=C(CC1=CC=CC=C1)NCC=C(C(CO)C)CCC2=CC(C(=O)N)=CC=C2,O=C(OC)c1cc(c(cc1)C(=O)N(CCN(C(=O)CCC(=O)N)C)C)C,0.6366337853802126,0.18181818181818182
C(=N)=C(CCC1=CC=CC(C(=O)N)=C1Cl)CCC(=O)CCCC2=CC=CC=C2F,O=C(NCC=CCNC(=O)CC1=Cc2c(cccc2)C1)C=CC=Cc3ccccc3,0.7261366619340738,0.12790697674418605
CC1=CC=C(CCC(=O)C=C(C(=O)(C))CC2=CC=CC(C(=C)N)=C2Cl)C=C1Cl,[O-]C(=O)c1cc2c(cc1)C[NH+](C2)CC(=O)NCc3ccccc3,0.7556662602901426,0.13253012048192772
CC1=C(N)C(N)=C(C(=O)N)N=C1CC=C(C)C(=O)NC2=CC=CC(C)=C2,S1C(C2=CCN(C(=O)CCc3c(cccc3)C(=O)N)CC2)=CC=C1,0.6754478167596121,0.14285714285714285
O=C(CCC1=CC=CC(C(=C)N)=C1F)C(N)CCCCC(=O)NC2=CC=CC=C2,O=C(NCCCCNC(=O)CCCc1c(ccc(c1)C)C)CC2=Cc3c(cccc3)C2,0.7033922231945484,0.18823529411764706
O=C(CC1=CCCC=C1)CCC2=CC=CC=C2C(=N)C=CC3=CC(C(=O)O)=CC=C3,Clc1c(C#N)ccc(c1)C(=O)NCCNC(=O)C=2OC(=O)c3c(cccc3)C2,0.6758400572328744,0.11702127659574468
CC(CC1=CC(C(=O)N)=CC=C1)N2CCCC(C3=CC=C(C(=O)N)C=C3)C2,O=C(N)c1cc(ccc1)CC(=O)NCC=CCNC(=O)C(Cc2ccccc2)CC=C,0.668456176531187,0.29333333333333333
O=C(CC1=CC(C(=O)N)=CC=C1)CC(N)C=CC2=CC=CC(=C2)CCC,Fc1c(c(NCCc2c(cccc2)C(F)(F)F)cc(c1)C(=O)N)C,0.6802757291451621,0.21333333333333335
CC1=CC=CC=C1C(=O)C2=CN=C(N)C=C2C=CC(N)CC3=CC=CC=C3,Fc1cc(ccc1)C=CCOC(=O)c2c(c(ccc2)C(=O)N)C,0.7323470751184513,0.21333333333333335
CC=CC=CC1=CC=CC(C(=O)N)=C1NC(=O)N=CCC2=CC=C(C)C=C2,O=C(NCC1(c2c3c(ccc2)cccc3)CC1)Cc4c5c(ccc4)cccc5,0.7133086500664623,0.1282051282051282
CN(CC1=CC=C(N)C(C(=O)N)=C1)C(C)C2=CC=CC=C2NC3=NC=CC=C3,O=C(NCC=CCNC(=O)CCCc1ccccc1)C=Cc2ccccc2,0.7081539550529252,0.1375
O=C(CC1=CC=CC=C1)NCCC(CC2=C(N)C(C(N)))=CC=C(N)2,O=C(N)c1cc(NC(=O)C(=C)Cc2ccccc2)cc(c1)C(=O)N,0.6996581431520027,0.27419354838709675
O=C(C(=O)NC1=CC=CC=C1)NCC2C(=O)CC3=CC=CC(C(=O)N)=C3C2,O=C(NCc1c(cccc1)CC)CCC=2Nc3c(cccc3)C2,0.7773710798781622,0.17567567567567569
CC(N)(C)C1=CC=CC=C1NC=C(C)CC2=CC=C(C(=O)N)C=C2C(=O)CC,O=C(NC1C(NC(=O)CCCc2cc3c(cc2)CCCC3)CC1)c4c(ccc(c4)C(=O)N)C,0.7063004805522635,0.23809523809523808
CC(CC1=CC=C(C(=O)C(C(N)))C=C1C)C(=O)CCC2=CC=C(C(=O)C)C(C)=C2,S1c2c(NC(=O)C1)cc(cc2)C(=O)NCCNC(=O)C=C(c3c(cccc3)C)C,0.6994648148945488,0.21176470588235294
C(=O)(N)C(CC1=CC=C(C(=O)O)C=C1C)CCC2=CC3=C(C(=O)N)C=CC=C3S2,O=C(N)c1ccc(cc1)CCC(=O)NCCNC(=O)C2=CCC2,0.7416420650988542,0.16455696202531644
C=C(N)C1=CC=CC=C1CCC(=C(C(N)))CCC2=CC3=CC=CC=C3N2,O=C(NCCNC(=O)CCc1cc(ccc1)C)C(c2ccccc2)(C)C,0.7177632564074756,0.13333333333333333
CC(N)(C)C1=CC=CC=C1NCC=CC(=O)CC=CC2=CC=CC(C(=O)N)=C2,O=C(N(Cc1ccccc1)C)CCCc2c(N)cccc2,0.6953231504330464,0.14473684210526316
O=C(CC1=CC=C(N)C=C1)NCC2=CC=CC=C2C3=C(N)CNC(O)=C3,O=C(N(CCN(C(=O)CCCCc1ccccc1)C)C)C(C2CCCCC2)C3CCCCC3,0.6906854241422773,0.13924050632911392
CC(=C(C(=O)C))CC1=CC=CC=C1CCC(=O)C2=NC3=CC=CC=C3C(=N)2,S1c2c(ccc(OC)c2)C=C1C(=O)Nc3c(cccc3)CC(=O)N,0.6765973594527867,0.19736842105263158
CC(=O)C1=CC=CC=C1CC=CC2=C(C(=O)O)C=CC=C2C=CC3=CC=C(N)N3,O=C(Nc1cnc(N2CCC([NH3+])CC2)cc1)c3c(c(ccc3)C(=O)N)C,0.6867664566095958,0.16666666666666666
CN(CC1=CC=CC(C(=O)N)=C1C)C(=C)C=CC2=CC(C(=O)C(N))=CC=C2F,Clc1c(cc(OCCCC(=O)Nc2c(cccc2)C(=O)C)cc1)CO,0.6543027106619625,0.14606741573033707
C=C(CCCC(=C)CC1=CC=CC(C(=O)N)=C1)C2(C)CC3=CC=CC=C3C2,O=C(Nc1c(NCc2ccccc2)ccc(c1)C(=O)N)c3cc(N4CC=CC4)ccc3,0.6670463787569341,0.2876712328767123
O=C(NCC1=CC=CC=C1)CCN2C(C(=O)O)=CC3=CC=CC(C(=O)C(N))=C3[NH1]2,O=C(Nc1c(N)cccc1)CCc2cc(c(cc2)C)C,0.6969287053080603,0.1891891891891892
CC(=O)C(C(N)(N)C1=CC=CC=N1)NC(=O)CCC2=CC=CC3=C2C=CC=C3,O=C(N(CCN(C(=O)CCCC(=O)c1ccccc1)C)C)c2c(c(ccc2)CO)C,0.6846378067550611,0.189873417721519
CC1=CC=C(C(=O)N)C=C1CNC(=O)NC=C2C=CC3=CC=C(C(=O)O)C=C3[NH1]2,O=C(NC)c1ccc(cc1)CC(=O)N2CCN(C(=O)Cc3cc(ccc3)C(=O)N)CC2,0.7074397640445429,0.22666666666666666
CCC1=CC=CC=C1NCC(C(=O)C(C(C)(C)))NCC(=O)NC2=NC(C)=CC=C2,O=C(N)c1cc(ccc1)C[NH+]2CCC(Cc3ccc(cc3)C(C)C)CC2,0.7205073715086305,0.13953488372093023
C(C(=O)C)=C(CC1=CC=CC(C(=O)N)=C1)CSC=CC2=CC=CC(N)=C2,O=C(N)c1c(cccc1)CC(=O)NCCNC(=O)Cc2ccccc2,0.7431851096132148,0.208955223880597
O=C(C(=C)C=CC1=CC=CC=C1)C=C(C(=O)N)CCC2=CC=CC=C2C(=O)N,Brc1cc(ccc1)CCCC(=O)N(CCN(C(=O)C=2SC(=CC2)CCC)C)C,0.702731633145281,0.12048192771084337
N=C(CCC1=CC=CC=C1)C(=O)C(C)=CC2=CC=CC=C2C(C(=C(C(=O)N))C),Clc1c(NC(=O)CCNC(=O)Cc2ccccc2)cc(cc1)C(=O)N,0.6732963723990342,0.2361111111111111
O=C(NCC1=CC=CC=C1)C(N)CC2=CC(=N)C3=CC(C(=O)(N))=CC=C3S2,O=C(Nc1c(cccc1)C)CNc2cc(c(cc2)C(=O)C)C,0.7244824009026742,0.15789473684210525
CC1=CC=CC=C1CNC(=O)CCC(C(C(=O)N))SC2=CC(C(=O)N)=CC=C2,O=C(N)c1cc(ccc1)C=2N=NN(C2)CCN3c4c(cccc4)CC3,0.6915225525977273,0.21951219512195122
NC(=O)CC(C)CC1=CC=C(CCCC(=O)NC(=O)C2=CC=CC=C(N)2)S1,O=C(N1CCN(C(=O)c2ccc(cc2)C(=O)N)CCC1)c3cc(ccc3)C(=O)C,0.710022451732476,0.13333333333333333
O=C(NCC1=CC=CC=C1)N(C)C(=C(C(=C(=O))C))CCC2=C(C(=O)N)C=CC=C2,Clc1c(cc(Cl)cc1)CNC(=O)C2Cc3c(cccc3)C(=O)C2,0.6772472958045463,0.1625
O=C(NC1=CC=CC=C1C)C=CCC(C(=O)C(N))CC2=CC(C(=O)N)=CC=C2,Fc1c(ccc(NC(=O)NNc2ccccc2)c1)C(=O)N,0.6822077993432858,0.2054794520547945
CC(CC1=C(C(=O)N)C=CC=C1C(=O)CCC)NC(=O)CC2=CC=C(O)C=C2,Fc1c(ccc(NC(=O)NNc2ccccc2)c1)C(=O)N,0.674922827822166,0.2028985507246377
NC(=O)C1=CC=C(C(=O)C(C(=O)O))C=C1N2CCCC(C3=CC(C(=O)C)=CC=C3)C(=O)2,FC(F)(F)c1c(cccc1)C(=O)CNC(=O)c2c3c(cc(c2)C(=O)N)cccc3,0.6649086540180802,0.18823529411764706
ClC1=CC=CC2=C1CCN2CC(=O)CC(=N)C3=CC(C(=N)N)=CC(C)=C3,Fc1c(cccc1)CC(=O)C[NH+](Cc2cc(ccc2)C(=O)N)C,0.6236986827533204,0.20512820512820512
O=C(C(N)(N)C1=CC=CC=C1)NCCCC2C(=O)C3=CC=CC=C3CC2,O=C(NCC=CCNC(=O)Cc1c(cccc1)C)c2cc(c(C#N)cc2)C,0.6900145289948557,0.13580246913580246
O=C(CC1=CC=CC=C1)NCC2=CC(C(=C)N)=CC=C2CC(=O)CCCC(N)C,O=C(NCCNC(=O)CCc1ccccc1)c2c3c(ccc2)C(=O)CC3,0.687974246337666,0.20512820512820512
NC1=CC=C(N)C=C1CC2=CC=CC=C2CCCC3=NC(N)=CC(N)=C3,O=C(N)c1cc(c2ccc(cc2)C(=O)CC(C)(C)C)ccc1,0.6912123195609952,0.1076923076923077
C1C=CC=C(CNC(=O)N(C)CC2=CC=C(C(=C(C(=O)O))C(C(=O)N))C=C2)C1,O=C(N)c1c(NC(=O)CCC(=O)NC(c2ccccc2)C)cccc1,0.7003210896986053,0.15789473684210525
CNC1=CC=CC=C1CC(=O)C(N)=C2C=CC3=CC=C(C(=O)C)C=C3C2,Fc1c(cccc1C(=O)N)C(=O)NCc2cnccc2,0.7394185353990883,0.14285714285714285
CC(N)(C)C1=CC=CCN1CCSC2=CC=CC=C2CC3=CC=CC(N)=C3,O=C(NCC(CNC(=O)C=CC=Cc1ccccc1)C)c2c(c(ccc2)C(=O)N)C,0.6826535588963438,0.1111111111111111
CC(C(=O)C1CCC(C(N))CC1)=C(C(=O)C)CCC2=CC(C(=O)N)=CC=C2Br,O=C(NC(CCNC(=O)c1c(cccc1)CC)C)c2cc(ccc2)C,0.6823570427074828,0.13414634146341464
CCC(CC1=CC(C(=O)N)=CC=C1)C(C(=O)N)CCCC2=CC=C(C)C=C2,O=C(N)c1c(NC(=O)Cc2c(cc(cc2)C)C)cccc1,0.7166692521432869,0.23880597014925373
CN(CC1=CC(C(=O)N)=C(N)C(N)=C1CCCC)CC=CC2=CC=CC=C2C,O=C(NCCNC(=O)Cc1ccccc1)C(CCCc2ccccc2)C,0.7233024085401927,0.15584415584415584
O=C(CC1=CC=CC=C1)NC(=O)CCC=CC(=O)C2=NC=CC3=C2C(=N)C(=O)C=C3,S(c1ccccc1)CC(=O)N2CCN(C(=O)CC3Cc4c(cccc4)CC3)CC2,0.7099841272059362,0.11764705882352941
O=C(CCC1=CC=CC=C1)NCCN2C(=O)C(=C)C(=O)C3=CCC(=O)C=C32,O=C(Nc1ccccc1)NCCC(=O)NCC=CCNC(=O)CCCC(=O)c2c(N)cccc2,0.6214438640607192,0.22077922077922077
O=C(CC=CC=C1C=CC(=O)CC1=O)C2=CC=CC3=CC=C(C(=O)N)C=C32,O=C(N)c1cc(ccc1)CC(=O)NCC=CCNC(=O)CCc2cnc(N)cc2,0.6963410655014404,0.24358974358974358
NC1=CC=CC=C1CC(=O)NCCC(=C(C(=O)N))C2=CCC3=CC=CC=C3C2,Fc1c(cc(cc1)C(=O)N)C(=O)NCCCCNC(=O)c2c(nccc2)N,0.7352080765883788,0.18181818181818182
O=C(CC1=CC=CC=C1)NCC(=O)C2=CC=CC=C2CC(N)CCC(=O)N,O=C(NCc1c(cccc1)C(C)(C)C)c2cc(c(cc2)CC)CC,0.7163517928109631,0.19117647058823528
CC(CC1=CC=CC=C1)C(C(=O)N)CCC2=CC=CN=C2NC3=CC=CC=C3,O=C(N)c1cc(ccc1)C=2N=NN(C2)Cc3c(cccc3)C,0.7634631621139353,0.20270270270270271
O=C(CC1=CC=CC(N)=C1)NCC2=CC=CC=C2C3CCCC(C)C3,O=C(NCCNC(=O)Cc1ccccc1)Cc2ccc(cc2)CC[NH3+],0.7631315595689987,0.27419354838709675
C(=O)(CC1=CC(C(=O)O)=CC(N)=C1C(C)CCC)NC(=O)CC2=CC=CC=C2,O=C(NCC=CCNC(=O)C(c1ccccc1)(CC)CC)C=Cc2c(cccc2)C,0.697714281600811,0.18421052631578946
CC1=C(C(=O)N)C=CC=C1CC(=O)C(=O)CC=CC=CC2=CC=CC=C2C#N,O=C(Nc1c(cccc1)C(C)(C)C)CCC=Cc2ccccc2,0.7530519073845264,0.17333333333333334
NC(=C(C(=C)C))C1=CC=CC=C1NC(=O)CCC(C2=CC(C(=O)O)=CC=C2)C,Clc1c(Cl)cc(c(N)c1)C(=O)NCCNC(=O)Cc2ccccc2,0.7083354778199265,0.19736842105263158
C(=C(=O))(CC1=CC(C(=O)N)=CC=C1)N(C)C(=O)CCCCC2=CC=CC(N)=N2,O=C(Nc1c(N)cccc1)c2ccc(cc2)CN(C(=O)C)C,0.6806504091474476,0.21333333333333335
N#CC1=CC=C(C(=O)N)C=C1CC(C)=CC=CCC(=O)C(=O)NC2=CC=CC=C2,O=C(NCC=CCNC(=O)CCCCC(=O)N)C=CC=1OC(C(=O)N)=CC1,0.7240202983567521,0.1728395061728395
O=C(CC1=CC=CC=C(N)1)ONC2=CC(C(=O)N)=CC=C2C3=CCCC(C)=C3,O=C(NCC=Cc1ccccc1)C(=O)NCCNC(=O)Cc2ccccc2,0.6997111057160939,0.1375
C(C(=O)N)N(CC1=CC=CC=C1C(N)C)C(=O)C=CC2=CC=CC(N)=C2,O=C(N)c1c(cccc1)CCC(=O)NCC2C(CNC(=O)CCc3ccccc3)C2,0.6788589501922706,0.16883116883116883
O=C(NC1=CC=CC=C1Cl)C=CCC(C(=O)C(N))CC2=CC(C(=O)N)=CC=C2,O=C(NCc1c(NCCOC)cccc1)c2c(nccc2)NC(C)C,0.7184978141067879,0.16091954022988506
N#CC1=CC(C(=O)O)=CN=C1NCCCCCC2=CC(=O)CC3=CC=C(C(=O)N)C=C23,O=C1OC(C(=O)N(CCN(C(=O)c2c(c(ccc2)C(=O)N)C)C)C)(Cc3c1cc(cc3)C)C,0.6285677725871774,0.16326530612244897
CC1=CC=CC=C1CNCCCC2=CC=CC=C2CC(=O)CC3=CC=CC(=O)C3,[O-]C(=O)C=Cc1c(c2c(ccc(c2)C(=O)N)C)cccc1,0.7147199969135328,0.14473684210526316
CC1=CC=CC=C1CCCCNC=CC2=CC3=CC=C(C(=O)C(N))C=C3C2,O=C(N)c1cc(ccc1)CC(=O)NCC#Cc2ccccc2,0.7631177748066826,0.175
C=C(CC1=CC=CC=C(C(=O)N)1)N2CC(=O)NC(C3=CC=CC(N)=C3)=C2,O=C(N(Cc1c(cccc1)C(C)(C)C)C)c2cc(c(cc2)CC)CC,0.7296927983161667,0.15584415584415584
C(=O)=C(CC1=CC=CC(C(=O)N)=C1C)C(=O)CC=CC2=CC=CC(C)=C2,O=C(NCc1c(cccc1)C(C)(C)C)c2nnc(N)cc2,0.7477455905446246,0.16
CCC1=CC(N)=C(C(=O)N)C=C1CNC(=O)C(N)CC2=CC=C(C)C=C2,O=C(NCCc1c(cccc1)CC)C=2c3c(NC2C)cccc3,0.7199061617594781,0.2
O=C(NC(=O)CCC1=CC=CC=C1)NCC(=O)C=CCC2=CC=CC(=O)C2,O=C(NN=C(c1cc(ccc1)CC(C)C)C)CCc2ccccc2,0.7305977234544903,0.2602739726027397
CC(=O)C1=CC=CC=C1CCNC2=NC=CC=C2C(N)=CC3=CC=CC3,O=C(Nc1c(cccc1)C(C)(C)C)NC(C(=O)N)Cc2ccccc2,0.7701138004937804,0.16455696202531644
O=C(CC1=CC=CC(C(=O)N)=C1)N(C(=O)N)CCC2CCC3=CC=CC=C3C2,O=C(Nc1c(cccc1)C=C)c2cc3c(c4c(cccc4)C3=O)cc2,0.6474134210787676,0.12987012987012986
O=C(CC1=CC=C(C(N))C=C1)NCC2=CC(C)=CC=C2C3CC(C)CCC3,O=C(NCC(CNC(=O)c1c(cccc1)CCC)C)c2ncc(N)cc2,0.716192957696782,0.14457831325301204
O=C(CCCC1=CC=CC=C1)N(C(=O)C)CC=CC2=CC=C(C(=O)C(=O)(N))[NH1]2,[O-]C(=O)c1cc2c(cc1)cccc2CNC(=O)C3(Cc4c(cccc4)C3)C,0.6935504386242007,0.11627906976744186
C(=O)=C(CC1=CC(C(=O)N)=CC=C1)CSC=CC=CC2=CC=CC=C2,[O-]C(=O)c1cc(ccc1)CCC(=O)N2Cc3c(NC(=O)C2)cccc3,0.764133810792155,0.20512820512820512
O=C(CC1=CC=CC=C1)NCC(=O)CC=CC2=CC(C(=C(N))N)=C(N)C=C2Cl,O=C(NCc1c(cccc1)C(C)(C)C)C([NH3+])(c2ccccc2)C,0.7131575398103404,0.16
C=C(N)C1=CC=CC=C1NCC2=CC=CN=C2NCCCC(N)3CCCC3,O=C(NCCNc1c2c(ccc1)cccc2)CC([NH3+])c3c(cccc3)C,0.710417476401795,0.14457831325301204
CCC1=CC=C(C(=O)O)C=C1CC(=C(C(=O)O))C2=C(C(=O)C)C3=CC=C(C(=O)(N))C=C3C2,S1c2c(cccc2)C=C1CC(=O)N(CCN(C(=O)CCc3c(cccc3)C(=O)N)C)C,0.6275435992071638,0.17647058823529413
O=C(OC1=CC=CC=C1)NCCC=C(C)C=CC2=C(C(=O)N)C=CC3=C2CC(=O)C3,O=C(N)c1cc(ccc1)CC(=O)NCC#Cc2ccccc2,0.7519768932156916,0.19753086419753085
C(=O)(N)C1=CC=CC=C1C(=O)C2=CC=CC=C2C3=CC(=C(C(N)N))CC3,O=C(N)c1cc(c2ccc(cc2)C(=O)C=Cc3ccccc3)c(cc1)C,0.6757201753677524,0.2
CCCC(=O)NC(=O)C1=C(N)C=C(CNC(=O)CC2=CC=CC=C2C)C(=C(C))1,O=C(NC(=O)COC(=O)CCNC(=O)Cc1ccccc1)c2ccccc2,0.7281258833932771,0.25
O=C(CC1=CC=CC=C1)NCC2=CC=CC(N)=C2C3CCCC(C(O))=C3,O=C(NCC=CCNC(=O)CCCc1c(OC)cc(OC)cc1)C2=Cc3c(cccc3)C2,0.6855909772623949,0.1797752808988764
C(C(N))=C(C(=O)CCCC1=CC=CC=C1)CCC(=O)CC2=CC=CC(C(=O)N)=C2,O=C1N(C(=O)CCN1Cc2cc(ccc2)C(=O)N)Cc3cc(ccc3)C(=O)N,0.7251606111986922,0.3076923076923077
CC(C1CCC(N)CC1)CCCCC2=CC=CC=C2CCC(C(=O)(N)),O=C(NCC=CCNC(=O)c1ccccc1)c2c(cccc2)C(=O)N,0.7182399560074852,0.18032786885245902
CCC1=CC=CC=C1CCCC2=C(C(=O)C)C=CC=C2C=CC3=CC=CC(=N)3,ClC=1c2c(SC1CNc3c(c(ccc3)C(=O)N)C)cccc2,0.7422392022326263,0.1794871794871795
NC1=CC(C(=O)N)=CC2=C1CCN2CCC(=O)C3=CCC4=CC=CC=C4C3,O=C(NCCCCNC(=O)CCNC(=O)Cc1ccccc1)Cc2c(cccc2)COC(C)C,0.674291800668519,0.12048192771084337
O=C(NCC1=CC=CC(=O)C1)CCC2=CNC3=CC=C(C(C(=C)C(C)))C=C23,O=C(NCCNC(=O)CC1=CCCC1)c2cc(c(cc2)C)C,0.7123856255676958,0.1927710843373494
O=C(CC1=CC=CC=C(C(=O)C(N))1)NC2=CC=CC=C2C3=CC(N)=CN=C3,O=C(NCC=CCNC(=O)CC=1C(=O)Oc2c(cccc2)C1)c3c(cccc3)C(=O)C,0.6920631313035508,0.23376623376623376
O=C(CC1=CC=C(N)C(C(=O)N)=C1)NC2CCCC(C3=CC=CC=C3)=C(N)2,O=C(OCc1ccccc1)NCCC(=O)OCc2ccc(cc2)C(=O)N,0.7676372541638542,0.22857142857142856
C(=O)(CC1=C(C(=O)(N))C=CC(N)=C1CCC(C(C(=O)(N)))C)CCC2=CC=CC=C2,O=C(NCC=1Nc2c(cccc2)C1)CC=Cc3ccccc3,0.747494990795589,0.13157894736842105
CCC1=CC(N)=C(C(=O)C(C(N)))C=C1CCCC(C)C2=CC=C(C)C=C2,O=C(N)Cc1ccc(cc1)C=2Nc3c(cccc3)C2,0.7552043469703797,0.15942028985507245
CC(N)(C)C1=CC=CC=C1NCC=C(C)C(=C(C(=O)N))C2=CC=CC=C2,O=C(NCCCCNC(=O)CCNC(=O)Cc1ccccc1)C2=C(Oc3c(cccc3)C2)C,0.6662658509065665,0.15
C(=O)=C(CC1=CC(C(=O)N)=CC=C1)C(=O)CC2=CC=CC3=C2CC(C)(C)C3,S1c2c(NC(=O)C1)cc(cc2)C(=O)NCCNC(=O)C=C(c3c(cccc3)C)C,0.6900928981913232,0.19540229885057472
O=C(CC1=CC=CC=C1)C(=C)C=CC(=C(C(=O)O))CC2=CC=CC(C(=O)N)=C2,O=C(NCCCCCCNC(=O)c1cc2c3c(cccc3)Cc2cc1)c4cnc(c(C#N)c4)C,0.6824442818293481,0.12941176470588237
O=C(CCC1=CC=CC=C1)NC(=O)NCC(=N)C=CC2=CC(C(=O)N)=CC=C2,Fc1c(cccc1)C(=O)NCCCNC(=O)Nc2c(cccc2)C(C)(C)C,0.7142336215976023,0.1518987341772152
CN(CC1=CCCC(C(=O)N)=C1C)C(=O)CCCNC(=O)C2=CC=CC=C2Br,O=C(NCCNC(=O)CCC(=O)c1ccc(N)cc1)CC2=CCCC2,0.7469346570044648,0.20253164556962025
C(=O)(CC1=CC=CC=C1)C(C(=O)C)CC=CC2=CC=CC=C2NC3=NC=CC=C3,Brc1cc(c(SC)cc1)C[NH+]2C(c3c(cccc3)CC2)C(=O)N,0.679907237849461,0.12643678160919541
N#CC1=CC=C(C(N))C=C1C(=O)CNC=CC2=CC3=CC=CC(C(=O)C(N))=C3C=C2,O=C(NCC(O)CCNC(=O)Cc1c(O)cccc1)c2ccccc2,0.7928179969646685,0.11764705882352941
CCC1=CC=CC=C1CCC(=O)C=CC2=CC3=CC(N)=CC=C3C(=N)2,Brc1c2SC(C(=O)Nc3c(cccc3)CCC[NH3+])=Cc2ccc1,0.7876860564264989,0.17721518987341772
CC(=C(C(=C)C))CC1=CC=CC=C1NC(=O)C2=CC3=CC=CC(C(C(=O)N))=C3C2,Clc1c(c2c(cccc2)CCCC([O-])=O)ccc(c1)C(=O)C,0.7009058087162852,0.18181818181818182
CC1=CC=CC=C1CC(=O)CCCC=CC2=CC3=C(N)C=C(N)C=C3C2,Fc1c(ccc(N)c1)CC(=O)N2Cc3c(c(ccc3)C(=O)N)CC2,0.6875618420424359,0.1951219512195122
C(=O)=C(CC1=CC=CC(C(=O)O)=C1)CCC2=CC=C(C3=CC=CC=C3)C(=O)C2,O=C(NC1Cc2c(cccc2)CC1)CCc3c(cccc3)C[NH3+],0.7444919117407911,0.17567567567567569
O=C(NC(=O)C1CCCC1)CC2CCC3=CC=CC(C(=O)N)=C3C2,O=C(N)c1c(cccc1)CCC(=O)N(Cc2ccccc2)CCC=C,0.7123022142933665,0.1891891891891892
C(N)CC1=CC=C(C(=O)N)C=C1CC(=C)C2=CC3=CC=CC(C(=O)C(N))=C3S2,O=C(NCCc1c(cccc1)CC)C=Cc2cc(N)ccc2,0.706955550551946,0.18181818181818182
O=C(CC1CCCCC1)NCCCC2=C(C(=O)O)C=CC3=C2CCC(N)C3,O=C(NCCNC(=O)Cc1c(ccc(c1)C)C)c2c(cc(N)cc2)CC,0.712987779748059,0.20512820512820512
O=C(N)NC=CC=CC=CC1=CN=CC=C1C(=O)C2=CC(C(=O)N)=CC=C2,O=C(N(CCN(C(=O)c1cc(N)c(cc1)CC)C)C)c2c(ccc(c2)C(=O)N)C,0.7067154948662552,0.1917808219178082
CC(CC1=CC(C(=O)N)=CC=C1)N(C)CC=CC2=CC=C(C(=O)C(C(N)))C=C2,O=C1N(c2c(NC1)ccc(c3cc(ccc3)C(=O)N)c2)C,0.6414504614508094,0.22972972972972974
O=C(CC1=CC=CC(C(=O)N)=C1C)CC2CCCC3=CC=C(N)C=C23,O=C(NCC=CCNC(=O)C=Cc1c(cccc1)C)c2cc(N)c(cc2)CCCC,0.7174545085265419,0.15730337078651685
C(=O)=C(CC1=CC(C(=O)N)=CC=C1)C(=N)CCC=CC2=CC=CC=C2,O=C(N)c1cc(ccc1)CNC(=O)CCC([NH3+])c2ccccc2,0.7661238812781301,0.3484848484848485
O=C(C(N)CC1=CC=CC=C1)NCCC2CCC3=CC=C(C(=O)N)C=C3C2,O=C(N)c1cc(ccc1)CCNC(=O)CC=Cc2ccc(cc2)C(C)C,0.7244067346394645,0.2692307692307692
C=C(CC1=CC(N)=CC=C1)NCC2=CC=CC(N)=C2CC=CC3=CC=NC=C3,Brc1c(cccc1)CCC(=O)N(Cc2c(NC(=O)OC(C)(C)C)cccc2)C,0.7049998630366248,0.10227272727272728
CC(C)C1=CC=C(C(=O)N)C=C1N2CCCN(C3=CC=CC(C(=O)C)=C3)S2,O=C(N)c1cncc(c1)C=2N=NN(c3c(cccc3)CCC(=O)Nc4cc5c(cc4)CCC5)C2,0.6329437179853319,0.1935483870967742
NC1=CCCC=C1C(=O)C2=CC=CC=C2CNC(=O)CC3=CC=CC(N)=C3,S1c2c(NC(=O)C1)cc(cc2)C(=O)NCCCCNC(=O)c3c(N)c(ccc3)CC,0.6960011179152199,0.2375
C(C(=O)N)(CC1=CC(C(=O)N)=CC=C1)CCCC(=O)C=C(N)CC2=CC=CC=C2,O=C(N)c1cc(ccc1)CC(=O)NC(CCCNC(=O)C(c2ccccc2)C)C,0.6387092235198704,0.391304347826087
CC(CC1=CC(C(=C(N))N)=CC=C1)N(C)CCNC(=O)CC2=CC=CC=C2,Clc1c(Cl)cccc1CC(=O)NCCNC(=O)CCCC(=O)NCc2ccccc2,0.6817298234354882,0.2898550724637681
O=C(CCC1=CC=CC=C(C(=C)N)1)N(C(=O)C(N))CCC=CNC2=CC=CC=C2,O=C(NNC(=O)c1cc(c2ccc(cc2)C(=O)N)ccc1)c3c(cccc3)C,0.6587660064850017,0.17105263157894737
O=C(NCC1=CC=CC=C1)NCC(=O)C2=CC3=CC=CC(C(CC)C)=C3S2,O=C(N1CCN(C(=O)C2=C(c3ccccc3)CCC2)CC1)c4c(N)ccc(c4)CC,0.6606544836909716,0.17073170731707318
O=C(CC1=CC=CC=C1)NCCCC2=CC(N(=O))=CC(=C2)CCC(N)C,O=C(N)c1c(cc(NC(CCCCc2ccccc2)C)cc1)C,0.6923823086810151,0.3283582089552239
C(C(CC)C(C))=C(NCC1=CC=CC=C1CC(=O)(N))CCNC2=CC=CC=C2,Clc1cc2c(c(ccc2)C(=O)NCCC(NC(=O)CCc3c(C#N)cccc3)C)cc1,0.7165719972088149,0.19318181818181818
C(C(=O)O)(CC1=CC(C(=O)N)=CC=C1)CCC=CNC2=CC=CC(N)=C2,O=C(N)c1ccc(cc1)CC(=O)NCCCCNC(=O)CCNC(=O)Cc2ccccc2,0.6908776082055588,0.25
O=C(CC1=CC=CC=C1)NCCC(C)C2=CC=C3C(=C2)CCCC(C(C(C)))3,Fc1c(c2cc(c(N)cc2)C(=O)N)cc(cc1)CC(=O)OC,0.7250239710925444,0.14285714285714285
N(C(=O)CC1CCCC1)CC2CCC3=CC=CC(C(=O)C(=O)(N))=C3C2,O=C(N)c1cc(ccc1)CC(=O)NCC=CCNC(=O)CCc2cnc(N)cc2,0.6681756390901958,0.175
O=C(NC=CC(=C)CNC(=O)CC1=CC=CC=C1)C=C2C=CC3=CC=CC=C32,O=C(NCc1c(cccc1)CC)CCC=2Nc3c(cccc3)C2,0.7418378626397151,0.15789473684210525
C(N)C(C(=O)N)CC1=CC=C(N)C=C1NC(=O)C2CC3=CC=CC=C3C2,O=C(N1CCC(=O)CC1)c2c(cc(c3cc(ccc3)C(=O)N)cc2)C,0.6876594316422422,0.15789473684210525
NC1=CC(C(=O)N)=CC2=C1CC(=O)N2CCC=CC3=CC(N)=CC(C)=C3,O=C1NNC(=O)c2c1cc(cc2)C(=O)NCC=CCNC(=O)CNC(=O)c3ccc(N)cc3,0.6094930104362459,0.1728395061728395
CC(N)(C)C1=CC=CC=C1NC(=O)CC2=CC=CC3=C2CC(=C(O)(N))C[NH1]3,FC(F)(F)c1c(cccc1C)C(=O)NCC=CCNC(=O)c2c(c(ccc2)C(=O)N)C,0.6870842410589939,0.19480519480519481
C(=O)=C(CC1=CC(C(=O)O)=CC=C1)CCCCC(C2)=CC3=CC=CC=C3[NH1]2,Brc1cc(c(F)cc1)C=CC(=O)N(CCN(C(=O)c2c(c(ccc2)C(=O)N)C)C)C,0.6474918325489363,0.10752688172043011
O=C(CC1=CC(N)=CC=C1)NCC2=CC=CC=C2CC(=O)CC3=CCOC=C3,O=C(N)c1cc(ccc1)CC(=O)NCC=CCNC(=O)CC2=CCCC2,0.6914634982993462,0.3013698630136986
O=C(CC1=CC=CC=C1)NCC=C2C=CCC=C2C(=O)CCC(C(=O)N),Clc1c(cccc1)C=CC(=O)OCc2c(c(ccc2)C(=O)OC)C,0.6811034506842122,0.13414634146341464
O=C(CC1=CC=CC=C1)NCCCC2=CC=CC=C2CC(=C(N))C(N)C,O=C(NC(C1CCCC1)Cc2ccccc2)c3cc(N4CCCC4)ccc3,0.7193064781558656,0.18666666666666668
O=C(CCC1=CN=C(N)C=C1)CC=C(C(O))CC=CC2=CC(C(=O)N)=CC=C2,O=C1N(C(=O)CCN1Cc2cc(ccc2)C(=O)N)Cc3cc(ccc3)C(=O)N,0.6418903807946303,0.2602739726027397
CCC1=CC=CC=C1CCC(=C(=O))CC=CC2=C(C(=O)N)C3=CC=CC=C3[NH1]2,FC(c1ccccc1)C(=O)NCc2c(cccc2)CCC([O-])=O,0.701984733215925,0.20833333333333334
O=C(CCC1=CC=CC=C1)NCC2C=CC3=CC=CC(C(=O)N)=C3C2,O=C(Nc1c(NCCC)cccc1)c2cc(c(cc2)CC)CC,0.6764679901692987,0.136986301369863
C(N)C1=CCCC=C1NCCCC=CC2=CC=CC3=C2C=C(C(=O)N)C=C3,O=C(N(CCN(C(=O)CCC=1Nc2c(cccc2)C1)C)C)CCc3c(cccc3)C(=O)N,0.7139173997527906,0.16470588235294117
CC(C)(N)C1=CC=CC=C1NC(=C)C2=CC3=C(C(=O)N)C=CC(C)=C3[NH1]2,[NH2+](C1c2c(cccc2)CCC1)CCc3c(cccc3)CC,0.7269501487779673,0.1038961038961039
O=C(CC1=CC(C(=O)N)=CC=C1)C2CCCC(C3=C(N)C=CC=C3)C2,Brc1c(cccc1)C(=O)NCC(=O)N(CCCNC(=O)C2=CCC2)C,0.6944386755235961,0.12195121951219512
O=C(NC(=O)CC=CC1=CC=CC(C(=O)C)=C1)NC(=O)CC2=CC3=CC=C(C(=O)O)C=C3C2,O=C(NCc1cc(ccc1)C(=O)C)NCc2ccccc2,0.760420148804859,0.29850746268656714
C(CN)=C(CC1=CC=CC(C(=O)N)=C1F)C(=O)CC2=CC3=CC=CC=C3[NH1]2,[O-]C(=O)CC(NC(=O)Cc1cc(ccc1)C(=O)N)CCc2ccccc2,0.6890370702135343,0.2236842105263158
O=C(CCC1=CC=CC=C1)NC(=O)C(C(=O)(C))CCC=CC2=CC=C(C(=C))C=C2,O=C(NCCCCNC(=O)CC1CCCCC1)c2c(O)c3c(cc2)CCC3,0.7138923823998402,0.12345679012345678
O=C(CC1=CC(C(=O)N)=CC=C1)NC=CC2=CC(C(=O)N)=CC=C2C=CC#C,O=C(OC)Cc1c(c(NC(=O)C(=O)Nc2c(cccc2)C)ccc1)C,0.6894706074734518,0.1527777777777778
O=C(CC1=CC=CC=C1)NCC2CC=CC=C2C=CC3=CC=C(C(=O)O)C=C3,O=C(N)c1c2c(ccc1)C[NH+](CC2)CCC(=O)NCC3CCCCC3,0.679518675258244,0.18292682926829268
C(N)CC1=CC=CC=C1CC(=C(C(N)))C2=CC3=CC=CC(C(=O)N)=C3S2,O=C1NNC(=O)c2c1cc(cc2)C(=O)NCC=CCNC(=O)CNC(=O)c3ccc(N)cc3,0.6578207739192189,0.15384615384615385
CC(C)C1=CC=CC=C1N2CCCC(C3=CC(C(=O)C(=O)(N))=CC=C3)C(=O)2,O=C(NC1C(NC(=O)CCCCC(=O)N)CCC1)CCCC(=O)NCc2ccccc2,0.6473517717648489,0.18666666666666668
C#CC1=CC=CC=C1NC(=O)NC(C(C(=O)N))CC2=CC(C(C(=O)(N)))=CC=C2,O=C(NCc1c(c(ccc1)C)C)C(=O)NCc2ccccc2,0.6616576770841358,0.19402985074626866
NC1=CC(C(=O)N)=CC=C1CCCCCC=CC2=CC3=CC=CC=C3C(=O)2,O=C1OC(C(=O)NCC=CCNC(=O)c2c(cccc2)C(=O)N)=Cc3c1cccc3,0.6577288901397869,0.2077922077922078
CC1=CC=CC=C1C2=CC=C(C(=O)N)C=C2CC(=O)NC3CC(=N)NC(=N)C3,O=C(N)c1cc(ccc1)CC(=O)NC2CN(c3ccccc3)CC2,0.7225368540207459,0.34285714285714286
C(C(=O)N)C(CC1=CC(C(=O)N)=CC=C1)C(=O)CNC(=O)C2=CC=CC(F)=C2,O=C(N1Cc2c(c(ccc2)C(=O)N)CC1)c3c(cc(N)cc3)CC,0.6843775096603142,0.1794871794871795
NCC1=CC=CC=C1NCCNC2=NC=CC=C2C(N)=CC3=CC=CC(=O)3,S1c2c(ccc(c2)C)C(C(=O)NCCC(=O)NCc3ccccc3)=C1,0.7261669689123341,0.12643678160919541
C(C(=O)N)=C(C(=O)C1=CC=CC(C(C(N)))=C1)N2CCCC(C3=CC=CC=C3)C2,S(c1ccccc1)CC(=O)N2CCN(C(=O)CC3Cc4c(cccc4)CC3)CC2,0.6968038764346514,0.22077922077922077
O=C(CC1=CC(N)=CC=C1)NCC2=CC=CC=C2C3CC(C)CCC3,O=C(N(CCN(C(=O)C1=CNC(=O)C=C1)C)C)c2cc(Nc3ccccc3)ccc2,0.7215484248805746,0.1625
CC(N)(C)C1=CC=CC=C1CCCCCC2=CC(C(=C)N)=CC=C2Br,O=C(Nc1ccc(cc1)C)c2c(cccc2)C(C)C,0.7112182656696291,0.1111111111111111
O=C(CC1=CC(C(=O)N)=CC=C1)C(=C)C=CC=CCC2=CC=C(N)N=C2,Fc1c(cccc1C(=O)N)C(=O)NC(CCCCNC(=O)CCC=Cc2ccccc2)C,0.7039491522027925,0.15217391304347827
CC(=C(=N))C1=CC=CC(C(=O)N)=C1CCNC(=O)CC2=CC3=CC=CC=C3S2,O=C(Nc1c(cccc1)C=C)NC(c2cc(c(O)cc2)C(=O)N)C,0.700107752372165,0.1951219512195122
CC(N)(C)C1=CC=CC=C1CCCC(=O)C(C2)CC3=CC(N)=CC=C32,O=C(N1CCN(C(=O)Cc2ccccc2)CC1)c3cc(c4cc(N)ccc4)ccc3,0.6968681567804111,0.20833333333333334
NC(C(N)(=O))C1=CC=CC=C1NC(=O)NCC2=CC=CC3=CC=CC=C32,O=C(Nc1c(cccc1)C=C)NC(c2cc(c(O)cc2)C(=O)N)C,0.6993972600668106,0.24285714285714285
CN(CC1=CC(N)=CC=C1)C(=O)CCSC2=CC=CN=C2NC3=CCC(=O)C=C3,O=C(N(CCN(C(=O)C1=CNC(=O)C=C1)C)C)c2cc(Nc3ccccc3)ccc2,0.6838522234876199,0.19318181818181818
O=C(NCC=CC1=CC=C(N)C=C1)CNC2=CC(=O)C3=CC=C(C(=O)O)C=C3C(=C)2,S1C(C(=O)NCC=CCNC(=O)c2cc(N)ccc2)=CC=C1CO,0.6947318353861489,0.23076923076923078
O=C(CC1=CC(C(=O)O)=CC(=O)C1)C(=O)C2=CC=CC=C2CC3=CC=CC(C(=O)N)=C3,Clc1c(Cl)ccc(c1)C(=O)NC(C(=O)NCc2ccccc2)C,0.6608130974105225,0.19480519480519481
O=C(CC1=CC(C(=O)O)=CC=C1)CC(=N)C2=CC=CC(=C2)CC3=CC=CC=C3,Clc1c(ncc(c1)C(=O)N)C(=O)Nc2c(F)ccc(c2)C(=O)N,0.6723741499802853,0.13432835820895522
CC(C)(N)C1=CC=CC=C1CCCCCC2=CC3=CC=C(N)C=C3C2,O=C(N)c1cc(ccc1)CC(=O)N2CC(c3ccccc3)=C(CC2)C,0.7412037182571638,0.14102564102564102
NC(=O)C1=CC=C(C(=O)N)C=C1CC(=O)NC=CC2=C(C(=O))C3=CC=CC=C3S2,S(Cc1c(cccc1)C)CC(=O)Nc2cc(cc(c2)C([O-])=O)C([O-])=O,0.6859481725157853,0.1794871794871795
CC1=CC=C(N)C=C1NC(=O)CCCC2=CC(C(=O)N)=C(C)C(=O)C2=C,O=C(NCCC(=O)NCc1ccccc1)c2cc3N(N=Nc3cc2)C,0.7582030582569615,0.14285714285714285
CC(=O)C1=CC(C(=O)C(C(C(=O)C)))=CC=C1CC(C)CNC(=O)C2=CC=C(C)C=C2F,Fc1c(cc(N)c(c1)C(=O)NCC=CCNC(=O)C=2OC(=O)c3c(cccc3)C2)CC,0.7018193080521702,0.20930232558139536
O=C(CC1=CC=CC=C1)NCC=CC2=C(C(=C)N)C=CC=C2CCC=CF,O=C(NC1Cc2c(cccc2)CC1)CCc3c(cccc3)C[NH3+],0.7776905159939407,0.18181818181818182
CCC1=CC=CC(C(=O)C)=C1C(=O)C(=O)NC(=O)C2[NH1]C3=CC=CC=C3[NH1]2,O=C(N1C(C(NC(=O)c2c(ccc(c2)C(=O)N)C)C)CCC1)c3c(ccc(N)c3)C,0.6995529724926177,0.13414634146341464
CC(CC1=CC=C(C(N))C=C1N)CCC2=CC(C(C(C(C))))=CC=C2Br,S(c1nc(N)cc(n1)N)CCCc2c3c(ccc2)cccc3,0.7270204143730941,0.14492753623188406
CC(CC1=CC=CC=C1N)C(C)CCCNC(=O)C2=CC(N)=CC=C2,O=C(Nc1c(NC(=O)C)cccc1)C(=Cc2ccccc2)C,0.7752581910584049,0.15384615384615385
C(=O)(CC1=CC(C(=O)N)=CC=C1)N(C(=O)C)CCC(C)NC2=CC=CC=C2C(=O)C,O=C(OCc1cc(ccc1)C(C)C)c2cc(c3ccc(cc3)C(=O)N)ccc2,0.6449218056321688,0.28378378378378377
CC(CC1=CC=CC(C(=O)N)=C1F)CCCC(=O)NCC2=CC=CC(N)=N2,S1c2c(c(ccc2)C(=O)OC)C=C1C(=O)NCc3c(cccc3)C[NH3+],0.6877234912840966,0.2222222222222222
C(C(=O)N)=C(CC1=CC(C(=O)N)=CC=C1)CC=CC=CC2=CC=CC=C2F,O=C(N(Cc1c(N)cccc1)C)CCCC(=O)c2c(N)cccc2,0.7377564092802091,0.13513513513513514
CC(N)(C)C1=CC=CC=C1CCC=CC(=O)C(=O)C=CC2=CC=CC(C(=O)N)=C2,O=C(NCc1c(cccc1)CC)CCC=2Nc3c(cccc3)C2,0.7196792806692696,0.1891891891891892
CC(CC1=CC=CC(C(=O)N)=C1)NC(=O)NC(=O)CC(N)C2=CC=CC=C2,[O-]C(=O)c1cc(NC(=O)CCC2c3c(cccc3)CC2)c(cc1)CC,0.7135053559410005,0.17073170731707318
O=C(CNC1=CC=CCC1)NC(=O)CCCC(=O)CC2=CC=CC(C(=O)N)=C2Cl,O=C(N)c1ccc(cc1)C[NH2+]C(C=2Nc3c(cccc3)C2)C,0.7254722266988158,0.12790697674418605
O=C(CC1=C(N)C=CC=C1)NCCCC2=CC=CC3=C2CC(C)C=C3,O=C(N)c1cc(ccc1)CNC(=O)C([NH3+])Cc2ccccc2,0.7094583801049723,0.20833333333333334
O=C(CCC1=CC(C(=O)N)=CC=C1)NC(C)C=CC2=CC=C(C(=C)C)C=C2,O=C1N(C(c2c1cccc2)=C)CCC(=O)NCCNC(=O)CCc3ccccc3,0.6682169849011612,0.22972972972972974
NC1=CC(C(=O)N)=CC2=C1CCN2CCCC(=O)CC3=CC(N)=CC(C(N))=C3,S(c1ccccc1)CC(=O)N2CCN(C(=O)CC3Cc4c(cccc4)CC3)CC2,0.6611512710989211,0.12195121951219512
O=C(CC1=CC=CC=C1)NCC=CC2=CN=CC(=C2)CCC(=C)C(=C(N)(N)),O=C(N(CCN(C(=O)C=1Nc2c(cccc2)C1)C)C)c3nc(ccc3)C(=O)N,0.6822483212470101,0.1728395061728395
CN(CC1=C(N)C=CC=C1)C(=O)CC=CC2=CC=CN=C2NC3=CC(N)=CC=C3,O=C(NCCCCNC(=O)CCNC(=O)Cc1ccccc1)C=Cc2c(ccnc2)C,0.6745868025940902,0.1797752808988764
O=C(C1=CC=CC=C1)CC2CCC(C3=CC=C(C(=O)C(C(=O)N))C=C3)C2,O=C(NCCNC(=O)Cc1ccccc1)NCCCC(C)C,0.7152894278681595,0.1774193548387097
CCC1=C(N)C(N)=C(C(=O)N)C=C1CCCC2=CC3=CC=CC=C3[NH1]2,O=C(N)c1ccc(cc1)CC(=O)N(CC(=Cc2ccccc2)C)C,0.7249971927211624,0.1780821917808219
CN(CC1=CC=C(C(=O)C)C=C1)N2CCCC(C3=CC=CC(C(=O)(O))=C3)C(=O)2,O=C(Nc1ccccc1)CC[NH2+]Cc2c(cccc2)C(C)(C)C,0.663340108234059,0.12658227848101267
O=C(CC1=CC=CCC1)NCC(=O)C=CC=C(C)C=CC2=CC=CC=C2,Fc1c(cc(N)c(c1)C(=O)NCC=CCNC(=O)c2ccc(cc2)C)CC,0.7586118133171029,0.13253012048192772
CC1=C(C(=O)N)C=CC=C1CCCCCC=CC=C2CCCC(C(=O)O)=C2,O=C(NCC(CNC(=O)Cc1cc(ccc1)C(=O)N)C)c2ccc(cc2)C3CCC3,0.7014300069716572,0.16853932584269662
C=C(CC1=CC=CC(C(=C(C(=O)N))N)=C1)N2CCN(CC3=CC(N)=CC=C3)C2,O=C(N1CCN(C(=O)CCC(=O)N)CC1)C2=Cc3c(cccc3)C2,0.6485192465794873,0.20270270270270271
C=CC1=C(C(=O)N)C=CC=C1CCC(=C)C=CC2=CC3=CC=CC=C3[NH1]2,O=C(NCCCCNC(=O)c1cc2c(cc1)CCC2)c3c(nc(nc3)N)CC,0.7348055148586168,0.14772727272727273
O=C(CC1=CC=CC=C1)NCC2=CC=CC(C(=O))=C2C3CCCC(C)C3,O=C(N(Cc1cc(ccc1)C(=O)N)C)c2c(N(C)C)cncc2,0.7111614250072908,0.14814814814814814
C=C(CC1=C(O)C=CC(C(=O)N)=C1)NC(=O)C2=CC=CC=C2[NH1]CC=CC=C,O=C(N)c1cc(ccc1)CC(=O)N2c3c(c(N)ccc3)CCC2,0.7095173468396914,0.20512820512820512
O=C(C1=CC(C(=O)N)=CCC1)C(=C)C2=CC=CN=C2CC3=CC=CC=C3,Clc1c(F)cccc1CC(=O)NCC=CCNC(=O)c2c(F)cccc2,0.7164305593091608,0.15584415584415584
O=C(NC(=O)C1=CC=CC=C1)CCCC=C2CCC=C(C(=O)N)C(=N)2,Clc1ncc(N)c(c1)C(=O)NCCCCNC(=O)CCNC(=O)Cc2ccccc2,0.7686905183298032,0.2
O=C(CC1=CC=C(N)C=C1)NCC2=CC=CC=C2C3=CC(C)CC(=O)N3,O=C(N)c1cc(ccc1)CC(=O)N2CCc3c(cccc3)CCC2,0.7155714918205441,0.16666666666666666
C(N)C1=CC=CC=C1CCC2=CC=CC=C2C(=O)CC=CC(Cl)=CNC,S(CC(=O)NC(=O)NCc1ccccc1)CC(=O)c2ccccc2,0.7205408369660777,0.16417910447761194
CC1=CC=CC=C1NC(=C(=N))CC=CC2=C(C(=O)N)C=CC3=C2C=CC=C3F,O=C(NCc1cc2NCCc2cc1)NCC(=O)NCC(=O)NCc3ccccc3,0.7123949009686064,0.1411764705882353
CCC1=CC(N)=C(C(=C)N)C=C1CC(=C)NC(=O)C2=CC(N)=CC=C2,Brc1c2SC(C(=O)OCc3c(F)cc(cc3)C(=O)N)=Cc2ccc1,0.7314929786398316,0.18181818181818182
O=C(NCC1=CC=CC=C1)NCC(=O)C(=N)[CH1]C=CC2=CC=CC(C(=C)C)=C2,Could not process,,
C(C(=O)O)CC1=CC(N)=CC=C1CC=CC2=CC=CC=C2C=CC3=CC=CC(=O)3,Clc1cc(c(cc1)C(=O)NCCc2cc(ccc2)C(=O)N)CC,0.7365461156582227,0.14814814814814814
O=C(NC(=O)CCCC1=CC=CC(C(=O)N)=C1)C=CC2=CC(C(N)(=O))=CCC(=O)2,O=C(N1CCN(C(=O)Cc2ccccc2)CC1)c3cc(c4cc(N)ccc4)ccc3,0.6285803695339811,0.20512820512820512
CC1=C(C(=O)N)C=CC=C1CCC(C)CCNC(=O)C2=CC(N)=CC(N)=C2,Fc1c(NC(=O)C)cc(cc1)C(=O)NCC(CNC(=O)c2ccc(cc2)C(=O)N)(C)C,0.6857561820628852,0.2361111111111111
CC(=O)C1=C(N)C=CC=C1CCNC2=CC=CC=C2C3=CC(N)=CC3,O=C(N)c1c(cccc1)CC(=O)N(c2c(cc(cc2)C)C)C,0.7092710630892658,0.17567567567567569
O=C(CC1=CC=CC(C(=O)N)=C1Cl)CC(=C(=N))CCCC2=CC=C(C(=O)(O))C=C2,S(c1cc(c(cc1)C)C)CC(=O)NCCNC(=O)CCC2(CC2)C,0.6922505726812829,0.10714285714285714
O=C(CC1=CC=CC=C1)NCCC(C(=O)C(N))CC2=CC(C(=C)N)=CC=C2,O=C(N)c1cc(ccc1)CC(=O)Nc2cc(ccc2)C,0.6752604053698263,0.3333333333333333
CC(N)(C)C1=CC=CC=C1CCCC(C)(C)CC2=CC(C(N)(N))=CC=C2CC,S(c1c(N)c(ccc1)C)CC(=O)NC(=O)Cc2ccccc2,0.6851162917614617,0.1232876712328767
O=C(CCCC1=CC=CC=C1)N(C(=O)C(N))C(=O)CCC(=O)CC2=CC=C(N)S2,O=C(NCCCCCCNC(=O)CCCCC(=O)N)c1c(cccc1)C(=O)N,0.696054767039779,0.1791044776119403
O=C(NC1=CC=CC=C1N)NCC2C(C3=CC=CC(C(=O)O)=C3)CCC2,[O-]C(=O)c1cc(ccc1)CC(=O)NCc2c(nccc2)N3CCC(C(=O)N)CC3,0.7045743777569975,0.20930232558139536
CC(CC1=CC=CC(C(=O)N)=C1)C(=C)C(=O)CCC(C)=CC2=CC=CC=C2,Fc1c(cc(cc1)C(=O)N)C(=O)N(c2c(cccc2)CC)C,0.735479705152366,0.23943661971830985
CC1=C(C(=O)N)C=CC=C1CC(C)CCC=CC=CC2=CC=CC=C2,O=C1OC(C(=O)NCC=CCNC(=O)Cc2ccc(cc2)C(=O)C)=Cc3c1cccc3,0.7390479162769809,0.14634146341463414
NC1=CC(=O)CC=C1C(=O)C2=CC=CC=C2CCNC3=NC(N)=CC=C3,O=C(NCCNC(=O)C=1Nc2c(ccc(c2)C)C1)c3cc(c(C#N)cc3)C,0.7281049540235467,0.11494252873563218
O=C(CC1=CC=CC=C1)NCC2=CC=CC=C2N3CC(=N)CC(N)C3,O=C(N)c1cc(ccc1)CN(C(=O)CN2c3c(cccc3)CCC2=O)C,0.681863477769403,0.20512820512820512
NC1=CC=C(N)C=C1CCC=C(CCCC2=CC=CC3=CC=CC=C3)C2,O=C(NCC=Cc1ccccc1)CC2Cc3c(cccc3)CC2,0.7105664713714364,0.19718309859154928
O=C(CCCCC1=CC(C(=O)N)=CC=C1)CCC(=O)NC(=O)C(N)2C=CC=C2,Fc1c(cccc1)CC(=O)C[NH+](Cc2cc(ccc2)C(=O)N)C,0.703812134852434,0.3235294117647059
CC(C(=O)C1=CC(C(=O)N)=CC=C1)N2CCCC(C3=C(C(=O)C)C=CC=C3)C2,O=C(NCC=CCNC(=O)c1cc(N)ccc1)c2cc3c4c(cccc4)Cc3cc2,0.6741345138691659,0.17721518987341772
O=C(CCC1=CC=CC(C(=O)N)=C1F)CC=CC=C(C(=N))C2=CC=CC=C2,O=C(N)c1cc(NC(=O)CCCc2c(ccc(c2)C)C)ccc1,0.7172402797080102,0.22666666666666666
C(C(C(=O)N))CC1=CC=CC=C1CC(=O)CC2=NC=CC=C2C=C(C)C3=CC=CO3,O=C(NCC(NC(=O)CCNC(=O)Cc1ccccc1)CCCC)c2c(nccc2C)N,0.6790877187984696,0.21739130434782608
O=C(OCC1=CC(C(=O)N)=CC=C1)NC(=O)C=CC(=O)C(N)CC2=CC=CC=C2,O=C(NCC=CCNC(=O)CCCc1c(OC)cc(OC)cc1)C2=Cc3c(cccc3)C2,0.6819550013310135,0.1590909090909091
O=C(CC=CC1=CC(C(=O)N)=CC=C1CC(=O)C)C=CC2=CC3=CC=CC=C3[NH1]2,S1c2c(cccc2)C=C1CC(=O)NCCNC(=O)CCC(=O)N,0.7286926687972477,0.19736842105263158
O=C(CC1=CC=C(C)C=C1)NCC2=CC=CC=C2CC3=CC(C(C(N)))CCC3,O=C(NCCNC(=O)C=1c2c(cccc2)CC1)c3c(ccc(c3)C(=O)N)C,0.6785848338699416,0.18072289156626506
C(=O)(CCC1CCCC1)NC2=CNC3=CC=C(C(=O)C(C(=O)(O)))C=C3C2=C,O=C(N)c1cc(ccc1)CCNC(=O)C(=O)C=Cc2ccccc2,0.7312082272337042,0.13414634146341464
C(=O)=C(CC1=CC(C(=O)N)=CC=C1)CC(=N)CCCC2=CC=CC(C)=C2,O=C(NCC(=O)N(CCN(C(=O)Cc1cc(ccc1)C(=O)N)C)C)N,0.7048314224978162,0.375
CN(CC1=CC=CC(C(=O)C(N))=C1C)C(=O)CCCC(N)=CC2=CC=CC=C2,S(c1cc(c(cc1)C)C)CC(=O)NCCNC(=O)CCC2(CC2)C,0.6894692440238441,0.12345679012345678
CC1=CC(C(=O)C(C(=O)N))=CC=C1CCN(C)C2=CC3=CC(C)=CC=C3CC(=O)2,S(c1ccc(cc1)C(=O)NCCNC(=O)Cc2ccccc2)c3ccccc3,0.6930161135015434,0.12658227848101267
O=C(NC1CCC(N)CC1)CCN2CC3=CC=CC(C(=C(N))(N))=C3C2,O=C(N)c1c(cccc1)CCC(=O)N(Cc2c(N)cccc2)C,0.692664393354768,0.17567567567567569
CC1=CC=C(C(=O)O)C=C1CCCC=CC2=CC3=CC(N)=CC=C3C(=N)2,[O-]C(=O)c1cc(NC(=O)CCC2c3c(cccc3)CC2)c(cc1)CC,0.6753072655995072,0.14942528735632185
O=C(C1=CC=CC=C1)NCCCC2=CC(C(=O)N)=C(N)C(=O)C2=CC,[O-]C(=O)c1cc(N2N=CC(c3cc(ccc3)C(=O)N)=C2)ccc1,0.7143557203151847,0.16666666666666666
O=C(CCC1=C(C(=O)C(C(C)))C(N)=CC(N)=C1)NC2CCCC3=CC=CC=C32,O=C(NCC(CNC(=O)c1c(c(ccc1)C(=O)N)C)C)c2c(cccc2)CC[NH+](C)C,0.6660699190339919,0.17857142857142858
CC1=CC=CC=C1C(N)CC=CC=CC2=CC=CC3=C2C=CC(C(=O)O)=C3,O=C(NCC1[NH2+]Cc2c(cccc2)C1)c3cc(ccc3)C(=O)C,0.7274105056429093,0.16455696202531644
C#CC1=CC=C(C(=O)N)C=C1CCNC(=O)C2(N)CC3=CC=CC=C3C2,O=C(N1CCN(C(=O)c2ccc(cc2)C(=O)N)CC1)c3cc(c(cc3)CC)CC,0.7074403753189205,0.2698412698412698
C(N)#CC1=CC=CC=C1CC(=C2)C=CC3=CC=CC(C(=C(N))N)=C32,O=C(NCC(CNC(=O)C=CC=Cc1ccccc1)C)c2c(c(ccc2)C(=O)N)C,0.6947021673431075,0.1794871794871795
O=C(CCC1=CC=CC=C1)NC(=O)CCC(=C)C=CC=C2CCC(=O)CC2,O=C(N1CC2=C(C1)CN(C(=O)Cc3cc(ccc3)C(=O)N)C2)c4c(N)ccc(c4)CC,0.7413899794450587,0.13414634146341464
O=C(CC1=CC=CC(=O)C1)NCCCC2=CC=CC3=C2C=C(C(=O)O)C(N)=C3,S1c2c(ccc(OC)c2)C=C1C(=O)Nc3c(cccc3)CC(=O)N,0.683884268773525,0.1724137931034483
CC1=CC=C(C(=O)O)C=C1C2=CC(C(=O)O)=C(C3=CC=C(N)C(=C3)CC=C)C2,O=C(NCCCC=CC)c1c(cccc1)CN2N=NC(=C2)CCC(=O)C,0.6617946685014546,0.13043478260869565
CC(N)(C)C1=CC=CC=C1CNC(=O)CC2CCC3=CC=CC=C3C2,O=C(N)c1cc(ccc1)CNC(=O)C=Cc2cc(N)ccc2,0.8040491634161655,0.16216216216216217
O=C(NCC=C1C=CC(N)=C1)CCCCC=CC2=CC=CC(C(=O)N)=C2,O=C(N1Cc2c(c(ccc2)C(=O)N)CC1)c3c(cc(N)cc3)CC,0.7184062291882669,0.19753086419753085
CC1=CC=CC=C1C(=O)NCCC(=N)C2=CC3=CC(C(C(=O)N))=CC=C3C(=O)C2,S1c2c(cccc2)C=C1CC(=O)NCCNC(=O)c3c(c(ccc3)C(=O)N)C,0.681855620316816,0.2911392405063291
CN(C(=O)C1=CC=C(N)C=C1)C(=O)CC(C(=O)O)CCC(=O)CC2=CC=CC=C2Cl,O=C(NCCc1ccccc1)CC([NH2+]C2Cc3c(cccc3)CC2)C,0.7322367519145273,0.1566265060240964
CC(C)C1=CC=CC=C1CCC(=C(C(=O)N))CCCC2=CC=C(N)C=C2,Brc1c(ccc(Br)c1)CCC(=O)NC=2N(N=C3C2CCC3)C,0.7281199500400249,0.16455696202531644
O=C(C1CC=CC(N)=C1)NCCCCC(=O)NC(=O)C2=CC=CC=C2,O=C(NCCCCNC(=O)c1cc2c(cc1)CCC2)c3c(nc(nc3)N)CC,0.7551006029885683,0.24675324675324675
O=C(NCCC(C(=C(=O))C(N))CCC1=CC=CC=C1)NCCC2=CC=CC=C2,Fc1c(cc(cc1)C(=O)NCCCCNC(=O)c2cc(N)ccc2)CC,0.6470406839746174,0.17647058823529413
O=C(NCC1CCCC1)CC2CCC3=CC=C(N)C(C(=O)N)=C3C2,S(c1c(cccc1)C(=O)NCC=CCNC(=O)CCNC(=O)Cc2ccccc2)CC(=O)N,0.6934903500143543,0.14814814814814814
O=C(CCC1=CC=CC(C(=O)N)=C1)NCCCC2CNC3=CC=CC=C3N2,Fc1c(cc(cc1C)C(=O)CN2c3c(c(ccc3)C)CC2)C,0.7161626752267702,0.15
C=C(N)C1=CC=CC=C1CC2=CC=CC=C2NCC(C)CCC(=O)N,O=C(OCc1c(C#N)cccc1)c2c(OC)ccc(c2)C(=O)N,0.7172639272458949,0.2054794520547945
O=C(CC1=CC(N)=C(C(=C)O)C=C1)CCC=CC2=CC3=CC=CC=C3CC2,O=C1OC(C(=O)N(CCN(C(=O)CCc2c(cccc2)C(=O)N)C)C)=Cc3c1cccc3,0.7150227744058328,0.15730337078651685
CCC1=C(N)C(N)=C(C(=O)N)C=C1CC(=C)C2=CC3=CC=CC=C3S2,O=C(Nc1ccccc1)CNC(=O)CC=Cc2ccccc2,0.8061334423653467,0.14285714285714285
CC(N)(C)C1=CC=CC=C1NC(=O)C=CCC(C(=O)N)NC2=CC=CC=C2,O=C(N(Cc1ccccc1)C)c2c(nccc2)Nc3c(OC)cccc3,0.6688271172315317,0.19480519480519481
O=C(CC1=CC(N)=CC=C1)NCC2=CC=CC=C2C3CCCC(C)C3,S1c2c(cccc2)C=C1CCNC(=O)Cc3c(N)cccc3,0.7793177118468391,0.28169014084507044
O=C(NC(=O)C1=CC=CC(N)=C1)CC=2CC(C)C3=CC=CC=C3C=2,O=C(OCC(=O)c1c(ccc(c1)CC)CC)C2=Cc3c(cccc3)C2,0.6847491473111426,0.19736842105263158
O=C(CC1=CC=CC=C1)NCC2=CC=CC=C2C(=C(C(N)))C=CCC(=O)CCC(=O)C,O=C(NCc1c(cccc1)C)c2c3c(cc(c2)C(=O)N)cccc3,0.676589943962825,0.2602739726027397
C(=C(C))=C(CC1=CC=CC(N)=N1)COC2=CC=CC=C2NC(=O)CC3=CC=CC=C3,O=C(N)c1cncc(c1)C=2N=NN(c3c(cccc3)CCC(=O)Nc4cc5c(cc4)CCC5)C2,0.6685199834213498,0.13725490196078433
C(=O)(N)C(N)C(C)C1=CC=CC=C1NCCC2=CC=CC3=CC=CC=C23,O=C(OC1C(=O)N(c2c(cccc2)C)CCC1)c3cc(ccc3)C4CC4,0.6784271090412359,0.12048192771084337
O=C(CC(C(=O)O)CC1=CC(C(=O)N)=CC=C1)CCC=C(N)C2=CC=CC=C2,O=C(N)c1c(cccc1)CCC(=O)NC(CCNC(=O)C=Cc2ccccc2)C,0.6769288719308187,0.20512820512820512
O=C(NCC1=CC=CC=C1)C(N)CCC=CC2=CC(C(=N)C)=CC=C2Cl,O=C(NCCC(=O)NCc1c2c(ccc1)CCCC2)Cc3ccccc3,0.7209594679913489,0.20253164556962025
O=C(CC=CC=CC1=CC=CC(C(=O)O)=C1)C=CC2=CC3=CC=CC=C3C(=O)2,O=C(Nc1c(cccc1)C(C)(C)C)CCNc2ccccc2,0.6837109385511696,0.13513513513513514
C=C(N)C1=CC=CC=C1CC(=O)NCC(=O)C2=CC3=CC=CC(N)=C3C2,O=C(N1Cc2c(c3c(cccc3)C1)cccc2)c4c(cccc4)C(=O)N,0.7221241274171675,0.19696969696969696
O=C(NCC1=CC=C(N)C=C1)CCN2CCC3=CC=CC(C(=O)N)=C3S2,O=C(N)c1c2c(N(CCC2)CCCC(=O)Nc3c(cccc3)C(=O)C)ccc1,0.6890083561055749,0.3116883116883117
O=C(NCC1=CC=CC=C1)C(N)CCC=CC=CC2=CC(N)=CC=C2,O=C(NCc1cc(N)ccc1)c2cc(c(cc2)CC)CC,0.7588061247880099,0.3333333333333333
C(=O)(C(=O)N)CCC1=CC(=O)CC=C1C(=O)CNC(=O)C2=CC=CC=C2C,Brc1cc(NCCNC(=O)NCCCN2C(=O)CCC2=O)ccc1,0.7803857677548173,0.1625
N#CC1=CC=CC(C(=C(N))N)=C1CCN2CCCC3=CC=C(C(=O)C)C=C23,O=C(Nc1c(c(N)ccc1)C)Cc2c(NC(=O)C)cccc2,0.6783904499520146,0.14457831325301204
NC(=O)CC(=O)CC1=CC=CC=C1CCC(=C)CN2C=CC3=CC=CC=C3C2,O=C(NCc1cnc(N)cc1)CNC(=O)CCCCCCCCCC,0.7374085171074081,0.12658227848101267
CCC1=CC=C(C(=O)N)C=C1CC(=C(C(=O)C(C(N))))CNCC2=CC=CC=C2C,[NH2+](Cc1c(cccc1)C(C)C)CCC(c2ccccc2)(C)C,0.6649520620095775,0.11842105263157894
O=C(CC1=CC=C(C(=O)(O))C=C1)C(=C)C2=CC=NN=C2CC3=CC=CC(C(=O)N)=C3,O=C(N)c1cc(ccc1)CCNC(=O)CC2Nc3c(cccc3)C2,0.6603456970698746,0.2564102564102564
CC(N)(C)C1=CC(C(=O)N)=CC=C1CC(C)CCC(=O)C2=CC(C(=O)N)=CC=C2,O=C(N)c1ccc(cc1)CCC(=O)NCCCCNC(=O)CCc2ccccc2,0.680931005986695,0.23809523809523808
O=C(NCC1=CC=CC=C1)C(=C)CCC(C)=CC=CC2=CC=CC(=O)N2,S1c2c(cccc2)CN(C(=O)NCCc3c(cccc3C)C)CC1,0.7069968638635935,0.175
N1N=CC=C1CNC(=O)CCC=C2CCCC3=C(C)C=C(N)C=C32,O=C(Nc1c(cccc1)C(C)(C)C)c2cc3NC(=O)Cc3cc2,0.7351320855350015,0.15853658536585366
CC1=C(C(=O)N)C=CC=C1CCC(=O)C(=N)C=CC2=CC3=CC=CC=C3S2,O=C(NCc1cc(ccc1)C(=O)C)CNC(=O)CCc2ccccc2,0.7539731191266844,0.19736842105263158
O=C(CC1=CC=C(N)C=C1)CCC2=CC=CC=C2CC=CC3=CC(C(N))=CC=C3,Fc1c(NC(=O)C(NC(=O)N)CCCNC(=O)OC(C)(C)C)cccc1,0.7026523760814976,0.11627906976744186
CCC1=CC=C(C(N)(N))C=C1CCC(=C(=O))CC=CC2=CC=C(Cl)C=C2,O=C(NCCCCCCNC(=O)CCNC(=O)Cc1ccccc1)C=2c3c(cccc3)CC2,0.7463642288255291,0.08139534883720931
O=C(CCC1=CC=CC=C1)NC(=O)C(=C(C(=O)C(N)))C=CC=CC2=CN=CC=C2,O=C(N1C(C(NC(=O)c2c(ccc(c2)C(=O)N)C)C)CCC1)c3c(ccc(N)c3)C,0.6908823766588743,0.08247422680412371
CC(N)(C)C1=CC=CC=C1NC(=O)NCN(C=C(N)C2=CC=CC=C2C)C,O=C(OCc1cc(ccc1)C(=O)N)c2c(cccc2)Cc3ccccc3,0.7250269138452733,0.19444444444444445
C=C(C(=O)C1=CC=CC=C1)CCC(=O)C2=CC=CC3=C2CCC(C(=O)N)3,O=C(N)c1cc(ccc1)CC(=O)Nc2c(cccc2)C,0.7381174711998126,0.20588235294117646
CN(CCC1=CC=CC(C(=O)N)=C1)C(=O)C(C)C=CC2=CC=C(C(=O)N)C=C2,O=C(NCC=CCNC(=O)CCc1c(cccc1)C)c2c(ccc(c2)C(=O)N)C,0.6817059671420839,0.273972602739726
O=C(CC1=CC=CC=C1)NSCCC=CC2=CC=CC3=C2CCCC(=C)3,O=C(N1Cc2c(ccc(N)c2)C1)CCc3c(N4N=NC(c5ccc(N)cc5)=C4)cccc3,0.7508495549584282,0.11956521739130435
O=C(NCC1=CC=CC=C1)NC(=O)CCCC=CC=C2C=CC(C(=O)C)=CC2,O=C1N(c2c(NC1)ccc(c3cc(ccc3)C(=O)N)c2)C,0.6752323657159647,0.10714285714285714
CCC=CC1=CC=CC=C1NC(=O)NCCCC2=CC(C(C(=O)N))=CC2,S(c1c(NC(=O)Cc2cc(ccc2)C(=O)N)cccc1)CC(=O)N,0.7713966158572942,0.21518987341772153
O=C(CCC1=CC=CC(N)=C1)N(C(=O)N)C=CCC=CC2=CC=CC(N)=C2,Fc1c(cccc1)C(=O)NCCNC(=O)Cc2ccccc2,0.7862204083375813,0.15151515151515152
CC(N)(C)C1=CC(C(=O)N)=CN=C1N(C)CC=CC(=O)CC2=CC=CC(C(=O)N)=C2,Brc1cc2c(cc1)cccc2C(=O)NCC=CCNC(=O)C=Cc3ccc(cc3)C(=O)N,0.6785181016260888,0.25
O=C(CCC1=CC(C(=O)N)=CC=C1)N(C(=O)C(N))CCC(=O)C=CC2=CC=CC=C2,O=C(N(C1CC1)Cc2ccc(cc2)C(=O)N)c3cc(c4ccc(cc4)C(=O)N)ccc3,0.6935469357214783,0.25
NCC1=CC=CC(C(=O)N)=C1CC=CC2=NC=CC=C2C(C)=CC3=CC=CO3,Fc1c(cccc1)C(=CC(=O)NCCc2cc(ccc2)C(=O)N)C,0.7069237472921277,0.21951219512195122
O=C(CC1=CC(N)=CC=C1)NCC2=CC=C(N)C=C2CC(C)CC(=O)(N),S1c2c(cccc2)C=C1CC(=O)N(CCN(C(=O)CCc3c(cccc3)C(=O)N)C)C,0.6935899945396781,0.175
O=C(CCC1=CC=CC(C(=O)(N))=C1Cl)C(C)CCC(=O)C=CC2=CC=CC=C2,O=C(OCC(=O)NC(=O)Cc1ccccc1)C(CCCc2ccccc2)C,0.7104722771007345,0.2222222222222222
O=C(NCC(=C(=N))C=CC=CC1=CN=CC=C1)C2=CC=CC3=CC=CN=C32,O=C(NNC(=O)C([NH3+])Cc1ccccc1)c2c(cccc2)C,0.6825243880845242,0.15789473684210525
C(O)1=CC(C(=O)N)=CC=C1CCCC(=C(N))C=CC=CC2=CC=CC=C2C#N,O=C(NCCNC(=O)Cc1ccccc1)C2c3c(cc(O)cc3)CCC2,0.7258654544949121,0.13793103448275862
O=C(CC1=CC=CC(C(=C(N))O)=C1)C=CC2=CC=CC=C2C3=CC=CCC3,O=C(N(Cc1cc(ccc1)C(=O)N)C)c2nc(N)ccc2,0.7045644146474266,0.21052631578947367
CC(C)C1=CC=C(C(=O)N)C=C1N(C)CCC(C)CCC2=CC=CC(C(=O)N)=C2,O=C(N)c1cc(OC(C)C)c(NC(=O)CC(c2ccccc2)(C)C)cc1,0.6714360612582075,0.2602739726027397
CC(N)(C)C1=CC=CC=C1CC(=C(=O))C(=O)CCCC2=CN=C(N)C=C2,O=C(NCC(CNC(=O)Cc1cc(ccc1)C(=O)N)C)c2ccc(cc2)C3CCC3,0.6795919803523465,0.1348314606741573
O=C(CC1=CC(C(=O)N)=C(N)C=C1)NC2CCC(C3=CC=CC=C3)=C2(O),FC(F)(F)c1c(cccc1)CCNC(=O)c2c(ccc(c2)C(=O)N)C,0.7056843297316686,0.19480519480519481
O=C(NC1=CC=CC=C1)NCCC(=O)CC=CC2=C(C(=O)N)C=CC3=C2CCC(=N)3,O=C(NCCCCNC(=O)CCNC(=O)Cc1ccccc1)Cc2c(cccc2)COC(C)C,0.6722954257043027,0.19753086419753085
N#CC1=CC=C(C(=O)N)C=C1CC(=O)C=CC=CC2=CC=CC=C2C(N)=C,O=C(N)c1ccc(cc1)C[NH2+]C(C=2Nc3c(cccc3)C2)C,0.7241914946495438,0.22666666666666666
C(=O)(N)C1=CC=CC=C1CCC2=CC=CC=C2CC(=O)NC(N)=CCCl,O=C1OC(C(=O)N(CCN(C(=O)c2c(c(ccc2)C(=O)N)C)C)C)(Cc3c1cc(cc3)C)C,0.6808726681021473,0.1794871794871795
O=C(CC1=CC=CC=C1)NCCCCCC(=O)CC2=CC=CN(C(=O)N)C2,O=C(N)c1cc(ccc1)CC(=O)Nc2c(cccc2)C(C)(C)C,0.7109471716445055,0.2714285714285714
CC(=O)C1=CC(C)=C(C(=O)C(C))C=C1CCCC(C)C2=CC=CC(C(=O)(N))=C2,S1C(=CC=C1C)CC(NC(=O)c2c(N)cccc2)C,0.6911412928215039,0.20270270270270271
O=C(NCC1CCCC1)CCC2CC3=C(C(=O)C(=O)(N))C=CC=C3CC2,O=C(N)c1cc(ccc1)CC(=O)NCCNC(=O)CCC=Cc2ccccc2,0.7525812238426723,0.2236842105263158
C(C(=O)N)(CC1=CC(C(=O)N)=CC=C1)CCCC(C)[NH1]C2=CC=CC=C2,O=C(NCCNC(=O)CNC(=O)CCc1ccccc1)C(CCc2ccccc2)CC,0.7216462506668015,0.2463768115942029
N#CC1=CC=C(C(=O)N)C=C1CC(=C(C(=O)N))C2=CC3=CC=C(C)C=C3[NH1]2,[O-]C(=O)c1cc(ccc1)CCC(=O)N2Cc3c(NC(=O)C2)cccc3,0.756783829109467,0.125
O=C(CCC=CC1=CC=CC=C1)NC2CC3=CC(N)=C(C(=O)N)C=C3C2,O=C(N)c1c(cccc1)CCC(=O)N2c3c(cccc3)CN(C(=O)C2)C,0.6981203761242544,0.22972972972972974
CN(CC1=CC(C(=C(N))N)=CC=C1)C(=O)CCC=C(N)CC2=CC=CC=C2,O=C(NCc1c(cccc1)C2CCC2)Cc3cc(N)ccc3,0.7068757225346285,0.2
NC(=O)NCCCCC(=O)CCC=CC1=C(C)C2=CC=CC(C(=O)N)=C2C1,O=C(N)c1cc(NCC(=O)Nc2c(cc(cc2)C)C)c(cc1)C,0.682970013894171,0.16883116883116883
C(=O)(N)CC1C(=O)CCC=1CC(=O)C2=C(C(=O)C(C))C3=CC=CC=C3N2,O=C(NCCNC(=O)CCC=1c2c(NC1)ccc(c2)C)Cc3cc4c(cc3)CCC4,0.6542343696248738,0.16470588235294117
C(=C)(N)CC1=C(N)CCCN1CCCCCCC2=CC3=CC=CC=C3S2,[NH2+](CC=1Nc2c(c(ccc2)C)C1)CCc3c(cccc3)CC,0.6735709802778556,0.0963855421686747
O=C(CCNC(=O)C1=CC=CC=C1)C2=C(C(=O)O)C=CC3=CC(=N)C(=C)C=C23,O=C(NCCCc1cc(N)ccc1)C=CC=2NC=CC2,0.7042820039209865,0.13924050632911392
N(C(=O)C)(CCC1=CC=C(C(=C(N))C)S1)C(=O)CCCC2=CC(Br)=CC=C2,O=C(NCCCCNC(=O)Cc1c2c(ccc1)cccc2)c3c(N)cc4c(c3)cccc4,0.6688549227596564,0.14285714285714285
C(=N)=C(C)C1=CC=CC=C1NC(=O)CCCC2=CC(C(=C(C(O)))N)=CC=C2Cl,Clc1c(c(Cl)ccc1)CC(=O)NCCCCNC(=O)CC2=CCCC2,0.7195435757806452,0.17073170731707318
C(C(=O)N)=C(CCC1=CC=CC=C1NCC)CC(=O)C=C(N)C2=CC=CC=C2,O=C(N1CCN(C(=O)Cc2cc(ccc2)C(=O)N)CC1)c3cc(N)ccc3,0.7262152165522244,0.1643835616438356
CCCCC1=CC=C(Cl)C=C1C(C(C(=O)N))CCCC2=CC=CC=C(C(=O)(N))2,O=C(N)c1c(cccc1)CCC(=O)NCCNC(=O)CCC=2Nc3c(cccc3)C2,0.746829182754505,0.29577464788732394
NC(C)(C)C1=CC=CC=C1CCCCCC(N)(N)C2=CC=CC=C2,O=C(Nc1c(cccc1)CCC(=O)N)C=C2CCC(CC2)(C)C,0.7116329389802495,0.16923076923076924
O=C(CC1=CC=CC=C1)NCCCC2=CC(=O)C3=CC(=O)CC=C3C(=N)2,O=C(NCC=CCNC(=O)CCNC(=O)Cc1ccccc1)c2nccc(N)c2,0.7671781374200224,0.3013698630136986
CN(C(=O)C1=CC=CC=C1)C(=O)CC(C)CCCC2=CC(C(N)(N))=CC=C2,O=C(NNC(=O)CCc1ccccc1)CCc2ccccc2,0.7157152092512912,0.23214285714285715
CC(C)C1=CC=C(C(=O)C(C(C(C(=O)O))))C=C1N2CCC(=O)C(C3=CC=CC(C(=O)C(N))=C3)=C2,O=C(N)c1c(cccc1)CCC(=O)NCC(CNC(=O)CCc2c(cccc2)C)C,0.609437609103819,0.1511627906976744
O=C(CC1=CC=CC=C1)NCCCC(C(=O)N)CCC2=CC(C(=O)N)=CC=C2,O=C(N)c1cc(ccc1)CCNC(=O)C(=O)C=Cc2ccccc2,0.7575033722384101,0.45
CC(=C(C(=O)N))C1=CC=CC=C1C(=O)CNC(=O)CC2=CC3=CC=CC=C3C2,O=C(NCCNC(=O)Cc1ccc(cc1)C(=O)N)c2cc(ccc2)C(C)C,0.7061897996467272,0.21333333333333335
NC1=CC(C(=O)N)=CC2=C1C(=C)C(=C)N2CCC(=O)[NH1]C3=CC(C)=CC(F)=C3,Fc1c(c2cc(F)ccc2)ccc(NC(=O)Cc3cc(ccc3)C(=O)N)c1,0.6354546597832793,0.25316455696202533
O=C(C(=N)C1=CC=CC=C1)CC(=N)C2=CC=CC=C2[NH1]C(=O)CC3=CC=CC=C3,O=C(NC1CC(NC(=O)CCC=Cc2ccccc2)C1)c3c(N)cc4c(c3)CCCC4,0.6596104599420134,0.17333333333333334
O=C(NC1=CC=CC=C1Cl)C=CCC(C(=O)N)CC2=CC=CC(C(=O)N)=C2F,O=C(N)c1c(c(NC(=O)CCCc2c(ccc(c2)C)C)ccc1)C,0.7128568852329679,0.26666666666666666
CCC1=CC=C(C(=O)N)C=C1CC(=C(=C))CNCC2=CC(N)=CC=C2,O=C(N1CCN(C(=O)c2ccc(cc2)C(=O)N)CCC1)c3cc(ccc3)C(=O)C,0.6871410976218856,0.2318840579710145
O=C(NC1=CC=CC=C1Cl)C=CCC(C(=O)N)CC2=CC(C(=O)N)=CC=C2F,Fc1ccc(cc1)CNC(=O)C(=O)NCC(O)(CNC(=O)CCC=Cc2ccccc2)C,0.7200475424889183,0.16279069767441862
CCC1=CC=C(C(=O)O)C=C1CCNC2=CC=CC=C2C3=CCC(=N)CS3,[NH2+](Cc1c(cccc1)CC)CC(CCCc2ccccc2)(C)C,0.692064307884592,0.1917808219178082
CC(N)(C)C1=CC=CC=C1NCCCC2=CCC3=CC=C(C(=O)O)C=C3N2,O=C(NCC=CCNC(=O)CCCCCCc1ccccc1)c2c(c(ccc2)C(=O)N)C,0.6990490320773217,0.17647058823529413
C(N)CCCC=CC1=CC=CC=C1C(C)C(=O)NCC2=CC=C(C)C=C2C,O=C(NNC(=O)CCCc1ccccc1)C(O)(Cc2ccccc2)C,0.7873034427650059,0.17333333333333334
O=C(CC1=CC=CC=C1)NCC=CC=CC2=CC=CC=C2CCC(C(=O)C)N,O=C(Nc1ccccc1)c2ccc(cc2)C(=O)NCC=CCNC(=O)c3cc(c(C#N)cc3)C,0.7150263440573678,0.24324324324324326
CC(N)(C)C1=CC=CC=C1NC(=O)CCCC(C)C2=C(N)C=C(N)C=C2,Fc1c(c2cc(c(N)cc2)C(=O)N)cc(cc1)CC(=O)OC,0.6975568090825672,0.16883116883116883
O=C(NC1=CC=CC=C1)N(C)C=CCC(=C(C(=O)C))CN2C3=CC=CC=C3C=C2,O=C(NCC=CCNC(=O)CCNC(=O)Cc1ccccc1)c2nccc(N)c2,0.7327455557232663,0.1686746987951807
CN(C)C1=CC(=O)NC=C1C=CC=CC2=CC=CC=C2NC3=CC(C(=O)O)=CC=C3,Clc1c(c2c(cccc2)CNC(=O)Cc3c(cccc3)C(=O)N)ccc(Cl)c1,0.6972879174151014,0.12048192771084337
C(=C(=C(=N)))=C(CC1=C(C(=O)N)C=CC(C(=O)N)=C1)CCC2=CC=CC=C2,O=C(NCC(=O)NCCNC(=O)Cc1ccccc1)C=Cc2ccccc2,0.7779775750566401,0.19117647058823528
NC1=C(C(N))C(C(=O)N)=CC=C1CCC2=CC(C)=CC(C(C(=C(C))(N)))=C2,O=C1N(C(=O)CCN1Cc2cc(ccc2)C(=O)N)Cc3cc(ccc3)C(=O)N,0.7318944651176662,0.16666666666666666
CC(N)(C)C1=CC=CC=C1NC(=C)CCC2=CC(C(=O)C(N))=CC=C2Cl,S1c2c(cccc2)C(C(=O)NCCNC(=O)c3c(ccc(c3)C(=O)N)C)=C1C(=O)C,0.7116678797547016,0.2073170731707317
C=C(CC1=CC=CC=C1)NCC2=CC(C(N))=CC=C2CCCCCC(N),O=C(NCC(=O)CCc1ccccc1)C(CC=Cc2ccccc2)C,0.7072139575706513,0.18840579710144928
CC(CC1=CC(C(=O)N)=CC=C1)NC2CCN(C3=C(C(=O)N)C=CC=C3)C2,O=C1N(c2c(NC1)ccc(c3cc(ccc3)C(=O)N)c2)C,0.6809364592243194,0.273972602739726
CCC=C1C=CC=C1C(=O)CCCCC=CC2=CC(C(C(C(N))))=CC=C2,O=C(OCC(=Cc1c(cccc1)COC)C)Cc2c(cccc2)CC,0.7226085736758361,0.13253012048192772
CCC1=CC=CC=C1CCCC=CC2=CC3=CC(N)=CC=C3C(=N)2,O=C(N)c1c(NC(=O)C=Cc2cc(ccc2)C)cc(cc1)C,0.742886262437038,0.1506849315068493
CC(N)(C)C1=CC=CC=C1CCNC(=O)CC2=CC3=CC=CC=C3S2,FC(F)(F)c1c(cc(N)cc1)C(=O)NC(CCNC(=O)Cc2c(cccc2)C(C)C)C,0.7317985883982208,0.3026315789473684
C(C(=O)C)C(C)C1=CC=CC=C1CNC(=O)C2=CC(C(=O)N)=CC=C2CS,O=C(N)c1cc(ccc1)CC(=O)NCCNC(=O)CCC=Cc2ccccc2,0.7536510680455821,0.23684210526315788
NC1=CC(C(=O)N)=CC=C1CC=C(C)CCC2CCC3=CC=CC=C3C2,O=C(Nc1c(N2CC([NH3+])C2)cccc1)CCNC(=O)Cc3ccccc3,0.6783141477993251,0.175
O=C(CCC1=CC=CC=C1)CC2CCSC3=CC=C(C(=O)N(C(=O)(O)))C=C23,Fc1c(c2cc(c(N)cc2)C(=O)N)cc(cc1)CC(=O)OC,0.7027189164554493,0.12345679012345678
O=C(CC1=CC=CC=C1)NCCCC2=CC=CC3=C2CC(=N)CC3C,O=C(N)c1cc(ccc1)CC[NH2+]C(Cc2ccc(c3ccccc3)cc2)C,0.7421599936371552,0.19736842105263158
CC1=CC=CN=C1NCC=CC=CC=CCC(=O)CC2=CC(Cl)=C(C(=O)O)C=C2,O=C(c1cc(N(Cc2c3NC=Cc3ccc2)C)c(C#N)cc1)C,0.6972707323989378,0.12087912087912088
C(C(=O)O)=C(C(=O)NC1CCCC1)CCC2=CC3=C(C(=O)N)C=CC=C3C2=O,Fc1c(c(F)ccc1)C=CC(=O)Nc2c(cccc2)C(=O)C,0.654146903395811,0.15789473684210525
C1=CC=CC=C1CCC=CC=CCCC2=CC(=O)NC(C(C(C(=O)N)))=C2C#N,O=C(NCCCCCCNC(=O)c1cc2c3c(cccc3)Cc2cc1)c4cnc(c(C#N)c4)C,0.7123311618232859,0.1724137931034483
C(C)=C(CCC1=CC=CC=C1CC(N))CCCC(N)=C(C)C2=CC=CC=C2,O=C(N(Cc1ccccc1)CCC(=O)NCC=CCNC(=O)CCNC(=O)Cc2ccccc2)C,0.6597732859862798,0.18840579710144928
O=C(CCC1=CC=CC(C(=C)N)=C1)NC(=O)CCC=CC(N)=CC2=CC=CS2,Brc1c(N)cc(cc1)C(=O)NCC(CNC(=O)c2ccc(cc2)CCCC)C,0.6859093637718602,0.15476190476190477
O=C(NC1=CC=CC=C1C(=C)(N))NCC(C(=C)C(=O)(N))CC2=CC=CC=C2,S1c2c(cccc2)C=C1C(=O)NCCNC(=O)c3c(N)c(ccc3)CC,0.7396081262432938,0.20833333333333334
O=C(CC1=CC=CC=C1)NCCCCC2=CCCC(C(=C(C(O))(N))C(C))=C2,S(c1ccccc1)CC(=O)NCCN2C(=O)c3c(cccc3)C2,0.6801731321341821,0.20253164556962025
C(=O)(N)NC1=CC=CC=C1NCC(C(=O)N)=C2C=CC3=CC=C(C)N=C32,Fc1c(N2C(=O)C(N(C=O)Cc3cc(ccc3)C(=O)N)CCC2)ccc(F)c1,0.6877030133711625,0.10989010989010989
C(CC1=CC(C(=C(N)(N))C(C))=CC=C1F)CC(N)=CC2=CC(N)=CC=C2,O=C(NCCCNC(=O)CCNC(=O)Cc1ccccc1)C2=CCC2,0.7271318073304475,0.11538461538461539
CC1=CC(C(=O)N)=CC=C1CCCCC=NC2=CN=C(N3CCC(=O)NC3)C=C2,FC(F)(F)c1c(NC(=O)CC[NH+](Cc2cc(ccc2)C(=O)N)C)cccc1,0.7221760723084855,0.15463917525773196
C(C(=O)C)=C(CC1=CC(C(=O)N)=C(N)C=C1)C(=O)C=CC2=CC(N)=CC=C2F,Fc1c(cccc1)CCC(C(=O)NCC=CCNC(=O)CCNC(=O)Cc2ccccc2)C,0.7143541021860857,0.16279069767441862
CC(N)(C)C1=CC=CC=C1NC(=O)CCC=C(N)C(=N)C2=CC=CC=C2,O=C(NC(CCNC(=O)CCc1ccccc1)C)c2cc(ccc2)C(=O)C,0.7637021551078879,0.2328767123287671
O=C(CCC1=CC(C(=O)O)=CC=C1)C(=N)C=CC=CC=CC2=CC=CC=C2,[NH2+](Cc1ccccc1)CCc2c(cccc2)CC,0.7749922214507672,0.1864406779661017
O=C(N(C(=O)C(N))CCCC1=CC=CC(N)=C1)CCC(C)=CC2=CC=C[NH1]2,O=C(NCCCCCCNC(=O)CCCCC1CCCCC1)C(c2ccccc2)c3ccccc3,0.7608256192495726,0.11494252873563218
O=C(CCCCCCC1=CC=CC(C(=C)N)=C1C)C(C(N))CC2=CC=CC=C2,O=C(Nc1c(N)cccc1)c2ccc(cc2)CN(C(=O)C)C,0.7201420119304611,0.1780821917808219
O=C(CC1=CC=CC=C1)NCC2=CSC3=CC=CC(C(=O)C(N))=C3S2,Clc1c(cccc1)C=CC(=O)N(CCN(C(=O)Cc2cc(ccc2)C(=O)N)C)C,0.7254241281665558,0.1728395061728395
N#CC1=CC=CC=C1CC(C)=C2C(C(=O)N)=CC(=O)C3=CC=C(C(=O)N)C=C23,FC(F)(F)c1c(cccc1C)C(=O)NCC=CCNC(=O)c2c(c(ccc2)C(=O)N)C,0.6245520686909535,0.15584415584415584
CN(CCC1CCCC1)C(=O)NCCC2=CC=CC(N)=C2CC(N)C,O=C(NCCNc1c2c(ccc1)cccc2)CC([NH3+])c3c(cccc3)C,0.7536126829396242,0.17073170731707318
O=C(CC1=CC=CC(C(=O)N)=C1)CSC=CC(=C)CC=CC2=CC=CC=C2F,O=C(N)c1c(nccc1)N2CCN(C(=O)C(=C)Cc3ccccc3)CC2,0.6756085563798873,0.2125
CS(C)C1=CC=C(C(=O)N)C=C1N(C)C(=O)CCCC2=CC(C(=O)N)=CC=C2,O=C(NCc1c(cccc1)C(C)(C)C)Cc2c(nccc2)N,0.6497722896733302,0.13513513513513514
NC(=C)C1=CC=CC=C1CCN(C(=O)C(=O)(N))CC2=CC3=CC=CC=C3S2,O=C(N1c2c(cccc2)CC(C1)C)c3c(NC(=O)c4cc(ccc4)C)cccc3,0.752088101072567,0.1566265060240964
C(=N)=C(CCC1=CC(C(=O)N)=CC=C1)CC(=C)C(F)=CC2=CC=CC=C2,O=C(NC(Cc1ccccc1)CC(=O)NC)c2c(cccc2)C(=O)N,0.7281669072014871,0.2191780821917808
C(C(=O)O)CC1=CC=CC(C(=O)C)=C1CCCC(=O)NC2=CC3=CC=CC=C3C2,[O-]C(=O)c1cc(ccc1)CC(=O)NNC(=O)c2c(N)ccnc2,0.6757890575655168,0.14457831325301204
CC(C)C1=CC=CC=C1N2CCCC(C3=CC=CC(C(=O)C(N))=C3)C2=O,Brc1c(cccc1)C(=O)NCC(=O)N(CCCNC(=O)C2=CCC2)C,0.7214106017429136,0.12643678160919541
CC(=O)C1=CC=C(C(=O)O)C=C1C(C=CC2=CC3=CC=CC(C(=C(N))O)=C3)=C2,O=C(N)c1c(cccc1)CCC(=O)Nc2c(O)cc(cc2)C(=O)N,0.6828589946504213,0.18666666666666668
C(C(=C)C(C))=C(CC1=CC=CC=C1C(N))CCC2=CC3=CC=CC=C3N2,S1c2c(NC(=O)C1)cc(cc2)C(=O)NCCNC(=O)c3c(NCCCC)cccc3,0.6987536079618145,0.13636363636363635
CCC1=CC=CC(C(=O)N)=C1CCC(=O)NCCC=C2C(C)=CCCC2,O=C1N(C(=O)CCN1Cc2cc(ccc2)C(=O)N)Cc3cc(ccc3)C(=O)N,0.7429439062507192,0.17721518987341772
O=C(N)CCCC=CC1=CC=C(C(N))C=C1CC=CC2=CC=C(C(=O)N)O2,O=C(OCC(=O)CCC)C(NC(=O)Cc1ccccc1)C(C)C,0.7315604805122352,0.11538461538461539
O=C(CCC1=CC(C(=O)N)=CC=C1)N(C(=C)C)C(=O)NCC=C(N)C2=CC=CC=C2F,S(c1c(cccc1)CCNC(=O)C(=O)N2Cc3c(c4c(cccc4)C2)cccc3)C,0.6906984915329009,0.16279069767441862
O=C(CC1=CCCC=C1)NCCCC2=CC(C(=O)N)=CC(N)=C2CC,O=C(Nc1cc(ccc1)C(=O)N)c2cc(ccc2)C(=O)Nc3ccccc3,0.6912242579270655,0.17391304347826086
FC1=CC=C(N)C(C(=O)C)=C1CC(=O)NC2=CC=CC=C2C=CNC(=O)OF,[O-]C(=O)c1cc2c(cc1)CCCC2CNC(=O)c3c(cccc3)C(C)(C)C,0.7196986403124979,0.11827956989247312
C(N)C1=CC=CC=C1CC2=CC=CC=C2NCC(N)C3=CC=CC=C3,Clc1cc2c(c(ccc2)C(=O)NCCC(NC(=O)CCc3c(C#N)cccc3)C)cc1,0.7316541461218515,0.12195121951219512
CC(C)(N)C1=CC=CC=C1CCNC(=O)CC2=CC3=CC=CC=C3S2,O=C(Nc1c(cccc1)CC(=O)N)C2=Cc3c(cccc3)C2,0.7103535273825029,0.2
O=C(CCC=CC1=CC(C(=O)C)=CC=C1Cl)NC2CNC3=CC=CC=C3C2,O=C1N(C(c2c1cccc2)=C)CCC(=O)NCCNC(=O)CCc3ccccc3,0.7225817015733854,0.14285714285714285
CC1=C(C(=O)N)C=CC=C1C(=O)CCCC=C2CCCN=C2NCCCC,Fc1c(cccc1)C=CC(=O)NCC=CCNC(=O)Cc2cc(ccc2)C(=O)N,0.6845238876440002,0.15730337078651685
C(=O)=C(CC1=CC(C(=O)N)=CC=C1)CC2=CC=CC=C2C3=CC=CC(F)=C3,Fc1c(cccc1)C([NH3+])C(=O)NCCc2cc(ccc2)C(=O)N,0.7283261708438733,0.3484848484848485
CCC1=CC=CC=C1CCC(=C(N))C=CC2=C(C(=O)N)C3=CC=CC=C3[NH1]2,O=C(Nc1ccccc1)CNC(=O)CC=Cc2ccccc2,0.7968503418600694,0.15942028985507245
CC(N)(C)C1=CC=CC=C1NNCC2=CC=CC3=C2C=CC(C(=O)N)=C3,Brc1c(cc(cc1)C(=O)OC)CNc2c(cccc2)C(C)(C)C,0.7880902403655248,0.3283582089552239
O=C(CCCCC1=CC(=C(N)(N))C=C1)NC(=O)CNC2CCCCC2,O=C(N)c1cc(ccc1)CC(=O)NC2CN(c3ccccc3)CC2,0.7376984031360221,0.2
O=C(NC1=CC=C(N)C=N1)NCC(=O)C2=CC=CC=C2CC(=O)CC=C(N),O=C(Nc1c(N)cccc1)CCc2cc(c(cc2)C)C,0.7238036764899534,0.17333333333333334
CC(=C)C1=CC=CC=C1N2CCCC(C3=CC=CC(C(=O)C(N))=C3)C(=O)2,FC(F)(c1ccccc1)C(=O)NCCCCNC(=O)CCC2C(=O)c3c(cccc3)CC2,0.6733581610505157,0.15730337078651685
CC(N)(C)C1=CC=CC=C1NCCC2=CC(=C(C(=O)O))CC3=CC=CC=C23,FC(F)(F)c1c(cccc1)C(NC(=O)CCc2cc(N)ccc2)C,0.7079758081719767,0.23376623376623376
O=C(CCC1=CC=CC=C1)NC(=O)C(C(=O)(N))CCC=CC2=CC(C(=O)N)=CC=C2,O=C(NCCc1c(cccc1)CC)C=CC2CCCCC2,0.7091982961148773,0.15584415584415584
CC(C)C1=CC=CC=C1NC(=O)NCC(C(=C)C(=O)(N))CCCC2=CC=CC=C2,O=C(N1CCN(C(=O)Cc2cc(ccc2)C(=O)N)CC1)c3cc(N)ccc3,0.7276091515686135,0.15584415584415584
C(=O)(CCC(C(=C(=O))N)CCC1=CC=CC=C1C(N))NCC2=CC=CC=C2,O=C(N)c1c2c(ccc1)C[NH+](CC(=O)c3ccccc3)CC2,0.7084557691394189,0.1643835616438356
O=C(CC1=CC=CC=C1N)CCC2=CCC3=CC=CC(C(=O)N)=C3S2,Fc1c(c(NCCc2c(cccc2)C(F)(F)F)cc(c1)C(=O)N)C,0.6900029789148094,0.19736842105263158
O=C(CC1=CC=CC=C1)NCCCC(C2=CC(C(=C(N))N)=CC=C2)CC,O=C1N(C(=O)C2C1CC=CC2)CC(=O)NCCCCNC(=O)CCc3ccc(cc3)C(=O)N,0.6488494340309678,0.24358974358974358
O=C(CC1=CC=CC=C1)NCCCCC=CC=C2C(C(=O)O)=C(C(=O)C)C=CC2,O=C1N(C(=O)C2C1CC=CC2)CC(=O)NCCCCNC(=O)CCc3ccc(cc3)C(=O)N,0.6555345501997779,0.2345679012345679
C=C(C1=CC=CC=C1)C(=N)CCCC(C)C(=O)C2=CC=CC(C(=O)N)=C2,O=C(N)c1ccc(cc1)CC(=O)NC2C(NC(=O)CCCCC(=O)N)CC2,0.7230043136754594,0.2153846153846154
O=C(CC1=CC=C(C(=O)N)C(C)=C1)CSC=CC=C(N)C2=CC=CC=C2F,O=C(N)Cc1ccc(cc1)C=2Nc3c(cccc3)C2,0.6744547931264346,0.21739130434782608
CCCC(=O)CC1=CC=CC=C1C(=C)C(=O)NC2CCCC3=CC=CC=C32,O=C(N(CCN(C(=O)Cc1cc(ccc1)C(=O)N)C)C)c2nc(N)ccc2,0.7343650099147674,0.11764705882352941
CCC1=NC(N)=C(C(=O)N)C=C1CC(=O)C=C(C=C)C2=CC=C(Cl)C=C2,O=C1OC(C(=O)N(CC(=O)NCc2ccccc2)C)=CC=C1,0.7059414789491333,0.1
O=C(CC1=CC=CC=C(N)1)NCC2=CC=CC=C2C3CC(C)CCC3,Clc1c(F)cccc1CC(=O)NCC=CCNC(=O)c2c(F)cccc2,0.7423503812166055,0.25
NC(N)(CC)C(C)NC1=CC=CC=C1CC2=C(C(=O)N)C=CC=C2,O=C(Nc1ccccc1)CNC(=O)CC=Cc2ccccc2,0.8339582660152877,0.1774193548387097
NC(=C(N))C1=CC=CC=C1CCCCCCC2CC3=CC=CC=C3CC2,O=C(NCCNC(=O)Cc1ccccc1)NCCC(O)CCc2ccccc2,0.7361736302244843,0.13043478260869565
O=C(CC1=CC=C(N)C=C1)NCC2=CC=CC=C2C=C(N)CC=CC,O=C(N)c1c(cccc1)CC(=O)NCCNC(=O)Cc2ccccc2,0.7438159114870843,0.38596491228070173
O=C(CCC1=CC=CC=C1)NCCC2CC(C(=O)O)=C(N)C3=CC=CC=C32,O=C(N)c1cc(NC(=O)CCCc2cc(c(cc2)C)C)c(cc1)C,0.7165436977868531,0.18055555555555555
O=C(CC1=CC=CC(C(=O)(C))=C1)CC(N)CC=CC=CC2=CC=CC=C2,O=C(N(Cc1c(N)cccc1)C)CCC([NH3+])c2ccccc2,0.6971954963627779,0.1780821917808219
CNC=CC1=CC=CC=C1NCCCCCNC(=O)CC2=CCCC=C2,S1c2c(NCc3c(NC)cccc3)cccc2C=C1C(=O)OC,0.7580760079696036,0.189873417721519
O=C(NCC1CCCC1)NCC2CC3=C(C(=O)C(N))C=CC=C3CC2,Clc1c(c(Cl)ccc1)CC(=O)NCCCCNC(=O)CC2=CCCC2,0.7166397546136392,0.22058823529411764
C(=O)(N)CCCNC(=O)CCCCC=C1C=CC2=CC(C(=O)N)=CC=C2S1,Brc1c(SC)ccc(c1)C(=O)NCC=CCNC(=O)C=2OC(=O)c3c(cccc3)C2,0.7429968443707644,0.14942528735632185
CC(N)(C)C1=CC=CC=C1CCC(=C)C=CCC2=CC=CC(N)=N2,O=C(N1CCN(C(=O)Cc2cc(ccc2)C(=O)N)CC1)c3cc(N)ccc3,0.7212478566227023,0.13157894736842105
CCC1=CC=CC=C1CCC(=C(C(=O)C(N)))C=CC=CC2=CC=CC=C2O,Brc1c(cc(Cl)cc1)CCC(=O)NCc2c(cccc2)C(C)(C)C,0.7377615945419755,0.20270270270270271
CC(N)(C)C1=CC=CC=C1NCC(=O)NCCC2=CC(N)=C(N)CC2,Fc1c(c2c3c(NC(C(=O)N)=C3)ccc2)cccc1C(=O)N,0.7314717614238064,0.1232876712328767
CC(N)(C)C1=CC=CC=C1CC(=O)CC(C)=CC2=CC(C(=O)O)=CC=C2CC,O=C(N)c1cc(ccc1)CC(=O)NCCNC(=O)CCC=Cc2ccccc2,0.6924492317817486,0.2077922077922078
CC(C)C1=CC=CC=C1N2CC(=O)C(=O)N(C3=CC(C(=O)N)=CC=C3)S2,O=C(NCCCCCCNC(=O)CCNC(=O)Cc1ccccc1)C=2c3c(cccc3)CC2,0.759092461185712,0.12195121951219512
O=C(CC1=CC=CC=C1)NCC(=O)C(=C(C(=O)N))CCC2=CC=CC=C2C#C,Fc1c(ccc(c1)CO)C(=O)NCc2c(cccc2)C(C)(C)C,0.706826126699609,0.2
CCC1=CC=C(C(=O)O)C=C1C(=O)C(=C(C(=O)C))C2=CC3=CC=C(C(C(N)))C=C3C2,Brc1cc2c(cc1)cccc2C(=O)NCC=CCNC(=O)C=Cc3ccc(cc3)C(=O)N,0.6879895789194697,0.16304347826086957
C=C(N)C1=CCCC=C1CC(=O)NCCC2=CC3=CC=CC=C3S2,O=C(N1CCC(CC(=O)N)CC1)c2c(c(ccc2)CO)C,0.7370977485635344,0.14102564102564102
C(C(=O)(N))CC1=CC(N)=C(C(=O)N)C=C1CCC(C)CC2=CC=CC=C2CC,S1c2c(N(C(=O)CNC(=O)CCc3ccccc3)Cc4c1cccc4)cccc2,0.703078171987582,0.14102564102564102
O=C(NCC1=CC=CC=C1)C(N)CC(=N)C=CC2=CC(C(=O)N)=CC=C2,O=C(N1c2c(cccc2)CC(C1)C)c3c(NC(=O)c4cc(ccc4)C)cccc3,0.7435474096890436,0.15476190476190477
CC(N)(C)C1=CC=CC=C1CCCC(=O)C=CC=C(N)C2=CC=CC=C2,O=C(Nc1c(NC(=O)c2ccccc2)cccc1)c3ccc(cc3)CC(=O)N,0.7714982063401681,0.22950819672131148
CN(CC1=CC(C(=O)N)=CC=C1)C(=C(N))C=CC=CC2=CC=CC=C2F,Fc1cc(ccc1)CCC(C(=O)Nc2c(N3CCCC3)ccc(c2)C(=O)N)C,0.6923633288967725,0.25609756097560976
CCC1=CC=CC=C1CCNC2=CC=C(N)C=C2C3=CNC(=N)CC3,BrC1=C(SC=C1)CC(=O)Nc2cc(ccc2)C([O-])=O,0.702888265217501,0.1
CC(CCC=CC1=CC(C(=O)N)=CC=C1)C(=O)CCCC2=CC(N)=CC=C2,Clc1cc(ccc1)C=CC(=O)NCCCc2c(N)cccc2,0.7321279625396451,0.25
FC1=CC=CC=C1C=NC2=CC=CC=C2C(=O)C3=CC(C(N))=CC=C3C(=N),O=C(NCCCc1c(cccc1)C)C2=Cc3c(cccc3)C2,0.7767517487255279,0.11392405063291139
C(N)(N)CC1=CC=CC=C1C(=C)C(=C)CC=CC2=CC=C(Br)C=C2,O=C(N)c1cc(ccc1)CC(=O)NCCNC(=O)CCC=Cc2ccccc2,0.7877895478265611,0.19444444444444445
O=C(CCCCC(=O)NCC1=CC=CC(=O)C1)NC(=O)CC2=CC=C(N)N=C2,O=C(N1CCN(C(=O)Cc2cc(ccc2)C(=O)N)CCC1)c3cc(ccc3)C(=O)C,0.6500747293534055,0.14634146341463414
O=C(NC(=O)NCC1=CC=CC(O)=C1)CCC(=O)CC2=CC=C3CCC(=C)SC3=C2,O=C1N(C(=O)C2C1CC=CC2)CC(=O)NCCCCNC(=O)CCc3ccc(cc3)C(=O)N,0.6664742949176986,0.16091954022988506
CC(N)(C)C1=CC=CC=C1CCC=CC=CC=CC2=CC=CC(C(C(N)))=C2,Clc1c(Cl)ccc(c1)C(=O)NC(C(=O)NCc2ccccc2)C,0.7704868827561588,0.13333333333333333
C(C(=C)N)C=C(C=CCC1=CC=CC=C1CCC(=O)N)C2=CC=C(C(=O)O)C=C2,S1c2c(cccc2)C=C1CC(=O)N(CCN(C(=O)CCc3c(cccc3)C(=O)N)C)C,0.649980968357543,0.2236842105263158
O=C(NC1=CC(O)=CC=C1)C=CCC(C(=O)N)CC2=CC(C(=O)N)=CC=C2,O=C(N)c1cc(ccc1)CNC(=O)C(=C)Cc2ccccc2,0.7505422189148299,0.3333333333333333
O=C(CC1=CC=CC=C1)NCC(C(=O)C)=CC2=CC=CC(=C2)C(N)CCCC,O=C(NCCNC(=O)Cc1c(cccc1C)C)C=Cc2c(cccc2)C,0.6780545574887131,0.2328767123287671
O=C(CC1=CC=CC(C(=O)N)=C1)C(=C)C=CC(C)CC2=CC=CC=C2,O=C(Nc1c(c(ccc1)C)C[NH3+])C=Cc2c(C#N)cccc2,0.6967525772161436,0.17105263157894737
O=C(CCC1=CC=CC=C1)NC(=O)NC(C(=O)N)CCC(=O)C2=CC(C(=O)C)=CC=C2,S(c1c(cccc1)CCNC(=O)C(=O)N2Cc3c(c4c(cccc4)C2)cccc3)C,0.6729089922276921,0.15
CCC1=CC=C(C(=O)O)C=C1CCNC2=CC=CC=C2C3=CCC(=N)C(=O)S3,Brc1c(cc(nc1)N)C(=O)N(CCN(C(=O)c2c(c(ccc2)C(=O)N)C)C)C,0.6675076574997563,0.11494252873563218
O=C(CC1=CC=CC(C(=O)N)=C1)N2CCCC(C3=CCC(=O)CC3)=C(N)2,Fc1c(N)ccc(c1)CCC(=O)NCCC2Cc3c(cccc3)C2,0.724306862953167,0.15853658536585366
O=C(NCCC(N)CCC1=CC=C(C(=O)N)C=C1)NC(=O)C2=CC=CC=C2,O=C(NCC=CCNC(=O)CCCc1c(OC)cc(OC)cc1)C2=Cc3c(cccc3)C2,0.6615950073210055,0.1686746987951807
O=C(CC1=CC=CC(C(=O)C)=C1)C(=O)C2CCC3=C(Cl)C=C(C(=O)(O))C=C3C2,O=C(NCC(=O)N(CCN(C(=O)Cc1cc(ccc1)C(=O)N)C)C)N,0.6527171951898381,0.2465753424657534
C(N)(=O)NC(=O)NC1=CC=CC=C1N(C)C=CC=CC2=C(C(=O)N)C=CC=C2Cl,O=C1OC(C(=O)NCC=CCNC(=O)c2cc(N)c(cc2)CCCC)=Cc3c1cccc3,0.6755525186906735,0.13043478260869565
O=C(CC1=CC(C(=O)C)=CC=C1C)NC2=CC=CC=C2CCC(C)C(N)C,O=C(NCCCC=CC)c1c(cccc1)CN2N=NC(=C2)CCC(=O)C,0.6559563026502702,0.1744186046511628
O=C(NCC1=CC=CC=C1)CCC(=C(=N))C=CC=CC2=CC=CC=C2,Fc1c(cccc1)C=CC(=O)N(Cc2cc(ccc2)C(=O)N)C,0.6862515754716232,0.2
NC(N)=CC(C)C1=CC=CC=C1CCNC(=O)CCC2=CC=CC=C2,O=C(NCC=CCNC(=O)c1ccccc1)c2c(cccc2)C(C)(C)C,0.7695820696376561,0.23809523809523808
CCC1=CC=CC(C(=O)C)=C1CCNC(=O)CC2C(=O)NC3=CC=CC=C3S2,Brc1ccc(cc1)CC(=O)Nc2cc(NC(=O)Cc3cc(ncc3)N)ccc2,0.7146012974063045,0.13253012048192772
CC(N)(C)C1=CC=CC=C1CCCCC2(C)C(=O)C3=CC=CC=C3C2,FC(F)(F)C=Cc1c(NCCc2c(cccc2)CC)cccc1,0.738983974255986,0.1791044776119403
FC1=CC=CC(C(=O)N)=C1CC(=O)NC2=CC=CC=C2C=CC(N)=CCl,O=C1OC(C(=O)NCC=CCNC(=O)c2c(cccc2)C(=O)N)=Cc3c1cccc3,0.7091060711487158,0.22972972972972974
CCC1=CC=CC=C1CCN(C)CC=C2SC3=CC(C(=O)N)=CC=C3C(=N)2,O=C(N)c1c(cccc1)CCC(=O)NCCCCNC(=O)C=2Nc3c(cccc3)C(=O)C2,0.7010367159836806,0.18604651162790697
O=C(CCC1=CC=CC=C1)NCN2C=CC3=CC=CC(C(=O)C(N))=C3C2,O=C(N1CCN(C(=O)c2ccc(cc2)C(=O)N)CC1)c3cc(ccc3)C(=O)C,0.6930789655401202,0.17142857142857143
CN(CC1=CC=C(C(=O)N)C=C1N)C(=C)C=CC2=CC(C(=C)N)=CC=C2C,FC(F)(F)c1c(cc(N)cc1)C(=O)NC(CCNC(=O)Cc2c(cccc2)C(C)C)C,0.6837131746049044,0.13333333333333333
CC1=C(C(=O)O)C=CC=C1CCCC(=C)C=C2C=CC3=CC(C(=O)(O))=CC=C3[NH1]2,O=C(N)c1c2c(ccc1)C[NH+](CC(=O)NCC3CCCCC3)CC2,0.727109406771958,0.12222222222222222
CNC1=CC=CC(C(=O)N)=C1CC=C(C(=C)C)NC(=O)CC=CC2=CC=CC=C2,O=C(NCC=CCNC(=O)Cc1cc(ccc1)C(=O)N)c2ccc(cc2)C(=O)N,0.6875399671685778,0.2191780821917808
C(=O)(N)CC1=CC=CC=C1CC=C(C(=O)C)C2=CC3=CC=C(C(=O)N)C=C3S2,O=C(NCCNC(=O)c1cc(c(cc1)CC)CC)c2cc(N)ccc2,0.6679449560437731,0.2028985507246377
C=C(CC1=CC(C(=C(N))N)=CC=C1)C(=O)C(=C)CCCC2=CC=CC=C2F,O=C(NCCNC(=O)Cc1ccccc1)C(=O)NCCC(CC)C,0.723590199447431,0.16666666666666666
C(C(=O)O)#CC1=CC=CC=C1CCC(N)C2=CC3=CC=CC(C(=O)C)=C3C=C2,O=C(OC)c1cc(c(NC(=O)CCc2c(cccc2)C(=O)N)cc1)CC(C)C,0.6506489437742936,0.21951219512195122
O=C(CC1=CC=CC=C1)NCCC(C(=O)C2=CC)=CC(C(=O)C)=C2C#N,O=C(NCc1c2c(ccc1)CCCC2)C([NH3+])c3ccccc3,0.7844379313492311,0.15384615384615385
O=C(C(N)C1=CC=CC=C1)NCCCC2=CC=CC=C2CC(=C(N))CC,O=C(N)c1c(cccc1)CCC(=O)NCC=CCNC(=O)CCCCCC(=O)Nc2ccccc2,0.7028743835426794,0.2608695652173913
CCC1=C(N)C=CC=C1CCNC2=CC=CC=C2C=CC3=CC=CC(=N)3,Fc1c(cc(cc1)C(=O)N)C(=O)NCc2c(F)ccc(N)c2,0.7217553991315198,0.11538461538461539
CC(N)(C)C1=CC=CC=C1NCC(=O)NC2=NC=C(C)C(C(=C)C(N))=N2,Clc1c(F)cccc1CCC(=O)NCCCCNC(=O)Cc2c(F)cccc2,0.7808405405441333,0.1375
CC(CC1=CC=CC=C1N)CCCC(C(=O)O)CC2=CC=CC(C(=O)N)=C2,O=C(Nc1cc(NC(=O)c2ccc(cc2)CC(=O)N)ccc1)c3ccc(cc3)C(=O)C,0.7392210848326773,0.22058823529411764
C(=C(C(=O)C))C1C2=CC=CC=C2C(=C)C=1C3=CC4=CC=C(C(=O)N)C=C4S3,O=C(N1C(CC(=O)c2ccccc2)CCC1)C=C(c3ccccc3)C,0.7147166680680337,0.16
O=C(CCC1=CC=CC=C1F)NC(=O)CCC(C(=C)N)CC2=CC(C(=O)N)=CC=C2,O=C(N)c1cc(ccc1)CC(=O)NCCCCNC(=O)CCNC(=O)Cc2ccccc2,0.6506918382846539,0.36363636363636365
O=C(CCC1=CC(C(=O)O)=CC=C1)NCC2=CSC3=CC=C(C(=O)C(N))C=C3S2,S1c2c(cccc2)C=C1CC(=O)N(CCN(C(=O)CCc3c(cccc3)C(=O)N)C)C,0.6681768052548323,0.14772727272727273
CC1=CC=C(NC=CCC(C(=O)N)CC2=CC(C(=O)N)=CC=C2C)C=C1,O=C(N)c1cc(ccc1)CC(=O)NCCNC(=O)CCC=Cc2ccccc2,0.7307862497592608,0.22972972972972974
CN(C(=O)C1=CC=C(N)C=C1)CCC=CC2=CC=CC(N)=C2CC(=C)CC,O=C(N)c1cc(ccc1)CC(=O)NCCNC(=O)Cc2c(cccc2)CC,0.7580795938770306,0.18666666666666668
O=C(NC1=CC=CC=C1)CSC=CCN(C2=CC(C(=O)N)=CC=C2)CC(=O)CC,O=C(Nc1c(NCCC)cccc1)c2c(cccc2)C,0.6909743085933224,0.17567567567567569
CCC1=CC=C(C(=O)N)N=C1CC(=C(C(=O)N))C2=CC3=CC=CC=C3N2,O=C(NCCCCCCNC(=O)c1cc2c3c(cccc3)Cc2cc1)c4c(c(ccc4)C(=O)N)C,0.7195488165439248,0.18518518518518517
C=CC1=C(O)C=C(C(=O)N)C=C1CC(=C(C(=O)O))C2=CC3=CC=CC=C3[NH1]2,Clc1cc2c(c(ccc2)C(=O)NCCC(NC(=O)CCc3c(C#N)cccc3)C)cc1,0.7175530557984764,0.13402061855670103
C(C(=O)N)C(CC1=CC(C(=O)N)=CC=C1)N2CCCC(C3=CC=CC=C3)C2,O=C(N)c1c(cccc1)COC(=O)C=Cc2cc(ccc2)C,0.675348479963835,0.1794871794871795
N=C(C)C1=CC=C(C(=O)N)C=C1N2CCC(=O)C(C3=CC(C(=O)N)=CC=C3)=C2,Fc1c(cccc1)C(=NOCCc2c(cccc2)C(F)(F)F)N,0.7023904157791905,0.11538461538461539
O=C(CCC1=CC=CC=C1)NCC(=O)C=2CC3=CC=CC=C3SC(C(=O)C(=N))2,Clc1cc2c(c(ccc2)C(=O)NCc3cc(F)c(C#N)cc3)cc1,0.7287319163734207,0.12941176470588237
CC(CC1=C(C(=O)C)C=CC=C1CC(N)C)NCCC2=CC=CC=C2,O=C(NCCCCNC(=O)Cc1ccc(cc1)C(=O)N)c2cc(N)c(cc2)CC,0.7877516703080193,0.1780821917808219
CSC1=CC=C(C(=C(N)(C(=O)C))N)C=C1CC(=O)C2CC3=CC=CC=C3C2,S(CC(=O)NC(=O)NCc1ccccc1)CC(=O)c2ccccc2,0.7063168193743884,0.15714285714285714
CC(N)(C)C1=CC=CC=C1N(C)CCCCCCC2=CC=CC(C(=C(N))N)=C2,O=C(N)c1cc(ccc1)COC(=O)C(Cc2ccccc2)Cc3ccccc3,0.7125521238116486,0.23880597014925373
C(=O)(N)N(CC(=O)CCCC1=CC=CC=C1)C=CC2=CC3=CC=CC(N)=C3[NH1]2,Fc1c(ccc(c1)C(=O)N)CNc2c(cccc2)C(=O)NCC=C,0.6881731087978059,0.17857142857142858
O=C(CC1=CC=CC=C1)NCCCCC(=N)C=CC2=CN=CC3=C2C(=O)C=C3,Brc1cc(c(SC)cc1)CCNC(=O)C2Cc3c(cccc3)C2,0.7035970155541288,0.13953488372093023
CC1=CC=CC=C1CNC(=O)CCC(N)=C2C=C(C(=O)N)SC3=NC=CC=C32,Fc1c(cc(cc1)C(=O)N)C(=O)NCCCCCCNC(=O)C2=CCC2,0.6792894346376241,0.14457831325301204
CC(N)(N)CCCC1=CC=CC=C1N2CCCC(C3=CC=CC=C3)C(=O)2,O=C(OC(C(=O)C=1c2c(NC1C)cccc2)C)c3cc(c(cc3)CC)CC,0.689275857392586,0.12345679012345678
CC(CC1=CC=CC=C(N)1)C(C(=O)N)CCC(=O)NC2=CC=CC(C)=C2,O=C(NCCCCCCNC(=O)c1cc2c3c(cccc3)Cc2cc1)c4cnc(c(C#N)c4)C,0.7500464735432566,0.16091954022988506
CN(CC1=CC(C(=O)N)=CC=C1)C(=O)CC(N)C(=O)CC2=CC=CC(N)=N2,O=C(NCC=CCNC(=O)CCCc1c(OC)cc(OC)cc1)C2=Cc3c(cccc3)C2,0.6580060020588496,0.11702127659574468
CC(N)(C)C1=CC(N)=CC=C1CC(=O)C2=CC3=CC=CC(C(=O)N)=C3C2,O=C(NCc1c(c(O)ccc1)C)c2cc(c(cc2)CC)CC,0.6400621929337488,0.1780821917808219
NC1=CC(C(=O)N)=CC2=C1CC(=O)N2CCC=CC3=CC(N)=CC(F)=C3,O=C(Nc1c(cccc1)CC(=O)N)C2=Cc3c(cccc3)C2,0.7076555747906941,0.15384615384615385
O=C(NC(=O)CC1=CC=CC=C1)NCCCCC2CC=C(C(=O)(N))CC2,O=C(NCCC(NC(=O)C(CC=Cc1ccccc1)C)C)C=Cc2ccccc2,0.7290390547721789,0.16455696202531644
C(N)C(CC1=CC(C(=O)N)=CC=C1)CCCCC(N)=CC2=CC=CC=C2Cl,O=C(N1CCN(C(=O)Cc2cc(ccc2)C(=O)N)CC1)c3cc(N)ccc3,0.7079335850150781,0.30434782608695654
O=C(C#CC1=CC=CC=C1)NC(=O)CC=CC(=O)CC2=CC=C(C(=O)N)C=C2,O=C(NC(C1CCCC1)Cc2ccccc2)c3cc(N4CCCC4)ccc3,0.7282648013142707,0.1794871794871795
N#CC1=CC=C(C(=O)(O))C=C1CC(=C(C(=O)N))C=CC2=CC(C(=O)(N))=CC=C2,Fc1c(N2C(=O)C(N(C=O)Cc3cc(ccc3)C(=O)N)CCC2)ccc(F)c1,0.7315073548544477,0.20224719101123595
C(=O)(CC=CC1=CC(N)=CC=C1)C(=C(C(=O)C))CCCC2=CC=CC=C2,O=C(N)c1cc(ccc1)CNC(=O)CCC([NH3+])c2ccccc2,0.8293417979999297,0.2191780821917808
CC(N)(C)C1=CC=CC=C1CCCC2=C(C)C=C(C(=C(=N))N)C=C2,O=C1N(Cc2c1cccc2)CCNC(=O)Cc3c(N)cccc3,0.70820564890865,0.13333333333333333
O=C(CC1=CC=CC=C1)NCCC(=C(CN))CC(=C(=O))CC2=CC=CC=C2,O=C(NCCN1c2c(cccc2)CC1=O)c3cc(N)cc(c3)C,0.7248971308366245,0.1891891891891892
CN(CC1=CC=CC=C1)C(=O)CC=CC2=CC=CN=C2CC(=C)C(C(=O)N)=C,O=C(NCCCCCCNC(=O)C(Cc1ccccc1)Cc2ccccc2)c3c(c(ccc3)CO)C,0.6921389786983521,0.1566265060240964
CSC1=CC=CC(C(=O)O)=C1CCNC(=O)C(=O)N2CC3=CC=CC=C3C(=N)2,O=C(OCc1c(cccc1)CCC=C)C2=Cc3c(cccc3)C2,0.7279225123627284,0.15853658536585366
O=C(NC(=O)CC(=C(=O))C=CC1=CC=CC=C1)CCC2=CC3=CC=CC=C3C(=O)2,O=C(N1CCN(C=2Nc3c(cccc3)C2)CC1)C=C(c4c(cccc4)C)C,0.646126764426379,0.10714285714285714
O=C(N)CCCCCCCC1=CC=CC=C1CCNC2=CCNC[CH1]2,Could not process,,
O=C(NCC1=CC=CC=C1)C(C)CCC=CC=C(N)C2=CC=CC=C2,O=C(NCC=CCNC(=O)CCNC(=O)Cc1ccccc1)c2cc(ccc2)C(=O)C,0.7394286047944437,0.27941176470588236
O=C(CC1=CC=CC=C(N)1)CCC2=CC=CC=C2C3CCCC(C)C3,O=C(NCCc1ccccc1)CNc2c(cccc2)C(C)(C)C,0.7086716136446354,0.17647058823529413
O=C(CC1=CC=C(C(=O)O)C=N1)C(=O)C2=CC=CC=C2CC3=CC(=O)CC=C3,O=C(NCCCCNC(=O)CCNC(=O)Cc1ccccc1)c2ccc(cc2)C(=O)C,0.7088097925387662,0.16883116883116883
C(=O)=C(CC1=CC(C(=O)N)=CC=C1)CC(=C(=N))C2=CC=C(C(=O)O)C=C2,S(c1cc(ccc1)C(=O)NCC(CNC(=O)Cc2cc(ccc2)C(=O)N)C)CC,0.6599060696448761,0.3333333333333333
O=C(CC1=CC(C(=O)N)=CC=C1)CCC=CC=C2C=CC(C(=O)O)=CC2=C,O=C(N(CCc1c(cccc1)C)C)C2=Cc3c(cccc3)C2,0.709285374862701,0.1125
C=CC1=C(C(=O)N)C=CC=C1CC(=O)C2=CC3=CC(C(=O)O)=CC(C(=O)N)=C3S2,O=C(N)c1c2c(ccc1)C[NH+](CC(=O)C=3NC(=C(C(=O)C)C3CC)C)CC2,0.6175243626828486,0.21176470588235294
CC(CC1=CC=CC=C1N)C(C)CCNC(=O)NC2=CC=CC(N)=C2,Clc1c(cccc1)CNc2c(cccc2)C(=O)NCCC3([NH3+])CCC3,0.7248299765972549,0.19736842105263158
C(C(=O)C)=C(CC1=CC=CC(C(=O)C(N))=C1)N2CCCC(C3=CC=C(C(=O)O)C=C3)=C2,O=C1OC(C(=O)N(CCN(C(=O)CCc2c(cccc2)C(=O)N)C)C)=Cc3c1cccc3,0.6636241829133404,0.12903225806451613
CC1=C(C(=C(N))N)C=CC=C1CCCC(=O)C(=O)CC2=NC3=CC=CC=C3S2,S1c2c(N(C(=O)C1)CCC(=O)NCc3c(cccc3)CC)cccc2,0.6737674605770758,0.16666666666666666
CC(N)(C)C1=CC=CC=C1C(=O)CNC2=CC=CC3=C2C=CC(C(=O)N)=C3,O=C1Nc2c(cccc2)C(C1)CC(=O)NCc3c(cccc3)C,0.7132985435013578,0.1375
O=C(CC1=CC=CC=C1)C(=O)CC=C(C=CC(N)=C)C2=CC=CC(C(=O)N)=C2,O=C(NCC(=O)N(CCN(C(=O)Cc1cc(ccc1)C(=O)N)C)C)N,0.6908013822886918,0.31746031746031744
C(=O)=C(CC1=CC(C(=O)O)=CC=C1)N2CC=CC(C3=CC=CC(C(=O)(O))=C3)=C2,O=C(N(Cc1cc(ccc1)C(=O)N)C)CNc2c(cccc2)C(=O)N,0.7006231063820432,0.20270270270270271
CC(N)(C)C1=CC=CC=C1CCC(=O)CCC(C(=O)N)CC2=CC=CC=C2,O=C(NC1CC(NC(=O)CCC=Cc2ccccc2)C1)c3c(N)cc4c(c3)CCCC4,0.6878625680838044,0.14814814814814814
O=C(CC1=CC(N)=C(C(=O)N)C1)CCCCC=CC2=CC=C(C(=O)O)C=C2,O=C(N(Cc1ccccc1)CCC(=O)NCC=CCNC(=O)CCNC(=O)Cc2ccccc2)C,0.7089671352411216,0.15384615384615385
NC(CC1=CC=CC=C1)C2CCCN(C3=CC=CC(C(=O)C(C(=O)C))=C3)C2,O=C(NCCCCNC(=O)C[NH+]1Cc2c(cccc2)C1)c3c(cccc3)C(=O)N,0.6577373489165705,0.15384615384615385
CC1=CC=CC=C1CC(=C(N))CCC=CC2=CC3=CC(C(=O)C)=CC=C3N2C,Clc1c(ccc(c1)C([O-])=O)CCNC(=O)Cc2cc(ccc2)C(=O)N,0.6767880177714729,0.16279069767441862
O=C(CCC1=CC=CC(N)=C1)NC2CCCC3=CC=C(C(=O)N)N=C32,O=C(NCc1ccc(N)cc1)CCN2c3c(cccc3)CCC2,0.7220588193809667,0.26666666666666666
O=C(CCC1=CC(=C(C(=O)O))CC=C1)NC(=O)C(=O)NC(=O)C2=CC=CC=C2,O=C(N(C1CC1)Cc2ccc(cc2)C(=O)N)c3cc(c4ccc(cc4)C(=O)N)ccc3,0.6803569141322259,0.16216216216216217
CC(N)(C)C1=CN=CC=C1NC(C)C(=O)NC(=O)C2=CC(N)=CC=C2,S1c2c(NCc3c(NC)cccc3)cccc2C=C1C(=O)OC,0.7135692415276442,0.19480519480519481
CC(N)(C)C1=CC=CC=C1NC(=O)C(C)CCCC2=CC=CC(N)=C(N)2,O=C(OCc1c(cccc1)CC=C)c2cc(c3ccccc3)c(cc2)C,0.6924758709304131,0.15384615384615385
O=C(NCC1=CC=CC=C1)NC(=O)CCCC=CC2=CNCC(C(=O)C)=C2,O=C1OC(C(=O)NCC=CCNC(=O)C=2Nc3c(cc(cc3)C)C2)=C(c4c1cccc4)C,0.7139431952387506,0.19318181818181818
O=C(CCC1=CC=CC=C1)NC(=O)NCC(=C(N))C=CC2=CC(C(=O)O)=CC=C2C,O=C(NCC=CCNC(=O)CCc1c(cccc1)C)c2c(ccc(c2)C(=O)N)C,0.7562970451363679,0.33783783783783783
C(C(=C(=N)))CC1=CC=CC(C(=O)N)=C1CCC(=O)NCC2=CC=CC=C2O,FC(F)(F)c1c(cccc1)C(NC(=O)CCc2cc(N)ccc2)C,0.7104003952343755,0.22077922077922077
O=C(C)C1=C(C(=O)O)C=CC2=C1C=CC=C2CC3CC4=CC=CC(C(=O)N)=C4C3,S1C(C=CC(=O)Nc2ncccc2CNC(=O)OC(C)(C)C)=CC=C1,0.6493398222136271,0.13636363636363635
CC1=CC=CC=C1NNC(=O)CCC=C2CC(=O)SC3=CC=CC(N)=C32,O=C(NCCCCNC(=O)C=Cc1ccc(cc1)C(=O)N)c2cc3c(cc2)CC3,0.7061799682983738,0.14285714285714285
O=C(C)C1=CC=CC=C1CC2=CC=CC=C2[NH1]CC(C(=O)O)CC3=CC=CC=C3,O=C(NCC=CCNC(=O)CC1=Cc2c(cccc2)C1)c3cc(c(cc3)CC)CC,0.7331989336222116,0.16883116883116883
O=C(CCC1=CC=C(C(=O)N)C=C1)NC(=O)CNC(=O)C2=CC(=C)C=C(N)2,O=C(NCCCCNC(=O)Cc1ccc(cc1)C(=O)N)c2cc(N)c(cc2)CC,0.7139110641166189,0.3181818181818182
O=C(N)C1=CCCC=C1NC(=O)CCN2CCCC3=C(C(=O)N)C=CC=C32,O=C(N)c1cc(ccc1)CC(=O)NCC=CCNC(=O)CC2=Cc3c(cccc3)C2,0.6681523268362204,0.2
CN(CC1=CC=CC(C(=C)(N))=C1)C(=O)C(=C(C(=O)N))C=CC2=CC=CC=C2F,O=C(NCCNC(=O)Cc1ccccc1)C(=O)NCCC(CC)C,0.769859691600951,0.17567567567567569
CSC1=CC=CC=C1CCNC(=O)CC2=CC3=CC=CC(C(=C)C(N))=C3[NH1]2,O=C(NCC=CCNC(=O)c1ccccc1)c2c(cc(cc2)C(C)C)C(C)C,0.7363802861041797,0.1728395061728395
CC1=CC=CC=C1CCC=CC(=O)CC=CC2=CC=CC(C(=O)N)=C2C#N,[O-]C(=O)c1cc(ccc1)CC(=O)NNC(=O)c2c(N)ccnc2,0.6963185709200601,0.12941176470588237
N=C(CC1=CC=CC=C1)CC2=C(C(=O)N)C=C(C3=CC=CC=C(N)3)C(=O)2,O=C(N)c1cc(ccc1)CC[NH2+]C(Cc2ccc(c3ccccc3)cc2)C,0.7347130323945189,0.21739130434782608
O=C(NCC1=CC=CC=C1)NCCC=2C(C(=O)C)C3=CC=CC=C3C2,O=C(N)c1c(cc(NCC(=O)Nc2c(cccc2)C(C)C)cc1)C,0.7434872155385157,0.14666666666666667
CN(C(=O)C1=CC=CC=C1NNCC)C(=O)CC2=CC=CC(C(=C)N)=C2F,O=C(N1Cc2c(c(ccc2)C(=O)N)CC1)c3c(cc(N)cc3)CC,0.7087351035616489,0.20253164556962025
O=C(CCC1=CC(C(=O)N)=CC=C1)C(N)CCC(C(=O)O)=CC2=CC=CC=C2,O=C(N)c1c(c(NC(=O)CCCc2c(ccc(c2)C)C)ccc1)C,0.7162420366354234,0.20270270270270271
O=C(C(=O)C1=CC=CC(C(=O)N)=C1)N(C)C=CN2C3=CC=CC=C3CCC(=O)2,O=C(NCc1cc(ccc1)C)c2ccc(cc2)C(=O)NCCC(=O)N(Cc3ccccc3)C,0.6594243228943709,0.19230769230769232
C=C(C(=O)C1=CC(C(=C)N)=CC=C1)CCC(=O)C=CC2=CC=CC(N)=N2,O=C(N)c1cc(ccc1)CCNC(=O)C(=O)C=Cc2ccccc2,0.7604916798724968,0.24285714285714285
CN(CC1=CC(C(=O)O)=CC=C1)C(=C(=C(N)))C=CC=CC2=CC=CC(C)=C2,O=C(N(CCc1c(cccc1)C)C)C2=Cc3c(cccc3)C2,0.7251833984447535,0.16455696202531644
C(C(=O)O)C(CC1=CC(C(=O)N)=CC=C1)N2CCCC(C3=CC=CC=C3)=C(N)2,O=C(Nc1c(cccc1)CCC(=O)N)C(Nc2ccccc2)C,0.760096792536227,0.17333333333333334
O=C(CC1=CC(C(=O)O)=CC=C1)NC(=O)CC=C2C=C(C(=O)C(N))C=CC2=C,O=C(N)c1c(c(NC(=O)CC=CCc2ccccc2)ccc1)C,0.6775037026653348,0.2361111111111111
C(=O)(N)C1=CC=CC=C1CSC2=CC(C(=O)O)=CC=C(C(=C(=C(=C)))C(N))2,O=C(N(C1CN(C(=O)Cc2ccc(cc2)C(=O)C)CCC1)C)c3cc(ccc3)C4CC4,0.6473174994654425,0.12359550561797752
O=C(CC1=CC=CC=C1)NCCC2C(=O)C(=O)C=C2SC3=CC=CC=C3,O=C(OC1C(=O)N(c2c(cccc2)C)CCC1)c3cc(ccc3)C4CC4,0.7176873537289097,0.1375
CC(N)(C)C1=CC=CC=C1CC(=O)NC(CC)C2=CC=C(C(=O)N)C=C2C,O=C1N(C(=O)C2C1CC=CC2)CC(=O)NCCCCNC(=O)CCc3ccc(cc3)C(=O)N,0.6844965231118005,0.18518518518518517
C(N)CCCCC1=CC=CC=C1CC(=O)NC2(C)C3=CC=CC=C3CC2,O=C(Nc1c(cccc1)C(C)(C)C)CCC=Cc2ccccc2,0.7420887966987146,0.18309859154929578
C(O)#CC1=CC(C(=O)(N))=CC=C1C(=C)CCC2=CC=CC=C2C(=O)N,S(c1nc(N)cc(n1)N)CCCc2c3c(ccc2)cccc3,0.6842224404875954,0.16417910447761194
CC1=CC=C(C(=O)N)C=C1CC(=O)C2=CC=CC=C2C(C(=C(=N))C(CC)),O=C1OC(C(=O)NCC=CCNC(=O)C=2Nc3c(cc(cc3)C)C2)=C(c4c1cccc4)C,0.6630734559701891,0.16470588235294117
C(=O)(N)C(CC1=CC(C(=O)N)=CC=C1)N2CCN(CC3=CC=CC(C(=O)(N))=C3)C(=O)2,O=C(N(CCN(C(=O)c1cc(N)c(cc1)CC)C)C)c2c(ccc(c2)C(=O)N)C,0.6094215193499803,0.2
O=C(CC1=CC=CC=C1)NCCCC2=CC(C(=O)N)=C(C)C(N)=C2C,O=C(N1Cc2c(ccc(N)c2)C1)CCc3c(N4N=NC(c5ccc(N)cc5)=C4)cccc3,0.758412110038664,0.18292682926829268
O=C(CC1=CC=CC=C1)NCC=CC=CCC2=CC=CC(C(=O)C(N))=C2,O=C(N(C)C)c1cc(c2cc(ccc2)C(=O)N)ccc1,0.7198323847003028,0.2033898305084746
O=C(NC1=CC=CC(C(=O)N)=C1)CCCC2C=CC3=CC=C(C)C=C3C2,O=C(N(CCc1c(cccc1)C)C)C2=Cc3c(cccc3)C2,0.698203049941694,0.17721518987341772
O=C(NCC1=CC=CC=C1)C(N)CN2CC(=N)C3=CC(C(=O)(O))=CC=C3C2,O=C(N1CC2=C(C1)CN(C(=O)Cc3cc(ccc3)C(=O)N)C2)c4c(N)ccc(c4)CC,0.665266371270469,0.2073170731707317
C(=O)=C(CCC1=CC=CC=C1)CCN(C(=O)C)C(=O)CC[NH1]C2=CC=CC=C2,O=C(N1Cc2c(ccc(N)c2)C1)CCc3c(N4N=NC(c5ccc(N)cc5)=C4)cccc3,0.7074389324262778,0.12790697674418605
CCCC1=CC=CC=C1CCC(=C(C(N)))C=CC2=CC3=CC=CC=C3[NH1]2,N(c1c(cccc1)C(C)C)CC=Cc2ccccc2,0.7105122758192831,0.13636363636363635
O=C(N)NC(=O)CCCC=CC1=CC(C(=O)N)=CC=C1CCC2=CC=C[NH1]2,O=C(N)c1cc(ccc1)CCNC(=O)CCNC(=O)Cc2ccccc2,0.7271822209117951,0.2676056338028169
NC=CC(N)=CC1=CC=CC=C1NC(=O)CC2=CC=CC(N)=C2C,O=C(N(CCN(C(=O)CCC=1Nc2c(cccc2)C1)C)C)CCc3c(cccc3)C(=O)N,0.7257472873065962,0.1794871794871795
CC1=CC=C(C(=O)C(N))C=C1CCCCNC(=O)CC2=CC3=CC=CC=C3C2,O=C(N1CC(C2CN(C(=O)Cc3cc(ccc3)C(=O)N)C2)C1)c4cc(ccc4)C(=O)C,0.7047151991364451,0.16666666666666666
C(=O)(C(N))C(CCC1=CC=CC(C(=O)N)=C1)=C(C)C(=O)SC2=CC=CC=C2,Clc1cc2c(c(ccc2)C(=O)NCCC(NC(=O)CCc3c(C#N)cccc3)C)cc1,0.6598355496433876,0.15555555555555556
O=C(NCC1=CC=CC=C1)C(C)CCC(C(=O)C)CC2=CC=CC(C(=O)(N))=C2,O=C(N1CCN(C(=O)c2c(c(ccc2)C(=O)N)C)CCC1)c3c(NCCCC)cccc3,0.6810561405055476,0.19480519480519481
CC(CC1=CC(C(=O)C)=CC=C1)=CCCC2NCC3=CC=CC=C3C2,O=C(NCc1c(ccc(c1)C)C2CC2)Cc3ccc(cc3)C,0.7728950259729851,0.19444444444444445
CC1=C(C(=O)C(N))C=CC=C1CC(=O)N(C)C2=CC3=CC(F)=CC=C3CC2,O=C(NC(c1ccccc1)(C)C)c2cc(ccc2)C3C[NH+](CCC3)C,0.6998433692356252,0.125
CC(N)(C)C1=CC=CC=C1NCCC(=O)C(C)=CC2=CC(C(=O)O)=CC=C2CC,O=C(N)c1c(cccc1)CCC(=O)N2c3c(cccc3)CN(C(=O)C2)C,0.7015286417526106,0.15476190476190477
CC=C1C=C(C(=O)NC(=O)CCC2=CC=CC=C2C(=N)(N))C=C1,O=C(N)c1cc(ccc1)CCNC(=O)CCNC(=O)Cc2ccccc2,0.7425233470850148,0.21428571428571427
CC(CC1=CC(C(=O)N)=CC=C1)C(C)CCCC(=O)CNCC2=CC=CC=C2,S1C(C=C(C(=O)NCCc2cc(ccc2)C(=O)N)C)=CC=C1,0.7143690766438819,0.30985915492957744
C(C(=O)C(N))=C(CC1=CC=CC(C(=O)N)=C1)C(=C)C=CC2=CC=CC=C2F,O=C(NCC1C=CC(NC(=O)C)C1)Cc2c(cccc2)C,0.7740401981889604,0.13580246913580246
CCC1=CC=CC=C1CC(=O)NC2=CC=CC=C2C=C(N)C=CS,O=C(Nc1cc(NC(=O)C2CC(CCC2)C)ccc1)c3cc(N)ccc3,0.7533322815460521,0.14473684210526316
C(C(=O)C(N))=C(CCC1=CC=CC=C1Cl)C(=O)C=CC2=CC(N)=CC=C2,O=C(Nc1cc(NC(=O)c2ccc(cc2)CC(=O)N)ccc1)c3ccc(cc3)C(=O)C,0.7065662487536244,0.1506849315068493
CCC1=C(C(=O)(N))C=CC=C1CC(=O)CCCC=C(C(N))C2=CC=CC=C2,O=C(Nc1c(cccc1)C)CCCC(=O)Nc2cnc(N)cc2,0.765551436365777,0.17567567567567569
CCC1=CC=C(C(=O)N)C=C1CCCC=CC2=CC3=CC=CC=C3C(=O)2,O=C(N)c1cc(ccc1)CC(=O)NCC(CNC(=O)CCNC(=O)Cc2ccccc2)C,0.7497264831446813,0.24
O=C(CCC(C(O))CC1=CC=CC(C(=O)N)=C1)NC(=O)CCC2=CC=CC=C2,O=C(NCC=CCNC(=O)CCCc1c(OC)cc(OC)cc1)C2=Cc3c(cccc3)C2,0.6804231177834896,0.17857142857142858
C=C(CCC1=CC=CC(C(=O)N)=C1)CCC=CCC(N)C2=CC=CC=C2,O=C(OC(C)(C)C)Nc1c(cccc1)CCC[NH2+]Cc2c(cccc2)C,0.719530267141985,0.12345679012345678
CCC1=CC=CC=C1CC(=C(=C(C(=O)N)))CNC(=O)C2=CC(C)=CC=C2,Clc1c(ccc(Cl)c1)CCCNC(=O)CCc2c(cccc2)C(=O)N,0.7315195130300904,0.2328767123287671
CC(CC1=CC(C(=O)C)=CC=C1)NCCCC(C2)CC3=CC=CC=C3C2,O=C(N)c1cc(ccc1)CC(=O)NCCCCNC(=O)C2(Cc3c(cccc3)C2)C,0.6990296077813027,0.30666666666666664
O=C(NC(=O)C=C(N)C1=CC=CC=C1)C(=C)C2=CC(C(=O)N)=CC=C2C,O=C(N1CCN(C(=O)Cc2cc(ccc2)C(=O)N)CC1)c3cc(N)ccc3,0.7100245543272137,0.23880597014925373
CC1=C(C(=O)N)C=CC=C1CC(=O)CC(C)C=CC2=CC=CC(C)=C2,n1c(N)cccc1C[NH+](Cc2c(cccc2)C(C)(C)C)C,0.7103441150943547,0.1388888888888889
CC(N)(C)C1=CC=CC=C1CCC(=C)CC(C(=O)N)NC2=CC=CC=C2,O=C(NCc1c(cccc1)C(C)(C)C)CCc2cnc(N)cc2,0.7421657706057304,0.2898550724637681
O=C(CC1=CC=CC=C1)NSC=CC(=O)CC2=CC=CC(C(=O)(N))=C2F,Clc1ccc(cc1)CNC(=O)C(=O)NNC(=O)c2cc(ccc2)CC[NH3+],0.7003756532218706,0.15789473684210525
O=C(CCC1=CC=C(N)C=C1)CC(C(=O)C)CCC2=CC=CC(C(=C)N)=C2,O1c2c(cccc2)C([NH2+]CCc3c(cccc3)CC)C1C,0.6619276777844458,0.12162162162162163
CCC1=CC=CC=C1C(C)(C(C(=O)N))CCNC(=O)C2=CC(N)=CC=C2,O=C(Nc1c(cccc1)C(C)(C)C)c2cc3NC(=O)Cc3cc2,0.7488615250841624,0.2676056338028169
CCC1=CC=CC=C1NC(=O)CCCC2=C(C(=C(N))N)C(N)=CN=C2Cl,O=C(NCCNC(=O)CC1=CCCC1)C=CC=Cc2ccccc2,0.6934330540669069,0.1411764705882353
O=C(NC1=CC=CC=C1C)C=CCC(C(=O)C(N))CC2=CC(C(=O)C)=CC=C2F,O=C(N)c1cc(ccc1)CC(=O)N2CCN(C(=O)Cc3ccc(cc3)C(=O)N)CC2,0.6737698229106939,0.15584415584415584
CC1=CC(O)=CC=C1CNC(=O)CC(=C(N))C=CC=C[NH1]C2=CC=CC=C2,Brc1c(SCCCCNC(=O)C(=O)NCCNC(=O)Cc2ccccc2)cccc1,0.6758168365878341,0.16455696202531644
O=C(NC(=O)CC=CC=CC1=CC(C(=O)O)=CC=C1)C=CC2=CC3=CC=CC=C3C2,FC(F)(c1ccccc1)C(=O)NCCCCNC(=O)CCC2C(=O)c3c(cccc3)CC2,0.6813240533670011,0.18181818181818182
CNC1=CC=CC(C(=O)N)=C1CC=CCCC2=C(N)C3=CC=CC=C3S2,O=C(OC1C(=O)N(c2c(cccc2)C)CCC1)c3cc(ccc3)C4CC4,0.7108261447384338,0.12359550561797752
O=C(CC1=CCCC=C1N)C2CCC(C3=CC(C(=O)N)=CC=C3)CC2,O=C(N)c1c2c(ccc1)C[NH+](CC2)CCC(=O)NCC3CCCCC3,0.6482710147865668,0.19736842105263158
CC1=CC=C(N)C=C1C(=O)NC=C(CCC2=CC=CC(N)=C2C#N)C(C(=O)C),ClC=1c2c(SC1CNc3c(c(ccc3)C(=O)N)C)cccc2,0.7471136849002569,0.1686746987951807
O=C(CSC1=CC=CC(C(=O)N)=C1)C=C(C(C))C(=O)C(N)=CC2=CC=CC=C2,O=C(N(Cc1cc(ccc1)C(=O)N)C)C=2OC=NC2CCC,0.674035799392336,0.26666666666666666
O=C(CC1=CC(C(=C)N)=CC=C1)CSC=CCNCC2=CC=CC=C2Cl,O=C(N)c1ncccc1NCC(=O)NCc2c(cccc2)C,0.7691660291655372,0.20253164556962025
O=C(NCCCC(=O)(N))C1=CC=CC=C1C=CC=CC2=CCCC[NH1]2,O=C(N)c1cc(ccc1)C=2N=NN(C2)CCN3c4c(cccc4)CC3,0.7224865907572828,0.15294117647058825
O=C(NC1=CC=CC(C(=O)N)=C1)CCC(=O)CC(C(=O)O)=C2C=C(C(C)C)C=CC2=C,O=C1OC(C(=O)N(CCN(C(=O)CCc2c(cccc2)C(=O)N)C)C)=Cc3c1cccc3,0.6396770528817787,0.17045454545454544
CC(C)(C)C1=CC=CC=C1CCCCC(C)C(N)(N)C2=CC=CC=C2,O=C(OC(C(=O)c1c(cc(c(c1)C)C)C)C)CCNC(=O)Cc2ccccc2,0.757435237520704,0.14084507042253522
CC(=C(C(=N)N))C1=CC=CC=C1CC(=O)NC(=C)C2=CC=CC=C2,O=C(N(CCc1c(cccc1)C)C)C2=Cc3c(cccc3)C2,0.6962170487392962,0.16901408450704225
CC1=CC=C(CNC(=O)N(C)CCC(=O)CC2=CC(C(=O)N)=CC=C2)C1,O=C(N(CCN(C(=O)CCCCc1ccccc1)C)C)C(C2CCCCC2)C3CCCCC3,0.6724022768822693,0.21794871794871795
O=C(NC1=CC=CC(C(=C(C(=O)O))O)=C1)CC2SC=CC=2C3C=CC=C3,O=C(N)c1cc(ccc1)CC(=O)N2CCN(C(=O)C3=C(c4ccccc4)CCC3)CC2,0.6970305560991603,0.19753086419753085
C(N)C1=CC=CC=C1NC(=O)CCC2=CC3=CC(N)=CC=C3C(=C(=O))2,O=C(N)c1cc(ccc1)CC(=O)NCc2ncccc2,0.7164955782803735,0.17105263157894737
O=C(CCCC(=O)C1=CC=C(C)C=C1)CCCC(=O)N2C=CC=C(C(=O)N)N2C,O=C(N)c1cc(O)c(NC(=O)C=2Nc3c(cccc3)C2)cc1,0.6863895701447071,0.14864864864864866
O=C(NCC=CC=CCN(C(=O)N)CC1=CC=CC=C1)CC2=CC=CC=C2,O=C(OCC(=O)NC(=O)C1CCCCC1)CCc2c(cccc2)C(=O)N,0.7539496625046512,0.19444444444444445
O=C(CC1=CC=CC=C1)NC(=O)NCC(=O)CC=CCC2=CC=CC(=O)C2,O=C(Nc1c(cc(N)cc1)C)Cc2cc(N)ccc2,0.7214015952006053,0.19718309859154928
O=C(CCSC1=CC=CC=C1)NC=CCC(=O)CC2=CC=CC(C(=O)N)=C2Cl,O=C(N(CCN(C(=O)c1cc(N)c(cc1)CC)C)C)c2c(ccc(c2)C(=O)N)C,0.6685855705772028,0.15
CC(N)(C)C1=CC=CC=C1NCCCCCNC(=O)CC2=CCCC=C2,S(c1c(N)c(ccc1)C)CC(=O)NC(=O)Cc2ccccc2,0.6417489881706859,0.1891891891891892
O=C(CC1=CC=CC(C(=O)O)=C1)CCC2=CC=CC=C2SC=CC3=CCCC=C3,O=C(NC1c2c(cccc2)CCC1)c3c(cccc3)CCC,0.6914848973336785,0.1566265060240964
O=C(CC1=CC=CC=C1)NCC2=CC=C(N)C=C2CC(=O)C=CC3OCCO3,Clc1c(cccc1)CN(C(=O)C=Cc2cc(N)ccc2)C,0.7054574431857696,0.2328767123287671
CC(N)(C)C1=CC=CC=C1NCC2CCCCC2C3=CC=CC=C3,O=C(N)c1cc(c2ccc(cc2)C(=O)C(N3C(=O)CCC3=O)C)ccc1,0.7657176522357285,0.09859154929577464
O=C(CC1=CC=CC=C1)NCC2=CC(=O)CC=C2CCCCC(N)=O,O=C(NCCCCNC(=O)Cc1ccc(cc1)C(=O)N)c2cc(N)c(cc2)CC,0.7785683850812464,0.2647058823529412
CC(C)CC1=CC=CC(C(=C)N)=C1NCCCCC=CC2=CC=CC=C2,Fc1c2c(c(cc1)C(=O)Nc3c(cccc3)C)cccc2,0.7410410432539444,0.125
CC(N)(C)C1=CC=CC=C1NC(=C(CC))NCCNC2=CC=CC=C2,Fc1c(cc(N)c(c1)C(=O)NCC=CCNC(=O)c2ccc(cc2)C)CC,0.7353844369714861,0.16666666666666666
CC(N)(C)C1=CC=CC=C1CC=CCCCC=C(N)C2=CC=CC=C2,S(c1c(N)c(ccc1)C)Cc2c3c(ccc2)CCC3,0.7241560374274485,0.13636363636363635
O=C(NCC1=CC=CC=C1)C(N)CCC=CC=CC2=CC(N)=CC=N2,O=C(N)c1c(cccc1)CCC(=O)NCC=CCNC(=O)CCCCCC(=O)Nc2ccccc2,0.7483692262118962,0.21052631578947367
O=C(CC1=CC=CCC1)NCCCC2=C(C(=O)O)C=CC3=C2C(=O)CCC3,O=C(N(CCc1c(cccc1)C)C)C2=Cc3c(cccc3)C2,0.7042873644929519,0.13414634146341464
CC(CC1CCC(N)CC1)NC(=O)CC2=CC(C(=O)N)=CC=C2C,O=C(N)c1cc(ccc1)CC(=O)N2CCN(C(=O)Cc3ccc(cc3)C(=O)N)CC2,0.6709691884971944,0.265625
C(=O)=C(CCC1=CC=CC(=O)C1)CCCNC(=O)CNC2=CC=CC=C2,Clc1c(Cl)cccc1CC(=O)NCCNC(=O)CCCC(=O)NCc2ccccc2,0.7169694374566615,0.2361111111111111
CC(CC1=CC=CC=C1)NCC(=N)C(=C)CCC2=CC(C(=O)N)=CC=C2,O=C1OC(C(=O)NCC=CCNC(=O)c2cc(N)c(cc2)CCCC)=Cc3c1cccc3,0.7180098016598524,0.18604651162790697
CCC=CC1=CC=CC=C1NC(=O)NCCC2=CC=CC(=C(C(=O)N))2,Brc1cnc(N)c(c1)CNC(=O)CCc2c3c(ccc2)cccc3,0.7267041938700101,0.1686746987951807
CCC1=CC(N)=C(C(=O)N)C=C1CCNC(=O)CC2=CC(N)=CC=C2C,O=C(N)c1cc(c2ccc(cc2)C(=O)CC(C)(C)C)ccc1,0.7006769103266697,0.1791044776119403
CC(N)(C)C1=CC=CC=C1CCCCCC(C(=O)N)CCC2=CC=CC(O)=C2,O=C(N(CCN(C(=O)CCCCc1ccccc1)C)C)C(C2CCCCC2)C3CCCCC3,0.7289247270774821,0.21621621621621623
O=C(CC1=CC=C(C(=O)O)C=C1)NCC2=CC=CC=C2C3CC=CC(F)=C3,O=C(N)c1cc(ccc1)CN(C(=O)C=Cc2cc(N)ccc2)C,0.7288655228774648,0.12345679012345678
O=C(NC1=CC=CC=C1)NC(=O)C2=CC=CC=C2[NH1]C3=CC=CC(C)C3,Clc1c(c2c(cccc2)CNC(=O)Cc3c(cccc3)C(=O)N)ccc(Cl)c1,0.7198732770272294,0.14473684210526316
CC1=CC=CC=C1CNC(=O)CCC(=C(=C(N)))C2=CSC3=CC=CC=C23,Fc1c(cc(cc1)C(=O)N)C(=O)NCc2c(F)ccc(N)c2,0.701863332434207,0.20833333333333334
CC1=CC=CC=C1NC2=NC=C(C(=O)N)C=C2NCC(N)C3=CN=CC=C3,O=C(NCCNC(=O)Cc1ccccc1)C(CCCc2ccccc2)C,0.7587765415840332,0.15384615384615385
O=C(CCC1=CC=C(C(=O)N)C=C1)NCCC(=O)C=C[NH1]C2=CCCC=C2,O=C(OCc1ccccc1)NCCC(=O)OCc2ccc(cc2)C(=O)N,0.74659304146995,0.31343283582089554
FC1=CC=CC=C1C(=O)NC(=O)CC=CC2=C(C(=C(N))O)C=CC=C2CCl,S(c1c(N)ccc(c1)C(=O)NCC=CCNC(=O)c2ccc(cc2)C(=O)N)C,0.7288161201970151,0.17333333333333334
O=C(NCC1=CC=NC=C1)CCCC(C(=O)N)CC2=CC(C(=O)N)=CC=C2,Fc1c(ccc(N)c1)CC(=O)N2Cc3c(c(ccc3)C(=O)N)CC2,0.6576617725759788,0.1566265060240964
O=C(CC1=CC=CC=C1)NCCC(=C(=O))C(C2=CC=CC(C(=O)N)=C2)C,O=C(c1c(NCCNc2ncccc2C#N)cccc1)C,0.6706410120000186,0.17105263157894737
C(N)CC(CCC1=CC=CC=C1C(N)=C)CCCCC2=CC=C(O)C=C2,Brc1c(N)c(ccc1)C(=O)NCC=CCNC(=O)CN(C(=O)c2ccccc2)C,0.7352101106151773,0.13924050632911392
O=C(CC1=CC(C(=C(N))(C(=C)O))=CC=C1)NC2CCN(C3=CC=CC=C3)C2,O=C(N)c1cc(ccc1)CC(=O)NCC=CCNC(=O)C(Cc2ccccc2)CC=C,0.6948059326034752,0.32894736842105265
C(C(=O)N)CC(CCC1=CC=CC=C1)CCC(=O)CC=C(N)C2=CC=CC=C2,S1c2c(N(C(=O)C1)CCC(=O)NCc3c(cccc3)CC)cccc2,0.673667215979652,0.14864864864864866
O=C(NC=CC=CC(C(N))=CC1=CC=CC=C1)CCC2=CC3=CC=CC=C3S2,Fc1c(NCc2c(C#N)c(ccc2)C(=O)OC)cccc1,0.6995556825072471,0.12048192771084337
O=C(C(N)C1=CC=CC=C1)NCCCCCCC2=CC=CC3=C2CC(=O)CC(=O)3,S(c1c(cccc1)CCNC(=O)CC=2NC(=O)NC(=O)C2)C,0.7041971645073499,0.2077922077922078
CC(N)(C)C1=CC=CC=C1NC(=O)NCC(C(=O)(O))C2=CC=C(N)C=C2,FC(F)(F)c1c(cccc1C)C(=O)NCC=CCNC(=O)c2c(c(ccc2)C(=O)N)C,0.7091041561679502,0.18309859154929578
CC1=CC(C)=CC=C1CC(C)CC2=CC3=CC(C)=C(N)C=C3C(N)=C2,O=C(NC)c1ccc(cc1)C=CC(=O)NCc2cc(ccc2)C(=O)N,0.6978709907538405,0.12162162162162163
NC1=CC(C(=O)N)=CC2=C1CC(=O)N2CCCNC3=CC=CC(Br)=C3,O=C(NCC=CCNC(=O)CCc1c(cccc1)C)c2c(ccc(c2)C(=O)N)C,0.6887327889274428,0.1927710843373494
CC1=CC=CC2=C1CCN2CCCC(=N)C3=CC(C(=N)N)=CC(C)=C3F,O=C(NCc1cc(N)ccc1)c2cc(c(cc2)CC)CC,0.710145158466835,0.14285714285714285
N(NC1=CC=CC=C1)N2NCCC(C3=CC(C(=O)O)=CC=C(C(=O)N)3)=C2,O=C(N(Cc1ccccc1)C)c2c(nccc2)Nc3c(OC)cccc3,0.6899526429251228,0.13253012048192772
C(C(=O)C)=C(CC1=CC(C(=O)N)=CC=C1)C(=O)SC=CC2=CC=CC=C2Cl,O=C(N)c1cc(c2ccc(cc2)C(=O)C=Cc3ccccc3)c(cc1)C,0.6896667923811723,0.2535211267605634
O=C(CCCCCC1=CC=CC=C1)CCCC(=O)CC2=CC=C(C(=O)N)C(=N)2,O=C(NCCCCCCNC(=O)CCNC(=O)Cc1ccccc1)C=2c3c(cccc3)CC2,0.7130969770131379,0.2608695652173913
CN(CC1=CC(C(=O)N)=CC=C1)C(=C)NC(=O)CC2=CC(C(=O)N)=CN=C2CCC,O=C(NCc1ccccc1)C(=O)NCC(C=2NC(=O)C=CC2)(C)C,0.6554203300977441,0.189873417721519
CC(N)(C)C1=CC=CC=C1NCCCCC(C)C2=CC=C(C(=O)N)C=C2,O=C(NCc1c(cccc1)C(C)(C)C)C=2Nc3c(cccc3)C2,0.7369941222027265,0.21428571428571427
CCC(=C(=N))C1=CC=C(Cl)C=C1N(C(=O)CCC2=CC(C(=O)N)=CC=C2)C(=O)C,Fc1c(cccc1)C(=O)NCC=CCNC(=O)c2ccc(cc2)CC(=O)N,0.756881248370124,0.16049382716049382
C(C(=O)N)C1=CCCC=C1CCNC(=O)CC2=CC3=CC=CC=C3S2,O=C(N(Cc1cc(ccc1)C(=O)N)C)c2c(Nc3ccccc3)cccc2,0.7374445194395846,0.17333333333333334
CC1=CC=CC=C1CC(=N)C(=O)C=CC(=O)CC2=CC(C(=O)N)=CC=C2C#N,[O-]C(=O)c1cc(N2N=CC(c3cc(ccc3)C(=O)N)=C2)ccc1,0.7278012583785892,0.18666666666666668
O=C(CCC1=CC(C(=O)C(C(=O)N))=CC(=O)C1)NC(=O)NC(=O)C2=CC=CC=C2,Fc1ccc(cc1)CNC(=O)C(=O)NCC(O)(CNC(=O)CCC=Cc2ccccc2)C,0.6554882265831847,0.15853658536585366
CC(N)(C)C1=CC=CC=C1NCC=CC(=C)C2=CC=CC(C(=O)N)=C2,O=C1N(c2c(cccc2)C)CCCC1Nc3cc(ccc3)C(=O)CC,0.7035235332930898,0.18518518518518517
O=C(CC1=CC=CC=C1)NCCCC(=O)C=CC2=CC=CC3=C2CCC(=N)C3,O=C(N)c1c2c(N(CCC2)CCCC(=O)Nc3c(cccc3)C(=O)C)ccc1,0.6824444666633375,0.20238095238095238
O=C(NCC1=CC=CC=C1)NCCC(C(C(O)))CC=CC2=CC(C(=O)C)=CC=C2,O=C1N(c2c(NC1)ccc(c3cc(ccc3)C(=O)N)c2)C,0.6416211616793721,0.14814814814814814
O=C(CCCCC1=CC=CC=C1)N(C(=O)C(N))CCCC(N)C2CCCCC2,O=C(N(Cc1cc(ccc1)C(=O)N)C)c2ccc(N3CCCC3)cc2,0.664814125572197,0.18181818181818182
O=C(C(=O)CSC1=CC=CC=C1)CC2CCC3=CC=C(C(=O)N)C=C3C2,O=C(N)c1cc(NC(=O)C(=C)Cc2ccccc2)cc(c1)C(=O)N,0.6772563604627491,0.24615384615384617
CC(N)(C)C1=CC=CC=C1NCC(C)CC2=CC=C(C(=O)N)C=C2Br,Fc1c(cc(cc1)C(=O)NCCCCNC(=O)c2cc(N)ccc2)CC,0.7168736178074231,0.20833333333333334
O=C(CC1=CC=CC=C1)NCC2=CC=CC=C2C3C(C)CCCC3,S1c2c(N(Cc3c1cccc3)CC(=O)c4c(cc(cc4)C(C)C)C(C)C)cccc2,0.7662207344015971,0.17333333333333334
C=C(CC1=CC(C(=C(C(C(=O)O)))O)=CC=C1)N2CCCC(C3=CC=CC=C3)=C2,FC(F)(F)c1c(cccc1)C(NC(=O)CCc2cc(N)ccc2)C,0.685654981179155,0.15853658536585366
CC(N)(C)C1=CC=CC=C1CCCCC(=O)C(N)=CCC2=CC=CC=C2,FC(F)(F)c1c(cccc1)CC[NH2+]CCC(c2ccccc2)(C)C,0.732167515944248,0.25806451612903225
CSC1=CC=C(C(=O)N)C=C1NC(=O)C2CCC3=CC=C(C(=O)C(N))C=C3C2,O=C(NCc1cc(ccc1)C(=O)C)NCc2ccccc2,0.7499521114749504,0.1527777777777778
C(N)CC1=CC=CC=C1CCC(=C(=O))CC=CC2=CC3=CC=CC=C3S2,O=C(NCC(=C)C)C1Nc2c(cccc2)C1,0.7761488459486283,0.14084507042253522
CN(C(=O)C1=CC=CC=C1)CCCC(=O)NC=CC2=C(C(=C(N))N)C=CC=C2Cl,O=C(NCC[NH2+]Cc1c2c(ccc1)CCC2)Cc3ccccc3,0.7101019781347204,0.1566265060240964
C=C(CC1=CC(N)=CC=C1N)C(=C)C=CC2=CC(C(=O)N)=CC=C2F,O=C(Nc1c(cccc1)C(C)(C)C)c2c(ccc(N)c2)C,0.7084756131420662,0.17142857142857143
O=C(CC1=CC=CC=C1)NSC(=O)CC=CC=CC2=CC=CC=C(C(C(=O)N))2,Fc1c(cccc1)C([NH3+])C(=O)NCCc2cc(ccc2)C(=O)N,0.6919907572513088,0.18666666666666668
O=C(CCC1=CC(N)=CC=C1N)CC=CC=C(C)C2=CC(N)=CC=C2,Fc1c(cccc1)C(=O)NCC=CCNC(=O)c2ccc(cc2)CC(=O)N,0.7609474271477239,0.16901408450704225
CC(C(C)C1=CC(C(=O)N)=CC=C1)NC(=O)C(=O)NC(=O)C2=CC=CC=C2,O=C(N1CCN(C(=O)CN2c3c(cccc3)CC2)CC1)c4c(cccc4)C(=O)N,0.698537417164161,0.15714285714285714
C(C(=O)C)C1=CC=CC(Cl)=C1CC(=O)NCCCC2=CCCCC(=N)2,O=C(N)c1cc(ccc1)CCNC(=O)CCC2(CC2)C,0.7114155916156382,0.23684210526315788
CC1=CC=CC(C(=O)O)=C1CC(=O)NCC2=CC3=CC(Cl)=CC=C3C(=C(=N))2,O=C(N)c1cc(ccc1)CCNC(=O)C(=O)C=Cc2ccccc2,0.7509783781107789,0.1566265060240964
CC(C)C1=CC=CC=C1NCC(=N)CC=CC2=CC(C(=O)N)=C(C)C=C2Cl,Clc1c(ccc(Cl)c1)CC(=O)COc2c(cccc2C)C(=O)N,0.7131891247244193,0.2564102564102564
C(C(=O)N)(CC1=CC(C(=O)N)=CC=C1)C(C)CC(=O)NC2=CC=CC=C2Cl,O=C(N)c1cc(ccc1)CC(=O)NC(CCCNC(=O)C(c2ccccc2)C)C,0.6175903616621848,0.38028169014084506
CC(N)(C)C1=CC=CC=C1CCCCC2=CC=C(C(NC(=O)(N)))C=C2Br,FC(F)(F)c1c(cccc1C)C(=O)NCC=CCNC(=O)c2c(c(ccc2)C(=O)N)C,0.7046880453785871,0.2112676056338028
O=C(CCC1=CC(C(=O)N)=CC=C1)C(=C(CN))CCC=CC2=CC=CC=C2,Clc1c(cccc1)C(=O)NCCNC(=O)C(=O)NCCc2c(cccc2)CC,0.6887017238481004,0.1506849315068493
CC(N)(C)C1=CC=CC=C1NCC=CCC=C(C(N))C2=CC=CC=C2,Clc1c(cccc1)CC(=O)NNC(=O)C=C(c2ccccc2)C,0.7460134644463037,0.19696969696969696
CCC1=CC=CC=C1NC(=O)CC2=C(C(=O)N)C(=O)NC3=C(C)C(=O)C=C23,O=C(Nc1cc(ccc1)C)Cc2c(N)cccc2,0.7474476016852478,0.296875
C(C(=O)N)CCC1=CC=C(C(=O)N)C=C1C(=O)CCC=CC2=CC3=CC=CC=C3C2,O=C(N)c1c(cccc1)CC(=O)NC(C(CC)(C)C)C,0.6894008134977363,0.1891891891891892
C(=O)(N)CCC(=O)C1=CC=CC=C1C(C)CCC=CNC2=CC=CC=C2C,O=C(NCCNC(=O)Cc1c(cccc1C)C)C=Cc2c(cccc2)C,0.6860787903320821,0.2112676056338028
CC(N)(C)C1CCCC=1NC(=O)CCC2=CC=C(C(C(N)))C=C2Br,O=C(NCCCC=CC)c1c(cccc1)CN2N=NC(=C2)CCC(=O)C,0.6831266925819999,0.1348314606741573
CC1=CC=CC=C1NCCCC2=CC=CC=C2C(N)=CC3=CCCC(=N)3,O=C(NC(CCCCNC(=O)CCCC(c1ccccc1)C)C)c2ccc(cc2)C(=O)N,0.7625676269925168,0.15294117647058825
O=C(C1=C(N)CCC=C1)NC2=CC=CC=C2NCCC3=CC=CC(C)=C3,O=C(N)c1ccc(cc1)CC(=O)NCCCCNC(=O)C=Cc2c3c(ccc2)cccc3,0.7572376877472587,0.18072289156626506
CC1=CC=C(C(=O)N)C=C1CC(=C(CO))NCCC2=CCC3=CC=CC=C3C2,O=C(N1Cc2c(c(ccc2)C(=O)N)CC1)c3c(cc(N)cc3)CC,0.7384749170442088,0.23170731707317074
CC1=CC(C(=O)O)=CC=C1C2=CC=C(C(=O)O)C=C2CCC3=CC(=N)CC(N)=C3,O=C1Nc2c(cc(cc2)CCCC(=O)Nc3c(cccc3)C(C)(C)C)C1,0.6928197836124022,0.14634146341463414
O=C(NC(=O)CCC(N)C=CC1=CC=CC=C1)C2=CC=CC3=CC=C(N)C=C32,O=C1NNC(=O)c2c1cc(cc2)C(=O)NCCCCNC(=O)CC=3C(=O)NNC3,0.686649120232658,0.14634146341463414
CC(CC1=C(C(=O)N)C=CC=C1C(=O)CCC)CNC(=O)C2=CC=CC=C2C,O=C(NCc1c(cccc1)CC)CCC=2Nc3c(cccc3)C2,0.7036406835146286,0.19444444444444445
NC1=CC(C(=O)O)=CC=C1CC(=O)CCCC=CC2=CC3=CC=CC=C3C2,O=C(N)c1c(cccc1)CC(=O)NCc2ccc(N)cc2,0.7518798237132139,0.18309859154929578
CC(CCCCC1=CC=CC=C1)CN(C)C(=O)NC(=O)C2=CC(C(N))=CS2,O=C(Nc1ccccc1)NCCC(=O)NCC=CCNC(=O)c2c(cccc2)C(=O)N,0.7042846644318759,0.17721518987341772
O=C(NC(=O)CCC(C(=O)O)=CC1=CC=CC=C1)C=CC2=CC3=CC=CC(C(=O)N)=C3C2,O=C(N)c1cc(ccc1)CC(=O)NCC(O)(CNC(=O)CCCCCCc2ccccc2)C,0.6269126336890094,0.20481927710843373
O=C(CC1=CC=CC=C1)C(=C(C(=O)N))N2CCC(C3=CC=CC(N)=C3)=C(N)2,Fc1c(NCc2c(C#N)c(ccc2)C(=O)OC)cccc1,0.652295746920588,0.125
O=C(C1=CC=CC=C1)NCC(=O)C(C(C(=O)C)(=C(=O)))CCC2=CC=CC=C2,S1C(C=CC(=O)Nc2ncccc2CNC(=O)OC(C)(C)C)=CC=C1,0.715938638686924,0.14634146341463414
O=C(NCC1=CC=CC=C1)C(=O)CC=CC(=O)C=C(C(=O)N)C2=CC=CC=C2,O=C(Nc1ccc(cc1)CCCCC)CCNc2c(cccc2)C,0.7413481753906628,0.1506849315068493
CN(CC1=CC=CC(N)=C1)C(=O)SC=CC2=CC=C(N)C=C2NC3=CC=CN=C3,FC(F)(F)c1c(cccc1C)C(=O)NCC=CCNC(=O)c2c(c(ccc2)C(=O)N)C,0.6529886890996728,0.1686746987951807
CC1=CC=CC=C1CCC2=CC=CC=C2C=CC=CC(C(=O)O)=C(N)CF,O=C(N)c1c(c(NC(=O)CC=CCc2ccccc2)ccc1)C,0.6925726856672558,0.21428571428571427
CC(N)(C)C1=CC=CC=C1NCCC(=O)C(=N)C=CCCC2=CC=CC=C2,O=C(N)CC([NH+](CC(=O)CCc1ccccc1)C)c2ccccc2,0.74031964109957,0.2463768115942029
O=C(CC1=CC=CC=C1)NCCC=CC=CC2=CC(C(=O)N)=CC=C2Cl,O=C(N)c1ccc(cc1)C[NH2+]C(C=2Nc3c(cccc3)C2)C,0.7279755692117531,0.25
CN(CC1=CC=CC=C(C(C(N)))1)C(=O)NC(=O)C2=CC=CC(N)=C2,O=C(NCc1ccc(cc1)CC(=O)N)c2c(N)cccc2,0.6901212386536171,0.20634920634920634
CC(CC1=CC(N)=CC=C1C)(C)CC=CC=C(N)C2=C(C)C=CC=C2,Clc1c(cccc1)C=CC(=O)N(Cc2cc(ccc2)C(=O)N)C,0.737391179518919,0.16216216216216217
NC1=C(C(N))C=CC=C1CC(=O)CCC(=O)NC2CCC3=CC=CC=C3C2,S1c2c(N(C(=O)CNC(=O)CCc3ccccc3)Cc4c1cccc4)cccc2,0.7194786278641216,0.21052631578947367
C(=O)(C(N)(N)C1=CC=CC=C1)NCC(=C(=O))CCC2=CC=CC(C)=C2,O=C(NCC(CNC(=O)C=CC=Cc1ccccc1)C)c2c(c(ccc2)C(=O)N)C,0.624226828831979,0.22077922077922077
CC(CC1=CC(C(=O)N)=CC=C1)C(C(N))CCCCC2=CC=CC=C2C,O=C1N(c2c(NC1)ccc(c3cc(ccc3)C(=O)N)c2)C,0.6468789114613902,0.23943661971830985
O=C(CCC1=CC(N)=CC=C1)NCCC(C(=O)C)CCC2=CC=NC(N)=C2,O=C1N(C(c2c1cccc2)=C)CCC(=O)NCCNC(=O)CCc3ccccc3,0.6889916613268363,0.28169014084507044
CCC1=CC(C)=C(C(=O)N)C=C1C(=O)C(C)NCCC2=CC=C(C)C=C2,O=C(NCCCC(=O)N)c1c2NCCCc2ccc1,0.7550033340743904,0.1643835616438356
O=C(OC1=CC(C(=O)O)=C(C(=O)(O))C=C1)NC2CCC(C3=CC(=O)CC=C(N)3)CC2,Brc1cc(c(F)cc1)C=CC(=O)N(CCN(C(=O)c2c(c(ccc2)C(=O)N)C)C)C,0.6415078898832623,0.09782608695652174
O=C(NCC1=CC=CC=C1)NC(=O)CC=C2C(C(=O)C(N))=CC=CC2=C,O=C(N)c1cc(ccc1)CNC(=O)C([NH3+])Cc2ccccc2,0.7131747958690866,0.2727272727272727
O=C(CC1=CC=CC=C1)NCCCC=C2C(C(=O)C)=CC=CN2(C(=O)O),O=C(N1CC2=C(C1)CN(C(=O)Cc3cc(ccc3)C(=O)N)C2)c4c(N)ccc(c4)CC,0.6956390091525776,0.15476190476190477
C(=O)(N)CCCC1=CC=CC=C1C(C)CCCCC(N)C2=CC=CC=C2,Fc1ccc(cc1)CCCCCC(=O)Nc2c(cccc2)C(C)(C)C,0.6917147014250797,0.19117647058823528
NC1=CC=CC=C1CCCC(=O)C=CC2=CC3=C(C(=O)O)C=CC=C3C(=C)2,O=C(N)c1c(cccc1)CC(=O)NCCNC(=O)Cc2ccccc2,0.7569999049672653,0.23880597014925373
CCC1=CC=CC=C1NC(=O)CC(C(=O)N)CC2=CC(C(C(=O)(N)))=CC=C2Cl,O=C(NCCCCNC(=O)c1cc(N)ccc1)c2c(cccc2)CC(C)C,0.7066289100554058,0.22666666666666666
CC1=CC=CC=C1CNCCCC(N)CCCC2=CC=CC(C(=O)N)=C2C#N,O=C(N)c1cc(c(NC(=O)CCC2CC([NH3+])CC2)cc1)C,0.7212376257350859,0.17073170731707318
O=C(NC(=O)C(=O)NC(=O)C1=CC(N)=CC=C1)CCCC2=CC=CC(=O)C2,Fc1c(cccc1)C=CC(=O)NCC=CCNC(=O)CCCC(=O)NCc2ccccc2,0.759519633545507,0.16455696202531644
CCC1=CC=CC=C1CNC(=O)CCC(N)=CC2=N[NH1]C3=CC=CC=C3C(=N)2,O=C(NC(c1c(cccc1)CC)C)NCCCc2ccccc2,0.7960096226341449,0.21621621621621623
C(=O)=C(CC1=CC=CC=C1)NCC2=CC=CC=C2CC(=O)CCC(N)=C,Brc1c(c(C#N)ccc1)CN2c3c(ccc(c3)C(=O)OC)CCC2,0.6889009788750013,0.11764705882352941
NC(C(=O)N)CC1=CC=CC=C1C(=O)CCCC2=CC3=CC=CC=C3C2,FC(F)(F)c1c(cc(N)cc1)C(=O)NC(CCNC(=O)Cc2c(cccc2)C(C)C)C,0.711242365167082,0.16470588235294117
CN(C(=O)C1=CC=CC=C1)NCC=CC2=C(C(=C)N)C=CC=C2Br,Clc1c(C#N)ccc(c1)C(=O)OCC(=O)C=2Oc3c(cccc3)C2,0.7614646287567073,0.13253012048192772
O=C(NCC(=N)CC(C(=O)C)CCC1=CC=CC=C1)CCC2=CC=CC=C2,N(c1c(cccc1)C(C)(C)C)Cc2cc3c(cc2)CC3,0.7251261947224247,0.13846153846153847
O=C(CC1=CC=CC=C1)NC(=O)CCC=CCC2=CC=CC3=C2CC(=C)CC(=O)3,O=C1N(c2c(NC1)ccc(c3cc(ccc3)C(=O)N)c2)C,0.6947200883753871,0.13924050632911392
CC(CCC1=CC(C(=O)N)=CC=C1)NCC=CCC(=O)CC2=CC=CC=C2F,S(CC(=O)NC(=O)NCc1ccccc1)CC(=O)c2ccccc2,0.7284846160077332,0.1917808219178082
CC1=CC=C(C(=O)N)C=C1C2=CC=CC=C2C(=O)CC(C)C(C(=O)(N))=C,O=C(N1CCN(C(=O)c2ccc(cc2)C(=O)N)CCC1)c3cc(ccc3)C(=O)C,0.6991604281343128,0.23076923076923078
O=C(CC1=CC=CCC1)NCCCCN2CC3=CC=CC(C(=O)N)=C3C2,O=C(N1CCN(C(=O)Cc2cc(ccc2)C(=O)N)CC1)c3cc(N)ccc3,0.6896282676209944,0.189873417721519
O=C(NCC1=CC=CCC1)NCCC(=O)C=CC2=CC(C(=O)N)=CC=C2,O=C(N)c1cc(NC(=O)CCCc2c(ccc(c2)C)C)ccc1,0.6963273683322453,0.24675324675324675
CC(N)(C)C1=CC=CC=C1C(C)NC(=O)CCC2=CC(N)=CC(N)=C2,O=C(N1CC2=C(C1)CN(C(=O)Cc3cc(ccc3)C(=O)N)C2)c4c(N)ccc(c4)CC,0.6768349024398796,0.16666666666666666
O=C(CCC1=CC=CC(C(=O)N)=C1F)CCCC(N)=CC2=CC=CC(N)=C2,O=C(NCCCCNC(=O)CCCc1c(ccc(c1)C)C)CC2=Cc3c(cccc3)C2,0.7167867579165754,0.15476190476190477
CCC1=CC=CC=C1CCCNC2=NC=C(N)C=C2C=CC3CCCCC3,O=C(NCCc1c(cccc1)CC)C=2Nc3ncccc3C2,0.7379516119239689,0.2702702702702703
CC1=C(C(=O)O)C=CC=C1CC(=N)C(=O)CN(CCN2NCCC3=CC=CC=C3)C2,Fc1c(NC(=O)C)cc(cc1)C(=O)NCC(CNC(=O)c2ccc(cc2)C(=O)N)(C)C,0.6503521845133007,0.10344827586206896
CC(C1=CC=CC=C1)NC(=O)CCC2=C(C(=O)N)C=CC3=C2CCS3,O=C(Nc1c(NCCC)cccc1)c2c(cccc2)C,0.7499624620490246,0.17142857142857143
O=C(C(N)(N)C1=CC=CC=C1)NC(=C)CCC2=CC=CC(=C2)CC#C,Fc1c(cccc1)C2=NN(C(=O)C=C2)CC(=O)Cc3ccccc3,0.7325173296674459,0.1643835616438356
O=C(NCCC(C(=O)C(N))CCC1=CC=CC=C1C(C))CC2=CC=CC=C(N)2,n1c(N2CCCC2)ccc(c3c(cc(N)cc3)C)c1,0.7014854832541951,0.11267605633802817
C=C(C)C1=CC=CC=C1NC(=C)C=CC2=C(C(=O)N(C(=O)(N)))C=CC=C2F,O=C(N)c1c(cccc1)CCC(=O)NCC=CCNC(=O)CCCCCC(=O)Nc2ccccc2,0.6689123876713381,0.2222222222222222
O=C(CC1=CC=CC=C1)NCCCC(C(=O)C)CC2=CC=CC(C(=O)N)=C(O)2,O=C(NCc1c(cccc1)C2CC2)Cc3ccc(cc3)C,0.7002518649391489,0.29850746268656714
O=C(CC1=CC=C(C(=O)C)C=C1)NCC2=CC(=C)C(=O)C(N)=C2CCC(C)=O,O=C(N)c1cc(ccc1)CC(=O)N2CCN(C(=O)Cc3ccc(cc3)C(=O)N)CC2,0.6270125214768021,0.2
NC1=CC(C)=CC=C1C(C)CCC(=O)CCC2=C(C(C(C(=O)N)))C=CC=C2,O=C(N)c1c(c(NC(=O)CCCc2c(ccc(c2)C)C)ccc1)C,0.7092441361699129,0.29850746268656714
CC1=CC=CC=C1CC(=O)CNC=C2C=CC3=CC=CC(C(=O)C)=C3C2,O=C(NC1Cc2c(cccc2)CC1)CCc3c(cccc3)C[NH3+],0.7507184561121331,0.18666666666666668
C(C(C(=O)N))CC1=CCC(=O)C=C1NC(=O)C2CC3=CC=CC=C3C2,O=C(NCCC1=CCCCC1)CNc2c(cccc2)C(C)(C)C,0.6963698912698015,0.17105263157894737
C(=O)(CC1=CC=CC(N)=C1)NCCCC(C)=CC2=CCCC(N)=C2,O=C(NCC[NH2+]Cc1c2c(ccc1)CCC2)Cc3ccccc3,0.7182067234394524,0.28378378378378377
CC(C)CCCCC(=O)NCCCC1=CC=CC2=C1NC(=N)NC(=C)2,Brc1cc2c(cc1)cccc2C(=O)NCC=CCNC(=O)C=Cc3ccc(cc3)C(=O)N,0.7726690600041077,0.11956521739130435
O=C(NCC1=CC=CC=C1)C(=O)CC(O)(C)CCC=CC2=CC=C(C(N))C=C2,O=C(N)c1c(c(NC(=O)CC=CCc2ccccc2)ccc1)C,0.6684337950528587,0.2535211267605634
C(N)=C(CC(=N)C=CC1=CC=CC=C1)C(=O)CC2=CC(C(=O)N)=CC=C2,[O-]C(=O)c1cc2c(cc1)cccc2CNC(=O)C3(Cc4c(cccc4)C3)C,0.7127437939740013,0.19480519480519481
CC(N)(C)C1=CC=CC=C1C=CCCCC=CC2=CC=CN=C(N)2,S(c1c(cccc1)CCNC(=O)CC=2NC(=O)NC(=O)C2)C,0.7262559342912172,0.09333333333333334
O=C(CCC(=O)NCC1=CC=CC=C1)C(=N)CC=CC2=CC=C3C=CSC3=C2,O=C(OCC(=O)CCC)C(NC(=O)Cc1ccccc1)C(C)C,0.7449347407141593,0.19480519480519481
O=C(CCC1=CC=C(N)C=C1)C(N)CC(C)=CC2=CC=CC=C2C(=O)(N),Clc1c(NC(=O)C2=Cc3c(cccc3)C2)cc(cc1)C(=O)CC,0.744338365306174,0.14102564102564102
CC(N)(C)C1=CC=CC=C1NCC(=O)NC=CCCCC2=CC=CN=C(N)2,O=C(N)c1cc(ccc1)CNC(=O)CCC([NH3+])c2ccccc2,0.7613208779675192,0.1566265060240964
CC(=C(C(N)N))C1=CC=CC=C1CCCC(=O)NC2=CC3=CC=CC=C3C2,O=C(NCC(CNC(=O)C=1c2c(NC1C)cccc2)C)c3cc(N)c(cc3)CCC,0.7294865966011601,0.1839080459770115
O=C(CCC1=CC=CC=C1)NCN2CC(=O)C3=CC=CC(C(=O)C(O))=C3S2,O=C(NCCC(=O)NCc1ccccc1)c2cc3c(cc2)CCCC3C[NH3+],0.6775386388968376,0.23170731707317074
CC1=CC=CC=C1NC(=O)CC2C(C(=O)(C(=O)O))=CC3=CC(C)=CC=C3C2,O=C(N1c2c(cccc2)CC(C1)C)c3c(NC(=O)c4cc(ccc4)C)cccc3,0.7108469919324232,0.2727272727272727
C=CC1=C(C(=O)N)C=CC=C1CC(=C)C2=CC3=C(C(=O)N)C=CC=C3[NH1]2,Brc1cc(c(F)cc1)C=CC(=O)N(CCN(C(=O)c2c(c(ccc2)C(=O)N)C)C)C,0.7041337078104266,0.21794871794871795
CC(CC1=CC(C(=O)N)=CC=C1)C(C)CC(=O)N2CCC3=CC=CC=C32,Fc1c(F)cccc1CCC(=O)Nc2cc(NC(=O)CCCCCC(=O)Nc3ccccc3)ccc2,0.702471800484799,0.14285714285714285
O=C(CC1=CC=CC(C(=O)N)=C1)C(=C)C(C)CSC2=CC(C(=O)O)=CC=C2,O=C(NCc1ccc(cc1)C(C)C)C(=O)NCCNC(=O)Cc2ccccc2,0.6712150822696825,0.21428571428571427
O=C(CC1=CC=CC=C1)C=NC=CC2=CC=CN=C2NC3=CC(O)=CC(C(=O)N)=C3,O=C(N)c1c(cccc1)CCC(=O)NCCCCNC(=O)C=2Nc3c(cccc3)C(=O)C2,0.7412083315527804,0.15053763440860216
O=C(CCC1=CC=CC=C1)NCC2C(C(=O)C(C))CC3=CC=CC=C3C=2,O=C(NCC(=O)N(CCN(C(=O)Cc1cc(ccc1)C(=O)N)C)C)N,0.7576905335463693,0.1780821917808219
CC(N)(C)C1=CC=CC=C1NC(=O)NCCCC=C(N)C2=CC=CC=C2F,O=C(NCCCCNC(=O)C=Cc1ccc(cc1)C(=O)N)c2cc3c(cc2)CC3,0.7301732620789166,0.19480519480519481
CCC1=CC=C(C(=O)O)C=C1CCNC=CC2=CC3=CC=C(C(=O)O)C=C3C2,Clc1c(C#N)ccc(c1)C(=O)NCC=CCNC(=O)c2c(cccc2)C(=O)N,0.7106404503229443,0.15
CC(N)(C)C1=CC=CC=C1NC(=O)CCN(C)CC2=CC(C(=O)N)=CN=C2C=C,O=C(NC)c1ccc(cc1)CC(=O)N2CCN(C(=O)Cc3cc(ccc3)C(=O)N)CC2,0.5991032409065123,0.20481927710843373
O=C(CC1=CC=CC(C(=C)N)=C1)CSC=CC=CC2=CC=CC=C2F,O=C(N)c1c(c2c(ccc(c2)C(=O)N)C)cccc1C(=O)N,0.7135267448794218,0.17647058823529413
O=C(CC1=CC=CC=C1)NCCCC(C)=CC(N)=C2C(C(=O)C)=CC=CC2=C,O=C(N)c1c(c(NC(=O)CCCc2c(ccc(c2)C)C)ccc1)C,0.6887003642560523,0.23684210526315788
O=C(CCC(N)=C)C1=CC=CC=C1CC(=O)C2CCC3=CC=CC=C3C2,O=C(N)c1c(cccc1)CCC(=O)N(Cc2ccccc2)CCC=C,0.7126083394806241,0.24285714285714285
O=C(CC1=CC=CC(=O)C1)CCC2=CC=CC=C2[NH1]C(N)=CC3=CC=CC=C3,Fc1c(cccc1)CCC([NH2+]Cc2c(ccc(N)c2)C)C,0.7207537923183204,0.13924050632911392
CC(N)(C)C1=CC=CC=C1CCCC=C=C(N)C2=CC=C(C(O))C=C2F,FC(F)(F)c1c(NC(=O)CC[NH+](Cc2cc(ccc2)C(=O)N)C)cccc1,0.7207561273736073,0.2073170731707317
CC(CC1=CC=CC(C(=O)O)=C1)CCCC=C(C(N))C2=CC=C(C)C=C2Cl,Fc1c(ccc(c1)CC(=O)N(CCN(C(=O)Cc2cc(ccc2)C(=O)N)C)C)C(C)C,0.6913052897314108,0.2375
O=C(CC1=CC=CC=C(O)1)NCC2=CC=CC=C2C3C(=O)C(=O)C(C)=C3,O=C1N(c2c(cccc2)C)CCCC1Nc3cc(ccc3)C(=O)CC,0.6963185870087425,0.1794871794871795
O=C(NC(=O)CC=CC(=O)CC1=CC=C(C(=O)C)C=C1)C=CC2=CC3=CC=CC=C3C(=O)2,O=C(N1Cc2c(ccc(N)c2)C1)c3c(cccc3)CN4N=NC(c5ccc(N)cc5)=C4,0.6213901427869164,0.0967741935483871
CN(CC1=CC=CC=C1)C(C(=O)N)CC(O)C2=CC=CC=C2NC3=CC=CC=C3,ClC=1NC(=O)C=C(NC(=O)CCc2ccccc2)C1C#N,0.7623915416474747,0.1917808219178082
CN(CC1=CC(N)=CC=C1N)C(=O)CCC(N)=CCC2=CN=C(N)C=C2,O=C(N)c1cc(ccc1)CC[NH2+]C(Cc2ccc(c3ccccc3)cc2)C,0.7105983289245326,0.16883116883116883
CC(C)C1=CC=C(C(=O)N)C=C1CCC(=O)CC(N)(C2=CC=CC=C2)N,O=C(NCc1c(ccc(N)c1)C)CC(c2ccccc2)CC,0.7538088985437165,0.2112676056338028
O=C(CC1=CC=CC=C1)NCCCC(C(=O)C)CCC2=CC=CC(N)=C2,N(c1c(cccc1)C(C)(C)C)Cc2cc3c(cc2)CC3,0.7162474109051342,0.16176470588235295
C(=N)=C(CCC1=CC(C(=O)O)=CC=C1)CCCC=2[NH1]C3=CC=CC=C3CC2,O=C(NCC=CCNC(=O)CCCc1ccccc1)C=Cc2ccccc2,0.7268141798063631,0.21621621621621623
CC(N)(N)C1=CC=CC=C1CCNC2=NC=CC=C2C=CC3=CC=CS3,Fc1c(cc(cc1)C(=O)NCCCCNC(=O)c2cc(N)ccc2)CC,0.7517108270438202,0.12658227848101267
O=C(CCCCCCC1C=CC=CC1)NC(=O)C2=CC(C(=O)O)=CC=C2Cl,O=C(OC)c1c2c(ccc1)C[NH+](C2)CCC(=O)NC3CC3,0.7426997756187097,0.16049382716049382
CC1=CC=CC=C1C2=CC=CC=C2CCNCC3CCCC(CN)C3,[O-]C(=O)c1cc(c(c2nc3c(c(c2)CCC([O-])=O)cccc3)cc1)C,0.7172313924487419,0.1780821917808219
O=C(CCC1=CC=CC=C1)NCCCCC=C2C=C(C(=O)N)C=CC(=O)2,O=C(NCC1(OCCOC1)c2ccccc2)Cc3ccc(N)cc3,0.7638638128866354,0.19480519480519481
O=C(CC1=C(C(=O)O)C(C(=O)N)=CC=C1)CSC=CC=C(C2=CC=CC=C2C)C,O=C(N1c2c(cccc2)CC(C1)C)c3c(NC(=O)c4cc(ccc4)C)cccc3,0.6638535243269963,0.1511627906976744
CC(CC1=CC(N)=CC=C1N)CCC=CC2=CC=CC(C(C(=O)N))=C2,S1c2c(cccc2)C=C1C=CC(=O)c3ccc(cc3)CCCC,0.7075560671289616,0.16666666666666666
CCC1=CC=C(C(=C(N))(C(=O)O))C=C1CC(=C)C2=CC3=CC=CC=C3[NH1]2,O=C(NCC=CCNC(=O)c1cnc(N)c(c2ccccc2)c1)c3c(cccc3)C,0.7260967478795057,0.2
CN(CC1=CC(N)=CC=C1)CCCOC2=CC=CC=C2CC3=CC(=O)C(N)=C3,O=C(NCCCCCCNC(=O)CCNC(=O)Cc1ccccc1)C=2c3c(cccc3)CC2,0.7265814680275385,0.12941176470588237
CC(CC1=CC=CC=C1)C(C(N))CCCC(=O)NC(=O)CC2=CC=CC=C2,Fc1c(ccc(c1)C)C(=O)NCC(CNC(=O)c2cc(F)c(cc2)C(=O)C)C,0.6564350630375846,0.15492957746478872
CC(C(=O)N)C(CC1=CC=CC(C(=O)N)=C1)CCC(=O)NC2=CC=CC(C)=C2,FC(F)(c1ccccc1)C(=O)NCCCCNC(=O)CCC2C(=O)c3c(cccc3)CC2,0.6261977381885782,0.12359550561797752
CC(C)C1=CC=CC=C1CCC(C)CCC(N)(N)C2=CC=CC=C2,O=C(N(Cc1ccccc1)CCC(=O)NCC=CCNC(=O)CCNC(=O)Cc2ccccc2)C,0.7667863180983259,0.11428571428571428
CCC1=CC=CC=C1CCCC(C)CC=CC=C(N)C2=CC=CC=C2,O=C(OC)CCc1c(cccc1)CNC(=O)Cc2ccc(N)cc2,0.7858434041946655,0.20588235294117646
CCC1=C(C(=O)N)C=CC=C1CC(=O)CC=CC(=O)CC2=CC=CC3=C2CCCN3,Clc1c(cccc1)CNc2c(cccc2)C(=O)NCCC3([NH3+])CCC3,0.7077706421565539,0.19047619047619047
O=C(CCC1=CC=CC=C1)NCC2=CC(N)(C)CC3=CC=C(C(=O)C)C=C23,O=C(NCCC(=O)NCCNC(=O)CCNC(=O)Cc1ccccc1)Cc2ccccc2,0.7910734270007274,0.288135593220339
NCCC(=C)CC1=CC=CC=C1C(=O)CNC(=O)CCC2=CC=CC2,FC(F)(c1c(NCc2ccc(cc2)C(=O)N)cccc1)C,0.7654912229153263,0.16216216216216217
O=C(NC(=O)C1=CC=CC=C1)NCCC(N)C=CC(=O)CC2=CC=CC=C(O)2,O=C(NCCNC(=O)CC=1C(=O)Oc2c(cccc2)C1)c3c4Nc5c(cccc5)C(=O)c4ccc3,0.7212758356480264,0.1724137931034483
NC1=CC(C(=O)N)=CC2=C1CCN2CCC=CC3=CC(N)=CC(F)=C3,[O-]C(=O)c1cc(NC(=O)c2cc(NC(=O)c3cc(O)c(cc3)C(=O)C)ccc2)ccc1,0.6692080572798961,0.08860759493670886
O=C(CC1=CC=CC=C1)NCCCCCSC2=CC=CC3=C2CCC(N)C3,O=C(N)c1cc(ccc1)CCNC(=O)CCC([NH3+])c2ccccc2,0.7503768948249632,0.25
CC(CC1=CC(C(=O)O)=CC=C1)C(=O)CCCC(C)=C(C)C2=CC=CC=C2C,O=C(N)c1cc(ccc1)CC(=O)NC(CCCNC(=O)C(c2ccccc2)C)C,0.7015975787951141,0.27631578947368424
O=C(CC=CC=CC=CC1=CC(C(=O)C(N))=CC=C1)NC2=CC=CC=C2,O=C(NC(Cc1ncccc1)C)c2cc(ccc2)Cc3ccccc3,0.6875841868003914,0.20833333333333334
O=C(CC1=CC=CC=C1)NCCCC2=CC(=N)C3=CC=CC(C(=O)N)=C32,O=C(NCCc1ccccc1)CNC(=O)Cc2c(c(ccc2)C)C,0.7398113065188643,0.3230769230769231
ClC1=C(N)C=C(C(=O)N)C=C1CCC(C)C(=O)NC2=CC=CC(C)=C2,Fc1c(cc(cc1)C(=O)N)C(=O)NCCCCNC(=O)c2c(nccc2)N,0.6738908777550794,0.2077922077922078
O=C(CCC1=CC=CC=C1)CCC(C(=O)O)CC=CC2=CC=CC(C(=O)C(N))=C2,O=C(NCCCCCCNC(=O)c1cc2c3c(cccc3)Cc2cc1)c4cnc(c(C#N)c4)C,0.7214635718781716,0.14606741573033707
O=C(CC1=CC=CC(C(=O)N)=C1)N2CCCC(C3=CC=CCC(=O)3)=C2,O=C1OC(C(=O)N(CCN(C(=O)c2c(c(ccc2)C(=O)N)C)C)C)(Cc3c1cc(cc3)C)C,0.6635041003409621,0.1797752808988764
CC(=C(C(=O)N))C1=CC=CC=C1CCCCCC(=O)N=C2C(C)=CCCC2,O=C(NCCCNC(=O)CCNC(=O)Cc1ccccc1)C2=CCC2,0.7602352409544564,0.19480519480519481
CC1=C(C(=O)N)C=CC=C1CCN(C)C=C2C3=CC(C)=CC=C3CC(=O)2,S1c2c(N(C(=O)CNC(=O)CCc3ccccc3)Cc4c1cccc4)cccc2,0.7078972448046625,0.1411764705882353
O=C(CC1=CC=CC=C1)NCC=CNC(=O)CC=C(O)C2=CC(N)=CC=N2,O=C(Nc1c(cccc1)CCC(=O)N)C=2c3c(cccc3)CC2,0.7077779585194741,0.13924050632911392
CC1=CC=CC=C1CNC(=O)CCC(C)C2=CC(C(=O)N)=C(C)C(F)=C2,O=C(NCC=CCNC(=O)CCNC(=O)Cc1ccccc1)c2nccc(N)c2,0.6748826379292261,0.2
O=C(NC1=CC=CC=C1)CC2=CC=CN=C2C3CC(C(C(=O)N))CC=3,O=C(OCc1cc(ccc1)C(C)C)c2cc(c3ccc(cc3)C(=O)N)ccc2,0.6934156757417598,0.13414634146341464
N=C(CC1=CC=CC=C1)N2C(=N)CCC(C3=CC(C(=N)N)=CC=C3)=C2,Fc1c(cccc1)C=CC(=O)NCC=CCNC(=O)Cc2cc(ccc2)C(=O)N,0.6620658406520845,0.24324324324324326
CC(NC1=CC=CC=C1)C(=O)CCCC(C)CCC2=CC(C(=O)N)=CC=C2,O=C(N(CCN(C(=O)CCC=1Nc2c(cccc2)C1)C)C)CCc3c(cccc3)C(=O)N,0.660268654118348,0.2236842105263158
O=C(CC1=CC=CC=C1)CCC2=CC=CC=C2C3CC(C(C(=O)C))CCC3,O=C(NCCNC(=O)CCc1ccccc1)c2c3c(ccc2)C(=O)CC3,0.7039442941507832,0.2054794520547945
CC(N)(C)C1=CC=CC=C1CCCCC#CCC(N)=CC2=CC=CC=C2,O=C(NCCc1ccccc1)CNC(=O)Cc2c(c(ccc2)C)C,0.700488909057086,0.17142857142857143
C=CC1=C(C(=O)O)C=CC=C1CCCC=CC2=C(C(=O)N)C3=CC=CC=C3[NH1]2,O=C(NCCCCNC(=O)CCNC(=O)Cc1ccccc1)C2=C(Oc3c(cccc3)C2)C,0.7367698456267471,0.1348314606741573
NC1=CC=C(N)C=C1CCCCC=CC2=CC3=CC(N)=CC=C3C(=O)2,O=C(NCc1c(cccc1)CC)c2nnc3c(c2N)cccc3,0.7512358853637152,0.1111111111111111
NC(C(=O)N)CC1=CC=CC=C1CCNC2CCCC3=CC=CC=C32,O=C(NCc1c(cccc1)C(C)(C)C)CCCCc2cc(O)ccc2,0.7812940776245418,0.16883116883116883
CCC1=CC=C(C(=O)N)C=C1CCCCC(C)C2=CC3=CC=CC=C3N2,O=C(Nc1c(cccc1)CCC(=O)N)C2Cc3c(cccc3)C2,0.7765760834218722,0.18055555555555555
CC(N)(C)C1=CC=CC=C1CCC(=O)C=CCC(O)(O)C2=CC=CC=C2,Brc1c(cccc1)CCCC(=O)N(CC(NC(=O)c2ccc(cc2)C(=O)N)(C)C)C,0.676591229238615,0.22972972972972974
C(C(=O)O)=C(CC1=CC=CC=C1)CC=CC=CC2=CC=CC=C2CC(=O)N,O=C(NCC=CCNC(=O)C1=Cc2c(cccc2)C1)c3c(c(ccc3)CO)C,0.7018103290632264,0.18666666666666668
C=C(CC1=CC=CC=C1)NCC2=C(C(=C)N)C=CC=C2C(=O)CCCC(N)=O,O=C(NCC=C(C)C)C(=O)NCCc1nc2c(cc1)cccc2,0.703904612530017,0.15714285714285714
O=C(NCC1=CC=CC=C1)NCCCCCC(=O)CC=C2C(N)=CC=CS2,O=C(NCC(CNC(=O)C=CC=Cc1ccccc1)C)c2c(c(ccc2)C(=O)N)C,0.7338615639854185,0.16666666666666666
O=C(N(C(=O)O)C=CCC(=O)CCC(=O)CC1=CC(C(=O)O)=CC=C1)NC2=CC=CC=C2,S(c1c(NC(=O)C)ccc(c1)C(=O)N2Cc3c(c(ccc3)C(=O)N)CC2)C,0.6485286027384463,0.13636363636363635
O=C(NCC1=CC=CC=C1)C(=O)CCC=CC=CC=CC=C(N)C,Fc1c(F)ccc(c1)C=Cc2c(F)cc(N)c(c2)C(=O)C,0.7140421179064762,0.14925373134328357
C(C(=O)O)=C(CC1=CC=CC(C(=O)N)=C1)C(=C)C=CC2=CC=CC(N)=N2,O=C(NCC(CNC(=O)c1c(cccc1)C)C)c2c(cccc2)C(=O)N,0.6858815849122958,0.1527777777777778
O=C(CCC1=CC=CC=C1)NC(=O)CC(C(=C(CN))C)=CCCC2=CC=CC=C2,FC(F)(F)c1c(cccc1C)C(=O)NCC=CCNC(=O)c2c(c(ccc2)C(=O)N)C,0.6503375467214614,0.18840579710144928
O=C(C(N)CCCCNC(=O)C1=CC=CC=C1)NCC2=CCCC=C2,O=C(Nc1c(C#C)cccc1)NC(Cc2ccccc2)Cc3ccccc3,0.7661918927112983,0.18571428571428572
O=C(CC1=CC=CC=C1)NCCCC2=C(C(=O)O)CCC3=C2CCC(N)=C3,O=C(Nc1c(cccc1)C=C)c2cc3c(c4c(cccc4)C3=O)cc2,0.7104129902248556,0.11842105263157894
NC(=O)CC1=CC=CC=C1CCNC(=O)CC2=CC3=CC=NC=C3C(=N)2,O=C(N)c1cc(NC(=O)CN(c2ccccc2)CC(=O)Nc3ccccc3)ccc1,0.7489279482929646,0.18309859154929578
C(=O)(N)CCC(=O)CC1=CC=CC=C1C(C)CCC=CC2=CC=CC=C2,O=C(N1CCN(C(=O)Cc2ccccc2)CC1)c3cc(c4cc(N)ccc4)ccc3,0.7139384188706892,0.1643835616438356
CSC1=CC(C(=O)O)=CC=C1NC(=O)C2CCC3=CC=CC(C(=O)N)=C3C2,O=C(NCc1ccc(cc1)C(C)C)C(=O)NCCNC(=O)Cc2ccccc2,0.6974432458265265,0.125
CC(N)(C)C1=CC=CC=C1N2CNC(=O)C(C3=CC(C(=O)N)=CC=C3)=C2,Fc1c(cccc1C(=O)N)C(=O)NCc2cnccc2,0.7134597211832392,0.15789473684210525
CC=CC=CC1=CC=C(C(=O)N)C=C1NC(=O)CCCC2=CC=C(C)CC2,O=C(N)c1ccc(cc1)C=CC(=O)N(CCN(C(=O)C2=CCC2)C)C,0.71278533518994,0.24675324675324675
C(C(=C(N))C(C(=O)O))(=O)CC1=CC=CC=C1NC(=O)C2=CC3=CC=CC=C3C2,[O-]C(=O)Cc1cc(ccc1)C(=O)N2CC=C(c3ccccc3)CC2,0.682695231163091,0.18421052631578946
CCCC(=O)C(=O)C1=CC=CC=C1NC(=O)CC=C2CCCC3=C2C=CN=N3,O=C(N)c1cc(ccc1)CC(=O)N2CCN(C(=O)Cc3ccc(cc3)C(=O)N)CC2,0.6677502930962426,0.1125
C(=N)=C(NC1=CC=CC=C1)N2CCC(CC3=CC=CC(C(=O)N)=C3)=C(N)2,S1C(C(=O)NCC=CCNC(=O)c2cc(N)ccc2)=CC=C1CO,0.6929964677300551,0.24
FC1=CC=C(C(=O)N)C=C1C2=NC=C(C(=O)N)C=C2C=CNC(=O)CCCl,FC(F)(F)c1c(cccc1)CC[NH2+]CCC(c2ccccc2)(C)C,0.6984084003947894,0.06329113924050633
CC(CC1=CC(N)=CC=C1N)=C(C(=O)C(N))CC2=CC=CC(Cl)=C2,O=C(Nc1ccccc1)C(CCc2ccccc2)CC,0.7504193122167939,0.16923076923076924
C=C(CC1=CC=C(N)C(C(=C)N)=C1)NC(=O)C=CC2=CC=CC=C2,O=C(N(Cc1ccccc1)C)CCCc2c(N)cccc2,0.7289210480887156,0.2153846153846154
O=C(CC=CC(N)=CC1=CC=CC=C1)NC(=O)CC2=CC3=CC=CC=C3[NH1]2,FC(F)(F)C=Cc1c(NC(=O)CCc2cc(ccc2)C[NH3+])cccc1,0.7365758600618915,0.16666666666666666
O=C(CC1=CC=CC(C(=O)O)=C1)C(C)NCCC2=CC(C(=C(C(N))))=CC=C2,S(c1cc(c(cc1)C)C)CC(=O)NCCNC(=O)CCC2(CC2)C,0.6950647168862487,0.13580246913580246
O=C(CCC=CC1=CC(C(=O)(N))=CC=C1)NC(=O)CCCC2=CC(C(=O)C)=CC=C2,O=C(OCc1cc(ccc1)C(C)C)c2cc(c3ccc(cc3)C(=O)N)ccc2,0.6376867742104528,0.25675675675675674
NC(=C)C1=CC=CC=C1NCCCC=2CSC3=CC(C(=O)O)=CC=C3C2,O=C(Nc1c(Nc2ccccc2)cccc1)c3c(N)ccc(c3)C[NH3+],0.7254044484110325,0.2077922077922078
CC(CC1=CC=CC(C(=O)N)=C1C)CCCC(=C)C2=CC=CC(Br)=C2,O=C(N)c1cc(ccc1)CCNC(=O)CCNC(=O)Cc2ccccc2,0.7431239503652219,0.2222222222222222
O=C(CC1=CC=CC=C1)NCCC(C(=O)O)C2=CC=CC(=C2)C3CCNC3,O=C(NC(C([NH3+])C)CCc1ccccc1)c2c(cccc2)CC(C)C,0.6643016598831164,0.21333333333333335
CN(CC1=CCCC=C1N)C(=O)CCC(=O)C=CC2=CC=C(C(N))C=C2,O=C(NCC1Cc2c(cccc2)CC1)NCCC[NH2+]C3CCCCC3,0.747055075811637,0.09523809523809523
CC(NCC1=CC=CC=C1)=CCC2=CC3=C(C(=O)C(N))C=CC=C3S2,Fc1cc(N)cc(c1)C(=O)NCCN2c3c(cccc3)CC2=O,0.7295706146288963,0.17073170731707318
O=C(CCC1=CC=CC=C1)N(C)CC=CC2=CC=CC(C(=C(=N))N)=C2,O=C(NCCCCCCNC(=O)c1cc2c3c(cccc3)Cc2cc1)c4cnc(c(C#N)c4)C,0.7538812443685865,0.1590909090909091
C(C(=O)N)=C(CC1=CC(N)=CC=C1N)C(=O)CC=CC2=CC=CC(C)=C2,O=C(NCc1c(cccc1)C2CCC2)Cc3cc(N)ccc3,0.7179079154135142,0.21621621621621623
CN(CC1=CC=CC=C1NNC(C(=O)N)C)C(=O)CCC2=CC=CC=C2Br,O=C(NNC(=O)CCc1ccccc1)CCc2ccccc2,0.7949154841530618,0.21052631578947367
NC(N)(C1=CC=CC=C1)C(=C(N))CCC=CC2=CC(C(=O)O)=CC(C)=C2,O=C(N1CC2=C(C1)CN(C(=O)Cc3cc(ccc3)C(=O)N)C2)c4c(N)ccc(c4)CC,0.6812061637000602,0.14634146341463414
CC(=O)C1=CCCC(C(=O)C(N))=C1NCCCCC=CC2=CC=CC=C2,O=C(N)c1cc(ccc1)CC(=O)NCCNC(=O)C=C(c2ccccc2)C,0.7502078387166637,0.22077922077922077
O=C(CCC1=CC(C(=O)N)=CC=C1)NC(=O)CCC(N)C=CC2=CC=CC=C2F,O=C(NCC=CCNC(=O)Cc1c(cccc1)C)C=CC=2N(c3c(cccc3)C2)C,0.7097296059255499,0.20238095238095238
O=C(CCC1=CC(C(=O)N)=CC=C1)NC(=O)NCNC2(C)C=CC=C2,Fc1c(ccc(c1)CC)CNC(=O)NCC(=O)NCc2ccccc2,0.738877938097743,0.2361111111111111
C(C(=O)O)CC1=CC=C(C(=O)N)C=C1CCC=CC2=CC3=CC=CC(N)=C3C(=O)2,O=C(NCc1c(cccc1C)C)Cc2c(nccc2)N,0.7703949628962592,0.15384615384615385
O=C(NC(=O)NC=C1C=CC=CC1=C)C2=CC=CC3=CC(N)=C(C(=O)O)C=C32,Clc1c(cccc1)C=C(C(=O)N2CC=C(C(=O)N)CC2)C,0.6801272199878247,0.125
O=C(CC1=CC=CC=C1)NCCCC2=C(C(=C)N)C=CN=C2CCCC(=O)CF,O=C(NCc1c(ccc(N)c1)C)CC(c2ccccc2)CC,0.7758681460868612,0.18518518518518517
NC(=O)CC1=CC=CC=C1CCC(=O)NOCC2=CC3=CC=CC=C3C(=N)2,O=C(NCCNC(=O)C=CC(=O)c1ccc(cc1)C)c2c(c(ccc2)C(=O)N)C,0.7641355013122461,0.15789473684210525
O=C(NC(=O)C1=CC=CC=C1)CCCC=CC(N)=C2CCC(=O)C(=C)C2,Clc1c(cccc1)CC(C(=O)N)CNC(=O)Nc2c(F)ccc(c2)C(=O)N,0.6798057565999209,0.15294117647058825
O=C(C(N)(N)C1=CC=CC=C1)NC(=C)CCC2=CC=CC(C(=O)O)=C2CC,O=C(NCCNC(=O)C=CC1=Cc2c(OC1)cccc2)C(=Cc3ccccc3)CC,0.7085106141854868,0.1686746987951807
O=C(NC(=O)CC(C)CC1=CC=CC=C(C(=O)O)1)C=CC2=CC3=CC=CC=C3[NH1]2,O=C(N)c1cc(ccc1)CC(=O)N2CCN(C(=O)C3=C(c4ccccc4)CCC3)CC2,0.6754475837436442,0.125
CC(CC1=CC(C(=O)N)=CC=C1F)CSC2=NC3=CC(C(=O)N)=CC=C3[NH1]2,Brc1cc2c(cc1)cccc2C(=O)NCCNC(=O)CCC=Cc3ccccc3,0.6878273361503571,0.10112359550561797
FC1=CC=CC=C1NCC=CC=CC=CC2=CC=CC(C(=O)C(N))=C2C#N,O=C(N)c1cc(ccc1)CNc2c(cccc2)C(C)(C)C,0.7193014231045789,0.20270270270270271
CC(N)(C)C1=CC=CC=C1CCCCSC=C(N)C2=CC=CC=C2F,FC(F)(F)c1c(cccc1)CC[NH2+]C(C([NH3+])c2ccccc2)C,0.6785783990617238,0.22727272727272727
O=C(NC(=O)CC1=CC=CC=C1)NC(=O)CC2=CC(C)=C(N)SC2,Fc1ccc(cc1)CCCCCC(=O)Nc2c(cccc2)C(C)(C)C,0.7863647998873214,0.18840579710144928
CCC1=CC=C(C(C(=O)(O)))C=C1NC(=O)CC(C(=O)C(N))CC2=CC(Br)=CC=C2,ClC=1c2c(SC1C=CC(=O)OCc3c(cccc3)C(=O)N)cccc2,0.7230074020568886,0.11363636363636363
CC(N)(N)C1=CC=CC=C1CC(=O)NCC(O)2CC3=CC=CC=C3C2,O=C(NCCCCNC(=O)C[NH+]1Cc2c(cccc2)C1)c3c(cccc3)C(=O)N,0.7635236186751392,0.25
CCCC(=O)CC1=CC=CC=C1C(=O)CC(C)NC(=O)CC2=CC=CC=C2,O=C(N)c1ccc(cc1)CC(=O)NCCCCNC(=O)C=Cc2c3c(ccc2)cccc3,0.7101326133773007,0.21333333333333335
CCC1=CC=C(C(=C(C(N)))O)C=C1CCCC2=CC=CC=C2C3=CC=NS3,O=C(N)c1cc(O)c(NC(=O)C=2Nc3c(cccc3)C2)cc1,0.7220773596288603,0.15584415584415584
O=C(NCC1=CC=CN=C1)C(=O)N=C2C(C(=O)N)=CC3=CC=CC(C(=O)O)=C3S2,O=C(Nc1ccc(cc1)CCC(=O)N)CCCc2c(ccc(c2)C)C,0.6757901192383627,0.14285714285714285
C(C(=O)N)CCCC1CCCC=C1CC(=O)NCC2=CC=CC=C2,[O-][N+](=O)c1c(ccc(c1)C(=O)N2CCN(C(=O)c3cc(c4ccccc4)ccc3)CC2)C(C)C,0.7082628357983377,0.12345679012345678
C=C(N)C1=CC=CC=C1CC=CC=CC=CCC(=O)NC2=CC=CC=N2,O=C(Nc1ccccc1)c2c3c(c(N)ccc3)ccc2,0.7010016964191493,0.20634920634920634
O=C(NCC1=CC=CC(=O)C1)CCN2N=NC3=CC=C(C(=O)C(C(=O)C))C=C23,O=C(NC(=O)COC(=O)Cc1cc(ccc1)C(=O)N)NC2CC2,0.6782534011088396,0.1744186046511628
C(=O)(N)CC1=C(N)C=CC=C1CCCCC=CC2=CC(N)=CC=C2,O=C(c1cc(N(Cc2c3NC=Cc3ccc2)C)c(C#N)cc1)C,0.7362685989761277,0.15
CC(C)(C(=O)C(N)1CCCCC1)NCCCC2=CC=CC=C2CC(N),O=C(NCC(=O)Nc1c(ccc(c1)C(=O)C)C)c2c(cccc2)C,0.7639414491009543,0.1527777777777778
CN(CC1=CC=CC=C1)C(=O)SC=CC2=CC=CN=C2NC3=CC(N)=CN=C(N)3,O=C(NCC=CCNC(=O)C(c1ccccc1)(CC)CC)C=Cc2c(cccc2)C,0.6641167579890537,0.2073170731707317
CC(CC1=CC(C(=O)N)=CC=C1)C(N)CCCCNC2=CC=CC=C2F,O=C(N)c1cc(ccc1)CN(C(=O)CN2c3c(cccc3)CCC2=O)C,0.6955075846599306,0.3026315789473684
CC(CC1=CC=CC=C1)NC(=O)C(=O)CC(C(=O)C)CCC2=CC=CC=C2,Fc1c(c(F)ccc1)CC(=O)Nc2c(cccc2)C=CC(F)(F)F,0.7282660777015105,0.14705882352941177
C(C(=O)N)=C(CC1=CC=CC(C(=O)C(N))=C1)C(=O)SC=C(C)C2=CC=CC=C2,O=C(NCc1c(cccc1)C(C)(C)C)CCc2cnc(N)cc2,0.7205187683636833,0.1518987341772152
CC(C)C1=CC=C(C(=O)N)C=C1N2CCCC(C3=CC=C(N)C=C(C(=O)N)3)C2,O=C(N)c1c(cccc1)CC(=O)N2C3=NC(c4cc(N)ccc4)=CN3CCC2,0.6467951681621216,0.24390243902439024
C(=O)=C(CCC1CCCC1)C=C2C(=O)C3=CC=C(C(=O)N)C=C3CC2,O=C(N)c1c(NCC(=O)NCCCC)c(ccc1)C,0.7016691644108808,0.12658227848101267
O=C(CC1=CC=CC=C1)NCCC(C(=O)C(N))CC=CC2=CC(C(=O)C)=CC=C2,O=C1OC(C(=O)NCC=CCNC(=O)c2cc(N)c(cc2)CCCC)=Cc3c1cccc3,0.6513258925165817,0.20224719101123595
CC(N)(C)C1=CC=CC=C1NC(=O)CCCC=CC2=CC(N)=CC=C2,O=C(NCCC(=O)NCCNC(=O)CCNC(=O)Cc1ccccc1)Cc2ccccc2,0.7601478129731433,0.21311475409836064
O=C(NCC1=CC=CC=C1)C(N)CCC(=C(N))CCSC2=CC=CC=C2,O=C(NCCCCC(=O)NCC=CCNC(=O)c1c(c(ccc1)C(=O)N)C)N,0.7174176149802334,0.1891891891891892
CC(N)(C)C1=CC=CC=C1NC(=O)CCNC(C)C2=C(N)C=CC=C2,Clc1cc2c(c(ccc2)C(=O)NCCC(NC(=O)CCc3c(C#N)cccc3)C)cc1,0.7197081259563696,0.19767441860465115
O=C(NC1=C(N)C=CC(N)=N1)CSC2=CC=CC=C2CC(=O)N(C)C(=O)N,Fc1c(O)c(ccc1)CC(=O)NCCNC(=O)C=Cc2ccc(cc2)C(=O)N,0.702949987971928,0.19753086419753085
O=C(CC1=CC(C(=O)N)=CC=C1)CCC=CCNCC2=CC=CCC2,O=C(Nc1c(cccc1)CCC(=O)N)CCCC(c2ccccc2)C,0.6974465818357436,0.14634146341463414
O=C(CCC1=CC=C(C(=O)N)C=C1)NCC2=C=C(C)C3=CC=CC=C3S2,O=C(NC(CCNC(=O)c1c(cccc1)CC)C)c2cc(ccc2)C,0.707539637378508,0.1794871794871795
O=C(CC1=CC=C(N)C=C1)C(=O)N2CCC(C3=CC=CC=C3)C(C)C2,O=C(NCC(CNC(=O)c1c(cccc1)CCC)C)c2ncc(N)cc2,0.7108078912887643,0.18421052631578946
CC(CC1=CC(C(=C)N)=CC=C1)=CC(=O)NCC2=C(C(C(=O)O))C=CN=C(N)2,Clc1c(ccc(Cl)c1)CC(=O)COc2c(cccc2C)C(=O)N,0.6881406147841636,0.19047619047619047
CC(N)(C)C1=CC=CC=C1NC(C)C(=O)NCC(O)C2=CC=CC=C2,Clc1c(cc(cc1)C([O-])=O)C=NNC(=O)CCc2ccccc2,0.7128746732072984,0.14666666666666667
CN(C(=O)C1=CC=CC(N)=C(N)1)CCC(=O)CC2=CC(C(=O)N)=C(N)C=C2Cl,O=C(N)c1cc(ccc1)CC(=O)N2CCN(C(=O)Cc3ccc(cc3)C(=O)N)CC2,0.6426605904637782,0.2028985507246377
O=C(CC1=CC=CC=C1)C(C)C2=CC=CC=C2NC3=CC(N)=CC(C(=O)O)=C3,O=C(N)c1cc(ccc1)CC(=O)N(c2ccc(cc2)C(=O)N)C,0.6995047360055309,0.23076923076923078
CC1=CC=CC=C1C(=O)NCC(=C)CC(C(=O)N)CC2=CC=CC(C(N))=C2,O=C(N)c1cc(ccc1)CNC(=O)C(=O)NCc2ccccc2,0.7177897439779437,0.2698412698412698
CC(=N)C1=CC=CC=C1CCC(=O)N2C=CC=C3C(Br)=C(C(=O)N)C=C23,O=C(NCC=CCNC(=O)CC1=Cc2c(cccc2)C1)c3cc(c(cc3)CC)CC,0.6930263909742482,0.15294117647058825
CC(C(N))(C)C1=CC=CC=C1C(C)CCC(=O)CC2=CC=CC(C(=O)N)=C2,O=C(NCC(=O)N(CCN(C(=O)Cc1cc(ccc1)C(=O)N)C)C)N,0.7359623899954553,0.375
N#CC1=CC=C(C(=O)C(N))C=C1CC(=C(C(=O)N))C2=CC3=CC=CC=C3O2,O=C(N(Cc1c(N)cccc1)C)CCCC(=O)c2c(N)cccc2,0.6919125038930971,0.16216216216216217
O=C(CCC(C(=O)O)CC1=CC(C(=O)N)=CC=C1)NCCC2(C)CCCCC2,O=C(NCC(CNC(=O)Cc1cc(ccc1)C(=O)N)C)c2ccc(cc2)C3CCC3,0.6518469355320469,0.35064935064935066
O=C(CC1=CC=CC=C1)NCCC=C2C(=C)C=CC(=O)C(=C(C(=O)N))2,S1C(C2=CCN(C(=O)CCc3c(cccc3)C(=O)N)CC2)=CC=C1,0.669111575871719,0.13414634146341464
O=C(NC(=O)C(=C(C(=O)O))CC(C)CCC1=CC=CC=C1)NCCC2=CC=CC=C2,O=C(NCCC(=O)NCCNC(=O)CCNC(=O)Cc1ccccc1)Cc2ccccc2,0.6671160198217525,0.3018867924528302
CC1=CC=CC(C)=C1CC(=C(C(=O)C(N)))NC(=O)C=CC2=CC=CC=C(N)2,O=C(Nc1c(cccc1)C(=O)NCCNC(=O)c2c(nc(cc2)C)C)N,0.7038679581659989,0.18309859154929578
C(N)CC=CC1=CC=CC=C1CCC(C)CCCC2=CC=CC=C(N)2,O=C(NCCCC=CC)c1c(cccc1)CN2N=NC(=C2)CCC(=O)C,0.716996208375655,0.189873417721519
O=C(C(N)CC1=CC=CC=C1)CCC(C(=O)N)CC2=CC=CC(C(=O)N)=C2,FC(F)(F)c1c(cc(N)cc1)C(=O)NC(CCNC(=O)Cc2c(cccc2)C(C)C)C,0.7029713391213677,0.15853658536585366
C(N)CC1=CC=CC=C1CC=CC=CC=CC2=CC=CC3=C2C=C(C(N))[NH1]3,Fc1ccc(cc1)CNC(=O)C(=O)NCC(O)(CNC(=O)CCC=Cc2ccccc2)C,0.7150138522876857,0.10714285714285714
O=C(CC1=CC=CC=C1)NCCCC=CC(C2=CC3)=CC(N)=C2CC3,O=C(NCC(CNC(=O)C=1c2c(NC1C)cccc2)C)c3cc(N)c(cc3)CCC,0.6822173297467913,0.14130434782608695
CC1=CC=C(N)C=C1C(C)CCCC=CC2=CN=C(N3CCCC3)C=C2,Fc1c(cc(cc1)C(=O)NCCCCNC(=O)c2cc(N)ccc2)CC,0.7206343110448039,0.1375
O=C(CC1=CC=CC(C(=O)(N))=C1)NC(=O)C(=O)NCC2(N)C=CC=C2,O=C(NCC=CCNC(=O)CCc1c(cccc1)C(=O)N)c2cc3c4c(cccc4)Cc3cc2,0.648357929693866,0.2236842105263158
O=C(CC(C(=O)(C(=O)C))CCC1=CC=CC=C1)CCC=CNC2=CC=CC=C2,O=C(Nc1cc(ccc1)C(=O)N)c2cc(ccc2)C(=O)Nc3ccccc3,0.6954488926702984,0.19047619047619047
O=C(CC1=CC=CC=C1)NCCC(=C(N))C=CC=CC2=CC(N)=CC=N2,Clc1c(cccc1COC(=O)CCc2cc(Cl)c(cc2)C)C(=O)OC,0.7830786599646496,0.13953488372093023
O=C(NCC1=CC=CC(=O)C1)C(=O)CCC(C)=CCCC2=CC=CC=C2,O=C(NC1c2ncccc2CCC1)CCc3cc(N)ccc3,0.6901246553055123,0.18072289156626506
O=C(CC1=C(C(=C)N)C=CC=C1)N(C)C2=CC=C(C(=O)(O))C=C2C(=C(=O)),O=C(N)c1c(cccc1)CCC(=O)NCCNC(=O)CC2=CCCC2,0.7255979127346136,0.20512820512820512
CCC(=C)NC1=CC=CC=C1CC(=O)NC(=O)CC=C(N)C2=CC=CC=C2,O=C(NCCC(=O)NCc1c2c(ccc1)CCCC2)Cc3ccccc3,0.6770315246720122,0.2191780821917808
NC1=CC(N)=CC=C1CCC=CC=CCC2=CC(C(=O)N)=CC=C2C#N,O=C(N)c1cc(ccc1)CC(=O)NCCCc2cc(ccc2)C,0.6582979101382884,0.2054794520547945
O=C(NC1=CC=CC=C1C)C=CCC(C(=O))CC2=CC(C(=O)N)=CC=C2Cl,O=C1Nc2c(cccc2)CC1CCC(=O)NCC(=O)NCc3ccccc3,0.7194956173903975,0.11363636363636363
C(=O)(N)C1=CC=CC=C1CC(=C(=O))CCC2=CC3=CC(Cl)=CC=C3C(=O)2,S(=O)(=O)(NC(=O)Cc1cc(ccc1)C(=O)N)C2=Cc3c(cccc3)CC2,0.712698561222602,0.2125
CC1=CC(N)=C(C(=O)N)C=C1CCNC(C)C(=O)NC2=CC=CC(F)=C2,O=C(N1CC(c2ccccc2)CCC1)c3cc(ccc3)CC[NH3+],0.7362673249460134,0.14457831325301204
O=C(CC1=CC(C(=O)N)=CC=C1)CCC(C)=CC2=CC(=O)CN(C(=O)C)C2,[O-]C(=O)c1c(NC(=O)CNC(=O)CCc2ccccc2)cccc1,0.6976161316876717,0.14285714285714285
C=C(CC1=CC=CC=C1Cl)NC(=O)C(=C(CC))C=C(N)C2=CC=CC=C2,O=C(N(Cc1cc(ccc1)C(=O)N)C)c2c(N(C)C)cncc2,0.7189264618888156,0.16666666666666666
CSC1=CC=C(C(=O)N)C=C1CC(=C(C(=O)N))C2=CC3=CC=CC=C3C(=O)2,Clc1c(cccc1)CNc2c(cccc2)C(=O)NCCC3([NH3+])CCC3,0.7235815957515414,0.11764705882352941
C(CC1=CC=CC=C1C)CC(=N)C=CC=CC=CC2=CC=CN=C(N)2,Fc1c(cccc1)C(=O)NCCNC(=O)Cc2ccccc2,0.7912894704472028,0.09722222222222222
CC1=CC=CC=C1C(=C(=O))CCCC=CC2=CN=C(N3CCC(=O)C3)C=C2,FC(F)(F)C1Oc2c(cccc2)C=C1C(=O)Nc3c(cccc3)CCC(=O)N,0.6770110296230413,0.09574468085106383
O=C(N)C1=CC=C(C(=O)N)C=C1CCCCC(N)=C2NC=CC=C2,Brc1cc(c(SC)cc1)CCNC(=O)C2Cc3c(cccc3)C2,0.7285904807643706,0.13157894736842105
CCC1=CC=C(C(=O)N)C=C1CC(=C(C(=O)N))CC(=O)CC2=CC=CC(O)=C2C,S1C(c2cc(NC(=O)NC(c3ccccc3)C)ccc2)=C(C=C1)C,0.7526189152072608,0.15
CC(CC1=CC=CC(C(=O)N)=C1C)CCCN(C)CC2=CC=CC=C2CC(C(N)),Fc1cc(N(C(=O)Cc2c(c(ccc2)C)C)C)c(cc1)C,0.7184322792659799,0.24285714285714285
CN(CC1=CC(C(=O)N)=CC=C1C=C)C(=O)C=C(N)NC2=CC=CN=C(N)2,Fc1c(c2cc(c(N)cc2)C(=O)N)cc(cc1)CC(=O)OC,0.6675372020246213,0.1875
O=C(NCC1=CC=CC=C1)NC(=O)CCC(=O)CC(=O)CC=C2C=CC=CN2,Brc1cc(c(F)cc1)C=CC(=O)N(CCN(C(=O)c2c(c(ccc2)C(=O)N)C)C)C,0.6840491960424394,0.11235955056179775
O=C(NC=CC=CC=CC1=CC=CC=C1)CC(=O)C2=CC3=CC=CC=C3C2,S1c2c(NC(=O)C1CC(=O)NCCC(=O)NCc3ccccc3)cccc2,0.7926854192206536,0.17105263157894737
NCC1=CC=CC=C1CCNC(=O)C2C(C(N)(=O))=CC3=CC=CC=C3C2,O=C(N1CCN(C(=O)Cc2cc(ccc2)C(=O)N)CC1)c3cc(N)ccc3,0.7331174535448102,0.1643835616438356
CC(N)(C)C1=CC=CC=C1CCCC(=O)N(C)NC2=CC=C(C(=O)N)C=C2C=C,O=C(N)c1cncc(c1)C=2N=NN(c3c(cccc3)CCC(=O)Nc4cc5c(cc4)CCC5)C2,0.681741316460706,0.20202020202020202
C(=O)(N)CC1=C(N)C=CC=C1CC(=O)NCCC=2SC3=CC=CC=C3C=2,O=C(NC(C(=O)Cc1ccccc1)C)CNc2ncccc2,0.743299404022732,0.15789473684210525
C=C(CC1CCCCC1)CCC2CC3=CC(C(=O)N)=CC=C3CC2,O=C(Nc1c2NC(C(=O)N)=Cc2ccc1)NCc3c(NC)cccc3,0.6666030419748612,0.15384615384615385
CC(N)(C)C1=CC=CC=C1NC(C)CCCCC2=CC=C(C(=C)N)C=C2,O=C(N)c1cc(ccc1)CC(=O)NCc2c(ccc(N)c2)C,0.7491222125817723,0.16
C(CO)=C(CC1=CC(C(=O)N)=CC=C1)CCC2=CC=CC=C2C(=C)CCCF,Fc1c(c(F)ccc1)C=CC(=O)Nc2c(cccc2)C(=O)C,0.7098357923554461,0.17105263157894737
O=C(NC1=CC=CC=C1)NCCCCC=CC=C2C=C(N)C=CC(=N)2,Fc1ccc(cc1)CNC(=O)C(=O)NCC(O)(CNC(=O)CCC=Cc2ccccc2)C,0.7415966923813483,0.18072289156626506
O=C(CCC1=CC=CC=C1)NC(=O)C=2C(=O)C3=CC=C(C(=O)N)C=C3S=2,O=C(N)c1c(c(NC(=O)CC=CCc2ccccc2)ccc1)C,0.6960065120232705,0.24285714285714285
O=C(NCC1=CC=CC(=O)C1)CCCCCC=CC2=CC(N)=CC=C2,O=C(NCc1ccccc1)C(CC=Cc2ccccc2)C,0.7177584760720757,0.24285714285714285
NC1=CC=C(C(C(N)))C=C1CC(=O)CCCCC2CC(=O)C3=CC=CC=C3C2,S(c1c(cccc1)CCNC(=O)C(=O)N2Cc3c(c4c(cccc4)C2)cccc3)C,0.6876025597947308,0.2
CN(CC1=CC(N)=CC=C1N)C(=O)CCCC(N)C2=CC(N)=CC=C2,Nc1c(c2c(cccc2)C)cc(c3ccccc3)cc1,0.7884299163260593,0.16393442622950818
CC1=CC=C(NC(=C(C(=C)N))NC(=O)CCC2=CC=CC=C2(C(=O)(O)))C=C1,Fc1c(cccc1)C=NNC(=O)Cc2cc3c(cc2)cccc3,0.7566002853633472,0.15789473684210525
CN(CC1=CC=CC=C1)C(=O)NC=CC2=CC=CC=C2NC3=C(N)C(N)=CN=C3,O=C(Nc1c(ccc(N)c1)C)CCCc2cc(c(cc2)C)C,0.6750023655765619,0.18666666666666668
C=C(CC1=CC=CC=C1C)CCC2=CC(C(=O)N)=CC(N)=C2CCC(=O)C,Clc1c(cccc1)C=CC(=O)N(Cc2cc(ccc2)C(=O)N)C,0.7255407401077669,0.21333333333333335
CC(N)(C)C1=CC=CC=C1CCC(=O)CCC(C(N))=CNC2=CC=CN=C2,Fc1c(cccc1C(=O)N)C(=O)NCC=CCNC(=O)c2c(cccc2)Cc3ccccc3,0.7671332725440192,0.1794871794871795
O=C(CC1=CC=CC=C1)NCCC=CC=CC2=CC(C(C(=O)(N)))=CN=C2C#N,S(c1ccccc1)CC(=O)NCCc2cc(ccc2)C(=O)N,0.7337460141874295,0.2702702702702703
CCCC1=CC=C(C(=O)N)C=C1CC(C)C2=C(C(=O)O)C3=CC=CC=C3[NH1]2,O=C(NCCC(=O)NCC=CCNC(=O)CCCCC(=O)N)Cc1ccccc1,0.7366126352267786,0.17567567567567569
O=C(NCC1=CC=CC=C1)CCC2C(C(=O)C)=CC3=CC=CC=C3S2,O=C(N)c1c(O)ccc(c1)C([NH2+]CCc2ccc(cc2)C)C,0.6991203849324281,0.13513513513513514
O=C(CC1=CC=CC=C1)NCC2=CC=CC(N)=C2CCCC(=O)C3CCCC(=O)3,Fc1c(ccc(c1)CO)C(=O)NCc2c(cccc2)C(C)(C)C,0.7115298290698646,0.20253164556962025
OC(=O)C=CCOCC=CC1=CC=CC=C1C=CC2=CC3=CC=CC=C3C2,O=C(N)c1c(c(NC(=O)CCCc2c(ccc(c2)C)C)ccc1)C,0.7345457168473329,0.12987012987012986
CN(CC1=CCCC=C1)C(=O)CCNC2=CC(C(=O)O)=CC=C2NC3=CC=CN=C3,N(c1c(cccc1)C(C)C)CC=Cc2ccccc2,0.7516548956733485,0.12195121951219512
O=C(CC1=CC(C(=O)O)=CC=C1)CCC=CC=CCC=CC2=C(N)C=NC=C2,O=C(NCC(CNC(=O)c1c(cccc1)CCC)C)c2ncc(N)cc2,0.7113232835341243,0.13953488372093023
O=C(CCC1=CCCC(C(=O)N)=C1)CCC(C)=CC2=CC=CC=C2Cl,O=C(NCC1C=CC(NC(=O)C)C1)Cc2c(cccc2)C,0.7346601385785647,0.16883116883116883
CC1=CC=CC(N)=C1CCCC(=O)CC=CC=CC2=CC(C(N))=CC=C2C#N,O=C(NCCc1c(cccc1)CC)C=2c3c(NC2C)cccc3,0.7001552371172604,0.14634146341463414
CC1=CC=CC=C1CC(=O)NCCC2=CC3=CC(C)=CC=C3CC(C(=O)(O))2,O=C(N(CCN(C(=O)Cc1cc(ccc1)C(=O)N)C)C)c2nc(N)ccc2,0.7066733922885614,0.12941176470588237
CC=CC=CC1=CC(N)=CC=C1NC(=O)CCC(N)C2=CC=C(C)C=C2,O=C(NCCCc1c(cccc1)C)C2=Cc3c(cccc3)C2,0.7971193392027891,0.16883116883116883
C(CN)=C(CCC1=CC=CC(C(=O)N)=C1)CCCC(O)C2=CC=CC=C2,Fc1c(NC(=O)C)cc(cc1)C(=O)NCC(CNC(=O)c2ccc(cc2)C(=O)N)(C)C,0.653780316917937,0.17333333333333334
O=C(CC1=CC=CC=C1)NCCC=CC=CC=C(N)C2=CC(=O)CC2,[O-]C(=O)c1cc2c(cc1)cccc2CNC(=O)C3(Cc4c(cccc4)C3)C,0.7703653172423289,0.16049382716049382
O=C(CC1=CC=CC(C(=O)(N))=C1)C2=CC=CC=C2CC(=O)CCC(N)CN,O=C(N)c1ccc(cc1)CC(=O)NCCNC(=O)C=CC2=Cc3c(OC2)cccc3,0.7059022025968117,0.19753086419753085
O=C(CCC1=CC=CC=C1)NCCCC(C(=O)C(N))CCC2=CC=CC=C2,O=C1OC(C(=O)N(CCN(C(=O)c2c(c(ccc2)C(=O)N)C)C)C)(Cc3c1cc(cc3)C)C,0.6976747580999301,0.10843373493975904
CC1=C(C(=O)N)C=CC=C1CC(C)CCC2=CC(C(=C)N)=CC=C2C,Clc1c(c(Cl)ccc1)C=CC(=O)N(CCCCN(C(=O)c2ccccc2)C)C,0.7012125792028405,0.14666666666666667
C=C(N)C1=CC=CC(C(=O)(O))=C1CCCC=CC2=CC3=CC=CC=C3C(=O)2,O=C(NC1C(NC(=O)C2=C(c3ccccc3)CCC2)CC1)c4c(N)ccc(c4)CC,0.6827879024177239,0.13793103448275862
O=C(CCC1=CC=CC=C1)NCC=2C=CC3=CC=CC(C(=O)O)=C3S=2,O=C(NCCC(NC(=O)C(CC=Cc1ccccc1)C)C)C=Cc2ccccc2,0.737859709549569,0.16216216216216217
CC(N)(C)C1=CC=CC=C1CCCCC(C)C(N)C2=CC=CC=C2,S(c1ccc(cc1)C(=O)NCCNC(=O)Cc2ccccc2)c3ccccc3,0.7446206177824404,0.1076923076923077
O=C(CC1=CC=CC=C1)NCCCC(C2=CC=CC(C(=C)N)=C2)Br,O=C(N)c1cc(ccc1)CC(=O)NCCNC(=O)C=C(c2ccccc2)C,0.8001152388816326,0.41935483870967744
O=C(NC1CCCCC1)CCCCC2=CC=CC(N)=C2CC(N)C,O=C(NCCCCNC(=O)CCC=1Nc2c(cccc2)C1)c3c(N)c(ccc3)CC,0.6879814623197367,0.2345679012345679
CC1=CC=CC=C1NC(=O)CC2C=CC3=CC(C)=C(C(=O)C)C=C3C2,S(c1c(N)c(ccc1)C)CC(=O)NC(=O)Cc2ccccc2,0.714802355158363,0.2112676056338028
CC(N)(C)C1=CC=CC=C1NCCC(=C(=O))CCC2=CC(C(O))=CC=C2,O=C(Nc1c(cccc1)CCC(=O)N)c2c(N)cc3c(c2)CCCC3,0.7421652868776264,0.2
C(=O)=C(CC1=CC(C(=O)N)=CC=C1)CC(=N)CC2=CC=CC=C2CC,[O-]C(=O)c1cc(ccc1)CCC(=O)N2Cc3c(NC(=O)C2)cccc3,0.7268676047186752,0.21333333333333335
O=C(CCC1=CC(C(=O)N)=CC=C1)C(C(=O)N)CC(C)=CC2=CC=CC=C2,Fc1c(N2C(=O)C(N(C=O)Cc3cc(ccc3)C(=O)N)CCC2)ccc(F)c1,0.7517791983823818,0.25609756097560976
O=C(CCCCC1=NC=CC(C(=C)N)=C1)CCCCC(N)C2=CC=CC=C2,O=C1N(C(=O)CCN1Cc2cc(ccc2)C(=O)N)Cc3cc(ccc3)C(=O)N,0.6455476164714256,0.16216216216216217
O=C(CC1=CC=CC(C(=O)N)=C1C(=O))CSC=CC=CC2=CC=CC=C2,O=C(NCCc1ccccc1)C[NH2+]C2Cc3c(cccc3)CC2,0.7672369286340952,0.14473684210526316
CC1=CC=CC=C1CCC(CCCC(N)(N)C)C2=CC=C(C(=O)O)C(C)=C2,O=C(NC(CCCCNC(=O)CCCC(c1ccccc1)C)C)c2ccc(cc2)C(=O)N,0.7441347206872827,0.22077922077922077
O=C(NCC1=CC=CC=C1)NCCCN2C=C(C(=O)N)C(N)=CC2=C,S1c2c(cccc2)C=C1CC(=O)Nc3c(cccc3)C[NH3+],0.7388846411560644,0.13333333333333333
O=C(NCC1=CCCC=C1)NCCCCCCCC2=CC(C(=O)N)=CC=C2F,O=C(N)c1c(cccc1)CCC(=O)NCC=CCNC(=O)C=2NC=C(C(=O)C)C2,0.6743094544206057,0.18604651162790697
O=C(C1=CC=CC=C1NC(=O)C2=CC=CC(N)=C2)N3CC(C)CC(C(=O)O)=C3,O=C(N)c1c(c(NC(=O)CCNC(=O)C=CC=2OC=CC2)ccc1)C,0.6563377482026086,0.18604651162790697
CN(CC1=CC=CC=C1N)C(=O)CC2N(C)CC3=CC=C(C(=O)C)C=C3C2,O=C(N(Cc1cc(ccc1)C(=O)N)C)c2c(N(C)C)cncc2,0.6992692250278769,0.2
CN(CC1=CC(C(C(N)))=C(N)C=C1)C(=O)C(C)CC2=CC(N)=CC=C2,Clc1c(c(Cl)ccc1)C=CC(=O)N(CCCCN(C(=O)c2ccccc2)C)C,0.6954084296073992,0.17567567567567569
C=C(CCCC=CC1=C(C(=O)N)C=CC=C1C(=O)N)C2=CC=CC(N)=C2,Fc1cc(ccc1)CCC(C(=O)Nc2c(N3CCCC3)ccc(c2)C(=O)N)C,0.7508488693043709,0.1728395061728395
C(C(C(=O)C))N(CC1=CC=CC=C1NCC(C))CCC2=CC=CC=C2C(C(=O)(N)),O=C(N)c1c(NC(=O)CCCCCCc2ccccc2)cccc1,0.7351776317500143,0.24242424242424243
C(N)C(=O)C(CCC1=CC=CC(N)=C1)CC=CCCC2=CC=CC=C2,O=C(NC)c1ccc(cc1)C=CC(=O)NCc2cc(ccc2)C(=O)N,0.762333263489043,0.1917808219178082
CC(N)(C)C1=CC=CC=C1NC(=O)CCC=C(N)C2=C(C)C=CC(N)=C2,O=C(Nc1c(NCCC)cccc1)c2c(cccc2)C,0.7328835439975773,0.28125
CC1=CC=CC=C1CC(=O)NCC2C=CC3=CC=CC(C(=O)(O))=C3C2,Fc1c(cc(N)c(c1)C(=O)NCC(c2ccc(cc2)C)C)CC,0.7207277233804965,0.18181818181818182
CC(CCC1=CC=CC(C(=O)N)=C1)C(=N)CCC=CC2=CC=CC=C2,Fc1c(F)cccc1CCC(=O)Nc2cc(NC(=O)CCCCCC(=O)Nc3ccccc3)ccc2,0.7535837103377965,0.2054794520547945
O=C(CCCCNC(=O)C(N)C1=CC=CC=C1)C=C2C=CC3=CC=CC=C32,O=C(N(CCN(C(=O)c1cc(N)c(cc1)CC)C)C)c2c(ccc(c2)C(=O)N)C,0.71474364052874,0.12987012987012986
O=C(CC1=CC=CC(C(C(N)))=C1)C(=O)SCC(=O)CC=C(C2=CC=CC=C2)F,Clc1c(ncc(c1)C(=O)N)C(=O)Nc2c(cccc2)C(C)(C)C,0.6591069527266271,0.14285714285714285
NCC1=CC=CC=C1CC(=C)C2=CC3=C(C(=O)C(=C(N)))C=CC=C3S2,Clc1c(cccc1)CC(=O)NNC(=O)C=C(c2ccccc2)C,0.7314250948050001,0.18055555555555555
CC(=O)CCC1=CC=CC(C(=O)O)=C1CCCCCC=CC2=CC=CC(=O)C2,[O-]C(=O)c1cc(NC(=O)c2cc(NC(=O)c3cc(O)c(cc3)C(=O)C)ccc2)ccc1,0.6685908814942935,0.14102564102564102
CN(CC1=CC(C(=O)N)=CC=C1)N2CCCC(C3=CC=CC(N)=N3)=C2,O=C(N)c1cc(ccc1)CC(=O)NCC=CCNC(=O)CCc2cnc(N)cc2,0.7125352603400702,0.2987012987012987
CNC1=CC=CC=C1C(=O)CCC=CC2=C(C(=C(N))C)C3=CC=CC=C3[NH1]2,Fc1c(cccc1)C=CC(=O)N(CCN(C(=O)CCc2ccccc2)C)C,0.7529475377573168,0.1625
CCC1=CC=CC=C1CC=CC2=NC=CC=C2C(N)=CC3=CC=C[NH1]3,Clc1c(c2c(cccc2)CCCC([O-])=O)ccc(c1)C(=O)C,0.7657639953564375,0.14473684210526316
C(C(=O)N)C1=CC=CC=C1NC(C)CCC=CC(=O)CC2=CC=CC=C2,Brc1c(cc(nc1)N)C(=O)N(CCN(C(=O)c2c(c(ccc2)C(=O)N)C)C)C,0.7435858830786937,0.14102564102564102
O=C(CC1=CC=CC(C(=O)C(N))=C1)N2CCCC(C3=CC=C(C(=O)C(N))C=N3)=C2,O=C(NCc1ccc(NC(=O)CCC)cc1)C(=O)NCC2(c3ccccc3)COCC2,0.7213145275433683,0.10752688172043011
O=C(CCC1=CC=CC=C1)NCCC(C(=O)N)CC(C(=O)N)CC2=CC=CC=C2,O=C1N(c2c(NC1)ccc(c3cc(ccc3)C(=O)N)c2)C,0.6941550240447982,0.12857142857142856
CN(CC1=CC=CC=C1C(=C)(N))C(=O)C=C(N)C2=CC=CC(N)=C2,O=C(NCc1cc(ccc1)C(=O)N)c2cc(ccc2)C3CC3,0.7398558543159055,0.2
CC1=CC=CC(C(=O)N)=C1CCCC=C2CC(=O)N=C2NCCCC,O=C(NCC=CCNC(=O)CCNC(=O)Cc1ccccc1)Cc2cc(OC(C)C)ccc2,0.8044425174057581,0.1686746987951807
C(C(=O)(C))C(CCC=CC1=CC=CC(N)=C1)C(=O)CC2=CC=CC=C2Cl,O=C(N)c1cc(NCC(=O)Nc2c(cccc2)C(C)(C)C)c(cc1)C,0.6400286563869515,0.14814814814814814
CC(NCC1=CC=C(C(N))S1)(C)CC2=CC(Cl)=C(N)C=C2Cl,Clc1c(cc(cc1)C([O-])=O)C=NNC(=O)CCc2ccccc2,0.6784501882085757,0.12
CC(C)(N)C1=CC=CC=C1CC(=C(CC))C2=CC3=CC=CC=C3[NH1]2,Brc1cc(ccc1)C(=O)NCC(CNC(=O)c2c(c(ccc2)C(=O)N)C)C,0.6845743992407098,0.13157894736842105
CC(CC1=CC=CC=C1)NCC(=O)CC(C)CC2=CC(C(=O)N)=CC=C2,Fc1c(F)cccc1CCC(=O)Nc2cc(NC(=O)CCCCCC(=O)Nc3ccccc3)ccc2,0.7627027649707585,0.2028985507246377
O=C(NC1=CC=CC=C1NC(C(=O)N)=C(N))C(N)=CC2=CC=CC=C2,O=C(N1Cc2c(c(ccc2)C(=O)N)CC1)c3c(cc(N)cc3)CC,0.7095659080844993,0.14084507042253522
O=C(CC1=CC=C(N)C=C1)CCC2=CC=CC=C2CCCCC(N)C,[O-]C(=O)c1cc(NC(=O)CCC2c3c(cccc3)CC2)c(cc1)CC,0.6999909833226293,0.15584415584415584
NC(=CC1=CC=C(C(=O)O)C=C1)CCCC=C2C=CC3=CC=C(C(=O)O)C=C3C2,O=C(NCCCCNC(=O)CCNC(=O)Cc1ccccc1)C=Cc2c3c(ccc2)cccc3,0.6933470924918534,0.1375
CCC1=CC=CC(C(C(=O)O))=C1CC(=C(=C))C2=CC3=CC=C(C(=O)N)C=C3S2,Clc1c(ccc(Cl)c1)CC(=O)COc2c(cccc2C)C(=O)N,0.6501814564213304,0.21794871794871795
C(CC1=CC=CC=C1C(=C(N))CC(N)C)NCC2=CC=CC=C2,FC(F)(F)c1c(cccc1C)C(=O)NCC=CCNC(=O)c2c(c(ccc2)C(=O)N)C,0.6480387905488754,0.18840579710144928
O=C(CC1=CC(C(=O)N)=CC=C1)CC(C(=O)N)CC#CC2=CC=CC=C2,O=C(NCC=CCNC(=O)CCCc1c(OC)cc(OC)cc1)C2=Cc3c(cccc3)C2,0.6796291644982282,0.125
O=C(NCC1=CC=CC(N)=C1)C(N)CCC=CC2=CC=C(C(=O)N)C=C2F,O=C(N)c1ccc(cc1)CC(=O)NCCCCNC(=O)C=Cc2c3c(ccc2)cccc3,0.7399804092871461,0.27848101265822783
C(C(=O)C)C(CC1=CC=CC(C(N))=C1)=CCCC(C2=CC=CC=C2)N,[NH+]1(Cc2cc(N)ccc2)CCN(c3c(cccc3)C(C)C)CC1,0.6801109180840543,0.18055555555555555
CC(C)C1=CC=C(N)C=C1N2CNC(CC3=CC=CC(N)=C3)=C2,O=C(NCCCCNC(=O)C1=Cc2c(cccc2)C1)c3c(c(ccc3)CO)C,0.7120031972911568,0.1
O=C(CCC1=CC=CC=C1)N(C(=O)N)C(=C(=N))C=CC=CC2=CC=CC=C2F,O=C(N1Cc2c(ccc(N)c2)C1)c3c(cccc3)CN4N=NC(c5ccc(N)cc5)=C4,0.7350261797244746,0.125
O=C(CC1=CC(N)=CC=C1)OCC2=CC=CC(N)=C2C3CCC(C)CC3,O=C(Nc1c(cccc1)C(C)(C)C)NCc2c3c(NCC3)ccc2,0.6784043143343421,0.1794871794871795
CC1=CC=CC=C1C(N)CC(=N)C(=O)CNC2=CC=CC3=C2C=CC=C3,O=C(NCc1ccc(cc1)C(=O)N)NCc2ccccc2,0.7737983308853852,0.2033898305084746
O=C(CC1=CC=CC=C1)NCCCNC=CC2=C(C(=C(N))N)C=CC=C2C#N,S1C(=CC=C1)CC(=O)NCC=CCNC(=O)c2c(cccc2)CCC,0.7366307713617901,0.24050632911392406
O=C(NCC(=O)NCC1=CC=CC=C1)NCC2=CC=C3CC(=C(=C))C[NH1]C3=C2,O=C(N)c1cc(ccc1)CC(=O)NCCNC(=O)C=Cc2ccccc2,0.6921421282734073,0.2077922077922078
O=C(CC1=CC(=O)CC=C1)NCCCCC=CC2=CC(C(=C)C)=CC=C2,O=C(NCC1(OCCOC1)c2ccccc2)Cc3ccc(N)cc3,0.7402296450089159,0.17647058823529413
CC1=C(C(=O)C)C=CC(C)=C1CC(=O)NC(=O)C(=N)CC2=CC=CN=C(N)2,Brc1cc2c(cc1)cccc2C(=O)Nc3c(cccc3)Cc4ccccc4,0.7400068713260194,0.1625
C(C(=O)N)CC1=CC(N)=CC=C1C(=O)N2CC3=C(C(=O)N)C=CC=C3S2,[O-]C(=O)c1cc(ccc1)CCNC(=O)c2c3c(c(N)ccc3)ccc2,0.6663744625416105,0.2
O=C(CC1=CC=CC=C1)NCC=CC(C2=CC=CC(C(=O)N)=C2)Cl,O=C(NCc1c(cccc1)C(C)(C)C)c2c(cc(cc2)C)C,0.798235290599187,0.16901408450704225
C(=N)=C(CC1=CC=CC=C1N)CCC=CNC(=O)C2=CC=CC=C2,[O-]C(=O)c1cc(ccc1)CC(=O)NNC(=O)CCc2ccccc2,0.7404227965782189,0.23076923076923078
CC(=O)C1=CC=CC=C1NC(=O)CC(C(=O)C(N))CC2=CC(C(=O)(N))=CC=C2,S1c2c(cccc2)C=C1CC(=O)NCCNC(=O)c3c(c(ccc3)C(=O)N)C,0.7011714573065291,0.24675324675324675
O=C(C(N)C1=CC=CC=C1)NCC2=CC=CC=C2CCCCC(=C(N)(N))F,O=C(Oc1cc2c(cc1)CCC2=O)CCNC(=O)Cc3ccccc3,0.7375975946927938,0.17333333333333334
CC(N)(C)C1=CC=CC=C1NC(=O)CCC=CC2=C(N)C=CC(N)=C2,O=C(NNc1cnccc1)C(=C)Cc2ccccc2,0.721704352050517,0.13513513513513514
O=C(NCC1=CC=CC=C1)NCCC=CC=CC=CC2=CCCCC2,n1c(N2CCCC2)ccc(c3c(ccc(N)c3)C)c1,0.7628759957904069,0.07894736842105263
O=C(CC=CC=C1C=CC=CC1=C)C2=CC=CC3=CC(N)=CC=C32,O=C(Nc1ccc(cc1)C)c2c(ccc(c2)C(=O)N)C,0.7469032086517147,0.1323529411764706
O=C(CC1=CC=CC=C(C)1)NCCCC2=CC=CC3=C2CC(=N)C=C3C,O=C(NCc1c(ccc(c1)C)C2CC2)Cc3ccc(cc3)C,0.7403472596808454,0.2647058823529412
O=C(CC1=CC=CC=C1)NCC2=CC=CC=C2C=CNCCCC(=O)(N),O=C(Nc1c(cccc1)CCC[NH3+])c2c(cccc2)C(C)(C)C,0.7074787804606817,0.18840579710144928
O=C(NCCC(=O)CCC1=CC=CC(=C(N))C1)C(=O)NC2=CC=CC=C2,O=C(NCCc1c(cccc1)C2CC2)Cc3c(N)cccc3,0.7130319233034346,0.2318840579710145
O=C(CC1CCC2=CC=CC=C2)CC1C3=CC(C(=O)N)=CC=C3,O=C(NCC1(c2c3c(ccc2)cccc3)CC1)Cc4c5c(ccc4)cccc5,0.6482142686992564,0.17647058823529413
CCC1=CC=CC=C1CCC(=C(C(=C)C))CNCC2OC3=CC=CC=C3O2,O=C(NCCCCNC(=O)CCNC(=O)Cc1ccccc1)Cc2c(cccc2)COC(C)C,0.7231010603010859,0.17567567567567569
O=C(C1=CC=CC=C1)NC(=C)C=CC2=CC=CC(N)=C2C3=CC=CS3,O=C(N)c1cc(O)c(NC(=O)C=2Nc3c(cccc3)C2)cc1,0.7081477237060432,0.18055555555555555
NC(=C)C1=CC=CC=C1NC(C)=CCC2=CC(C(=O)C)=C(C)C=C2C,O=C(NCCc1cc(ccc1)C(=O)N)NCCC2=CCCCC2,0.7496811039734753,0.15789473684210525
O=C(CC1=CC=CC=C1)NCCCC(C2=CC=CC(C(=O)N)=C2)CC(=O)(C(O)),n1c(N2CCCC2)ccc(c3c(cc(N)cc3)C)c1,0.7091268370400678,0.07792207792207792
C=C(CC1=CC(N)=CC=C1N)C(=C)CC(=O)CC2=CC=CC(C(=O)N)=C2,O=C(N)c1cc(ccc1)CC(=O)NCC#Cc2ccccc2,0.8118802555899678,0.4067796610169492
C=C(CC1=CC=CC=C1)NCC2=CC=CC(N)=C2CC(=O)CC3=NC=CC=C3,O=C(Nc1c(cc(N)cc1)C)Cc2cc(N)ccc2,0.7292451463618306,0.22058823529411764
NC(=O)CCCC(=O)NC(=O)CC(=N)C=CC1=CC2=CC=CC=C2N1,O=C(NCCCCNC(=O)CCNC(=O)Cc1ccccc1)C=Cc2c(ccnc2)C,0.6904268536020124,0.20253164556962025
CC1=CC=CC=C1C=C=CC2=CC=CC=C2C3=C(N)C=CC(N)=C3,S1c2c(NC(=O)C1)cc(cc2)C(=O)NCCCCNC(=O)c3c(N)c(ccc3)CC,0.6977765603037194,0.10126582278481013
CC(CC1=CC(C(=C)N)=CC=C1NC(=O)C)CCCC2=CC=CC=C2C(N)=O,Fc1c(ccc(c1)CC(=O)N(CCN(C(=O)Cc2cc(ccc2)C(=O)N)C)C)C(C)C,0.6683223234620977,0.2
O=C(CC1=CC=C(N)CC1)NCCC2=CC=CC=C2C(N)(C)C,S(c1ccccc1)CCC(=O)NCc2ccccc2,0.7301073571738806,0.20967741935483872
O=C(NCCC(N)=C1C=CC=CC1=C)C2=CC=CC3=C(N)C=C(C(=O)O)C=C32,O=C(N)c1cc(ccc1)CN(C(=O)CC(c2c(cccc2)C)C)C,0.6956775215687916,0.19230769230769232
NC(=O)NC1=CC=C(C(=O)N)N1NCCCC2=CC(Br)=CC=C2Cl,Brc1ncc(N)c(c1)C(=O)OCC(=O)NC(=O)c2ccccc2,0.7891383682221966,0.1518987341772152
O=C(CC1=CC=CC=C1)NCC=CCC(C(=O)C(N))CC2=CC=CC(C(=O)N)=C2,O=C(N1c2c(cccc2)CC(C1)C)c3c(NC(=O)c4cc(ccc4)C)cccc3,0.7061364101049139,0.1686746987951807
O=C(NCC1=CC=CC=C1)NCCCC=C2C=C(C(=O)N)C(N)=CC2,Brc1cc(c(SC)cc1)CCNC(=O)C2Cc3c(cccc3)C2,0.7503941318926559,0.16455696202531644
CC(C(=O)CC1=CC=CC(C(=C)C(N))=C1)(O)CCCCCCC2=CC=CC=C2,O=C(N)c1cc(ccc1)CN(C(=O)CCCC(O)c2ccccc2)C,0.7339220687833492,0.2857142857142857
O=C(CC1=CC=CC=C1)CC(=N)C2=CC=C(C3=CC=CC=C3F)C(=O)[CH1]2,Could not process,,
C(=O)=C(CCC1=CC=CC=C1NC)CCCC(N)=CC2=CC=CC=C2,O=C1OC(C(=O)NCC=CCNC(=O)c2cc(c(cc2)CC)CC)=Cc3c1cccc3,0.7140378425135935,0.15384615384615385
C(N)=CC1=C(C(=O)N)C=CC=C1CCNC(=C)C2=CC(N)=CC=C2,S1c2c(cccc2)C=C1CC(=O)NCCNC(=O)c3c(cccc3)C(=O)C,0.6865146371802506,0.18666666666666668
O=C(CC1=CC=CC=C1)NCC2=CC=CC=C2CCC(O)CC3=CCCC=C3,O=C(NCCNC(=O)CC1(CC1)C)Cc2ccccc2,0.7877176999279553,0.32786885245901637
O=C(CC1=CC=C(C(=O)O)C=C1)CCCCCC=CC2=CC=CN(C(=O)N)C2,Clc1c(Cl)cc2c(NC=C(C(=O)Nc3c(ccc(c3)C(=O)C)C)C2=O)c1,0.679922194645838,0.09090909090909091
C=C(CC1=CC=C(O)C=C1)NCC2=CC=CC=C2SC(=O)CC3=CC=CC=C3,S(c1c(cccc1)CCNC(=O)Cc2cc(ccc2)C([O-])=O)CC,0.6889622740479417,0.27941176470588236
CC(=N)C1=CC=CC=C1CC=C(N)CCCC2=CC3=CC=CC=C3[NH1]2,S1C(C(=O)NCC(CN(C(=O)CCCCc2ccccc2)C)C)=CC(=C1)COC,0.7406053785090085,0.1348314606741573
O=C(C)C1=CC(N)=C(C(=O)N)C=C1CSC=CC2=CC(C(N))=CC=C2F,O=C(N)c1cc(ccc1)CC(=O)Nc2cc(ccc2)CCC,0.7117966966092952,0.17105263157894737
C(C(=O)C)=C(CCC=C1C=CC=C1)CCC(=O)NC2=CC=CC=C2Cl,Brc1cc(ccc1)CCCC(=O)N(CCN(C(=O)C=2SC(=CC2)CCC)C)C,0.7111763321131245,0.11904761904761904
CC(N)(C)C1=CC=CC=C1NCCCCCC=C(N)C2=CC=CC=C2,Fc1c(cccc1)C(=O)NNC(=O)Nc2c(cccc2)CC(=O)N,0.7300651210932407,0.17647058823529413
NC1=CC=CC=C1CC2=CC=CC=C2NC=CC3=CC(N)=CC(O)=C3,Fc1cc(N(C(=O)Cc2c(c(ccc2)C)C)C)c(cc1)C,0.7136808380413268,0.14705882352941177
C=C(CCC1CCCC1)CCC2CC3=CC(C(=O)N)=CC=C3CC2,O=C(NCCCCCCNC(=O)c1cc2c3c(cccc3)Cc2cc1)c4cnc(c(C#N)c4)C,0.7332588150693982,0.1728395061728395
O=C(CC1=CC=CC(C)=N1)CCC=CC=CC=CC2=CC=CC=C2C(N),ClC1=C(C(=O)Nc2cc(NC(=O)c3cc(N)ccc3)ccc2)CC1,0.7479556393683384,0.11842105263157894
O=C(NC(=O)CCC1=CC=CC=C1)NCCCCC2CC=CC(C)=C2,O=C(NCCC(=O)NCCNC(=O)CCNC(=O)Cc1ccccc1)Cc2ccccc2,0.7622318188785088,0.3157894736842105
CC(C)C1=CC=CC=C1NC(=O)NCCCC(=O)CC=C(N)C2=CC=CCC2,O=C(N1c2c(cccc2)CC(C1)C)c3c(NC(=O)c4cc(ccc4)C)cccc3,0.7448814247580013,0.16483516483516483
CCC1=CC=CC=C1C=C(C(=O)C(N))CCCC2=CC3=CC=CC=C3[NH1]2,O=C(NCc1c(cccc1)C)CC2c3c(NCC2)cccc3,0.766081929422547,0.18181818181818182
C(=C(=C(=N)))=C(CCC1=CC(C(=O)O)=CC=C1)CCCC2=CC(C)=CC=C2,Clc1c(cccc1)CC(=O)NNC(=O)C=C(c2ccccc2)C,0.7136693855810728,0.16901408450704225
O=C(NC(=O)CCC(=O)C1=CC(C(=O)C)=CC=C1)C=CC=C2C=CC=C[NH1]2,O=C(NC(C1CCCC1)Cc2ccccc2)c3cc(N4CCCC4)ccc3,0.6790481699417681,0.189873417721519
CC1=CC=CC=C1NC(=O)CCC2=CC3=CC(Cl)=CC=C3C(C(C(=O)N))2,O=C(NC(CCNC(=O)CC1CCCCC1)C)c2ccc(cc2)C(=O)N,0.742351118271534,0.1728395061728395
CC(N)(C)C1=CC=CC=C1NCCCCC2CC3=CC(C(N))=CC=C3C2,Fc1c(cc(cc1)C(=O)NCCCCNC(=O)c2cc(N)ccc2)CC,0.7108383452629599,0.16
C(=O)(CC1=CC=CC=C1)NCCCCCCCCN2CC=C(C)C(N)=C(N)2,FC(F)(F)C=Cc1c(NC(=O)CCc2cc(ccc2)C[NH3+])cccc1,0.7225783631778608,0.16666666666666666
O=C(CC1=CC=CC=C1C)CC=CSC2=CC(C(=O)C(N))=CC=C2C(N)=O,O=C(N)c1cc(ccc1)COC(=O)C(Cc2ccccc2)Cc3ccccc3,0.7277464865162413,0.19718309859154928
CN(CC1=CC=CC(C(=O)N)=C1)CSC=CC=C(N)C2=CC=CC=C2,S1c2c(NC(=O)C1CC(=O)NCCNC(=O)c3c(cccc3)CC)cccc2,0.7091355426047732,0.12195121951219512
O=C(CC1CCCCC1)NCCC(N)C2=CC=C(C(=O)N)C=C2Br,Clc1c(cccc1)C=C(C(=O)N2CC=C(C(=O)N)CC2)C,0.7248403391021583,0.14102564102564102
CC(CC1=CC=CC=N1)CC=CC2=CC=CN=C2CC3=CC=CC(C(=O)O)=C3,Fc1c(F)cccc1CCC(=O)Nc2cc(NC(=O)CCCCCC(=O)Nc3ccccc3)ccc2,0.7130175323977042,0.14814814814814814
C=C(CC1=CC=C(C(=O)N)C=C1)C(=O)CCC=CC(C)=CC2=CC=CC=C2,[O-]C(=O)c1cc(ccc1)CN(C(=O)c2ccc(cc2)C3=CCCC3)C,0.6814379793404393,0.18421052631578946
N=C(CC1=CC(C(=O)N)=CC=C1)C2CCCC(C3=CC=CC=C3)=C2,O=C(N)c1cc(ccc1)C=2N=NN(C2)CCN3c4c(cccc4)CC3,0.6990419496085052,0.3055555555555556
O=C(NCC1=CC=CC(=O)C1)C(N)CCCCCCCC2=CC=CC=C2,O=C(NCc1cc(ccc1)C(=O)C)C=CC=Cc2ccccc2,0.726511674945993,0.2054794520547945
CCC1=CC=CC=C1CC(=C(C(=O)(N)))C=CC2=CC(Br)=CC=C2Cl,O=C(N)c1cc(ccc1)C[NH+]2CC(c3ccccc3)CCC2,0.732063551621754,0.15789473684210525
CC(=C)C1=CC=CC=C1CC(=O)NCC(=O)C2[NH1]C3=CC=CC=C3C2,O=C(N)c1cc(ccc1)CN(c2c(cccc2)C(C)C)C,0.7421807927535504,0.14666666666666667
N#CC1=CC(O)=C(C(=O)N)C=C1CC(=C(C(=O)N))C2=CC3=CC=CC=C3[NH1]2,Clc1c(cccc1)C(=O)NCCNC(=O)C(=O)NCCc2c(cccc2)CC,0.6793792471005821,0.14666666666666667
CC(N)(C)C1=CC=CC=C1NC(C)CCCCC2=CN=C(N)C=C2,O=C(NCc1c(cccc1)C(C)(C)C)C=2Nc3c(cccc3)C2,0.7682070928366682,0.1643835616438356
O=C(CC1=CC(C(=C(N))C)=CC=C1)CSC2=CC=CC=C2C=CCC(=O)N,O=C(NCCNC(=O)Cc1ccccc1)c2c(C#N)cccc2,0.7197556811565289,0.16
C=C(CC1=CC(C(=O)O)=CC=C1)CCC2=CC=CC=C2[NH1]C(=O)CC3=CC=CCC3,[NH+]1(Cc2c(cccc2)C(C)(C)C)Cc3c(ccc(N)c3)CC1,0.6886494610084432,0.13095238095238096
O=C(CC1=CC=CC=C1)NCCCCCC(=C)C2=CC(N)=CCC(=N)2,O=C(N(CCN(C(=O)CCCC(=O)c1ccccc1)C)C)c2c(c(ccc2)CO)C,0.7357338936328155,0.14634146341463414
CCC1=CC=CC=C1CCC(C(=O)C)=C=CC2=NC3=CC=CC=C3N2,O=C(Nc1c(cccc1)C(=O)C)c2c(cc(c(c2)C)C)C,0.6879068094404415,0.15151515151515152
O=C(NC(=O)C(C(=O)C)CCCC1=CC=CC=C1C(C(=O)N))CCC2=CC=CC=C2,O=C(N)c1cc(ccc1)CNC(=O)CCC([NH3+])c2ccccc2,0.7719053441775914,0.2753623188405797
N(CC1=C(C(=O)N)C=CC=C1C(=C(N))CCC)CCCC2=CC=CC=C2F,O=C(N1CCN(C(=O)Cc2cc(ccc2)C(=O)N)CCC1)c3cc(ccc3)C(=O)C,0.6464026744681783,0.15853658536585366
O=C(CC1=CC=CC=C1)NCC2=C(C(=O)O)C=CC=C2[CH1]C(=C)CC=CCC,Could not process,,
O=C(NCCCC1=CC(C(=O)N)=CC=C1)NC(=O)CCC2CCC[NH1]C=2,O=C(NCC=CCNC(=O)CC1=Cc2c(cccc2)C1)c3c(N)cc(cc3)CC,0.717231836749415,0.19318181818181818
CN(CC1=CC(C(=O)N)=CC=C1)C(=O)CCCC(N)CC(O)C2=CC=CC=C2,O=C(NCC=CCNC(=O)C1=Cc2c(cccc2)C1)c3c(c(ccc3)CO)C,0.6780706570711237,0.1566265060240964
CCC(N)=CC1=CC=C(C(=O)N)C=C1NC(=O)NCCCC2=CC=CC(=O)2,S1C(C(=O)NCC=CCNC(=O)c2cc(N)ccc2)=CC=C1CO,0.7860289070990333,0.17073170731707318
CN(CC1=CC=CC(C(=O)N)=C1C)C(=O)CCC=C(N)C2=CC(N)=NC=C2F,O=C(NCCNC(=O)C=1Nc2c(ccc(c2)C(C)C)C1)c3cc(c(C#C)cc3)C,0.6725461303134372,0.10416666666666667
CCC1=CC=C(C(=O)N)C=C1CCCCCCC=C2C(C)=CC=C(N)2,O=C(c1cc(N(Cc2c3NC=Cc3ccc2)C)c(C#N)cc1)C,0.7548267012027706,0.14814814814814814
CC(CC1=CC=CC=C1N)CCC=CC=CC2=CC(N)=CC=C2,O=C(N)c1ccc(cc1)CC(=O)NCCCCNC(=O)C=Cc2c3c(ccc2)cccc3,0.74634563779634,0.13924050632911392
CC(CC1=CC=CC(N)=C1)N(C)C(=O)C=CC(=O)CC2=CC=CC(C(=O)N)=C2,O=C(N(C1CC1)Cc2ccc(cc2)C(=O)N)c3cc(c4ccc(cc4)C(=O)N)ccc3,0.669003257528505,0.2608695652173913
O=C(NCC1=CC=CC=C1)NCCCCCC=CC=C2C=CC(N)=CC2,O=C(N)c1cc(ccc1)CC(=O)N2CC3=C(C2)CN(C(=O)C)C3,0.7395803525802043,0.16
CN(CC1=CC=C(N)C=N1)C(=O)NCC2=CC=CC=C2CC3=CCCC=C3,S1c2c(cccc2)C=C1CC(=O)NCCNC(=O)c3c(c(ccc3)C(=O)N)C,0.7410094923143176,0.16091954022988506
O=C(NCCCC=C1CC=CC(C(=O)N)=C1)C=CC2=CC=CC=C2,O=C(NCC(=C)C)C1Nc2c(cccc2)C1,0.7618875248485779,0.18055555555555555
C(C(=O)N)=C(CCC=CC1=CC=CC=C1)CCCC2CC3=CC=CC=C3C2,O=C(NCc1nc(N)ccc1)c2cc(ccc2)Cc3ccccc3,0.7167356507641216,0.1527777777777778
C(C(=O)N)#CC1=C(C(=O)C(C(N)))C=CC=C1NC(=O)C2=CC3=CC=CC=C3C2,Brc1cc2c(cc1)cccc2C(=O)NCCNC(=O)CCC=Cc3ccccc3,0.7282876352451984,0.1951219512195122
C=C(N)C1=CC=CC=C1NC(=O)C=CCC(C(=O)N)CC2=CC=CC=C2,O=C(N)c1c2c(ccc1)C[NH+](CC(=O)C=3NC(=C(C(=O)C)C3CC)C)CC2,0.7531038702240656,0.13953488372093023
CCC1=C(C(=O)C)C(N)=CC=C1CC(=O)C2=CC3=C(C(=O)N)C=CC=C3C2,S(c1c(cccc1)CCNC(=O)Cc2cc(ccc2)C([O-])=O)CC,0.6818493392549949,0.17073170731707318
O=C(C=CC1=CC=CC=C1)NC(=O)CCCC(=O)CC2=CC(C(O))=CC(=O)C2,O=C1N(C(=O)CN1C)Cc2c(NC(=O)c3ccccc3)cc(cc2)C(=O)N,0.6765822800747967,0.1566265060240964
O=C(CC1=CC=CC=C1)NC(=O)CNC2=C(C(=C(=N))C(C))C=CC=C2C,O=C(NCCc1ccccc1)C[NH2+]C2Cc3c(cccc3)CC2,0.7939812913573117,0.1917808219178082
CC(N)(C)C1=CC=CC=C1NN(C(CC))C(=C)CCC2=CC=CC=C2,Fc1c(cccc1C(=O)N)C(=O)N(Cc2c(cccc2)C(C)(C)C)C,0.7555514767222038,0.2
O=C(C(=O)NC(=O)C(N)C1=CC=CC=C1)CCCCCC2CCCCC2,O=C(N1CCN(C(=O)c2ccc(cc2)C(=O)N)CC1)c3cc(c(cc3)CC)CC,0.6908698655397729,0.1323529411764706
CC(N)C1=C(N)C=CC=C1CCNC(=O)CC2=CC3=CC=CC=C3S2,S1c2c(ccc(OC)c2)C=C1C(=O)Nc3c(cccc3)CC(=O)N,0.6294886992337518,0.29333333333333333
O=C(CC1=CC=CC(C(C(N)))=C1)NC(=O)C(=O)NCC2=CC=C(Cl)[CH1]2,Could not process,,
O=C(CSC1=CC=CC=C1)NCCC(N)CC=CC2=CC(C(=O)N)=CC=C2,O=C(NCC=CCNC(=O)CCCCCCc1ccccc1)c2c(c(ccc2)C(=O)N)C,0.7388832518062791,0.24358974358974358
C(N)C1=CC=C(C(=C)N)C=C1CCCC=CC2=CC3=CC=CC=C3S2,O=C(N)c1cc(ccc1)CC(=O)N2CCN(C(=O)Cc3ccc(cc3)C(=O)C)CCC2,0.7065468354326172,0.15384615384615385
O=C(NCC1=CC=CC=C1)CCCC2=CC(C)=C(C(=O)O)C=C(C(=C(=N))C(N))2,S(c1c(cccc1)C(=O)NCC=CCNC(=O)CCNC(=O)Cc2ccccc2)CC(=O)N,0.6785985908707363,0.24050632911392406
C(=O)=C(CC1=CC(C(C(N)))=CC=C1)N2CCCC(C3=CC=CC=C3)C2,Clc1c(cc(Cl)cc1)CNC(=O)C2Cc3c(cccc3)C(=O)C2,0.6794566703488125,0.1518987341772152
CN(CC1=CC=CC=C1N)CCC=CC=CC=C(N)C2=C(N)C=CC=C2,O=C(NCCNC(=O)Cc1c(cccc1C)C)C=Cc2c(cccc2)C,0.719211171140874,0.1267605633802817
ClC1=CC(C(=O)C)=CC=C1C2=CC=CC=C2CCNN3NCC(N)=C3,Clc1c(N2CC(CCC2)C)ccc(c1)CNC(=O)Cc3ccc(cc3)C(=O)C,0.7113657801158701,0.25609756097560976
C(N)CC1=CC=CC=C1CC(=O)NC(C)CC2=CC3=CC=CC=C3C2,O=C(N1CCN(C(=O)c2ccc(cc2)C(=O)N)CCC1)c3cc(ccc3)C(=O)C,0.7353030215213592,0.1388888888888889
CC(C)C1=CC=CC=C1N(C)CC=C(N)C(=C)CC2=CC(C(=O)C(N))=CC=C2,O=C(N)c1ccc(cc1)C[NH2+]C(C=2Nc3c(cccc3)C2)C,0.6828482179559374,0.21794871794871795
O=C(CC1=CC=CC=C1N)CCC=CC=CC=CC2=CC=CN=C(C(N))2,S1C(C(=O)NCCNC(=O)Cc2ccccc2)=C(N)C=C1,0.7596625920244803,0.18309859154929578
CCC1=CC=CC=C1N(C)C(=O)CC(C(=O)(N))CC2=CC(C(=O)(N))=CC=C2F,O=C(NCC1Cc2c(cccc2)CC1)NCCC[NH2+]C3CCCCC3,0.7891518796046155,0.10588235294117647
O=C(CC1CCC(C(=O)O)CC1)CC2CCC3=CC=CC(C(=O)O)=C3C2,Fc1c(cccc1C(=O)N)C(=O)N(CCCCN(C(=O)Cc2c(cccc2)CC)C)C,0.6713551804390394,0.16666666666666666
O=C(NCC1=CC=CC=C1)NCC2C(N)=CC3=CC=C(C(=O)N)C=C3C2,FC(F)c1c(NC(=O)NCc2c3c(ccc2)cccc3)cccc1,0.7099517607444483,0.20833333333333334
CC(N)(C)C1=CC=CC=C1CNC(=O)C=CC(C(=O)C)CC2=CC=CC=C2,O=C(NCCCCCCNC(=O)CCNC(=O)Cc1ccccc1)C=2c3c(cccc3)CC2,0.7641908751197161,0.18421052631578946
NC(CC1=CC=CC(C(=O)O)=C1)=CC(C(C(=O)O))CCCCC2=CC=CC=C2,O=C(OC)c1c2c(ccc1)C[NH+](C2)CCC(=O)NC3CC3,0.6675147889089705,0.1125
O=C(CC1=CC=CC=C1)NOCCC2=CC=CC3=C2CC(=N)C=C3,Fc1c(cccc1C(=O)N)C(=O)NCc2cnccc2,0.7685019820065078,0.19718309859154928
O=C(NCC1=CC=CC=C1)NCN2C(=N)CC3=CC=CC(C(=O)C)=C3S2,O=C(NCCNC(=O)Cc1ccccc1)C(=O)NCCC(CC)C,0.8172207056663716,0.21428571428571427
CC1=CC=CC2=C1CCC2CCCCC3=CC(N)=CC(C)=C(N)3,O=C(NCc1c(c(O)ccc1)C)c2cc(c(cc2)CC)CC,0.7306421791973724,0.14285714285714285
O=C(CC1=CC=CC=C1)NCCCCCCC2=CC=CC3=C2CC(=O)C(=O)C(N)3,Fc1ccc(cc1)CNC(=O)C(=O)NCC(O)(CNC(=O)CCC=Cc2ccccc2)C,0.6943205109293271,0.1927710843373494
O=C(CC1=CC(=O)CC=C1)NCCCC2=CC(=O)C3=CC=C(C(=O)O)C=C32,O=C(Nc1c(cccc1)CCC(=O)OC(C)(C)C)C(=Cc2ccccc2)C,0.6837879567007565,0.11764705882352941
CC1=CC=C(C(N))C=C1C(=O)CCC=C2CCCN=C2NCCCC,O=C(NCCCCCCNC(=O)c1ccccc1)c2c(cccc2)C(C)(C)C,0.7762271500056629,0.1518987341772152
O=C(CC1=CC=C(N)C=C1)CC2=CC=CC=C2CCC3CCC(=O)CO3,S1C(C(=O)NCC=CCNC(=O)c2cc(N)ccc2)=CC=C1CO,0.7232016956065282,0.17333333333333334
CCCC1=CC=CC=C1CCC(=O)C=CC2=CC3=CC=C(C(N))C=C3C2,O=C(NCc1c(cccc1)C2CCC2)Cc3cc(N)ccc3,0.7324202373791058,0.19736842105263158
CC(C)NC(=O)NCCCCC(=O)SC1=CC2=CC=CC(C(=O)O)=C2C(=C)1,O=C(NCc1cc(ccc1)C)c2ccc(cc2)C(=O)NCCC(=O)N(Cc3ccccc3)C,0.74905982003262,0.1875
CC1=C(C(=O)N)CCC=C1SCCC(=O)CC(=O)CC2=CC=C(C(=O)(O))C=C2,O=C(NCc1c(c2ccccc2)cccc1)CCc3c(N)cccc3,0.8409346164601758,0.14864864864864866
O=C(N)C1=CC=CC=C1C(=O)CN2CC(=C(=O))CC3=CC=CC=C32,O=C(Nc1c(cccc1)C(=O)C)c2c(cc(c(c2)C)C)C,0.6922207057358716,0.16393442622950818
CN(C(=O)C1=CC(C(=C(N))C(C(=O)N))=CC=C(C(=O)O)1)CC=CC2=CC=CC=C2F,O=C1NNC(=O)c2c1cc(cc2)C(=O)NCC=CCNC(=O)CNC(=O)c3ccc(N)cc3,0.6585779923625805,0.16666666666666666
O=C(NC=CC(N)=CCC1=CC=CC=C1)CNC(=O)C2=CC=CC(=O)N2,O=C1N(C(=O)C2C1CC=CC2)CC(=O)NCCCCNC(=O)CCc3ccc(cc3)C(=O)N,0.7225405331441721,0.1728395061728395
O=C(CC1=CC=CC(N)=C1)N2CCCC(C3=CC=CC(C(=O)O)=C(N)3)=C2Cl,O=C(NC(CCCCNC(=O)CCCC(c1ccccc1)C)C)c2ccc(cc2)C(=O)N,0.6462200092694474,0.12643678160919541
CN(CC1=CC=CC=C1N)C(=C)C=CC2=CC(C(=O)N)=C(N)C=C2Br,O=C(N)c1cc(ccc1)CC[NH2+]C(Cc2ccc(c3ccccc3)cc2)C,0.7686953329888584,0.18421052631578946
O=C(CC1=CC=CC=C1)NCCNC=CCC2=CC=CC3=C2CCCC(=C(=O))3,O=C(N(CCN(C(=O)CCCC(=O)c1ccccc1)C)C)c2c(c(ccc2)CO)C,0.707255334819539,0.15476190476190477
O=C(CC1=CC=CC=C1)NCCCC(N)(C)CC=CC2=CC(C(=O)(N))=CC=C2,O=C(NCC=CCNC(=O)C=Cc1ccc(O)cc1)c2c(c(ccc2)C(=O)N)C,0.675637925823374,0.28
CC(CC1=CC=C(C)C(N)=C1N)CCCC2=CC=CC3=C2CCC3,O=C(NCCC(=O)NCC=CCNC(=O)CCCCC(=O)N)Cc1ccccc1,0.7327942591376074,0.0958904109589041
O=C(CCSC1=CC=CC=C1CC(C(=O)C(N)))NC2=CC=CC3=C2NCCO3,O=C(OC(C)(C)C)Nc1c(cccc1)CCC[NH2+]Cc2c(cccc2)C,0.6843761366495027,0.19047619047619047
O=C(CC1=CC=CC=C1)NCC(=O)CC2=CC(C)=C(N)N=C2C(=C(=N))Cl,O=C(NCC=CCNC(=O)C=1Nc2c(cccc2)C1)c3c(O)cc(N)c(C#N)c3,0.7259704502896107,0.21686746987951808
CC(N)(C)C1=CCCC=C1NCCCNC(=O)CC2=CC=CC=C2,S1c2c(NC(=O)C1)cc(cc2)C(=O)NCCNC(=O)C=C(c3c(cccc3)C)C,0.7270473438447396,0.17857142857142858
O=C(CC1=CC=CC=C1)NCCCC(C2=CC=CC(C(=O)N)=C2)C#C(O),O=C(NCc1cc2NCCc2cc1)NCC(=O)NCC(=O)NCc3ccccc3,0.7022467994253574,0.21052631578947367
C(=N)=C(CC1=CC=C(N)C=C1C)CCC(=O)CC2=CC=CC(N)=C2,O=C(N)c1c(cccc1)CCC(=O)NCC=CCNC(=O)CCc2c(cccc2)C,0.7963989174393504,0.22727272727272727
O=C(CCC1=CC=CC=C1)NCCCC(C(=O)C)CCC2=CC=CC=C2,O=C(N1CCN(C(=O)CCC2CCCC2)CC1)c3cc4c(cc3)CC4,0.7400884345549252,0.1323529411764706
C(N)C1=CC=CC(C(C))=C1CC(=C)NCCCC2=CC=CC(N)=N2,O=C(OCC(=O)CCC1CCCC1)c2cc3c(cc2)C(=O)CC3,0.6999701437065782,0.07228915662650602
NC(N)(C1=CC=CC=C1)N2CCCC(C3=CC(C(=O)N)=CC=C3)C2,O=C(N)c1cc(ccc1)CCNC(=O)CC=CCc2ccccc2,0.6946985769519816,0.2878787878787879
O=C(CNC1=CC=CC=C1)NCCCCC(=O)CC2=CC(=C(N))CC=C2,O=C(OCc1c(C#N)cccc1)c2c(OC)ccc(c2)C(=O)N,0.7506930409398579,0.12941176470588237
O=C(CC1=CCCC=C1)NC(=O)CCC(C2=CC=C(C(=N)(N))C=C2)=C,O=C(NCc1ccc(cc1)C(C)C)C(=O)NCCNC(=O)Cc2ccccc2,0.7260533188973182,0.1388888888888889
O=C(CSC1=CC=CC=C1)NCCN2CC(=O)CC3=CC(=O)CC=C32,S1c2c(cccc2)C=C1CC(=O)Nc3c(cccc3)C[NH3+],0.7453014799712718,0.14102564102564102
CCC1=CC=CC=C1CCC(=C(C(C(N))))C=CC2=CC3=CC=CN=C3[NH1]2,O=C(N1CCN(C(=O)CN2c3c(cccc3)CC2)CC1)c4c(cccc4)C(=O)N,0.722651606126107,0.10843373493975904
CC(N)C(N)=CCCCC1=CC=CC=C1NC(=O)NCCC2=CC=CC=C2,O=C1OC(C(=O)NCC=CCNC(=O)c2cc(N)c(cc2)CCCC)=Cc3c1cccc3,0.7449311427003869,0.2289156626506024
C(=C)=C(CC1CCC(N)CC1)NC(=O)CCC2=CC=CC=C2Br,O=C(NCc1c(cccc1)C)CC2c3c(NCC2)cccc3,0.6538470086560231,0.2361111111111111
CC(C(=C)N)CCCC1=CC=CC=C1NCC(=O)CCC(=O)C2=CC=CC=C2,Fc1c(cccc1C(=O)N)C(=O)NC(CCCCNC(=O)CCC=Cc2ccccc2)C,0.7183409670077296,0.2235294117647059
O=C(CC1=CC=C(C(=O)N)C=C1)C(C)C(C2=CC(C(=O)N)=CC=C2)C,O=C(NCCCCNC(=O)C1=Cc2c(cccc2)C1)c3c(c(ccc3)C(=O)N)C,0.6635065796946151,0.18840579710144928
O=C(NCCC(C(=C(N))C(C))CCC1=CC=CC=C1)CSC2=CC=CC=C2,O=C(N)c1c(cccc1)CC(=O)N(Cc2cc(N)ccc2)C,0.7835298866390016,0.1917808219178082
O=C(CC1=CC=C(C(=O)O)C=C1)CSC=CC=CC=C(N)C2=CC=CC=C2F,O=C(N1CCN(C(=O)Cc2cc(ccc2)C(=O)N)CCC1)c3cc(ccc3)C(=O)C,0.6829741365833403,0.1794871794871795
O=C(CC=CC=CC1=CC=C(O)C=C1)NC(=O)CCCCC2=CC=CC(=O)2,[O-]C(=O)c1c2c(ccc1)CC[NH+](C2)CC(=O)NC3CCCC3,0.6946806172756058,0.12048192771084337
O=C(CCC1=CC(C(=O)N)=CC=C1)NCCC=CC=CC2=NC=CC=C2,O=C(NCCNC(=O)Cc1ccccc1)Cc2ccc(cc2)CC[NH3+],0.7220250459847701,0.2698412698412698
O=C(CSC1=CC=CC=C1)NCCC(C(=O)C(C(N)))CCCC2=CC=CC=C2,FC(F)(F)C=Cc1c(NC(=O)CCc2cc(ccc2)C[NH3+])cccc1,0.7808419629557728,0.2
O=C(NCC1=CC=CC=C1)NCCC(N)C=CC2=CC(C(=O)N)=CC=C2F,O=C(NCC1=CCCCC1)NCCc2cc(ccc2)C(=O)N,0.6842650495274407,0.36231884057971014
C(=O)=C(CCC=CC1=CC=C(C(=O)O)C=C1)C=CCNC2=CC=CC=C2,O=C(Nc1c(cccc1)C(C)(C)C)NCC(c2ccccc2)C(=O)N(C)C,0.7404735900717876,0.14864864864864866
O=C(NCC1=CC=CC=C1)CC2CC=C(N)C3=CC=C(C(=O)O)C=C23,[O-]C(=O)c1cc(ccc1)CCNC(=O)c2c3c(c(N)ccc3)ccc2,0.764981257308973,0.2608695652173913
O=C(CN1CC=CC=C1)NCCCC2=CC(C(=O)N)=CC=C2CC(C(=O)C),O=C(NCC(=O)NC(CCc1ccccc1)C)c2ccccc2,0.7088641511439673,0.17105263157894737
C(N)CC1=CC=CC=C1CC(=C)C(=O)C=CC2=CC3=CC=CC=C3C2,O=C(N(Cc1ccccc1)CCC(=O)NCC=CCNC(=O)CCNC(=O)Cc2ccccc2)C,0.7858141300860549,0.17333333333333334
C(=N)=C(CCC1=CC=CC(C(=O)N)=C1)C(=N)CCC=CC2=CC=CC=C2Cl,O=C(NCCNC(=O)CNC(=O)CCc1ccccc1)C(CCc2ccccc2)CC,0.7655849232922853,0.1794871794871795
O=C(CC1=CC=CC=C1)NCCCC(C2=CC(C(=O)N)=CC=C2)C#C(O),Clc1c(cccc1)C=C(C(=O)N2CC=C(C(=O)N)CC2)C,0.716179385646424,0.13924050632911392
CCC1=CC(C)=C(C(=O)C(N))C=C1NC(C)CCC(=O)C2=CC=CC(C)=C2,S1C(C(=O)NCC=CCNC(=O)c2cc(N)ccc2)=CC=C1CO,0.7674008025335499,0.2
O=C(NCC=CC1=CC=CC=C1)CNC2CCC3=CC=CC(C(=O)O)=C3C2,[O-]C(=O)c1cc(ccc1)CC(=O)NNC(=O)CCc2ccccc2,0.7114755307666912,0.18055555555555555
CC(CC1=CC=CC=C1)C(C)C=CC(=O)NC(=O)CC2=CC=CC=C2,O=C(NCC=Cc1ccccc1)C(=O)NCCNC(=O)Cc2ccccc2,0.7050975113025912,0.33962264150943394
O=C(NC1=CC=C(C(=O)N(C(=O)C(N)))C=C1)N2CC=CC(C(=O)C(N))=C2,Fc1c(ccc(NC(=O)NNc2ccccc2)c1)C(=O)N,0.70761405549621,0.15714285714285714
O=C(CC1=CC=CC=C1)NCCC=CC=CC(N)=CC2=C(N)C=CS2,O=C(N)c1cc(NC(=O)C=Cc2c(ccnc2)C)ccc1,0.7137105147949556,0.14814814814814814
O=C(NCC1=CC=CC=C1)NC(=O)CCCC=CC=C2C(=O)NC=CS2,O=C(N)c1c(NCC(=O)NCCCC)c(ccc1)C,0.7386311473205864,0.16666666666666666
CC(C)C1=CC(N)=CC=C1C(=O)CCCC2=CCC3=CC=CC=C3S2,O=C(N)c1cc(ccc1)CC(=O)NCC=CCNC(=O)CCc2ccccc2,0.7512081818173777,0.17105263157894737
O=C(CC1=CC=CC=C1)NCCC(=C(C(=O)O))C(C)=C2C=CCC(=O)N2,O1c2c(cccc2)C([NH2+]CCc3c(cccc3)CC)C1C,0.6996544306608428,0.11688311688311688
O=C(CC1=CC=CC=N1)NCCCC2=CC=C(N)C3=C2C(=N)CC=C3,Fc1c(cccc1)C(=O)CC[NH+](Cc2c(N)cccc2)C,0.7427257728598499,0.16455696202531644
O=C(C1=CC=CC(N)=C1)NCCC(=O)C(N)CC=CC2=CC(N)=CC=C2,Clc1c(Cl)cccc1CC(=O)NCCNC(=O)CCCC(=O)NCc2ccccc2,0.7436250027211851,0.18309859154929578
CC(CC1=CC(N)=CC=C1N)C(C)CCNC(=O)C2=CC=CC=C2,Fc1c(cccc1)C(=O)NNC(=O)Nc2c(cccc2)CC(=O)N,0.6965768580109739,0.19117647058823528
CCC1=CCC(C(=C)N)=C1NC(=O)CCCC2=CC(N)=CC=C2,Brc1c2SC(C(=O)Nc3c(cccc3)CCC[NH3+])=Cc2ccc1,0.7202710395213499,0.1875
CC(C)C1=CC=CC=C1CCC=CC[NH1]C=C(N)C2=CC=CC=C2,FC(F)(F)C=Cc1c(NCCc2c(cccc2)CC)cccc1,0.7246840153770202,0.18181818181818182
CC(C(N)C1=CC=CC=C1)C(=O)CCCCC2=CC=CC(C(C(=O)(N)))=C2,O=C(N1CCN(C(=O)c2c(c(ccc2)C(=O)N)C)CCC1)c3c(NCCCC)cccc3,0.7176796636866984,0.18421052631578946
C=CC1=CC=CC(C(=O)N)=C1CCC(=N)N2CC(=O)CC3=CC=CC=C32,O=C(NCc1ccc(cc1)C(C)C)C(=O)NCCNC(=O)Cc2ccccc2,0.7152901419676956,0.1125
C=C(CC1=CC=CC=C1)NCC=CC2=CC=C(O)C(=C2)CCCCC(=O)(N),O=C(NCC=CCNC(=O)c1cc(N)ccc1)c2c(cccc2)C(=O)N,0.6864321912269042,0.2753623188405797
CC1=CC=CC=C1CCN(C)C2=CC3=CC(C(N)(N))=CC=C3CC2=O,O=C(Nc1c(cccc1)CCC(=O)N)C2Cc3c(cccc3)C2,0.7753312969750462,0.19718309859154928
CN(CC1=CC=CC=C1)C(=N)CCCC2=C(C)C(C(=C(N))N)=CC=C2,O=C(NCCNC(=O)CC=1C(=O)Oc2c(cccc2)C1)c3c(cccc3)C(=O)C,0.7154283500478829,0.1375
CC1=CC=C(C(=O)NC(=O)N(C)C(=O)C=CC2=CC(C(=O)N)=CC=C2)C(=O)1,Brc1c(cccc1)CCC(=O)NCCNC(=O)CC2CC2,0.6837789499453462,0.10256410256410256
CC1=CC=C(CNC(=O)C(C)=CCC(=O)CC2=CC=C(C(=O)C)C=C2)C1,O=C(N)c1c(cccc1)CCC(=O)N(Cc2ccccc2)CCC=C,0.7388010915116963,0.12658227848101267
C=C(NC1CCCCC1)CSC2=NC3=C(C(=O)N)C=CC=C3N2Cl,O=C(Nc1c(C#C)cccc1)NC(Cc2ccccc2)Cc3ccccc3,0.7062790659193279,0.11538461538461539
CSC1=CC=C(C(=O)N)C=C1CCN(C2)C(C(=O)N)C3=CC=CC=C3C2,Fc1c(ccc(c1)CC)CNC(=O)NCC(=O)NCc2ccccc2,0.7241392255255845,0.14814814814814814
C(C(=O)(N))CC=CC1=CC=CC=C1C(C)CC=CC2=CC=CC=C2,Clc1c(cccc1)CNc2c(cccc2)C(=O)NCCC3([NH3+])CCC3,0.7339745879994604,0.11538461538461539
CC(N)(C)C1=CC=CC=C1CCC=CC=CCNCC2=CC=CC=C2,O=C(NCC=CCNC(=O)CCc1c(cccc1)C)c2cc(N)ccc2,0.7593239662089392,0.2318840579710145
CC(N)(C)C1=CC=CC=C1CCCCC(C)CC2=C(N)C=CC=C2C,O=C(NCCCCCCNC(=O)C(c1ccccc1)c2ccccc2)c3c4c(ccc3)C(=O)CC4,0.736746887079702,0.11538461538461539
CCC1=CC=C(C(N))C=C1NCCC2=NC(N)=CC=C2C3=C(N)C=CS3,O=C(N)c1c(cccc1)CC(=O)NCCNC(=O)Cc2ccccc2,0.78624699652512,0.13513513513513514
CC(C)C1=CC=CC=C1CC(C)C=CC(=O)CC2=CC(C(=O)N)=CC=C2,O=C(N1CC2=C(C1)CN(C(=O)Cc3cc(ccc3)C(=O)N)C2)c4c(N)ccc(c4)CC,0.71110520863698,0.323943661971831
O=C(CCC1=CC(C(=O)N)=CCC1)NCCCNC=CC2=CC=CC=C2,O=C(NCC(C1CC1)C)CCCc2c(N)cccc2,0.7172303044556121,0.2602739726027397
O=C(NC1=CC(C(C))=CC=C1)C(C)C=CC=CC2=CC=CC=C(C(=O)(N))2,O=C(NCCCc1cc(N)ccc1)C(CC=Cc2ccccc2)C,0.730307840648696,0.28
O=C(C1=CC=CC=C1)NC2=CC=C(N)C=C2C(=C)C=CCCC(N)C,O=C(N)c1cc(ccc1)C=2N=NN(C2)CCN3c4c(cccc4)CC3,0.680742803889,0.15294117647058825
C=C(CC1=CC=CC=C1)C(=N)CC=CC2=CC=CN=C2NC3=CC=CN=C3,O=C(NCCNC(=O)CC1c2c(cc(OC)cc2)CCC1)Cc3ccccc3,0.7471582626887467,0.14942528735632185
O=C(CC1=CC=CC=C1)NC(=O)CCCCCCCC2=CC=CC(O)C2,O=C(NCCCC(=O)N)c1c2NCCCc2ccc1,0.7712463605123234,0.1643835616438356
C(C(=O)N)=C(CCC1=CC=CC=C1C(=C)C)CC=CC2=C(N)C=CC=C2,O=C(Nc1c(NC(=O)c2ccccc2)cccc1)c3ccc(cc3)CC(=O)N,0.7295477863219636,0.16417910447761194
CC1=C(C(=O)N)C=CC=C1CCN(CCC=CC2=CC(N)=CN=C2)(C(=O)C(N)),S(c1nc(N)cc(n1)N)CCCc2c3c(ccc2)cccc3,0.7029251830765717,0.16666666666666666
C(N)(=O)C1=CC=CC=C1CCCCC=CC=C2C(C)=CC(N)=C2,O=C(Nc1c(cccc1)CCC(C)C)Cc2ccc(N)cc2,0.7498109130220179,0.21739130434782608
CC(=N)C1=CC=CC(C(=O)O)=C1CCNC(=O)N2CSC3=CC=CC=C3C2,Brc1cc(c(SC)cc1)C[NH+]2C(c3c(cccc3)CC2)C(=O)N,0.7440302617372049,0.14942528735632185
O=C(CC1=CC(C(=O)N)=CC=C1)CC(=N)C=CC2=CC3=CC=CC=C3CC2,S1c2c(cccc2)C=C1C=CC(=O)c3ccc(cc3)CCCC,0.6772301476376099,0.20512820512820512
CC(NC1=CC=CC=C1N)=CC(=O)N(C)CC2=CC(C(=O)N)=CC=C2C=C,O=C(N)c1cc(ccc1)CC[NH2+]C(Cc2ccc(c3ccccc3)cc2)C,0.6709136008675545,0.22972972972972974
C(C(=O)N)CC1=CC=CC=C1NC(=O)C=C2C=CC(N)(C)C=C2,[O-]C(=O)C(Cc1ccccc1)CCC[NH2+]CC(Cc2ccccc2)C,0.7182536381441211,0.14084507042253522
CC(CC1=CC(C(=O)C)=CC=C1)N2CCCC(C3=CC=CC=C(N)3)C2,O=C(N)c1cc(ccc1)C=2N=NN(C2)CCN3c4c(cccc4)CC3,0.66370693136632,0.20481927710843373
O=C(CC1=CC=CC=C1)NCCCN=C=CC2=CC=CC(C(=C)N)=C2,Clc1cc(c(N)c(c1)C)C[NH2+]C2c3c(c(ccc3)C)CC2,0.7372527413608092,0.09411764705882353
O=C(NC(=O)C1=CC=CC=C1)NCCC=CC=C2CC(=O)C(C)=C2S,O=C1OC(C(=O)NCC=CCNC(=O)CCc2ccccc2)=CC=C1,0.7196068908596127,0.24285714285714285
CNC1=CC=CC=C1CC(=C(C(=O)C(N)))C2=CC3=CC=CC(C(=O)(O))=C3S2,O=C(NCCCCCCNC(=O)c1cc2c3c(cccc3)Cc2cc1)c4c(c(ccc4)C(=O)N)C,0.7001297680503755,0.18823529411764706
O=C(NCC1=CC=CC=C1)C(C)=CNCC=CC2=C(C(N))C=CC=C2C,S1c2c(cccc2)C(=C1CC(=O)NCC=CCNC(=O)c3c(N)c(ccc3)CC)C,0.7412992849306351,0.27848101265822783
CC(C)C1=CC=CC(C(=O)O)=C1NCCCC2(C)CC3=CC=CC=C3CC2,O=C(NCCCc1c(N)cccc1)CCCCC(C)C,0.7360664089513633,0.20270270270270271
O=C(NCCCCCCC1=CC=CC=C1)NC(=O)C2=CC=CCC(N)2,O=C(NCCCCCCNC(=O)CCNC(=O)Cc1ccccc1)C(=O)N,0.7219020320512652,0.3442622950819672
O=C(CC1=CC=CC=C1)NCCCC(C(=O)C)CCCC2=CC=CC2,FC(F)(c1c(NCc2ccc(cc2)C(=O)N)cccc1)C,0.7517708398912856,0.18571428571428572
CC(C(=O)C1=CC=CC(N)=C1C(=O)CC)NC(=O)CC2=CC=CC(N)=C2,Fc1c(cccc1)C(=NOCCc2c(cccc2)C(F)(F)F)N,0.7201053985809511,0.11842105263157894
O=C(CC1=CC=CC(N)=C1)NCCC(N)CCC=CC2=CC=CC=N2,O=C(NCc1cc2NCCc2cc1)NCC(=O)NCC(=O)NCc3ccccc3,0.713975431927093,0.21794871794871795
O=C(CCC1=CC=CC=C1)NC(=O)NCC=CC2=CC(=O)CC(N)=C2Cl,O=C(NCC=CCNC(=O)C1=Cc2c(cccc2)C1)c3c(c(ccc3)CO)C,0.7095762331168506,0.24358974358974358
CCC1=CC=CC=C1CNC(=N)CCC(=O)N2C(=O)CSC3=CC(O)=CC=C32,[O-]C(=O)c1cc(ccc1)CCC(=O)N2Cc3c(NC(=O)C2)cccc3,0.7756740759541608,0.17647058823529413
CC=CC(=O)CC1=CC=C(C(=O)O)C=C1CCC(C)NCC2=CC=C(C)C=C2C,Fc1c(ccc(c1)CC)CNC(=O)NCC(=O)NCc2ccccc2,0.747647048564158,0.1794871794871795
O=C(NCC1=CC=CC=C1)NCC2CC(=O)C(=O)C3=CC=CC(C(=O)N)=C23,O=C(N)c1cc(ccc1)CCNC(=O)CCC([NH3+])c2ccccc2,0.7377593972866389,0.2465753424657534
CC(C)(N)C1=CC=CC=C1CCC(=C(C(=O)O))CCC=CC2=CC=CC=C2F,[O-]C(=O)c1cc(ccc1)CC(=O)NCC(=O)Nc2ccccc2,0.7334472204270137,0.12987012987012986
O=C(NCC1=CC=CC(=O)C1)CCCC=CC=CC2=CC=CC=C2F,O=C(Nc1c(cccc1)CCC(=O)N)c2c(N)cc3c(c2)CCCC3,0.7709504438880415,0.16049382716049382
CCC(=O)CC(N)=C(SCC(=O)NCCC1=CC=CC=C1)C(=O)C=CC,O=C(N)c1cc(O)c(NC(=O)C=Cc2c(C#N)cccc2)cc1,0.7562994773422889,0.16455696202531644
CN(C)C1=CC=CC=C1C(=N)CCCC(C)=CC2=CC=CC=C2C(N)=C,O=C(N)c1cc(ccc1)CC[NH2+]CC(=Cc2ccccc2)C,0.7697738705308259,0.19718309859154928
C=C(NCCCCC(N)C1=CC=CC=C1F)CCC2=CC(C(=O)N)=CC=C2,[NH2+](C(CCCCc1ccccc1)C)Cc2c(cccc2)C(C)(C)C,0.717243962404164,0.18666666666666668
C(N)(=O)CCCCCCC(=C(C(O)))C1=CC2=C(C(=O)N)C=CC=C2C(=O)1,O=C(OC(C)(C)C)c1c(cccc1)CC(=O)OCc2cc(ccc2)C(=O)N,0.7457681429213204,0.18666666666666668
CCCC(=O)CC1=CC=CC=C1C(=O)CC(C)CCNC2=CC=C(N)C=N2,O=C(NCCCCNC(=O)CCNC(=O)Cc1ccccc1)c2ccc(cc2)C(=O)C,0.7200348405148206,0.1794871794871795
CC(C)C1=CC=CC=C1NCC=CCNC=C(N)C2=CC=CC=C2,Brc1cc(NC(=O)Cc2c(cccc2)CC)c(Cl)cc1,0.7912930491787112,0.15151515151515152
CC1=CC=CC=C1C2=NC=C(C=C2CNCCC(N)=CC(N)=CC)C,[O-]C(=O)c1cc(ccc1)CC(=O)NCCc2ccc(c3ccccc3)cc2,0.6862853420196061,0.1282051282051282
O=C(CC1=CC=CC=C1)NCCCC(=C(=O))C(C)C=CC2=CC=CC=C2,O=C(NCCCCCCNC(=O)c1cc2c3c(cccc3)Cc2cc1)c4cnc(c(C#N)c4)C,0.7345753411969796,0.20987654320987653
O=C(CC1=CC=CC=C1)NCCCC=CC2=CC(C(=C)C(C(=O)N))=C(N)C=N2,O=C(Nc1c(cccc1)CCC[NH3+])c2c(cccc2)C(C)(C)C,0.6895084480848186,0.1625
CNC1=C(C(=O)(N))C=CC=C1CC(=C(=O))C2=CC3=C(C(=O)O)C=CC=C3[NH1]2,O=C(NCCc1c(cccc1)CC)C=2c3c(NC2C)cccc3,0.7219064257896914,0.2535211267605634
CC(CC1=CC=CC=C1N)CCCC(C(=O)O)CC2=CC(C(=O)N)=CC=C2,Fc1c(ccc(c1)C(=O)N)CNc2ccc(cc2)CC(=O)NCC,0.6657137523012984,0.22972972972972974
O=C(CCC1=CC=CC=C1)NC(=O)CCCCCC(N)C2=CN=C(N)C=C2,FC(F)(F)c1c(nccc1)NCCc2c(cccc2)CC,0.7907644605705227,0.16901408450704225
N=C(C1=CC=CC=C1)CNC=CC2=CC=CC(=C2)CCC(=N)CC,O=C(OC)c1cc(ccc1)C2CN(C(=O)c3c(cccc3)C(=O)N)CCC2,0.7539021841888603,0.15
CC(N)(C)C1=CC=CC=C1CCCCC(=O)C=CC2=CCCC=C2,O=C(NCCNC(=O)CCC(=O)NCCc1ccccc1)C=CC,0.760417506030213,0.22058823529411764
NCC1=CC=CC=C1NCCC(C(=O)(N))CC2=CC3=CC=CC=C3S2,O=C(Nc1c(NCc2ccccc2)ccc(c1)C(=O)N)c3cc(N4CC=CC4)ccc3,0.6951662544283559,0.1875
C(N)=C(CC1=CC(N)=CC(C(=O)N)=C1N)CCCC2=CC=CC=C2CC,O=C(NCc1c(cccc1)C(C)(C)C)CCCCc2ccccc2,0.7587575758214437,0.22388059701492538
CN(C(=O)C1=CC(C(=C)N)=CC=C1)N=CC=C(N)C2=CC=CC(C(=O)O)=C2,O=C(N1CCN(C(=O)C2=C(c3ccccc3)CCC2)CC1)c4c(N)ccc(c4)CC,0.6759943874188611,0.17105263157894737
O=C(CC=CC(C)=CCCC1=CC=CC=C1)NC(=O)CCC2=CC=CC(F)=C2,Clc1c(C#N)ccc(c1)C(=O)NCCNC(=O)C=2OC(=O)c3c(cccc3)C2,0.7030885197571707,0.1686746987951807
O=C(NC(=O)NCC1=CC=CC=C1)CC(=C(N))C=C(C)CC(=O)CCCC,O=C(OC(C)(C)C)Nc1c(cccc1)CCC[NH2+]Cc2c(cccc2)C,0.6833325278622533,0.18181818181818182
O=C(NCC1=C(N)N=CC=C1)NCC2CCC3=CC=CC(C(=O)O)=C3C2,O=C(N)c1cc(ccc1)CC(=O)NCC(O)(CNC(=O)CCCCCCc2ccccc2)C,0.6876942064916409,0.14942528735632185
NC1=CC=C(C(=O)O)C=C1CCNC(=O)CNC2CCC3=CC=CC=C3C2,O=C(N)c1cc(ccc1)CNC(=O)CNC(=O)CCc2ccccc2,0.7432999372728808,0.2676056338028169
O=C(CCC1CCCC1)NC(=C(=O))CCC2=CC=CC=C2C(N)=C,O=C(N1CCN(C(=O)Cc2cc(ccc2)C(=O)N)CC1)c3c(cccc3)C(=O)C,0.6776073015739874,0.18421052631578946
O=C(C(N)C1=CC=C(N)C=C1)NC(C)CC2=CC=CC=C2C(=O)N,O=C(Nc1c(cc(N)cc1)C)Cc2cc(N)ccc2,0.6960499859101579,0.22580645161290322
C1=CC=CC=C1CCNC(=O)CC(C(N))C2CCC3=CC=CC=C3C2,O=C(N)c1c(cccc1)CC(=O)N2C3=NC(c4cc(N)ccc4)=CN3CCC2,0.718086189543993,0.12790697674418605
O=C(CC1=CC=CC=C1)NCCCC=CC2=CC=NC(N)=C2C(O)CCCC,O=C(NNC(=O)CCc1ccccc1)CCc2ccccc2,0.7883985261085746,0.2222222222222222
O=C(CCSC=CC1=CC=CC=C1N)NCC2=CC=CC3=C2NCCC(=O)3,[O-]C(=O)c1cc(ccc1)CN(C(=O)C=Cc2cc(ccc2)C)C,0.757031671056953,0.13793103448275862
O=C(NC=CCC(=C(C(=O)O))CCCC1=CC=CC=C1)C=CC2=CC=CC=C2,O=C(NCCc1c(cccc1)CC)CC2C(=O)c3c(cccc3)CC2,0.7059896239676544,0.14473684210526316
O=C(CCC1=CC(C(=O)N)=CC=C1)C(N)CCC(=O)CC=CC2=CC=CC=C2,O=C(NCCNC(=O)Cc1ccccc1)C=C(CCc2ccccc2)C,0.7537713615598286,0.2318840579710145
CCC1=CC=CC=C1NC(=O)CC(C(=C(=O))C(N))CC2=CC(Cl)=CC=C2,O=C1OC(C(=O)NCC=CCNC(=O)c2c(cccc2)C(=O)N)=Cc3c1cccc3,0.7132849670518069,0.16049382716049382
CC(N)(C)C1=CC=CC=C1NCC(=O)CC2=CC(C(=C(N))N)=CC=C2Br,FC(F)(F)C=Cc1c(NCCC2c3c(cccc3)CC2)cccc1,0.637888393747919,0.1625
CC(N)CCNC1=CC(N)=CC=C1CCN(C)C(=O)C2=CC=CC=C2CC,Nc1c(c2c(cccc2)C)cc(c3ccccc3)cc1,0.7762487446111189,0.1323529411764706
CN(CC1=CC=CC=C1)CCC2=CC=CC=C2NC=CC3=CCC(=O)C(N)=C3,O=C(NCCCCNC(=O)CCNC(=O)Cc1ccccc1)C=C(CC)C,0.7485245075157639,0.1625
O=C(CC1=CC=CC=C1N)CCC=CC=C(N)C(N)=CC2=CC=CC=C2,O=C1Nc2c(cccc2)C(C1)CC(=O)NCc3c(cccc3)C,0.7285637978641406,0.14666666666666667
O=C(CSC1=CC(C(=O)N)=C(N)C=C1)NC(=O)CCC2(C)C=CC=C2,O=C(NC(CCCNC(=O)CCNC(=O)Cc1ccccc1)C)c2c(O)c(ccc2)CC,0.6941143655432852,0.15853658536585366
CC(N)(C)C1=CC=CC=C1CC(C)=CCCC2=CC=C(N)N=N2,O=C(N1CCC(=O)CC1)c2c(cc(c3cc(ccc3)C(=O)N)cc2)C,0.6912645632220669,0.08974358974358974
CC(N)(C)C1=CC=CC=C1NC(=O)CCCCCC2=C(N)C(=O)CC=C2F,O=C(Nc1c(cccc1)CC(=O)N)C=C(Cc2c(OC)cccc2)C,0.7071184667418835,0.19230769230769232
O=C(NC(=O)C1=CC=CC=C1)CCC2C(=C)C=CC3=CC=CC=C23,O=C(N(CCN(C(=O)CCCC(=O)c1ccccc1)C)C)c2c(c(ccc2)CO)C,0.7494101989229505,0.18055555555555555
O=C(NCC1=CC=CC=C1)C(=O)CCN2NC3=CC=C(C(=O)N)C=C3S2,O=C(Nc1cnc(N2CCC([NH3+])CC2)cc1)c3c(c(ccc3)C(=O)N)C,0.7353711688213769,0.13953488372093023
NCCCCC1=CC=CC(C(=O)O)=C1NCCC=CC2=CC=CC(Cl)=C2,Fc1cc(ccc1)CC(C(=O)OCC(c2ccccc2)=C)C,0.7291599525923441,0.13580246913580246
O=C(NCC1=CC=CC=C1)CCC=2C=CC3=CC=CC(C(=O)O)=C3S=2,O=C(N)c1cc(c2ccc(cc2)C(=O)C=Cc3ccccc3)c(cc1)C,0.7644614576486899,0.1232876712328767
O=C(NCC1=CC=CC=C1)CCC2C(C(=O)N)CCC3=CC=CC=C23,O=C(NCCC1Cc2c(cccc2)C1)C=CC(=O)c3ccccc3,0.716803479953017,0.265625
O=C(CC1=CC=CC(C(=O)O)=C1)C(=O)CSC=CC2=CC3=CC=CC=C3C2,Clc1cc(ccc1)C=CC(=O)NCCCCNC(=O)c2c(cccc2)CCC,0.7435101740844171,0.15476190476190477
CC1=CC=CC=C1CCCC(C(=O)C(=O)C2CNC3=CC=CC=C3)=C2C,O=C(NCCCCC(=O)NCC=CCNC(=O)c1c(c(ccc1)C(=O)N)C)N,0.7395114718897688,0.13513513513513514
O=C(CCC1=CC=CC=C(C(=O)N)1)C(=O)CC2=CNC3=CC=CC=C3S2,O=C(OC)c1cc(c(NC(=O)CCc2c(cccc2)C(=O)N)cc1)CC(C)C,0.6739374809226739,0.30985915492957744
NC(=C)C1=CC=CC=C1CCCCC2CCC3=CC=CC=C3C2,O=C(NC(CCNC(=O)CC1CCCCC1)C)c2ccc(cc2)C(=O)N,0.7812680986005605,0.1527777777777778
C(=O)=C(CCC1=CC=CC=C1C(N)(N)C)CCC(=O)NC2=CC=CC=C2,S(c1ccccc1)CCC(=O)NCC=CCNC(=O)CCc2c(cccc2)C(=O)N,0.6814717825361437,0.30303030303030304
O=C(NCC1=CC=CC=C1)CC(=O)N(C(=O)C)CC(=O)C2=CC=CC(=O)C2,Clc1c(cccc1)C(=O)NCCNC(=O)C(=O)NCCc2c(cccc2)CC,0.6842438547488735,0.18055555555555555
O=C(CCC1=CC=CC=C1)NC=C(C(C(=O)C(=N)))CC2=CC=CC(C(=O)O)=C2,Fc1c(ccc(NC(=O)NNc2ccccc2)c1)C(=O)N,0.7056246625428841,0.15714285714285714
CC1=CC(=O)CC=C1C(=O)NC(=O)CCCN2CCNC3=CC=CC=C32,Clc1c(cccc1)CC(=O)NCCCc2c(cccc2)C,0.7684094945349845,0.18421052631578946
O=C(CSC(=O)C1=CCCC(C(=O)(N))=C1)CCCCNC2=CC=CC=C2,O=C(Nc1cc(ccc1)C(=O)CCC)CCNC(=O)Cc2ccccc2,0.7072446578661866,0.19480519480519481
CC(C(=O)N)CC1=CC=CC=C1C(=O)CCCC(N)C2=CC=CC=C2,O=C(NCCCNC(=O)CCNC(=O)Cc1ccccc1)C2=CCC2,0.7482164129583571,0.17647058823529413
C(=O)(CC1=CC=CC=C1)NCCC(C(C(N)))=C=CC2=CC=CC=C2Br,n1c(N)cccc1C[NH+](Cc2c(cccc2)C(C)(C)C)C,0.7012979329466701,0.0958904109589041
CC(N)(C)C1=CC=CC=C1NC(=O)CCCC(N)C2=CC=C(N)N=C2,O=C(NCCCc1c(cccc1)C)C2([NH3+])CCCCC2,0.7578988302909355,0.17333333333333334
CC(C)C1=CC=CC=C1C2CC(=O)C(CC3=CC(C(=O)C)=CC=C3)=C2,FC(F)(F)c1c(cccc1C)C(=O)NCC=CCNC(=O)c2c(c(ccc2)C(=O)N)C,0.682698257215367,0.14285714285714285
CC1=CC=CC(C)=C1C(N)(N)C(=O)NCC=CC2=CC=CC=C(C(=O)N)2,O=C(N)c1c(cccc1)CCC(=O)NCCCCNC(=O)C=2Nc3c(cccc3)C(=O)C2,0.6995941894456836,0.22077922077922077
