LIMO compound,LIMO docked affinity,Closest REAL compound,REAL docked affinity,Compound similarity
CC(N)(C)C1=CC=C(C(=O)N)C=C1N2CCCC(C3=CC(C(=O)C(C(C(=O)N)))=CC=C3)=C2,1.00417780505609E-10,Brc1cc(ccc1)C(=O)CCC(=O)Nc2c(N3CCCC3)ccc(c2)C(=O)N,7.556203401040325e-09,0.359
CC1=CC=CC=C1CC(=O)NCC(=O)C2=CC(=O)CC=C2C3=CC=CC(C(=O)C(N))=C3,1.021270221893E-10,O=C(NCCNC(=O)Cc1c(cccc1)C)c2cc(c3ccccc3)ccc2,6.601813219781305e-09,0.462
CC1=C(C(N))CCC=C1CCC=CC2=CC=CC=C2C=CC3=CC=C(C(=O)N)C=C3,1.27183663395464E-10,O=C(N)c1ccc(cc1)C=CC(=O)N(CCN(C(=O)C2=CCC2)C)C,3.485179787238657e-07,0.362
O=C(CC1=CC=CC(=C(N))C(=O)1)CC2=CC=CC=C2C=CC3=CC=C(C(=O)N)C=C3,1.337893312276E-10,Fc1c(O)c(ccc1)CC(=O)NCCNC(=O)C=Cc2ccc(cc2)C(=O)N,1.9967951264484666e-07,0.438
CC(N)(C)C1=CC=CC=C1NCC2=CC(N)=CC=C2CC3CCC(N)(C)CC3,1.53130566707913E-10,FC(F)(c1c(NCc2ccc(cc2)CC3CC3)cccc1)C,4.125966479155306e-07,0.377
O=C(CC1=CC(C(=C)N)=CC=C1)N2CCN(CC3=CC=C(C(=C(C(=O)N))N)C=C3)C(=O)2,1.5573704881045E-10,O=C(N)c1cc(ccc1)CC(=O)N2CC(=O)N(Cc3ccccc3)CC2,4.01771083005885e-08,0.455
O=C(CCC1=CC=CC(C(=C(N))(C(=O)N))=C1)N(C(=O)(N))C(=O)C=CCC2=CC=CC=C2,1.63825722985531E-10,O=C(N)c1cc(ccc1)CCNC(=O)CC=CCc2ccccc2,6.44495812539366e-08,0.406
O=C(CC1=CC=C(C(=O)C)C=C1)NCC2=CC(C(C(N)))=CC=C2[CH1]C=CC3CCCCC3,1.72334506893076E-10,O=C(NCC=CCNC(=O)Cc1ccc(cc1)C(=O)C)C=CC2CCCCC2,1.7571392636239635e-08,0.538
C(C(=O)N)=1C2=CC=CC(C(=O)N)=C2C=CC=1C=CC3=CC(C(=C(N))N)=CC=C3C,1.87509165132388E-10,O=C(N)c1c(c2c(ccc(c2)C(=O)N)C)cccc1C(=O)N,2.615858945450191e-07,0.407
C(C(C(=O)N))CC1=CC=CC=C1CCNC2=CC=CC=C2C3=CCC(=C)C(=O)S3,2.0402000529389E-10,O=C(Nc1c(cccc1)CCC(=O)N)C=2c3c(cccc3)CC2,2.634677144749383e-08,0.373
CN(CC1=CC=CC(N)=C1)C(=O)CC=CC2=C(C(=C)N)C=CC=C2CC3=CC=CC=C3,2.14616400696432E-10,O=C(N(Cc1cc(N)ccc1)C)c2c(cccc2)Cc3ccccc3,1.5613340361974413e-08,0.586
O=C(NCC1=CC=CC=C1)CC2CC(=O)C3=CC=C(C(C(C(C(C(=O)N)))))C=C3S2,2.18269451941213E-10,S1C(=NCCC(=O)N)N(C(=O)C1CC(=O)NCc2ccccc2)CCCCc3cc(F)c(F)cc3,1.7571392636239635e-08,0.457
O=C(CC1=CC=CC=C1)NCC(C(=O)N)=CC2=CC=C3C(=C2)C(=C(C(C(N)))(N))CC3,2.25763151910234E-10,O=C(Oc1cc2c(cc1)CCC2=O)CCNC(=O)Cc3ccccc3,7.131820520357163e-08,0.389
O=C(C1=CC(C(C))=CC=C1)NCC2=CC=CC(C(=C))=C2CCC(=C(N)(C))C(=O)N,2.3351412809783E-10,O=C(NCc1c(cccc1)CCC(=O)OC)c2cc(ccc2)CC,1.9967951264484666e-07,0.492
O=C(CC1=CC(C(=C)N)=C(N)C=C1)N2CC(C(=O)N)=C(C3=CC=CC(C(=O)N)=C3)C2,2.3351412809783E-10,O=C(N1CC2=C(C1)CN(C(=O)Cc3cc(ccc3)C(=O)N)C2)c4c(N)ccc(c4)CC,2.241506370730649e-09,0.538
CC1=CC=C(C(=O)(N))C=C1C(=O)CN(C)C2CC3=CC(C(C(C(C(=O)N))))=CC=C3CC2,2.49823543956009E-10,O=C(NC1C(NC(=O)CCCc2cc3c(cc2)CCCC3)CC1)c4c(ccc(c4)C(=O)N)C,1.7401601321116977e-09,0.514
N#CC1=C(C(=O)N)C=CC=C1CCC(=N)C=CC2=CC3=CC(C(=O)N)=CC=C3C=C2,2.54075866729398E-10,O=C(OC)c1c(C#N)c(ccc1)COC(=O)C=Cc2cc3c(cc2)cccc3,5.726770035455663e-08,0.451
C=C(CC1=CC=CC2=C1C=C(C(=O)N)C=C2)C=C(N)C3(C(=O)O)CC4=CC=CC=C4C3,2.6279888453013E-10,[O-]C(=O)c1cc2c(cc1)cccc2CNC(=O)C3(Cc4c(cccc4)C3)C,2.0601067410482055e-09,0.441
O=C(CC1=C(C(=O)O)C=CC2=C1C=C(C(=O)N)C=C2)C=CC3(N)CC4=CC=CC=C4C3,2.67272064534754E-10,Fc1c(cc(cc1)C(=O)N)C(=O)NCC2(C([O-])=O)Cc3c(cccc3)C2,8.026214485119952e-08,0.366
CC1=CC=C(C(=O)O)C=C1NC(=O)NC(=O)C2=CC3=CC(Cl)=C(C(=C)C(N))C=C3C(=O)2,3.00790367580552E-10,Clc1c(Cl)cc2c(NC=C(C(=O)Nc3c(ccc(c3)C(=O)C)C)C2=O)c1,8.443080184870419e-08,0.364
O=C(NC1=CC=CC(C(=O)C)=C1)N2CCC(=O)C(C3=CC=CC(C(=O)C(=N)(C(C)))=C3)=C2,3.11117203279152E-10,O=C(N1CC=C(c2ccc(cc2)CC)CC1)Nc3cc(ccc3)C(=O)C,1.6034035719839377e-07,0.425
O=C(NC1=C(C(=O)N)C=CC2=C1C=C(C(=O)N)CC2)C(=O)C=CC3=CC=CC(C)=C3,3.16412824131163E-10,O=C(N)c1c(NC(=O)C=Cc2cc(ccc2)C)cc(cc1)C,4.2676205429835293e-07,0.484
C=C(C(N)C1=CC=CC=C1)C(N)=CC2=CC=CC(=C2)CC3=CC=CC(C(=O)N)=C3,3.21798583361615E-10,O=C(N)c1cc(ccc1)CNC(=O)C([NH3+])c2ccccc2,2.1005047144726285e-07,0.527
CC(C)(C(=O)C1CCC(C(C(=O)(N)))CC1)CCCCC2=CC=CC(C(=C)N)=C2C,3.21798583361615E-10,O=C(N1CCC(CC(=O)N)CC1)c2c(c(ccc2)CO)C,1.463118529005241e-06,0.431
CC1=CC=C(C(=O)(N))C=C1CC2=CC(N)=CC=C2CCNC3=C(N)C=CC(=O)C3,3.38512165073199E-10,O=C(N)c1cc(c2c(ccc(N)c2)C[NH+]3CCOCC3)c(cc1)C,9.995428629292189e-08,0.366
CC1=CC=CC=C1C(=O)NC=CC2=CC(=O)CC=C2C3=CC=CC(C(=O)N)=C3,3.50134078164389E-10,O=C(NNC(=O)c1cc(c2ccc(cc2)C(=O)N)ccc1)c3c(cccc3)C,1.069354314392057e-07,0.468
O=C(CC1=CC(C(=O)C(=O)(N))=CC=C1)N2CCC(CC3=CC=C(C(=O)(N))C=C3)C2(=O),3.50134078164389E-10,O=C(N)c1cc(ccc1)CC(=O)N2CCN(C(=O)Cc3ccc(cc3)C(=O)N)CC2,3.9122955543925884e-09,0.527
CC1=C(C(=O)N)C=CC=C1CSC2=CC=CC=C2C=C3C=C(C(=O)N)C4=CC=CN=C34,3.62154998670482E-10,O=C(NCC=CCNC(=O)c1c(c(ccc1)C(=O)N)C)c2c(c(c3ncccc3)ccc2)C,1.6823994310505978e-09,0.37
CC1=C(C(=O)N)C=CC=C1CCCCC=CC2=C(C(=O)N)C(=C)C3=CC=CC=C3C2,3.62154998670482E-10,O=C(NCC=CCNC(=O)c1cc2c3c(cccc3)Cc2cc1)c4c(c(ccc4)C(=O)N)C,8.859050551923628e-10,0.397
C(N)C1=CC=CC=C1CCC2=CC=CC=C2C=CC=CC3=CC(C)=CN=C(N)3,3.62154998670482E-10,O=C(Nc1c(ncc(c1)C)C)CCc2c(cccc2)C[NH3+],1.7153906960907087e-07,0.414
C(N)CCCCC1=CC=C(C(=O)N)C=C1N2CCCC(C3=CC=CC(C(=O)N)=C3)C(=O)2,3.7458862544776E-10,Fc1c(N2C(=O)C(N(C=O)Cc3cc(ccc3)C(=O)N)CCC2)ccc(F)c1,1.2537333137184442e-08,0.37
CC(=C(C(=O)N))C1=CC=CC=C1CCNC2=CC=CC=C2C3=C(N)NC(=O)CS3,3.80964612744314E-10,S1c2c(NC(=O)C1)cc(cc2)C(=O)NCCNC(=O)C=C(c3c(cccc3)C)C,1.7277310266162335e-08,0.35
O=C(CC1=CC=CC(C(C)C)=C1)N2C(C(=C)C)=CCC(C3=CC=C(C(=O)N)C=C3)=C2,3.80964612744314E-10,O=C(OCc1cc(ccc1)C(C)C)c2cc(c3ccc(cc3)C(=O)N)ccc2,8.083954182461677e-09,0.435
CC1=CC=CC=C1NC=CC=CC2=CC=CC3=C2C=CC(C(=C(C(N)))(N))=C3,3.87449127666227E-10,O=C(Nc1c(cccc1)C)C=Cc2c3c(ccc2)cccc3,1.1440416335501127e-07,0.381
CN(CC1=CC(C(=O)N)=CC=C1)C(=O)CC(=O)C2=CCC(=C)C(C)=C2NC3=CC=CC=C3,3.87449127666227E-10,O=C(N(Cc1cc(ccc1)C(=O)N)C)CNc2ccccc2,1.354385632577588e-07,0.531
O=C(CC1=CC=CC=C1)NCCCC2=C(C(=O)N)CCC3=C2C=C(C(=O)N)CC3,3.94044017495324E-10,O=C(N)c1ccc(cc1)CC(=O)NCCCCNC(=O)CCNC(=O)Cc2ccccc2,3.6925673166338796e-08,0.448
C(N)C1=CC=CC=C1CCC2=CC=CC=C2C=CC=C(N)C(Cl)=C(N)C,3.94044017495324E-10,Clc1c(cccc1)C=C(C(=O)NCc2c(cccc2)C[NH3+])C,4.6768036128584304e-08,0.339
C(C(=O)(N))=CC1=CC(C(=O)O)=CC=C1CC(=O)C2=C(C)C3=CC=C(C(=C)(C))C=C3C2=O,3.94044017495324E-10,[O-]C(=O)c1cc(c(cc1)CNC(=O)c2cc3c(c4c(cccc4)C3=O)cc2)C,3.570000851060834e-08,0.347
O=C(NCC1=CC=C(N)C=C1)CC2=C(C(=O)C)CC3=CC=CC(C(=O)N)=C3S2,3.94044017495324E-10,O=C(N)c1c(cccc1)CC(=O)NCc2ccc(N)cc2,3.36949708418157e-07,0.509
C(CC1=CC=C(C(=N)C)C=C1)C(O)C2=CC=CC=C2CC3=CC=CC(C(=O)N)=C3,4.00751160956583E-10,O=C(N)c1cc(ccc1)CNc2ccc(cc2)CCC(O)c3ccccc3,1.3873481875084242e-08,0.5
C(C(=O)C)=C(CC1=CC(C(=O)N)=CC=C1)CCC=C2CCC=C2[NH1]C3=CC=CC=C3,4.07572468753327E-10,O=C(N)c1cc(ccc1)CC(=O)Nc2ccc(Nc3ccccc3)cc2,7.629930967206321e-08,0.446
NC(=O)C1=CC=C(C(=O)N)C=C1CC(=C)C2=C(C(=O)N)C3=CC=CC(C(=O)C)=C3S2,4.07572468753327E-10,S1c2c(cccc2)C(C(=O)NCCNC(=O)c3c(ccc(c3)C(=O)N)C)=C1C(=O)C,3.0668876159758165e-08,0.366
O=C(NC1=CC=CC=C1C)N2CC(C(=C)C(C(=O)C))=CC3=CC=C(C(=O)C(C(N)))C=C32,4.07572468753327E-10,O=C(Nc1c(cccc1)C)CCC(=O)c2cc3c(cc2)CCCC3,5.824247135708563e-08,0.37
C(C(=O)N)=C(CC1=CC=CC(C(=O)C)=C1)N2CCCC(C3=CC=CC(C(=O)N)=C3)=C2,4.1450988411155E-10,O=C(N1CCN(C(=O)Cc2cc(ccc2)C(=O)N)CCC1)c3cc(ccc3)C(=O)C,6.82846888359762e-09,0.47
CC1=CC(C(C(C(=O)(N))))=CC=C1C2=CC=C(C=C2CC(=O)CC=CC(=C(N))C)C,4.21565383333484E-10,O=C(Nc1ccc(cc1)CCC(=O)N)CCCc2c(ccc(c2)C)C,3.451502703596816e-08,0.388
CC1=CC=CC=C1CCCC(=O)NC=CC2=CC3=CC=C(C(=O)C(=O)(N))C=C3C2,4.28740976360603E-10,O=C(NCCCCNC(=O)CCc1c(cccc1)C)C(=O)c2cc3c(cc2)CCCC3,2.0802076631645675e-08,0.4
CCC1=C(N)C=C(C(=O)N)C=C1CCCC2=CC=CC=C2C3=CCCCC(=N)3,4.28740976360603E-10,O=C(N1CCN(C(=O)C2=CCCC2)CC1)c3cc(N)c(cc3)CCCC,3.0668876159758165e-08,0.356
O=C(CC1=CC=CC(=O)C1)CC2=CC(C(=O)N)=CC=C2C(=O)ONC(=O)C3=CC=CC=C3,4.43460655237778E-10,O=C1N(C(=O)CN1C)Cc2c(NC(=O)c3ccccc3)cc(cc2)C(=O)N,3.33693783557396e-08,0.325
C(C(=O)N)C1=CC=CC=C1NC(=O)NCC2=CC3=CC(C)=C(C(=O)C(N))C=C3C2,4.58685695062923E-10,O=C(Nc1c(cccc1)CC(=O)N)NCc2c(cc(c(c2)C)C)C,9.663652860855617e-08,0.532
O=C(CC1CCCCC1)NCC2CC3=C(C(=O)C(C(C(=O)N)))C=CC=C3CC2,4.58685695062923E-10,O=C(NCCNC(=O)CC1CCCCC1)c2c3c(ccc2)CCCC3,1.4594043073710918e-08,0.508
O=C(C1=CC(N)=CC=C1NC(=O)C2=CC=CC=C2)C3CCCC(C(C(=O)(N)))=3,4.66493124242965E-10,O=C(Nc1c(NC(=O)c2ccccc2)cccc1)c3ccc(cc3)CC(=O)N,2.590582057060172e-08,0.444
O=C(CC1=CC=CC=C1)NCC=CC2=C(C(=O)N)C(=O)CC(=C2)CCCC(=O)(N),4.8250892251248E-10,O=C(NCCC(=O)NCC=CCNC(=O)CCCCC(=O)N)Cc1ccccc1,9.828140844988804e-08,0.508
C=C(N)C1=CC=CC=C1CCC2=CC=CC=C2CCC(N)C3CCCCC3,4.90721854116415E-10,O=C(N)c1c(cccc1)CCC(=O)NC(C2CCCCC2)C3CCCCC3,3.2493844409427557e-09,0.436
CCC1=CC=C(C(=C(=N))C(C(=O)(N)))C(O)=C1CC(=O)NC(=O)C2=CC=CC=C2,4.90721854116415E-10,O=C(OCC(=O)NC(=O)c1ccccc1)c2c(O)c(ccc2)CC,3.6048341476239144e-07,0.438
C(=O)(CC1=CC=C(C)C=C1)NCC=CC2=C(C(=O)N)C=CC=C2NC(=C)C(=O)CC,5.07569481259313E-10,O=C(N)c1c(NCC(=O)NCC=CCNC(=O)Cc2ccc(cc2)C)cccc1,1.4247297425566048e-07,0.565
O=C(CC1=CC=CC=C1)NC(=C)C=CC2=CC3=CC=C(C(C(CC))N)C=C3C=C2,5.07569481259313E-10,O=C(OCC(=O)NC(=O)Cc1ccccc1)C=Cc2cc3c(cc2)cccc3,3.3937368727139225e-08,0.492
O=C(CC1=CC=C(C(=O)N)C=C1)C(=C)C2=CN=NN=C2CC3=CC=CC(C(=O)N)=C3,5.07569481259313E-10,O=C(N)c1cc(ccc1)CC(=O)NCCNC(=O)Cc2ccc(cc2)C(=O)N,5.263316539506193e-08,0.439
O=C(CC1=CC(C(=O)N)=CC=C1)CCC2=CC=CC=C2CC=C(C(=O)O)C3=CCCC=C3,5.07569481259313E-10,O=C(N)c1c(cccc1)CCC(=O)NCC=CCNC(=O)Cc2cc(ccc2)C(=O)N,3.33693783557396e-08,0.392
CC(C(=O)C1=CC=CC=C1)C(=N)CCC(=O)N2CCC3=CC=C(C(=O)N)C=C3C2,5.07569481259313E-10,O=C(OC(C(=O)c1ccccc1)C)CCC(=O)N2Cc3c(cc(OC)c(OC)c3)CC2,7.012459310633414e-08,0.507
O=C(CC1=CC=C(C(=O)C)C=C1)NCC2=CC(N)=CC(C)=C2N3CCCC(C)C3,5.16208976280712E-10,Clc1c(N2CC(CCC2)C)ccc(c1)CNC(=O)Cc3ccc(cc3)C(=O)C,1.8484016003142754e-08,0.612
C1=CC=C(C(=O)(N))C=C1CC(=O)NC(=O)C2=CC3=CC(C(=O)(N))=CC=C3C(=C(N))2,5.16208976280712E-10,O=C(NCC=CCNC(=O)Cc1cc(ccc1)C(=O)N)c2ccc(cc2)C(=O)N,1.1329868277338134e-08,0.483
O=C(C(=C)CC1=CC=CC(C(=C)N)=C1)CCC(C)=C(C(=O)N)C2=CC=C(C(=O)O)C=C2,5.16208976280712E-10,O=C(N)c1cc(ccc1)CC(=O)Nc2ccc(cc2)C(=O)C,3.2031327089714976e-07,0.355
C=C(C1=CC=CC=C1)CC2=CC=CC=C2C(C(=O)C)CC3=CC=CC(C(=O)(C(N)))=C3,5.24995526783143E-10,Fc1cc(ccc1)CC(C(=O)OCC(c2ccccc2)=C)C,7.448648416157136e-07,0.375
CC1=CC=CC=C1C(=O)NC=CC2=CC=C(C)N=C2CC(=O)CC3=CC(C(=O)O)=CC=C3,5.61662988575448E-10,O=C(NNC(=O)c1cc(ccc1)CNc2nc(cc(n2)C)C)c3c(cccc3)C,5.352905056385263e-08,0.414
C(C(=O)(N))=CC1=CC=CC=C1CC(=C)C2=C(C)C3=CC=C(C(=O)(N))C=C3C(=O)2,5.61662988575448E-10,[O-]C(=O)C=Cc1c(c2c(ccc(c2)C(=O)N)C)cccc1,2.3243630655657437e-07,0.419
O=C(CC1=CC(C(N))=CC=C1)C(C)C2=CC=CC=C2CC3=CC=C(N)C(C(=O)N)=C3,5.61662988575448E-10,O=C(N)c1c(cccc1)CC(=O)NC(C(=O)Cc2ccccc2)C,5.923383423429206e-08,0.375
O=C(C1=CC=C(C(=O)C)C=C1)NC2=NN=C(N)CN2C=CC3=CC=CC(C(C(=O)(N)))=C3,5.71223225691086E-10,O=C(Nc1cc(NC(=O)c2ccc(cc2)CC(=O)N)ccc1)c3ccc(cc3)C(=O)C,6.779696498481721e-08,0.46
C(C(=O)(N))#CC1=CC=C(C(=O)C(C(C(=O)N)))C=C1CC(=O)C2=CC3=CC=CC=C3C2,5.80946190519904E-10,O=C(N1CCN(C(=O)CCC(=O)N)CC1)C2=Cc3c(cccc3)C2,1.0338595034593203e-07,0.429
O=C(CC1=CC=CC=C1)NCC=CC2=C(C(=C(N))N)C=CC=C2CC(=O)CCC,5.90834652899958E-10,O=C(NCC=CCNC(=O)CCNC(=O)Cc1ccccc1)c2c(N)c(ccc2)CC,4.01771083005885e-08,0.485
O=C(CC1=CC=CC=C1)C(=C)C2=CC=CC=C2CC3=CCCC(C(=O)C(=O)(N))=C3,5.90834652899958E-10,O=C(N1CCN(C(=O)C2=CCC2)CC1)c3c(cccc3)Cc4ccccc4,4.155648224664381e-08,0.393
O=C(C1=CC(N)=CN=C1NC(=O)C2=CC=C(C(=O)O)C2)CCCC3CCCCC3,5.90834652899958E-10,O=C(OC)c1c(ncc(C#N)c1)NC(=O)CCCC2CCCCC2,3.5445020958727777e-07,0.4
CC1=CC=C(N)C=C1CC2=CC=CC=C2CCC(C)CC3=C(N)C(N)=CC=C3,6.00891429815573E-10,Fc1c(cccc1)CCC([NH2+]Cc2c(ccc(N)c2)C)C,1.866436868034807e-07,0.439
O=C(CCC1=CC=CC2=C1C=C(C(=O)N)C=C(N)2)NC3=CC(=N)CCC3,6.11119386199814E-10,O=C(N)c1cncc(c1)C=2N=NN(c3c(cccc3)CCC(=O)Nc4cc5c(cc4)CCC5)C2,1.8616987965412166e-09,0.322
O=C(CC1=C(C)C2=CC=CC=C2C(=O)1)NC=CC3=CC4=CC(C(=O)C)=CC=C4N3,6.11119386199814E-10,O=C1OC(C(=O)NCC=CCNC(=O)C=2Nc3c(cc(cc3)C)C2)=C(c4c1cccc4)C,2.887292219440181e-09,0.329
O=C(CC1=CC(N)=CC=C1)C(C)C2=CC=CC=C2CC3=CC=C(N)C(C(=O)N)=C3,6.11119386199814E-10,O=C(N)c1c(cccc1)CC(=O)N(Cc2cc(N)ccc2)C,1.5242376825949801e-07,0.443
O=C(CCC1=CC=CC=C(N)1)NCC2CC(=O)C3=CC=CC(C(=C)N)=C3C=2,6.21521435750654E-10,O=C(NCc1c(c2ccccc2)cccc1)CCc3c(N)cccc3,1.1718849111824172e-08,0.492
O=C(CC1=CC=CC=C1)NCC=CC2=C(C(=O)O)C=CC(=C2)CC(=O)CCC(N)C,6.32100541761001E-10,O=C(NCC=CCNC(=O)CCNC(=O)Cc1ccccc1)Cc2ccc(cc2)C(C)C,3.451502703596816e-08,0.446
CCC(N)C1=CC=CC(C(=O)C)=C1CCNC(=O)CC2=CC3=CC=CC=C3S2,6.42859717962888E-10,S1c2c(cccc2)C=C1CC(=O)NCCNC(=O)c3c(cccc3)C(=O)C,1.0514571415418938e-07,0.6
O=C(N)C1=CC=CC=C1CCC2=CC=CC=C2C(=C)C(C3)CCC(C(=C(C(=O)(N)))N)C3,6.42859717962888E-10,O=C(N)c1c(cccc1)CCC(=O)N2CCN(C(=O)C=C(C3CC3)C4CC4)CC2,1.2537333137184442e-08,0.474
CCC1=CC(N)=C(C(=O)N)C=C1CC(=O)C=C(C(=O)NC)C2=CC=C(C)C=C2,6.42859717962888E-10,Fc1c(cc(N)c(c1)C(=O)NCC=CCNC(=O)c2ccc(cc2)C)CC,1.1833192542966173e-07,0.415
CC1=C(C(=C)N)C=CC=C1CCC=C(CCNC(=O)C(N))CC2=CC=CC=C2C,6.42859717962888E-10,O=C(NCCNC(=O)Cc1c(cccc1)C)c2c(c(ccc2)C(=O)N)C,3.172181029362035e-08,0.446
CN(C1=CC=C(C(=C)N)C=C1)C(=O)C2=CC=CC=C2C=CC3=CCCC(C)=C3,6.5380202938598E-10,O=C(N(c1ccc(cc1)C(=O)N)C)c2c(c3c(cccc3)C)cccc2,2.0453924147377183e-08,0.393
O=C(CC1=CC=CC=C1)NCC2=CC=CC=C2CC(=C(=O))CC3=CC(=O)CC=C3,6.5380202938598E-10,O=C(NCCNC(=O)Cc1ccccc1)Cc2c(cccc2)CC#N,9.663652860855617e-08,0.39
CN(CC1=CC(C(=O)(N))=CC=C1)C(=O)CC(C)C2=CC=CC=C2NC3=CC=CC=C3,6.6493059323077E-10,O=C(N)c1cc(ccc1)CN(C(=O)CC(c2c(cccc2)C)C)C,4.2983213321261525e-08,0.709
CC(N)(C)C1=CC=CC=C1CCCCC2=CC=CC=C2NC3=C(N)C=CCC3,6.6493059323077E-10,O=C(Nc1c(cccc1)CCC[NH3+])c2c(cccc2)C(C)(C)C,4.445892740524959e-08,0.333
O=C(NCC1=CC(N)=CC=C1)CC2=C(C(=O)C(N))C(=C)CC3=CC=CC=C23,6.6493059323077E-10,O=C(NCc1cc(N)ccc1)CC2=Cc3c(cccc3)C2,5.726770035455663e-08,0.516
CC1=CC=CC=C1CC(N)=CC(=O)CC2=CC(N)=NN=C2C3=CC=CC(C(=O)N)=C3,6.6493059323077E-10,O=C(N)c1cc(ccc1)C=2N=NN(C2)Cc3c(cccc3)C,1.6034035719839377e-07,0.462
NC1=CC(C(=O)(N))=CC2=C1CC(=C)C(=O)N2CCC(=O)NC3=NC=CC(C)=C3,6.76248579756553E-10,O=C1N(C(c2c1cccc2)=C)CCC(=O)Nc3nccc(c3)C,1.7445888845670106e-07,0.529
O=C(NC1=CC=CC=C1)C=CC(=O)C2=CC=CC3=C2C=CC=C(C(=C)C(=O)(N))3,6.8775921318459E-10,O=C(Nc1ccccc1)c2c3c(c(N)ccc3)ccc2,4.056912532995847e-07,0.438
CC(N)(C)C1=CC=CC=C1CCN(C(=O)C(=O)(N))CCC=CC2=CC=CN=C(N)2,6.8775921318459E-10,O=C(N(CCN(C(=O)C(=O)N)CC)CC)c1c(nccc1)N,2.6413824660922037e-06,0.388
C(C(=O)N)C1=CC=C(C(=C)C(C(=O)N))C=C1CC(=O)C2=CC3=CC=CC=C3C2,6.8775921318459E-10,O=C(Nc1c(cccc1)CC(=O)N)C2=Cc3c(cccc3)C2,7.629930967206321e-08,0.483
C(=O)(CC1=CC=CC(C(=C)N)=C1C)CC=CC=CC2=CC=CC(C(=O)(N))=C2,6.8775921318459E-10,O=C(NCC=CCNC(=O)Cc1cc(ccc1)C(=O)N)c2c(c(ccc2)CO)C,2.634677144749383e-08,0.394
CC(N)(C)C1=CC=CC=C1CCC(=C(C))CC=C(C)C2=CC=C(C)C=C2,6.8775921318459E-10,FC(F)(F)c1c(cccc1)CCNC(=O)c2ccc(cc2)C,5.782647411208766e-07,0.35
O=C(C(N)=CC1=CC=CC=C1)CC=C(C(=O)N)CC=CC2=CC(C(=O)N)=CC=C2,6.8775921318459E-10,O=C(N)c1cc(NC(=O)C(=Cc2ccccc2)CC)ccc1,7.376672572429295e-08,0.424
C(C(=O)N)=C(NC1=CC=CC=C1)C(=O)C2=CCC=C2CC3=CC=CC(C(=O)N)=C3,6.8775921318459E-10,O=C(Nc1ccccc1)NCc2cc(ccc2)C(=O)N,4.125966479155306e-07,0.466
O=C(CCC1=CC=CC=C1)NCC=2C(=O)CC3=CC=CC(C(=C(N))N)=C3C=2,6.99465772616584E-10,O=C(NCC=CCNC(=O)CCc1ccccc1)c2c3c(ccc2)CCC3=O,2.547224963687349e-08,0.448
O=C(C1=CC=CC(N)=C1)NC2=CC=CC=C2C=CC3=C(C(=O)N)CCC(C(=O))=C3,6.99465772616584E-10,ClC1=C(C(=O)Nc2cc(NC(=O)c3cc(N)ccc3)ccc2)CC1,1.1833192542966173e-07,0.406
O=C(CC1=CC(C(=O)N)=CC=C1)C=CC=C2C=CC=C(C(C(C(=O)N)))C2=C,7.11371592968838E-10,O=C(N)c1cc(ccc1)CC(=O)Nc2cc(ccc2)CCC(=O)N,1.7277310266162335e-08,0.422
CC1=CC=C(C(=O)N)C=C1NC(=O)CC=C2C(C(=O)C)=C(N)C=C2CCCCC,7.11371592968838E-10,O=C(N)c1cc(NC(=O)CCCCCCCC)c(cc1)C,5.225723265577915e-07,0.533
CC(N)(C)C1=CC=CC=C1CCC=C(C(=O)C)CCC=CC2=CN=C(N)C=C2,7.11371592968838E-10,O=C(NCc1c(cccc1)C(C)(C)C)CCc2cnc(N)cc2,4.6768036128584304e-08,0.38
O=C(CC1=CC=C(N)C(C(=O)N)=C1)N2C=C(C(O))CC(C3=CC=C(C(=O)C)C=C3)=C2,7.23480065922273E-10,O=C(N1CCN(C(=O)Cc2ccc(cc2)C(=O)N)CC1)c3ccc(cc3)C(=O)C,5.536682786610249e-08,0.369
O=C(CC1=CC=CC=C1)NCCC=C2C=CC3=CC(N)=C(C(=O)N)C=C3C2,7.23480065922273E-10,O=C(NCCNC(=O)Cc1ccccc1)c2c(N)cc3c(c2)CCCC3,7.759802350413329e-08,0.484
C(N)C1=CC=CC=C1CCC2=CC=CC=C2C=CC=CC(C(N))=C(N)C,7.35794640888658E-10,O=C(NCc1c(cccc1)C[NH3+])C=CC=Cc2ccccc2,1.1635147152901843e-07,0.364
NC1=CC=C(N)C=C1CC2=CC=CC=C2CCC(=O)C3=CC=C(C(N))CC3,7.35794640888658E-10,O=C(N1Cc2c(ccc(N)c2)C1)CCc3c(N4N=NC(c5ccc(N)cc5)=C4)cccc3,2.887292219440181e-09,0.266
C(=O)(N)CC1=CC=CC(C(=O)C)=C1CC=C(C)C(=O)C=C(N)C2=CC=CC=C2C,7.35794640888658E-10,O=C(Nc1c(cccc1)CC(=O)N)C=C(c2c(cccc2)C)C,1.6584521607389992e-07,0.458
C(CC(=C(=O)))=C(CC1=CC=CC=C1C)C2=CC(C(=O)N)=CC3=CC(C(=O)N)=CC=C32,7.48318825993242E-10,O=C(NCc1c(cccc1)C)c2c3c(cc(c2)C(=O)N)cccc3,5.444018486747391e-08,0.468
CCC(=O)C=C(N)C1=CC=CC(C(=O)N)=C1C(=O)C(C)=CC(=O)C2=CC=C(C)C=C2,7.48318825993242E-10,O=C(NCCNC(=O)C=CC(=O)c1ccc(cc1)C)c2c(c(ccc2)C(=O)N)C,1.0412969741292453e-08,0.387
O=C(CC1=CC2=CC=CC=C2C(=O)1)NCC3=CC=CC4=C3NC(=C)CC(=O)4,7.48318825993242E-10,O=C(NCCNC(=O)CC=1C(=O)Oc2c(cccc2)C1)c3c4Nc5c(cccc5)C(=O)c4ccc3,2.357925776599026e-09,0.364
CC(N)(C)C1=CC=CC=C1CCC=CC2=CC(=O)CC=C2NC3=CC=CC=C3,7.48318825993242E-10,O=C(NCc1c(cccc1)C(C)(C)C)C2=C(OCC2=O)Nc3ccccc3,9.25260985941592e-09,0.301
O=C(NC1=CC=CC=C1N)CCCC2=CC(=C(=O))C3=CC=C(C(C(N)))C=C32,7.6105618907415E-10,O=C(Nc1c(N)cccc1)CCCc2cc3c(cc2)cccc3,3.451502703596816e-08,0.525
C=C(N)C1=CC=CC(C(=O)C)=C1CCNC(=O)CC2=CC3=CC=CC=C3C2=O,7.6105618907415E-10,O=C(NCCNC(=O)CC=1C(=O)Oc2c(cccc2)C1)c3c(cccc3)C(=O)C,6.231032238480951e-08,0.439
O=C(CC1=CC=CC=C1)NCCCC2=CC=CC3=C2CC(=C(=C(N)))CC3,7.6105618907415E-10,O=C(NCCC(=O)NCc1c2c(ccc1)CCCC2)Cc3ccccc3,2.3019028844124833e-08,0.469
NC(=O)C1=CC=CC(C(=O)C)=C1CC=CC2=C(C(=O)C)C=CC=C2C=CC3=CC=CO3,7.74010358698762E-10,O=C(N)c1c(c(NC(=O)CCNC(=O)C=CC=2OC=CC2)ccc1)C,2.705667491374261e-07,0.386
CC1=CC=CC=C1CNC(=O)CC(C(=O)O)=C2C(=O)CC3=CC=C(C(=O)N)C=C3[CH1]2,7.74010358698762E-10,O=C(OCC(=O)NCc1c(cccc1)C)c2c(ccc(c2)C(=O)N)C,4.919707539022397e-08,0.47
O=C(CC1=CC=C(C)C=C1)NCC2=CC=CC=C2C3CC(=O)NC(N)=C3,7.74010358698762E-10,O=C(NCc1c(cccc1)C2CC2)Cc3ccc(cc3)C,6.126747008126378e-08,0.6
CC(CC1=CC(C(=O)N)=CC=C1)=C(C)CC(=O)NC=CC2=CC=CC(N)=C2,7.74010358698762E-10,O=C(N)c1cc(ccc1)CNC(=O)C=Cc2cc(N)ccc2,9.663652860855617e-08,0.534
O=C(CC1=CC=CC=C1)NCC2=CC=CC=C2C3CCCC(C(=O)(N))=C3,7.74010358698762E-10,O=C(NCc1c(cccc1)C2CCC2)NCCNC(=O)Cc3ccccc3,1.2121184566672398e-08,0.517
CC1=C(C(=O)N)C=CC=C1CCCCC=CC2=CN=C(N3CCC(N)C3)C=C2,7.74010358698762E-10,O=C(Nc1cnc(N2CCC([NH3+])CC2)cc1)c3c(c(ccc3)C(=O)N)C,5.003447382254635e-08,0.486
O=C(CC1=CC=CC=C1)NCC2=CC=CC(=C2)CC3=CCCC(C(=C(N))N)=C3,7.87185025197419E-10,O=C(NCCNC(=O)Cc1ccccc1)C2=CCC2,7.323984638763735e-07,0.431
CC1=C(C(=O)N)C=CC=C1CCCC(=C(N))C=CC2=CC3=CC=CC=C3S2,7.87185025197419E-10,S1c2c(cccc2)C=C1CCNC(=O)c3c(c(ccc3)C(=O)N)C,4.598530619970025e-08,0.448
O=C(C(N)(N)C1=CC=CC=C1)NCC=CC2=CC=CC=C2C=C(N)CC,7.87185025197419E-10,O=C(NCC=CCNC(=O)C(c1ccccc1)(CC)CC)C=Cc2c(cccc2)C,5.088612586911091e-08,0.419
O=C(CC1=CC=CC=C1)NC(=O)CCC(C(=O)O)=CCC(=O)CC2=CN=CC3=C2CCC3,7.87185025197419E-10,O=C(NCCC(=O)NCc1c2c(cnc1)CCC2)Cc3ccccc3,7.502233167218944e-08,0.522
NC1=CC=C(N)C=C1CC2=CC=CC=C2CCC(C)CC3=CC=CC(N)=C3,7.87185025197419E-10,[NH+](Cc1c(N)cccc1)(Cc2cc(N)ccc2)C,7.8355164770535e-07,0.42
ClC1=C(C(=O)N)C=CC=C1CCC(=O)CCC=CC2=C(C(=O)N)C3=CC=CC=C3C2,7.87185025197419E-10,O=C(NCC=CCNC(=O)CCc1c(cccc1)C(=O)N)c2cc3c4c(cccc4)Cc3cc2,5.301180255280092e-09,0.392
C(=O)=C(CC1=CC=CC=C1)C(=O)NC=CC2=CC3=CC=CC(C(=C)N)=C3C=C2,8.005839417147E-10,Brc1c2c(cc(cc2)C=NNC(=O)Cc3ccccc3)ccc1,3.01555886830405e-08,0.377
O=C(CC1=CC=CC=C(C(=O)N)1)N2CCC(=C(C(=O)O))C(C3=CC=CC(N)=C3)=C2,8.005839417147E-10,O=C(N)c1c(cccc1)CC(=O)N2C3=NC(c4cc(N)ccc4)=CN3CCC2,1.0412969741292453e-08,0.466
C(C(=O)C)=C(CC1=CC(C(=O)N)=CC=C1)N2CCC(C(=O)O)=C(C3=CC=C(C(=O)O)C=C3)C2,8.005839417147E-10,O=C(N)c1cc(ccc1)CC(=O)N2CC(c3ccccc3)=C(CC2)C,2.634677144749383e-08,0.5
C=C(CC1=CC=C(C(=C(N))C(N))C=C1)NC2CCC(C3=CC=CC(C(=O)C(C))=C3)CC2,8.14210925278593E-10,O=C(NC1CC(NC(=O)c2ccc(cc2)CC(=O)N)C1)c3cc(ccc3)C4CC4,5.003447382254635e-08,0.449
CN(CC1=CC(C(=O)N)=CC=C1)C(=O)C2=CC=NC=C2CC3=CC(N)=CC(=O)C(=O)3,8.14210925278593E-10,O=C(N(Cc1cc(ccc1)C(=O)N)C)c2c(N(C)C)cncc2,1.774284064318968e-07,0.603
CC(N)(C)C1=CC=CC=C1NSC2=CC=CC=C2C3=CC(C(=O)N)=CC(F)=C3,8.14210925278593E-10,S(c1c(NC(=O)Nc2c(c3cc(F)cc(F)c3)cccc2)cccc1)C,1.1635147152901843e-07,0.417
C(C(=O)N)=C(CC1=CC(C(=O)C)=CC=C1)N2CCC(C(=O)N)=C(C3=CC=CC=C3)C2,8.28069857887899E-10,O=C(N)c1cc(ccc1)CC(=O)N2CC(c3ccccc3)=C(CC2)C,2.634677144749383e-08,0.547
O=C(CC1=CC=CC=C1)N2CCCN(C3=CC=CC(C(=C(C(=O)C(N)))C(N))=C3)C(=O)2,8.28069857887899E-10,O=C(OCC(=O)Cc1ccccc1)c2cc(N3C(=O)NCCC3)ccc2,7.502233167218944e-08,0.408
CC1=C(C(=O)N)C=CC=C1CCC2=CC=CC=C2C=CC=CC(Cl)=CCNC,8.28069857887899E-10,O=C(NCCNC(=O)C=CC=Cc1ccccc1)c2c(c(ccc2)C(=O)N)C,6.275857593726992e-09,0.382
O=C(NCC1=CC=CC=C1)CCC2CCC3=C(N(C(=O)C(C(C))))C=CC=C3S2,8.28069857887899E-10,O=C(Nc1c(NC(=O)CCC)cccc1)CCCC(=O)NCc2ccccc2,5.923383423429206e-08,0.554
O=C(CC1=CC=CC=C1)NCCC=CC2=CC3=CC=C(C(=O)C(C(C)))C=C3C2=O,8.28069857887899E-10,O=C(Nc1cc(ccc1)C(=O)CCC)CCNC(=O)Cc2ccccc2,3.884351956974374e-08,0.492
CN(CC1=CC=CC(C(=O)N)=C1)C(=O)CNC2=CC=CC=C2C(N)C3=CC=CC=C3,8.28069857887899E-10,O=C(N(Cc1cc(ccc1)C(=O)N)C)CNc2c(cccc2)C(=O)N,4.919707539022397e-08,0.679
CC1=CC=CC=C1CC(=O)NC(=O)CNC2CC(=O)C3=CC=CC(C(=O)N)=C3C2,8.4216468761809E-10,O=C(NC1C(NC(=O)Cc2c(cccc2)C)CC1)c3c4c(ccc3)C(=O)CC4,1.2121184566672398e-08,0.464
CC1=C(C(=O)O)C=CC=C1CCCC(=C(N))C=CC2=CN=C(C3CCCC3)C=C2,8.4216468761809E-10,[O-]C(=O)c1c(c(NN=Cc2cnc(cc2)C3CCC3)ccc1)C,2.2854615275150829e-07,0.493
CC1=CC=CC=C1CNC(=O)CNCC2CC(=O)[NH1]C3=CC=C(C(=O)N)C=C32,8.4216468761809E-10,O=C1Nc2c(cccc2)C(C1)CC(=O)NCc3c(cccc3)C,1.6034035719839377e-07,0.578
CCCCCC1=CC=CC=C1N2CCCC(C3=CC=CC(C(=O)C(N))=C3)C2=O,8.56499429746053E-10,O=C1N(c2c(cccc2)C)CCCC1Nc3cc(ccc3)C(=O)CC,6.337092539563196e-08,0.419
O=C(CC1=CC=CC=C1)NCC2=CC(C(N))=CC(N)=C2[CH1]C=CC3=CC=CC=C3,8.56499429746053E-10,O=C(NCC=Cc1ccccc1)C(=O)NCCNC(=O)Cc2ccccc2,6.231032238480951e-08,0.448
CC1=C(C(=O)N)C=CC=C1CCCCC(=N)C=CC2=CC3=CC=CC=C3C2,8.56499429746053E-10,O=C(NCCCCNC(=O)C1=Cc2c(cccc2)C1)c3c(c(ccc3)C(=O)N)C,5.965995587201039e-09,0.441
O=C(CC1=CC=CC=C1)NC(=O)NCC2=CC=CC(=C2)C3CCC=C(C(C(=O)N))3,8.56499429746053E-10,O=C(NNC(=O)Cc1ccccc1)NCc2cc(ccc2)C3CC3,1.8798638079786138e-08,0.525
CC(C(=O)NCC1=CC=CC=C1CCC(C(C(=O)N))C)C2=CC=C(N)C=C2,8.56499429746053E-10,O=C(OC)CCc1c(cccc1)CNC(=O)C(c2ccc(cc2)C)C,6.231032238480951e-08,0.509
CC(C)C1=CC=C(C(=O)N)C=C1N2CCCC(C3=CC(C(CC(N)(N)))=CC=C3)=C2,8.56499429746053E-10,Fc1cc(ccc1)CCC(C(=O)Nc2c(N3CCCC3)ccc(c2)C(=O)N)C,2.2254963963401058e-08,0.388
C(N)C1=CC=CC=C1CCC2=CC=CC=C2C=CC=C(N)C(F)=C(N)C,8.56499429746053E-10,FC(C(=O)OCc1c(cccc1)CCC=C)=C(C)C,3.2343863910397557e-06,0.283
C(=O)(N)CC1=CC=CC(C(=C(=O))C)=C1CC=CC(=O)NC(=O)C2=CC=CC=C2F,8.71078167893905E-10,Fc1c(cccc1)C(=O)NNC(=O)Nc2c(cccc2)CC(=O)N,3.313103734547974e-07,0.422
C(N)N(CC1=CC=CC(C(=O)N)=C1)C(=O)C2=CC=CC=C2NC3=CCC(C(N))=C3,8.71078167893905E-10,O=C(N(Cc1cc(ccc1)C(=O)N)C)c2c(Nc3ccccc3)cccc2,3.0889504655365785e-09,0.5
CC(N)(C)C1=CC=CC=C1NCCNC2=NC(=O)CC=C2NC3=CC=CC=C3,8.71078167893905E-10,O=C(Nc1c(cccc1)C(C)(C)C)CCNc2ccccc2,3.666193129637751e-07,0.323
CC1=CC=CC=C1CSC2=CC(C(=O)O)=CC=C2C3=CC4=CCCC=C4C(=O)C3,8.85905055192363E-10,S(Cc1c(cccc1)C)CC(=O)Nc2cc(cc(c2)C([O-])=O)C([O-])=O,2.994020218722163e-07,0.362
O=C(CC1=CC=CC=C1)NCC(C(=O)N)=CC2=CC=CC(=C2)C(N)3CCCC3,8.85905055192363E-10,O=C(Nc1cc(ccc1)C2([NH3+])CCOCC2)C(=O)NCCNC(=O)Cc3ccccc3,1.1329868277338134e-08,0.463
O=C(C=CC=C(C(=O)N)C=C(N)C1=CC=CC=C1)CCC2CC3=CC=CC=C3C2,8.85905055192363E-10,O=C(NCCC1Cc2c(cccc2)C1)C=CC(=O)c3ccccc3,6.895095781354073e-08,0.414
O=C(CC1=CC=CC=C1)CCC(=O)C=C(C(=O)N)C2=CC=CC(C(C(C(C(=C)N))))=C2,8.85905055192363E-10,O=C(N)c1cc(ccc1)CCNC(=O)CCCc2ccccc2,1.0514571415418938e-07,0.417
O=C(CC1=CC=C(N)C=C1)C(C)C2=CC=CC(N)=C2CC3=CC=CC(C(=O)N)=C3,8.85905055192363E-10,O=C(N)c1cc(ccc1)CN(C(=O)Cc2ccc(N)cc2)C,1.5501821972997198e-07,0.5
N#CC1=CC=CC(C(=O)N)=C1CC(=O)NC=C2C(=O)CCC3=CC=C(C(=O)(N))C=C32,8.85905055192363E-10,Fc1c(cc(cc1)C(=O)N)C(=O)NCC=CCNC(=O)Cc2c(F)cccc2C#N,5.6309243537968836e-08,0.427
N(C(=O))(CC1=CC(C(=O)N)=CC=C1)N2CCCN(C3=CC=C(C(=C)N)C=C3)C2,8.85905055192363E-10,O=C(N(Cc1cc(ccc1)C(=O)N)C)c2ccc(N3CCCC3)cc2,7.131820520357163e-08,0.532
O=C(CC1=CC=CC(C(=C(N))C(C(=O)O))=C1)N2CCCC(C3=CC=C(N)C=C3)=C2O,9.00984315463834E-10,[O-]C(=O)c1cc(ccc1)CC(=O)N2c3c(cc(N)cc3)CCC2,9.828140844988804e-08,0.493
O=C(CN)CNC(=O)CCCC1=CC=C(C(=O)N)C=C1C=CC2=CC3=CC=CC=C3C2,9.00984315463834E-10,O=C(NCC=CCNC(=O)CCCc1c(OC)cc(OC)cc1)C2=Cc3c(cccc3)C2,6.44495812539366e-08,0.386
C(CC1=CC=C(C)C=C1)C(C)C2=CC=CN2C(=O)CC3=CC=CC(C(=O)N)=C3,9.16320244425709E-10,O=C(N)c1cc(ccc1)CC(=O)NC(CCc2ccc(cc2)C)C,3.3937368727139225e-08,0.586
C(C)CC1=CC=CC=C1CC=CC2=C(C(=O)N)C=CN=C2CC(=O)CC3=CC=CS3,9.16320244425709E-10,S1C(=CC=C1)CC(=O)NCC=CCNC(=O)c2c(cccc2)CCC,5.536682786610249e-08,0.423
O=C(N)C1=CC=CC=C1CCC2=CC=CC=C2C=CC(C(C(=C(N))C)(N)N),9.16320244425709E-10,O=C(N)c1c(cccc1)CCC(=O)NCC=CCNC(=O)C,1.1440416335501127e-07,0.414
N(C(=O)C1CCCCC1)CCC2CC3=C(C(=C)N)C=CC=C3CC2,9.3191721091408E-10,O=C(NCCC1Cc2c(cccc2)CC1)C3CCCCC3,3.172181029362035e-08,0.654
O=C(CC1=CC(C(N))=CC=C1)CCC=CC2=CC=CC=C2NC3=CC=C(N)CC3,9.3191721091408E-10,FC(F)(F)C=Cc1c(NC(=O)CCc2cc(ccc2)C[NH3+])cccc1,3.119090045924261e-08,0.389
CN(CC1=CCCC(C(=O)N)=C1C)C(=O)CCC(=O)C(=O)NCC2=CC=CC=C2F,9.47779658128346E-10,Fc1c(cccc1)CN(C(=O)C(=O)NCc2c(F)cccc2)C,5.685866541802747e-07,0.452
CNC1=CN=C(N)N=C1CCCCC=C2CCCC3=CC=C(C(=O)N)C=C23,9.47779658128346E-10,O=C(NCCCCNC(=O)c1cc2c(cc1)CCC2)c3c(nc(nc3)N)CC,1.0514571415418938e-07,0.403
O=C(NC(=O)CC(=O)CC1=CC(C(=O)N)=CC=C1)C=CC2=CC3=CC=CC=C3C(=O)2,9.47779658128346E-10,O=C(N)c1cc(ccc1)CC(=O)NCCNC(=O)C=Cc2ccccc2,6.554659724274868e-08,0.455
O=C(CNC=C1CC(=O)CC2=C1C=C(C(=O)N)C=C2)C3=CC(N)=CC=C3,9.63912104896945E-10,O=C(NCC=CCNC(=O)c1cc(N)ccc1)c2cc3c4c(cccc4)Cc3cc2,2.887292219440181e-09,0.484
CC(C)(N)C1=CC=CC=C1CCC(=C(C(=N)C))C2=CC(C(=O)N)=CC=C2C,9.63912104896945E-10,FC(F)(F)c1c(cccc1)CCNC(=O)c2c(ccc(c2)C(=O)N)C,1.1833192542966173e-07,0.477
CCC1=CC(N)=C(C(=O)N)C=C1CC(=O)CC=C(C)C2=NC3=CC=CC=C3S2,9.63912104896945E-10,S1c2c(N=C1C(=O)Nc3cc(N)c(cc3)CC)cccc2,7.448648416157136e-07,0.463
O=C(CC1=CC=CC=C1)NC(=O)CCC(C(=O)C(N))CC2=CC(C(=O)N)=CC=C2,9.63912104896945E-10,O=C(OCC(=O)NC(=O)Cc1ccccc1)Cc2cc(ccc2)C(=O)N,4.919707539022397e-08,0.536
C=C(CC1=CC=CC2=C1C=CC=C2)NCC3=CC4=CC=CC=C4C(N)(N)3,9.8031914696469E-10,O=C(NCC1(c2c3c(ccc2)cccc3)CC1)Cc4c5c(ccc4)cccc5,5.866146124015276e-09,0.397
C(=O)(C(N))C1=CC=CC=C1CCC2=CC=CC=C2C=CC=CC(Cl)=C(N)C,9.8031914696469E-10,ClC(=CCOC(=O)c1c(cccc1)CCc2ccccc2)C,1.3094298482212222e-07,0.339
CCC1=CC(=O)C(=C(C(=O)O))C=C1CCNC(=O)CC2CC3=CC=CC=C3C2,9.8031914696469E-10,O=C(NCCNC(=O)CCc1ccc(cc1)CC)CC2Cc3c(cccc3)CC2,1.1522717422507956e-08,0.433
NC1=CC=CC=C1C(=O)NC(C)CC2=CC(C(C(C(=O)(N))))=C(N)C(C)=C2,9.97005458301945E-10,O=C(NC(Cc1cc(cc(c1)C)C)C)c2c(N)cccc2,1.4736440415238076e-07,0.635
NC(=O)N1C=CC=C1CNC(=O)CCC=C2CC(=O)[NH1]C3=CC=C(C(=O)N)C=C32,9.97005458301945E-10,O=C1NCC(=O)Nc2c1cc(cc2)C(=O)NCCC(=O)NCc3ccccc3,8.162831131008149e-08,0.372
CC1=C(C(=C)N)C=CC=C1CCCCC(=O)C=CC2=CC3=CC=CC=C3C2,9.97005458301945E-10,O=C(NCCCCNC(=O)C1=Cc2c(cccc2)C1)c3c(c(ccc3)CO)C,3.3937368727139225e-08,0.389
CC1=CC=CC=C1NCCCC=C2C(C(=O)C)=C(N)C=C2CCCCC(=O)(N),1.01397579243617E-09,O=C(Nc1c(NCCC(=O)N)cccc1)CCNc2c(cccc2)C,1.400884853987751e-07,0.419
O=C(CC1=CC=CC(C(=C(N))N)=C1C)CCC=CC=CC2=CC=CC=C2Cl,1.01397579243617E-09,Clc1c(cccc1)C=CC(=O)OCc2c(c(ccc2)C(=O)OC)C,3.922252447567377e-07,0.412
NC1=C(N)C(C(=O)N)=CC2=C1CC(=O)N2CC(=C)NC(=O)C3=CC=CC(C)=C3,1.01397579243617E-09,O=C(NNC(=O)CN1c2c(cccc2)CC1=O)c3cc(ccc3)C,1.3094298482212222e-07,0.456
O=C(CCC1=CC=CC=C1)NCCC2=CC(C(=C(N)(C(C(=O)N)))N)=CCC2,1.03123498380606E-09,O=C(NCCNC(=O)CCC(=O)N)CCc1ccccc1,6.29182981330297e-07,0.5
NC1=CC=C(N)C=C1CC2=CC=CC=C2CNCC3=CC(N)=CC(=O)C3,1.03123498380606E-09,O=C(N1Cc2c(ccc(N)c2)C1)c3c(cccc3)CN4N=NC(c5ccc(N)cc5)=C4,1.9917261320296374e-09,0.205
CSC1=CC(C(=O)N)=CC=C1CC=CCCC2=CC3=CC=C(C(=O)N)C=C3C(=O)2,1.04878794913877E-09,S(c1c(N)ccc(c1)C(=O)NCC=CCNC(=O)c2ccc(cc2)C(=O)N)C,1.2327502947867038e-08,0.354
C(=O)(CC1=CC(C(=O)C(N))=CC=C1)N(C)C(=O)CCC2=CC=C(C(=C)C(C(=O)N))C=N2,1.04878794913877E-09,Brc1cnc(cc1)CCC(=O)N(CCN(C(=O)Cc2cc(ccc2)C(=O)N)C)C,4.955099369734089e-09,0.486
CC1=C(C(=O)N)C=CC=C1C(=O)CCCC(=C(N))CC(=O)CC=CC2=CC=CC(F)=C2,1.04878794913877E-09,Fc1cc(ccc1)C=CCOC(=O)c2c(c(ccc2)C(=O)N)C,2.2854615275150829e-07,0.54
CC(CC1=CC(C(=C(N))O)=CC=C1)N2CCC(CC3=CC=C(N)C=C3)CC2,1.04878794913877E-09,O=C(N)c1cc(ccc1)C[NH+]2CCC(Cc3ccc(cc3)C(C)C)CC2,8.083954182461677e-09,0.433
C=C(CC1=CC=CC2=C1C=CC(N)=C(N)2)C=CC3=CC4=CC=CC=C4C3,1.04878794913877E-09,O=C(NNC(=O)CC1=Cc2c(cccc2)C1)Cc3c4c(ccc3)cccc4,2.838969257420217e-09,0.359
N(=O)C1=C(C)C=C(N)C=C1CC2=CC=CC=C2CC(=O)NC3=NC=CC=C3,1.06663968885055E-09,O=C(Nc1ncccc1)CNC(=O)Cc2c(cccc2)C,3.4268503222272783e-07,0.518
C=C(CCC(=O)NCC1=CC=CC=C1)C(=O)C=CC2=CC=C3C(C(=O)(N))=CSC3=C2,1.06663968885055E-09,S1c2c(ccc(c2)C)C(C(=O)NCCC(=O)NCc3ccccc3)=C1,5.352905056385263e-08,0.485
CC1=C(C(=O)N)C=CC=C1CC(=C(=O))CCC2=NC3=CC(C(C(=O)(N)))=CC=C3S2,1.06663968885055E-09,Brc1cc2N=C(Sc2cc1)CCC(=O)Nc3c(c(ccc3)C(=O)N)C,1.535202879529733e-08,0.5
C(C(=O)N)#CC1=CC=C(C(=O)N)C=C1CCCCC(=O)C2=CC3=CC=CC=C3C2,1.06663968885055E-09,O=C(NCCCCNC(=O)C1=Cc2c(cccc2)C1)c3ccc(cc3)C(=O)N,3.5102517843139754e-08,0.438
O=C(NCC1=CC=CC=C1)CCC=2CCC3=CC=CC(C(=C(N))N)=C3C=2,1.06663968885055E-09,O=C(N)c1c(cccc1)CCC(=O)NCC(=O)NCc2ccccc2,5.444018486747391e-08,0.466
O=C(CC1=CC=CC=C1)C(=C)C2=CC=CC=C2C(=O)C3=CC(=O)CC(C(=O)N)=C3,1.06663968885055E-09,O=C(N)c1ccc(cc1)COC(=O)C(=C)Cc2ccccc2,3.5445020958727777e-07,0.339
CC(C(C(=O)N))CC1=C(N)C=CC=C1CCCC(=O)NC2=CC=CC(N)=C2,1.06663968885055E-09,O=C(Nc1cc(N)ccc1)CCCc2ccc(cc2)CC(C)C,2.7251317633980198e-08,0.569
CCC1=CC=CC(C(=C)C)=C1CCNC(=O)CC2CCC3=CC=CC=C3C2(=O),1.08479528847129E-09,O=C(NCCc1c(cccc1)CC)CC2C(=O)c3c(cccc3)CC2,3.226175690629193e-08,0.724
CN(CC1=CC=C(C(=O)N)C=C1)C(=O)C2CCC(C3=CC(C(=O)N)=CC=C3)=C2,1.08479528847129E-09,O=C(N(C1CC1)Cc2ccc(cc2)C(=O)N)c3cc(c4ccc(cc4)C(=O)N)ccc3,4.256786910415247e-09,0.492
O=C(CC1=CC(C(=O)C(C(=O)N))=CC=C1)NC2CCC(C3=CC=CC=C3)=C(O)2,1.08479528847129E-09,O=C(N)c1cc(ccc1)CC(=O)NC2c3c(ccc(c4ccccc4)c3)CC2,3.535504146557134e-09,0.538
C(N)=C(CCC=C1C=CC=C(C(=O)N)1)CCCCCC(=O)NC2=CC=CC=C2,1.10325992009321E-09,O=C(N)c1ccc(NC(=O)CCCCCC(=O)Nc2ccccc2)cc1,1.331718053230139e-07,0.481
NC=CC=CCCC1=CC=C(C(=O)O)C=C1CC(=O)CC2=CC=CC(C(=C)N)=C2,1.10325992009321E-09,Clc1c(ccc(c1)C([O-])=O)CCNC(=O)Cc2cc(ccc2)C(=O)N,5.088612586911091e-08,0.4
O=C(NC1=CC=CC(C(=O)O)=C1)NCC2=CC(=O)CC=C2CCC3CCCCC3,1.10325992009321E-09,O=C(Nc1cc(ccc1)C(=O)NCc2ccccc2)NCCC3CCCCC3,3.595683041467308e-09,0.478
CC(C)C1=CC=C(C(=O)N)C=C1N2CCNN(CCC3=CC=CC(C(=O)N)=C3C)C2,1.10325992009321E-09,Clc1cc(c(cc1)C(C)C)C(=O)N2CCN(C(=O)c3c(c(ccc3)C(=O)N)C)CC2,7.376672572429295e-08,0.394
O=C(CC1=CC(N)=NC=C1)NCC=CC2=C(C(=O)N)C=CC=C2SC(=O)CCC,1.12203884384431E-09,O=C(NCC=CCNC(=O)Cc1cc(ncc1)N)c2c(c(ccc2)C(=O)N)C,1.4349790904006653e-08,0.588
O=C(CCC1=CC=CC=C1)NCCC(C(=C(=O))C)CC2=CC(C(=O)N)=CC=C2,1.12203884384431E-09,O=C(N)c1cc(ccc1)CC(=O)NC(CCNC(=O)CCc2ccccc2)C,2.1516260497613893e-08,0.617
O=C(CC1=CC(C(=C(N)(N))N)=C(N)C=C1)N2CCCC(C3=CC=CC=C3)=C(N)2,1.12203884384431E-09,O=C(N1CCN(C(=O)C2=C(c3ccccc3)CCC2)CC1)c4c(N)ccc(c4)CC,5.444018486747391e-08,0.462
C#CC1=CC=C(C(=O)N)C=C1CC(=C)C2=CC3=C(C(=O)O)C=C(C(C)C)C=C3[NH1]2,1.12203884384431E-09,O=C(NCCNC(=O)C=1Nc2c(ccc(c2)C(C)C)C1)c3cc(c(C#C)cc3)C,3.7554196316885365e-08,0.367
NC(=O)CCC(=O)CC=CC=CC1=CC=CC=C1N(C(=O)C2=CC=C(C(=O)O)C=C2C)C,1.12203884384431E-09,O=C(OC)c1cc(c(cc1)C(=O)N(CCN(C(=O)CCC(=O)N)C)C)C,4.565685583961553e-07,0.375
C(=O)=C(C)C1=CCCC=C1C(=O)C2=CC=CC=C2CC3=CC(C(=O)N)=CC=C3,1.12203884384431E-09,O=C(OCc1cc(ccc1)C(=O)N)c2c(cccc2)Cc3ccccc3,2.504593513241216e-08,0.475
O=C(CC1=CC=C(C)C=C1)NCC2=CC(N)=CC=C2C3CC(C)CCC3,1.12203884384431E-09,O=C(NCc1c(ccc(c1)C)C2CC2)Cc3ccc(cc3)C,2.1516260497613893e-08,0.63
CCC1=CC=CC(C(=O)N)=C1C(=O)C=CC2=CC=CC=C2C=CC3=CC=CC(=O)3,1.12203884384431E-09,O=C(NC=1C(=O)C=CC=CC1)c2c(cccc2CC)CC,4.196195813603635e-07,0.371
CC(N)(C)C(N)=CCC(=O)CC1=CC=CC=C1C(=C)C2=CC=CC(C(C(=O)(N)))=C2,1.12203884384431E-09,O=C(OC(C)(C)C)c1c(cccc1)CC(=O)OCc2cc(ccc2)C(=O)N,3.6925673166338796e-08,0.386
O=C(CC1=CC=CC=C1)CCC=CC2=C(C(=O)N)C=CC(=C2)C(=O)CCC(C)N,1.12203884384431E-09,Clc1c(ccc(c1)C(=O)OCC(=O)Cc2ccccc2)C(=O)N,3.922252447567377e-07,0.379
O=C(CC1=CC=CC=C1)NC2C=C(C(=O)C(C(C(=O)N)))C3=CC=CC=C32,1.14113740938682E-09,O=C(N1CCC(NC(=O)Cc2ccccc2)CC1)CCC(=O)N,1.106067745068516e-07,0.464
C(=O)=C(C(=C)C1=CC(C(=O)N)=CC=C1)N2CCCC(C3=CC=CC(C(=O)(O))=C3)=N2,1.14113740938682E-09,[O-]C(=O)c1cc(N2N=CC(c3cc(ccc3)C(=O)N)=C2)ccc1,1.377439043709943e-07,0.394
O=C(NCCCC(C(=O)C)CC1=CC(C(=O)N)=CC=C1)C(N)C2=CC=CC=C2,1.14113740938682E-09,O=C(N)c1cc(ccc1)CC(=O)NC(CCCNC(=O)C(c2ccccc2)C)C,1.535202879529733e-08,0.538
CC1=C(C(=O)N)C=CC=C1CC(=O)CC(=C)C=CC2=CC3=CC=CC=C3N2C,1.14113740938682E-09,O=C(N)c1c(c(NC(=O)C=CC=2N(c3c(cccc3)C2)C)ccc1)C,8.881597064258669e-08,0.587
O=C(CC1=CC=CC=C1)NCCCC2=C(C(=O)C)C=CC3=C2CC(=N)C=C3Cl,1.16056105744121E-09,O=C(NCCCCNC(=O)CCNC(=O)Cc1ccccc1)c2c(cccc2)C(=O)C,1.016556387001877e-07,0.438
CC(CC1=CC=C(N)C(C(=O)N)=C1)C(C)C2=CC=CC=C2NC3=CC=CC=C3,1.16056105744121E-09,O=C(Nc1c(Nc2ccccc2)cccc1)c3c(N)ccc(c3)C[NH3+],2.3809325856381848e-08,0.483
O=C(NCC1=CC=CC=C1)N(C)C(=O)CC(C(=O)C(C))CC2=CC(C(C(N)))=CC=C2,1.18031532133611E-09,O=C(N(CC(=O)NCc1ccccc1)C)c2cc(ccc2)CC[NH3+],1.2750734910182225e-08,0.46
CC(N)C(N)(N)C1=CC=CN=C1NC(=O)CC2=CC=CC3=C2C=CC=C3,1.18031532133611E-09,FC(F)(c1c(nccc1)NC(=O)Cc2c3c(ccc2)cccc3)C,5.352905056385263e-08,0.704
O=C(NC1=CC=CC=C1)C(=C)C2=CC=CC=C2CC3=CC(=O)CC(C(=O)N)=C3,1.18031532133611E-09,O=C(Nc1ccccc1)c2c(cccc2)Cc3ccccc3,1.1440416335501127e-07,0.382
O=C(C1=CC(N)=CC=C1)NC=C(C)C2=CC=CC=C2C3=C(N)C=C(C(O))S3,1.18031532133611E-09,S1C(C(=O)NCC=CCNC(=O)c2cc(N)ccc2)=CC=C1CO,1.1440416335501127e-07,0.439
CCC1=CC=CC(C(=O)O)=C1CC(=O)NC2=CC=CC=C2C3=CCC(=N)C(=O)S3,1.20040582858461E-09,[O-]C(=O)c1c(NC(=O)CN(C(=O)c2c(cccc2)CC)C)cccc1,4.4892723101046985e-07,0.391
C(C)(C(=O)N)=CC1=CC=CC(C(=C(=N))C)=C1CC(=O)NC(=O)C2=CC=CC=C2C,1.20040582858461E-09,Clc1c(cccc1)C=C(C(=O)NCCNC(=O)c2c(cccc2)C)C,1.7153906960907087e-07,0.4
CC(=C(C(CN)))C1=CC=CC=C1C(=O)NC(=O)CC2=CC3=CC=CC=C3C(=N)2,1.20040582858461E-09,O=C(NCC=CCNC(=O)CC=1C(=O)Oc2c(cccc2)C1)c3c(cccc3)C(=O)C,2.4626755610502634e-08,0.347
NC1=CC=CC=C1C(=O)NC2=CC(C(=C)N)=CC=C2C=C3C=CC=CC3=O,1.20040582858461E-09,O=C(Nc1cc(cc(c1)C(=O)N)C(=O)N)c2c(N)cccc2,5.405134547940605e-07,0.411
O=C(CC1NC(=O)C2=CC=C(C(=O)O)C=C2)CCC1C3=CC(C(=O)N)=CC=C3,1.20040582858461E-09,O=C(NC1C(NC(=O)Cc2cc(ccc2)C(=O)N)CC1)c3ccc(cc3)C(=O)N,1.4842452734127424e-08,0.45
O=C(CCC1=CC=CC=C1)NC(=O)CCCCCC2=CC(N)=C(C(=C)N)C(=C)2,1.20040582858461E-09,O=C(NNC(=O)CCCCCCc1ccccc1)CCc2ccccc2,2.1882495333063525e-08,0.48
C(N)C1=CC=CC=C1CCC(=N)CCCC2=CC3=CC(C)=C(C(=O)N)C=C3CC2,1.22083830248747E-09,O=C(N)c1c(cc(NC(=O)CCc2c(cccc2)C[NH3+])cc1)C,2.0307831856022632e-07,0.455
CC(C(N))(C)C(N)=CC=CC1=CC=CC=C1CCC2=C(C(N))C=CC(F)=C2,1.22083830248747E-09,Brc1c(cccc1)CC(C(=O)Nc2c(cc(F)cc2)C[NH3+])(C)C,3.989014303322279e-07,0.358
CCC1=CC=CC=C1CCC(=C(C(=O)N))CNCC2(O)CC3=CC=CC=C3C2,1.22083830248747E-09,OC1(C[NH2+]Cc2c(cccc2)CC)Cc3c(cccc3)CC1,1.96337590604281e-07,0.466
O=C(CC1=CC2=CC=CC=C2[NH1]1)NCC3=CC=C(N)C4=C3NC(=C)CC4,1.22083830248747E-09,O=C(NCc1c(N)cccc1)CCC=2Nc3c(cccc3)C2,2.3639267585660755e-07,0.492
CC1=C(C(=O)N)C=CC=C1CC(=O)CCCCSC2=CC3=CC=CC=C3C(=N)2,1.22083830248747E-09,S(Cc1c(cccc1)C(=O)NCCCCNC(=O)c2c(c(ccc2)C(=O)N)C)CC,6.601813219781305e-09,0.377
CC1=CC=CC=C1CNC(=O)CCCC2CC[NH1]C3=CC=C(C(=O)(N))C=C32,1.22083830248747E-09,O=C(NCc1c(cccc1)C)CC2c3c(NCC2)cccc3,2.1726199462367688e-07,0.581
CC(=C(N))C(CC1=CC=CC(C(=O)N)=C1)CC2CCC(C3=CC=CC=C3)CC2,1.24161856376343E-09,O=C(N)c1cc(ccc1)C[NH+](CC2CCC(c3ccccc3)CC2)C,1.4594043073710918e-08,0.567
CC1=CC=CC=C1NCC=CC=CC2=CC=CC3=C2C=CC(C(=C(N))N)=C3F,1.24161856376343E-09,Brc1c2c(c(F)c(cc2)C(=O)Nc3c(cccc3)C)ccc1,2.798559374393035e-07,0.385
CC(N)(C)C1=CC=CC=C1NC(=O)CCC(C2)=CC3=CC(C(N))=CC=C3[NH1]2,1.24161856376343E-09,O=C1Nc2c(cc(cc2)CCCC(=O)Nc3c(cccc3)C(C)(C)C)C1,4.6768036128584304e-08,0.431
O=C(OC1=CC(C(=C(N))O)=CC=C1)N2CCCC(C3=CC(C(=O)C(C))=CC=C3)=C2,1.24161856376343E-09,O=C(OC(C)(C)C)N1C=C(C(=O)Nc2cc(ccc2)C(=O)CC)CCC1,1.069354314392057e-07,0.408
CN(CC1=CC=CC(=O)C1)C(=O)CCNC2=C(C(=O)N)C=CC=C2CC3=CC=CC(C)=C3,1.24161856376343E-09,O=C(NCc1cc(ccc1)C)c2ccc(cc2)C(=O)NCCC(=O)N(Cc3ccccc3)C,8.162831131008149e-08,0.408
O=C(CC1=CC=C(C(=O)O)C=C1)NCC2=CC=CC=C2C(=N)C=CC3=CC=CC(=O)C3,1.2627525322075E-09,O=C(N)c1ccc(cc1)CC(=O)NCCNC(=O)C=CC2=Cc3c(OC2)cccc3,3.6307669249047665e-08,0.321
NC1=CC=CC=C1CCNC(C)CN2C(=O)CCC3=CC=C(C(C(N)))C=C32,1.2627525322075E-09,Fc1c(cccc1)CCC([NH2+]CCN2c3c(cccc3)CCC2=O)C,5.263316539506193e-08,0.423
O=C(NC1=CC=CC=C1)NC(=O)CCC(=O)C(C)=CC2=CN=CC3=C2CCCC(=C)3,1.2627525322075E-09,O=C(OCC(=O)NC(=O)Nc1ccccc1)c2c3c(cnc2)CCC3,1.400884853987751e-07,0.437
CCC1=CC(C)=C(C(=O)N)C=C1CC=CC2=C(N)C=CC=C2C=CC3=CC=CO3,1.2627525322075E-09,O=C(N)c1c(cc(NC(=O)C=CC=2OC=CC2)cc1)C,1.2152033294281094e-06,0.406
O=C(CC1=CC=C(N(C))C=C1)NCC2=CC=CC=C2C3CC=CC(C)=C3,1.2627525322075E-09,O=C(NCc1c(cccc1)C2CC2)Cc3ccc(NC(=O)C)cc3,2.0802076631645675e-08,0.517
O=C(CC1=CC=CC(C(=O)(N))=C1)C(C)C2=CC=CN=C2CC3=CC=CC(C(=O)N)=C3,1.2627525322075E-09,O=C(OCc1ncccc1C(=O)N)Cc2cc(ccc2)C(=O)N,2.1726199462367688e-07,0.509
CC(C)C1=CC=C(C(=O)(C(=O)O))C=C1N2CCC(=O)C(C3=CC(C(=O)C(N))=CC=C3)=C2,1.2627525322075E-09,[O-][N+](=O)c1c(ccc(c1)C(=O)N2CCN(C(=O)c3cc(c4ccccc4)ccc3)CC2)C(C)C,3.037252464543587e-09,0.342
C(C(=O)N)=C(CC1=CC(C(=O)N)=CC=C1)N2CCC(C(=O)O)=C(C3=CC=CC=C3)C2,1.2627525322075E-09,O=C(N)c1cc(ccc1)CC(=O)N2CC(c3ccccc3)=C(CC2)C,2.634677144749383e-08,0.571
NC(=O)C1=CC=CC=C1CC=CC2=C(C(=C)C)C=CC=C2C=CC3=CC=C[NH1]3,1.2627525322075E-09,O=C(N(CCN(C(=O)CCc1c(cccc1)C(=O)N)C)C)C=CC=2NC=CC2,2.7715170626955952e-08,0.435
CN(CC1=CC=CC=C1CCC(N)(C)C)C(=O)CC(=O)CC2=CC=CC(C(=O)N)=C2F,1.28424622837733E-09,Fc1c(cccc1C(=O)N)C(=O)N(Cc2c(cccc2)C(C)(C)C)C,1.2875146681790498e-07,0.484
CN(CC1=CC=C(C(=C(N))C(=O)(N))C=C(C(=O)(N))1)C(=O)CC=CC2=CC=CC(C)=C2,1.28424622837733E-09,O=C(N(CCN(C(=O)CC=Cc1ccccc1)C)C)c2c(ccc(c2)C(=O)N)C,2.8186919003266384e-08,0.464
O=C(CC1=CC=CC=C1)NCCCC2(C3=CC=C(N(C(=O)C(C(C))))C=C3)CCOC2,1.28424622837733E-09,O=C(NCc1ccc(NC(=O)CCC)cc1)C(=O)NCC2(c3ccccc3)COCC2,2.1726199462367688e-07,0.6
CC=C1CCC(NC(=O)NC(=O)C(=C)CC2=CC(C(=O)(N))=CC=C2)CC1,1.28424622837733E-09,O=C(NC(=O)COC(=O)Cc1cc(ccc1)C(=O)N)NC2CC2,2.4041638772575107e-07,0.532
O=C(C=C(C(=O)C(N))CC1=CC=CC(C(=O)(N))=C1)CC2=CC=C3C=CSC3=C2,1.28424622837733E-09,S1c2c(ccc(NC(=O)Cc3cc(ccc3)C(=O)N)c2)C=C1,1.354385632577588e-07,0.55
O=C(CC1=CC=CC=C1)NCC(=O)CC2=CC=C3C(=C2)CCCC(C(=O)C(=O)(N))3,1.28424622837733E-09,O=C(NCCNC(=O)Cc1ccccc1)C2c3c(cc(O)cc3)CCC2,6.337092539563196e-08,0.548
N#CC1=CC=C(C(=O)C)C=C1CC(=C)C=CC2=CC3=CC=CC(C(=O)N)=C3[NH1]2,1.28424622837733E-09,O=C(c1cc(N(Cc2c3NC=Cc3ccc2)C)c(C#N)cc1)C,1.377439043709943e-07,0.387
O=C(C(N)C1=CC=CC=C1)NC(=O)CCC=CCC2=CC=CC3=C2CCCC3,1.3061057753083E-09,O=C(NCc1c2c(ccc1)CCCC2)C([NH3+])c3ccccc3,2.634677144749383e-08,0.607
CCC1=CC=CC(C(=O)O)=C1CCCCC2=CC=CC=C2C3=C(N)NC(=O)CS3,1.3061057753083E-09,S1c2c(NC(=O)C1)cc(cc2)C(=O)NCCCCNC(=O)c3c(N)c(ccc3)CC,1.0770471307974203e-08,0.382
CNC(C(=O)N)=CCC(C)=CC1=CC=CC2=C1C=CC=C2CCC(C(=O)(N)),1.32833740025785E-09,O=C(OC)CCC(=Cc1c(cccc1)CCC(=O)N)C,1.916727280459466e-06,0.387
C(=O)=C(CC1=CC=CC(C(=O)N)=C1C)CCC=CC=CC2=CC=C(O)C=C2,1.32833740025785E-09,O=C(NCC=CCNC(=O)C=Cc1ccc(O)cc1)c2c(c(ccc2)C(=O)N)C,2.203991557892852e-09,0.448
CC1=CC=CC=C1NC(=O)C(=O)C2=CC=CC=C2CC(=O)CC3=CC(=C)C(=N)C(=O)3,1.32833740025785E-09,O=C(OC)Cc1c(c(NC(=O)C(=O)Nc2c(cccc2)C)ccc1)C,4.056912532995847e-07,0.381
CC(N)(C)C1=CC=CC=C1CCC(=C(C(=O)N)(N))C2=C(C)C=C(C(=O)N)C=C2F,1.32833740025785E-09,Fc1c(c(NCCc2c(cccc2)C(F)(F)F)cc(c1)C(=O)N)C,6.29182981330297e-07,0.439
C(N)=C(CCCCCCC1=CC=CC(C(=O)N)=C1C)C(N)CC2=CC=CC=C2,1.35094743647948E-09,O=C(NCC=CCNC(=O)CCCCCCc1ccccc1)c2c(c(ccc2)C(=O)N)C,9.097754208916955e-09,0.455
CC1=C(C(=N)(N))C=CC=C1CC(=O)NC(=O)CCC2=CCC3=CC=CC=C3S2,1.35094743647948E-09,O=C(NCCNC(=O)Cc1c(c(ccc1)C)C)C=2c3c(cccc3)CC2,5.6309243537968836e-08,0.356
C(C)(=N)C(=C(N)(C))CC1=CC(O)=CC=C1CC(=O)NC(=C)C2=CC=C(C)C=C2,1.35094743647948E-09,Brc1c(cc(O)cc1)CC(=O)NCC(=O)c2ccc(cc2)C,1.400884853987751e-07,0.419
C(=O)=C(CC1=CC(C(=O)N)=CC=C1)N2CCCC(C3=CC=CC=C(C(N))3)=C2,1.35094743647948E-09,O=C(N)c1cc(ccc1)CC(=O)N2CCc3c(cccc3)CCC2,2.7715170626955952e-08,0.439
O=C(CNC1=CC=C(C)C2=C1C=C(C(=O)N)C=C2)NC3=C(N)CCC(N)=C3,1.35094743647948E-09,O=C(N)c1cc(NCC(=O)Nc2c(cc(cc2)C)C)c(cc1)C,1.7153906960907087e-07,0.483
C(C(=O)N)C(=O)NCC1=CC=C(Cl)C=C1CC2CC(=O)C3=CC=CC=C3C2,1.37394232502691E-09,Clc1c(cc(Cl)cc1)CNC(=O)C2Cc3c(cccc3)C(=O)C2,8.881597064258669e-08,0.532
C(=O)=C(CC1=CC(C(=O)N)=CC=C1)N2CCCC(C3=CC=CC=C(N)3)=C2,1.37394232502691E-09,O=C(N)c1cc(ccc1)CC(=O)N2c3c(c(N)ccc3)CCC2,5.352905056385263e-08,0.484
CC(N)(C)C1=CC=CC=C1NCCCC2=CC=CC=C2NC3=CC=CCC3,1.37394232502691E-09,O=C(Nc1c(cccc1)C(C)(C)C)Nc2c(cccc2)CCCO,1.80448469478674e-07,0.313
NC(=O)C1=CC=CC=C1CC=CC2=CC=CC=C2C=C(N)C3=CC(C(=O)C)=CN3,1.37394232502691E-09,O=C(N)c1c(cccc1)CCC(=O)NCC=CCNC(=O)C=2NC=C(C(=O)C)C2,8.881597064258669e-08,0.515
C(=O)=C(CC1=CC(N)=CN=C1N)CCC2=CC=CC3=CC=C(C(=O)N)C=C32,1.37394232502691E-09,Brc1cnc(N)c(c1)CNC(=O)CCc2c3c(ccc2)cccc3,9.828140844988804e-08,0.406
O=C(CC1=CC(N)=CN=C1N)CCC2=CC=CC3=CC=C(C(=C(N))N)C=C23,1.39732861658902E-09,Brc1cnc(N)c(c1)CNC(=O)CCc2c3c(ccc2)cccc3,9.828140844988804e-08,0.406
C(C(=C(N)(N))C(N)(=O))C1=CC=CC=C1C(C)C2=CC=CC=C2C3=CC=CC=C3,1.39732861658902E-09,O=C(OC(c1c(c2ccccc2)cccc1)C)Cc3c(cccc3)C(C)C,2.9154641752295277e-08,0.5
C=C(CCC=CC1=CC=CC=C1)CCC2CC3=CC=C(C(=O)N)C=C3C2,1.39732861658902E-09,[O-]C(=O)c1cc2c(cc1)CC(NC(=O)CCC=Cc3ccccc3)C2,9.501917818235031e-08,0.516
O=C(NC(=O)NC)CCCC1=CC(C(=O)C(C(C(C))))=CC=C1C=CC2=CC=C[NH1]2,1.39732861658902E-09,O=C(Oc1ccc(cc1)C(=O)CCCCCCCCCCC)C=CC=2NC=CC2,1.1833192542966173e-07,0.429
CCC1=CC(=C)C(=N)C=C1CC(=O)NC2=CC=CC3=CC=C(C(=O)(O))C=C32,1.39732861658902E-09,O=C(NCC(=O)Nc1c2c(ccc1)cccc2)c3ccc(cc3)CC,5.726770035455663e-08,0.379
CC(CC1=CC=CC(C(=O)O)=C1)=CC=CC2=CC=CC=C2C(N)C3=CC=CC=C3,1.42111297335595E-09,[O-]C(=O)c1cc(ccc1)CC(=O)N(C(c2ccccc2)c3ccccc3)C,2.8186919003266384e-08,0.467
O=C(C1=CC(N)=CC=C1NC(=O)C2=CC(N)=CC=C2)C3CCCC(C)C3,1.42111297335595E-09,O=C(Nc1cc(NC(=O)C2CC(CCC2)C)ccc1)c3cc(N)ccc3,2.634677144749383e-08,0.643
CCCCC=CC1=CC(=O)CC=C1C(=O)C(=O)NC(=O)C2=CC=C(C)C=C2,1.42111297335595E-09,O=C(NCCNC(=O)C=CCCCCCCCCC)c1ccc(cc1)C,9.663652860855617e-08,0.391
NCC1=CC(N)=C(C(=O)N)C=C1CCCC=CC2=CC3=CC=CC=C3C2,1.44530217091702E-09,O=C(NCC=CCNC(=O)C1=Cc2c(cccc2)C1)c3c(cccc3)C(=O)N,2.4626755610502634e-08,0.368
CC(N)(C)C1=CC=CC=C1NC(=C(N))CCC(C)=CC2=CC(C(=O)(N))=CC=C2,1.44530217091702E-09,O=C(N)c1cc(ccc1)CC(=O)Nc2c(cccc2)C(C)(C)C,1.5242376825949801e-07,0.438
NC1=CC=CC=C1CCNC(C)CC2=CC(C(C(C(=O)N)))=C(N)C(C)=C2,1.44530217091702E-09,O=C(NC(Cc1cc(cc(c1)C)C)C)CCc2c(N)cccc2,1.016556387001877e-07,0.459
C=C(CC1=CC=CC=C1)C(=O)C2=CC=CN=C2CC3=CCCC(C(=O)N)=C3,1.44530217091702E-09,O=C(N)c1c(nccc1)N2CCN(C(=O)C(=C)Cc3ccccc3)CC2,5.824247135708563e-08,0.433
CC1=CC=C(C(=O)N)C=C1C=C(N)C2=NC=CC=C2CC(=C)C=CC3=CC=CC=C3,1.44530217091702E-09,O=C(N)c1cc(c2ccc(cc2)C(=O)C=Cc3ccccc3)c(cc1)C,2.1156155125584927e-08,0.424
O=C(NC1CCCCC1)CCC2CC3=C(C(=C)N)C=CC=C3CC2,1.44530217091702E-09,O=C(NCCC(=O)NC1CCCCC1)C(=O)NCCC2Cc3c(cccc3)CC2,2.547224963687349e-08,0.525
C(C(=C(C(N(C(=O)C))))C)#CC1=CC=CC(N)=C1CC(=N2)C=CC3=CC=CC=C32,1.44530217091702E-09,O=C(NCC=C(C)C)C(=O)NCCc1nc2c(cc1)cccc2,1.4736440415238076e-07,0.439
O=C(NC(=O)C1CCCC1)CCC2CC3=C(C(=O)N)C=CC=C3C2=O,1.44530217091702E-09,O=C(N)c1c2c(N(CC(=O)NC(=O)C3CCCCC3)CCC2)ccc1,4.598530619970025e-08,0.492
C=C(CC1=CC(C(=O)N)=CC=C1)N2NC(=N)C=C(C3=CC=CC=C3)C2,1.46990310019092E-09,O=C(N)c1cc(ccc1)CC(=O)N2CC(c3ccccc3)=CCC2,3.281089411501842e-08,0.508
CC(=O)C1=CC=CC=C1CCC(=C(C(=O)N))CNCC2=CC3=CC=CC=C3C(=O)2,1.46990310019092E-09,O=C1OC(C(=O)N(CCN(C(=O)CCc2c(cccc2)C(=O)N)C)C)=Cc3c1cccc3,1.5613340361974413e-08,0.355
NCC1=CC=CC(C(=O)N)=C1CC=CC2=C(C(C(N)))C=CC=C2C=CC3=CC=CO3,1.46990310019092E-09,O=C(N)c1c(cccc1)CCC(=O)NCC=CCNC(=O)C=CC=2OC=CC2,1.6034035719839377e-07,0.397
CC(C)C1=CC(=O)C(=N)C=C1CNC(=O)C(=O)NC(=O)CC2=CC=CC=C2,1.46990310019092E-09,O=C(NCc1ccc(cc1)C(C)C)C(=O)NCCNC(=O)Cc2ccccc2,7.012459310633414e-08,0.448
O=C(NCC1=CC=CC=C1)NCC=CC(=C(C))CC(=O)CC2=CC=C(C(N))C=C2F,1.46990310019092E-09,Fc1c(ccc(c1)CC)CNC(=O)NCC(=O)NCc2ccccc2,1.5765683215060107e-07,0.455
C(C(=O)N(C))=C(CC1=CC=CC(C(=O)N)=C1)C=CC2=CC(C(=C)N)=CC=C2,1.46990310019092E-09,O=C(NC)c1ccc(cc1)C=CC(=O)NCc2cc(ccc2)C(=O)N,6.779696498481721e-08,0.484
N(C(=O)CC1CCCC1)CCC2C(=O)C3=C(C(=O)N)C=CC=C3CC2,1.49492276938879E-09,O=C(NCCNC(=O)CCC1C(=O)c2c(cccc2)CC1)CC3CCCC3,8.795774723528521e-09,0.576
O=C(NCCC(C(=O)N)=CCC1=CC=CC(C(=C)N)=C1F)CCC2=CC=CC=C2,1.49492276938879E-09,Fc1c(cccc1CC)C(=O)NCCNC(=O)CCc2ccccc2,1.331718053230139e-07,0.525
CNC1=CC=CC=C1CCC(=C)C=2C=CC=C3C2C=CC=C(C(=C(N))N)3,1.49492276938879E-09,O=C(N)c1c(cccc1)CCC(=O)NCc2c(NC)cccc2,1.5242376825949801e-07,0.429
O=C(CC1=CC=CC=C1)NCCC(C(=C(C(=O)O))C2=CC)=NC3=C2C(=O)CCC3,1.49492276938879E-09,O=C(NCCNC(=O)Cc1ccccc1)c2c3c(nc(c2)C)CCCC3=O,1.6988149784872092e-08,0.4
CC1=C(C(=O)N)C=CC=C1CCCC(=N)CCSC2=CC3=CC=CC=C3C2,1.49492276938879E-09,O=C(NCCCCNC(=O)C1=Cc2c(cccc2)C1)c3c(c(ccc3)C(=O)N)C,5.965995587201039e-09,0.441
CC1=CCCC=C1NCC2=CC=CC=C2C=CC3=CC(Cl)=CC=C3C(C(=O)(N)),1.49492276938879E-09,Brc1c(cc(Cl)cc1)C=CC(=O)Nc2c(NCc3c(cccc3)C)cccc2,2.0111598492537654e-08,0.361
O=C(CNC1CCCC1)NCC2CC3=C(C(=O)C(=O)(N))C=CC=C3CC2,1.52036830601062E-09,O=C(NCC1Cc2c(cccc2)CC1)NCCC[NH2+]C3CCCCC3,2.9154641752295277e-08,0.455
C(C(=O)C(N))=CC1=C(C(=O)N)C=CC=C1CC(=O)C=CC2=CC=CC(C(=O)N)=C2,1.52036830601062E-09,Clc1cc(ccc1)C=CC(=O)OCc2c(cccc2)C(=O)N,1.5501821972997198e-07,0.403
CN(CC1=CC(C(=O)N)=CC=C1)C(=C(C(=O)O))CCCC2(O)CC3=CC=CC=C3C2,1.52036830601062E-09,O=C(N)c1cc(ccc1)CN(C(=O)C2(O)Cc3c(cccc3)C2)C,4.7564089142431674e-08,0.59
O=C(NC(=N)C1=CC=CC=C1)CC=2C(=O)CC3=CC=CC(C(=O)N)=C3C2,1.52036830601062E-09,O=C(N)c1c2c(ccc1)C[NH+](CC(=O)c3ccccc3)CC2,4.521567637491066e-08,0.349
C(=O)=C(CC1=CC=CC=C1)CCC=CC2=C(C(=O)O)C=CC(=C2)CCCC(N)(=O),1.52036830601062E-09,O=C(Nc1cc(NC(=O)CCCCC(=O)N)ccc1)CCC=Cc2ccccc2,1.5879099792565044e-08,0.348
O=C(CC1=CC=CC(C(=O)C(=O)(N))=C1)N2CCC(=O)C(C3=CC=C(C(=O)N)C=N3)=C2,1.52036830601062E-09,O=C(N)c1cnc(N2CCN(C(=O)Cc3cc(ccc3)C(=O)N)CC2)cc1,3.281089411501842e-08,0.485
O=C(CC1=CC=CC=C1)NCC2=CC=CC=C2C3CCC(C(=O)(N))=C3,1.52036830601062E-09,O=C(NCc1c(cccc1)C2CC2)NCCNC(=O)Cc3ccccc3,3.3937368727139225e-08,0.527
C(C(=O)(N))1=CC=CC=C1CC(=O)NC(=O)C2=CC3=CC(Br)=CC=C3C(=C(=N))2,1.5462469588758E-09,Brc1cc(c(NC(=O)Cc2c(cccc2)C(=O)N)cc1)C(=O)N,1.5242376825949801e-07,0.492
CC1=CC=CC=C1NCCCC=C2C(C(=O)N)=C(N)C=C2CCCCC,1.5462469588758E-09,O=C(Nc1ccc(cc1)CCCCC)CCNc2c(cccc2)C,6.231032238480951e-08,0.431
O=C(CC1=CC=C(C(=O)O)C=C1)NC2C3=CC=CC=C3C=C2CCCC(C(C(=O)(N))),1.5462469588758E-09,O=C(N)c1ccc(cc1)CC(=O)NC2C(NC(=O)CCCCC(=O)N)CC2,1.2967769059876142e-08,0.435
C(=O)=C(CC1=CC(C(=O)N)=CC=C1)C(=O)C2=CC=CC3=C2CC(C)(C)C(=O)3,1.5462469588758E-09,O=C(N)c1cc(ccc1)CC(=O)N2c3c(cccc3)C(=O)C(C2)(C)C,7.253213413653791e-08,0.5
C(C(=O)(N))C1=CC=CC=C1CC=CC2=C(C(=C)C)C=CC=C2C(=C)CCCC(N),1.5462469588758E-09,O=C(Nc1c(cccc1)CC(=O)N)CCCCCCC(=O)C,2.4041638772575107e-07,0.344
CC(=O)C1=CC=CC=C1CC(=C)C2=C(C(=O)C)C3=CC=CC(C(=O)C(=O)(N))=C3C2,1.5462469588758E-09,O=C(OC)c1c(cccc1)CC(=O)Nc2cc(NC(=O)C(=O)N)ccc2,2.798559374393035e-07,0.294
C(=O)=C(CC1=CC=CC(C(=O)N)=C1)N2CCCC(C3=CC(C(=O)O)=CC=C(C(=O)O)3)=C2,1.5462469588758E-09,O=C(N1CCN(C(=O)Cc2cc(ccc2)C(=O)N)CCC1)c3c(cccc3)C(=O)N,1.0953798786632843e-08,0.394
CCC1=CC=C(C(=C(C(=O)(N)))C)C=C1CNC(=O)CC2=CC3=CN=CC=C3C2,1.57256610018807E-09,O=C(NCC=CCNC(=O)CC1=Cc2c(cccc2)C1)c3cc(c(cc3)CC)CC,1.4842452734127424e-08,0.479
C(N)=C(N)C1=CC=CC=C1NCC2=CC=NN=C2NCCCC3CCCC3,1.57256610018807E-09,O=C(NCCC(=O)N)c1c(NCCCC2CCCC2)cccc1,1.4987273864256132e-07,0.462
CN(CC1=CC(C(=C)N)=CC=C1)C(=O)C2=CC=CC=C2NC3=CC=CC(N)=C3,1.57256610018807E-09,O=C(N(Cc1cc(N)ccc1)C)c2c(Nc3ccccc3)cccc2,1.7571392636239635e-08,0.736
CC(N)(C)C1=CC=CC=C1CC=C(N)N(C)CC2=CC=C(C(=C)C)C=C2CC,1.57256610018807E-09,O=C(N(Cc1c(cccc1)C(C)(C)C)C)c2cc(c(cc2)CC)CC,7.131820520357163e-08,0.452
NC(=O)C1=CC=CC=C1CCCC2=CC=CC=C2C3=CC(=O)C(=C(=O))NC(=O)3,1.57256610018807E-09,O=C(N)c1c(cccc1)CCC(=O)NCCCCNC(=O)C=2Nc3c(cccc3)C(=O)C2,6.231032238480951e-08,0.412
NC1=CC=CC=C1CC2=CC=CC=C2CCC(N)CC3=CC=CC(N)=N3,1.57256610018807E-09,S(Cc1nc(N)ccc1)Cc2c(N)cccc2,1.367600676037962e-06,0.468
CC(C)(CC1=CC(C(=C(=O))N)=CC=C1NC(C)=O)CCC2=CC(C(=O)N)=CC=C2F,1.5993332276357E-09,Fc1c(NC(=O)C)cc(cc1)C(=O)NCC(CNC(=O)c2ccc(cc2)C(=O)N)(C)C,3.819341775176634e-08,0.453
C(C(=C(N))C(C(N)))#CC1=CC=CC=C1NC(=O)C2=CC3=CC=CC=C3S2,1.5993332276357E-09,S1c2c(cccc2)C=C1C(=O)Nc3c(C#Cc4ccc(cc4)C([O-])=O)cccc3,7.684819844846174e-09,0.548
O=C(CC(N)=C1C=CC(=O)C1)NCC2=CC=CC=C2SC(=O)CC3=CC=CC=C3,1.5993332276357E-09,S(c1c(cccc1)CNC(=O)NNC(=O)Cc2ccccc2)c3ccccc3,1.0590212076695778e-08,0.391
FC1=C(C(=O)N)C=CC=C1CC(=O)N(C)CCCC2=CC(C(C(=O)(N)))=CN=C(C(C))2,1.5993332276357E-09,Fc1c(cccc1C(=O)N)C(=O)N(CCCCN(C(=O)Cc2c(cccc2)CC)C)C,6.126747008126378e-08,0.53
O=C(C(=O)NC1CCCC1)NCN2CC3=C(C(=C(N))N)C=CC=C3CC2,1.5993332276357E-09,[O-]C(=O)c1c2c(ccc1)CC[NH+](C2)CC(=O)NC3CCCC3,8.301773170513546e-08,0.54
C(N)(=O)C1=CC=C(C(=O)C(N))C=C1CCCC=C2CCC3=CC=CC=C3[NH1]2,1.5993332276357E-09,O=C(N)c1c(cccc1)CCC(=O)NC2C(=O)Nc3c(cccc3)CC2,9.25260985941592e-09,0.384
NC(=O)C1=CC=CC=C1CCC(=O)C=C2CC(=N(C(=O)N))CC3=CC=CC=C32,1.5993332276357E-09,O=C(N)c1c(cccc1)CCC(=O)N2Cc3c(c4c(cccc4)C2)cccc3,3.595683041467308e-09,0.474
C(=O)=C(CC1=CC=CC(C(=O)N)=C1C)CCC=CC=CC2=CC=CC=C2,1.5993332276357E-09,O=C(N)c1c(c(NC(=O)CCC=Cc2ccccc2)ccc1)C,1.4987273864256132e-07,0.5
CC1=CC=CC=C1NC(=O)NC2CCC3=C(N)C(C(C(=O)N))=CC=C3C2,1.5993332276357E-09,O=C(Nc1c(cccc1)C)NC2Cc3c(cccc3)CC2,3.989014303322279e-07,0.6
O=C(CCC1=CC=CC(N)=C1)CCCC(C)CC=CC2=CC=CC(C(=O)(N))=C2,1.5993332276357E-09,O=C(NCCCc1cc(N)ccc1)C(CC=Cc2ccccc2)C,6.779696498481721e-08,0.478
O=C(CCC1=CC(C(=O)N)=CC=C1)CC(=N)C=CC(=N)C=CC2=CC=CC=C2,1.5993332276357E-09,O=C(N)c1cc(ccc1)CCNC(=O)C=Cc2ccccc2,9.342889642716196e-08,0.554
CCC(=O)NC1=CC(C(=O)O)=CC=C1C(=O)CCC2CCC3=CC=C(C(=O)N)C=C32,1.5993332276357E-09,[O-]C(=O)c1cc(NC(=O)CCC2c3c(cccc3)CC2)c(cc1)CC,5.536682786610249e-08,0.544
O=C(CNC1CCCC1)NCN2CC3=C(C(=C(N))N)C=CC=C3CC2,1.6265559665274E-09,O=C(N)c1c2c(ccc1)C[NH+](CC(=O)NCC3CCCCC3)CC2,1.8484016003142754e-08,0.417
CC1=CC(C(=O)N)=CC=C1C2=CC=CC=C2CCCCCC3CCC(N)C3,1.6265559665274E-09,O=C(N)c1cc(c(NC(=O)CCC2CC([NH3+])CC2)cc1)C,4.4892723101046985e-07,0.524
O=C(CC1=CC=C(N)C=C1)CCC=C2C=CC=C2[NH1]C(=O)CC3=CC(N)=NC=C3,1.6265559665274E-09,Brc1ccc(cc1)CC(=O)Nc2cc(NC(=O)Cc3cc(ncc3)N)ccc2,1.0770471307974203e-08,0.446
CC1=CC=C(N)C=C1CC2=CC=CC=C2CCC(O)C3=CC=CC(N)=C3,1.6265559665274E-09,O=C(NCc1c(ccc(N)c1)C)CCCC(O)c2ccccc2,1.898206059494335e-07,0.466
C(=O)(CC1=CC=CC=C1)NCCC(=O)C2=CC(C(=O)C(N)(C))=C(C)C=C2C,1.6265559665274E-09,O=C(OC(C(=O)c1c(cc(c(c1)C)C)C)C)CCNC(=O)Cc2ccccc2,6.554659724274868e-08,0.618
CC1=CC=CC=C1CCC(=O)NC=CC2=CC(C(=O)N)=CC=C2C3=CC=CCC(=O)3,1.6265559665274E-09,O=C(NCC=CCNC(=O)CCc1c(cccc1)C)c2c(ccc(c2)C(=O)N)C,1.4842452734127424e-08,0.432
C=C(CC1=CC=CC(C(=O)N)=C1)C(=C(N))CCCC(=O)NCC2=CC=CC=N2,1.6265559665274E-09,O=C(N)c1cc(ccc1)CC(=O)NCc2ncccc2,3.5445020958727777e-07,0.667
C(C(=C)C(N))=CC1=CC=C(C(=O)C(N))C=C1NC(=O)C2=CC3=CC=CC=C3C2,1.6265559665274E-09,Clc1c(NC(=O)C2=Cc3c(cccc3)C2)cc(cc1)C(=O)CC,1.106067745068516e-07,0.531
O=C(CC1=CC=CC=C1)NCC=CC(C2=CC(C(=C(C(C)))N(C(=O)C))=CC=C2)=C,1.6265559665274E-09,O=C(NCC=CCNC(=O)CCNC(=O)Cc1ccccc1)c2cc(ccc2)C(=O)C,4.521567637491066e-08,0.477
CC(C(=O)C1=CC=CC(C(=O)N)=C1C)CCC=CC=CC2=CC=CC=C2,1.6265559665274E-09,O=C(NCC(CNC(=O)C=CC=Cc1ccccc1)C)c2c(c(ccc2)C(=O)N)C,1.1918319218472259e-08,0.533
CC1=CC=C(N)C=C1CNC(=O)CC2=CC=CC=C2C3=CC(C(=O)N)=CC=C3,1.65424207196457E-09,O=C(N)c1cc(ccc1)CC(=O)NCc2c(ccc(N)c2)C,1.0338595034593203e-07,0.698
CCC1=CC(N)=C(C(=O)N)C=C1CC(=C(C(=O)O))C2=CC3=CC=CC=C3C(=O)2,1.65424207196457E-09,Fc1c(cc(N)c(c1)C(=O)NCC=CCNC(=O)C=2OC(=O)c3c(cccc3)C2)CC,1.0875561204824821e-07,0.372
O=C(CCC1CCCC1)NCC2CC3=C(C(=O)C(=O)(N))C=CC=C3CC2,1.65424207196457E-09,O=C(NCC1Cc2c(cccc2)CC1)CCC3CCCC3,4.6768036128584304e-08,0.654
CC(C)C1=CC=C(C(=O)N)C=C1N2C(=O)CCN(C3=CC=CC(C(=O)C)=C3)S2,1.65424207196457E-09,O=C(N1CCN(C(=O)c2ccc(cc2)C(=O)N)CC1)c3cc(ccc3)C(=O)C,5.352905056385263e-08,0.393
O=C(CC1=CC(C(=O)C(C(=O)C))=CC=C1)N2CCCC(C3=CC=CCC3)=C(N)2,1.65424207196457E-09,O=C(N)c1cc(ccc1)CC(=O)N2c3c(c(N)ccc3)CCC2,5.352905056385263e-08,0.429
CC1=CC=CC=C1NCCCC=C2C(C(=O)C)=C(N)C=C2CCCCC,1.65424207196457E-09,O=C(Nc1ccc(cc1)CCCCC)CCNc2c(cccc2)C,6.231032238480951e-08,0.431
CCC1=CC=CC=C1CC(=C)C2=CC3=CC=CC(C(=C(N)(C))N)=C3S2,1.65424207196457E-09,S1c2c(NC(=O)Cc3c(cccc3)CC)cccc2C=C1C(=O)OC,6.895095781354073e-08,0.429
O=C(NC1=CC(=O)CC=C(N)1)N2CCN(C(=O)C3=CC(C(=O)N)=CC=C3)C2,1.6823994310506E-09,O=C(N1CCN(C(=O)Cc2cc(ccc2)C(=O)N)CC1)c3cc(N)ccc3,1.7277310266162335e-08,0.397
NC(=O)C1=CC=CC=C1N2CCCC(C3=CC(C(=O)C(C(=C)C(=O)(N)))=CC=C3)C2,1.6823994310506E-09,O=C(OC)c1cc(ccc1)C2CN(C(=O)c3c(cccc3)C(=O)N)CCC2,8.301773170513546e-08,0.478
O=C(NC1=CC=CC=C1)NC(=O)CC=CCC2=CC=C(O)C3=C2CCC=C(N)3,1.6823994310506E-09,O=C(Nc1ccccc1)NC(=O)COC(=O)CC=CCc2ccccc2,4.7564089142431674e-08,0.415
O=C(NC1=CC=CC=C1)NC=CCC=CC2=C(C(=O)C)C=CN=C2CC(=O)C,1.6823994310506E-09,O=C(Nc1ccc(NC(=O)Cc2ncccc2C)cc1)Nc3ccccc3,1.96337590604281e-07,0.381
O=C(NCC1=CC=CC=C1)CCC(=C(C(=C)N))CCCC(N)C2=CC=CC=C2,1.6823994310506E-09,O=C(NCc1ccccc1)CNC(=O)CCC([NH3+])c2ccccc2,1.5242376825949801e-07,0.588
C(C(=O)C)=C(C(=O)C1=CC=CC(C(=O)N)=C1)N2CCC(CC3=CC=CC=C3)C2,1.6823994310506E-09,O=C(N)c1cc(ccc1)CC(=O)N2CC(Cc3ccccc3)CC2,1.4349790904006653e-08,0.632
O=C(CC1=CC=CC(C(=O)C)=C1C)CC2=CC=CC=C2CC=CC3=CCCC(=O)3,1.71103606513762E-09,O=C(NCC=CCNC(=O)C1=CCC1)c2c(c(ccc2)CO)C,3.0449823504670387e-07,0.364
CC(N)(C)C1=CC=CC=C1CC(=O)NCCC(C)C2=C(N)C=C(N)C=C2,1.71103606513762E-09,FC(F)(F)c1c(cc(N)cc1)C(=O)NC(CCNC(=O)Cc2c(cccc2)C(C)C)C,9.032773438039763e-08,0.471
O=C(NC1=CC(C(=O)O)=CC=C(C(=O)O)1)NCC2=CC=CC=C2C3CCCC(C)C3,1.71103606513762E-09,[O-]C(=O)c1cc(c(cc1)C(=O)NCc2c(cccc2)C3CCC3)C,1.0875561204824821e-07,0.587
CC(CC1=CC(C(=O)O)=CC=C1)C(=C(N))CCNC(=O)C2=CC=CC(N)=C2,1.71103606513762E-09,O=C(NCCNC(=O)c1cc(ccc1)CC(C)C)c2cc(N)ccc2,1.9444039222013203e-08,0.611
C(C(=O)N)=C(C)C1=CC=CC=C1N2CCCC(C3=CC(C(=O)C(C(C(N))))=CC=C3)=C2,1.71103606513762E-09,O=C(N)c1c2c(N(C(=O)CCCC(=O)c3ccccc3)CCC2)ccc1,1.642426636793946e-08,0.387
O=C(CC1=CC=CC(N)=N1)C(C)C2=CC=CC=C2CC3=CC=CC(C(=O)C)=C3,1.71103606513762E-09,O=C(NCc1nc(N)ccc1)c2cc(ccc2)Cc3ccccc3,2.2633772495951396e-08,0.459
NC1=NC=C(N)C=C1CC2=C(C(=O)O)C=CC=C2CCCC3=CCCC=C3,1.7401601321117E-09,O=C(N1CC=CC1)c2c(cccc2)CN3N=NC(c4ncc(N)cc4)=C3,1.1635147152901843e-07,0.256
O=C(CCC1=CC=CC(=C(N))C(=N)1)CCC(=O)NC(=O)C2=CC=CC=C2,1.7401601321117E-09,O=C(NNC(=O)CCc1c(N)cccc1)c2ccccc2,8.968256792757364e-07,0.426
O=C(CC1=CC(C(=O)(N))=CC=C1)N2CC=CC(C3=CC(C(=O)O)=CC=C(C(=C)C)3)=C(C(=O)O)2,1.7401601321117E-09,O=C(N1CCN(C(=O)Cc2cc(ccc2)C(=O)N)CC1)c3c(cccc3)C(=O)C,1.9118615434800554e-08,0.423
CC1=C(C(=O)N)C=CC=C1CCCC(=O)C=CC2=CC3=CC=C(N)[NH1]C3=C2,1.7401601321117E-09,O=C(NCCCCNC(=O)C=Cc1cc2c(NC=C2)cc1)c3c(c(ccc3)C(=O)N)C,1.5095090651174104e-08,0.408
C(=O)(CC1=CC=CC(C(=O)C(C(=O)N))=C1)N2CC(=O)C(=N)C(C3=CC=CC=C3)=C2,1.7401601321117E-09,O=C(N)c1cc(ccc1)CC(=O)N2CC(c3ccccc3)=CCC2,3.281089411501842e-08,0.418
NC(N)=CC(=C(=O))CC1=CC=CC=C1CCC(=O)NC(=O)C2CCCC2,1.7401601321117E-09,O=C(OCC(=O)NC(=O)C1CCCCC1)CCc2c(cccc2)C(=O)N,7.012459310633414e-08,0.484
O=C(NC1=CC=CC=C1)NC(=O)CCC=CCCC2=CC=CC3=C2CC(=N)C(=O)C3,1.7401601321117E-09,O=C(Nc1ccccc1)NC(=O)CC[NH+]2Cc3c(cccc3)C2,1.203460892404676e-07,0.426
CC1=CC=CC=C1CNC(=O)CC=C2C=CC(C(=O)O)=C2CCCCC(=O)(N),1.7401601321117E-09,O=C(NCC=CCNC(=O)CCCCC(=O)N)CCc1c(cccc1)C,7.759802350413329e-08,0.46
O=C(CC1=CC=CC(C(=O)N)=C1)N(C(=O)C(N))C(=O)CC=CC2=CC=CC(N)=N2,1.7401601321117E-09,O=C(N(CCN(C(=O)Cc1cc(ccc1)C(=O)N)C)C)c2nc(N)ccc2,1.2750734910182225e-08,0.477
C(N)(=O)C1=CC(C(C(=O)(N)))=CC=C1CC(=O)CC=CC2=CC3=CC=CC=C3[NH1]2,1.76977992871671E-09,O=C(N)Cc1ccc(cc1)C=2Nc3c(cccc3)C2,4.2676205429835293e-07,0.456
O=C(CC1=CC(C(=O)N)=CC=C1)N2CC=CC(C3=CC=CC(C(=O)N(C))=C(N)3)=C2,1.76977992871671E-09,O=C(NC)c1ccc(cc1)CC(=O)N2CCN(C(=O)Cc3cc(ccc3)C(=O)N)CC2,2.6536307200884198e-09,0.516
CN(CC1=CC=CC=C1N)C(=O)C=CC2=CC=CC(C(=C(C(=O)N))N)=C2,1.76977992871671E-09,O=C(N(Cc1c(N)cccc1)C)C=Cc2cc(ccc2)C,1.898206059494335e-07,0.692
CC(=O)C1=C(N)C=CC=C1CC(=O)NC2=CC=CC=C2C=CC3=CC=CC(=N)3,1.76977992871671E-09,FC(F)(F)C=Cc1c(NC(=O)Cc2c(N)cccc2)cccc1,2.7517214833583634e-07,0.476
NC1=CC=C(N)C=C1CC2=CC=CC=C2CCC(C(=O)C(C))C3=CC=CC=C3,1.76977992871671E-09,O=C(NCc1c(ccc(N)c1)C)C(c2ccccc2)CCc3ccccc3,1.1329868277338134e-08,0.45
O=C(NCCC(C(=O)N)C(=O)CC1=CC=CC(C(=O)N)=C1F)CC2=CC=CC=C2,1.76977992871671E-09,Fc1c(cccc1C(=O)N)C(=O)NCCNC(=O)Cc2ccccc2,1.400884853987751e-07,0.604
O=C(CC1=CC=CC=C(C(=C)N)1)N2CCC(=O)C(C3=CC=CC(N)=C3)=C2,1.76977992871671E-09,O=C(N)c1c(cccc1)CC(=O)N2C3=NC(c4cc(N)ccc4)=CN3CCC2,1.0412969741292453e-08,0.431
O=C(CC1=CC=C(C(=O)C(C(C(N))))C=C1)C2CCC(C3=CC=CC=C(N)3)=CC2,1.76977992871671E-09,O=C(OCCCC(=O)c1ccccc1)C2CC=C(CC2)C,6.186527048637454e-07,0.368
O=C(NCC1=CC=CC=C1)C(=O)CCC(C(N))CC=CC2=CC(C(=O)N)=CC=C2,1.79990389291799E-09,O=C(N)c1cc(ccc1)CNC(=O)C(=O)NCc2ccccc2,4.7564089142431674e-08,0.5
O=C(C1=CC=CC=C1)NCCCC2=CCCC3=C2C=C(C(=O)N)C(=N)3,1.79990389291799E-09,O=C(NCCCCNC(=O)c1ccccc1)c2ccc(cc2)C(=O)N,2.0307831856022632e-07,0.453
CC(C(N)(N))(C)C1=CC=CC=C1NC(=O)CCC(C(=O)C)CCC2=CC=CC=C2,1.79990389291799E-09,O=C(Nc1c(cccc1)C(C)(C)C)C([NH3+])CCc2ccccc2,1.6034035719839377e-07,0.527
CCC1=CC=CC(C(=O)N)=C1CCNC2=NC=CC=C2C=CC3=CC=CC3,1.79990389291799E-09,O=C(NCCNC(=O)c1c(nccc1)NC)c2c(cccc2CC)CC,3.226175690629193e-08,0.361
CC1=CC=C(C(=O)C(=O)(N))C=C1CCC(=O)C=C2C=CC3=CC=CC=C3C2=C,1.83054060630604E-09,O=C(N)c1cc(c2c(cccc2)CCC(=O)N)c(cc1)C,1.96337590604281e-07,0.381
O=C(CCC(=O)CC1=CC=CC(C(=C(N))N)=C1C)CCCCC2=CC=CC=C2,1.83054060630604E-09,O=C(N)c1c(c(NC(=O)CCCCc2ccccc2)ccc1)C,2.0653497658821164e-07,0.466
CCC(N)(N)C=C(N)C1=CC=CC=C1NC(=O)CC2=CC=C(C)C=C2CC,1.83054060630604E-09,O=C(N)c1c(NC(=O)Cc2c(cc(cc2)C)C)cccc1,1.5242376825949801e-07,0.544
CCC1=CC=CC(C(=O)N)=C1CC=CCC(=O)CC2=C(N)C3=CC=CC=C3S2,1.83054060630604E-09,S1c2c(cccc2)C(=C1CC(=O)NCC=CCNC(=O)c3c(N)c(ccc3)CC)C,6.067544618567995e-09,0.458
C(C(=O)N)=C(CCC1=CC=CC=C(C(=C)N)1)CCC=CC2=CC=CC=C2F,1.83054060630604E-09,Fc1c(cccc1)C=CC(=O)NCC=CCNC(=O)CCc2c(cccc2)C(=O)N,1.410962664346522e-08,0.462
C=CC1=C(N)C=C(C(=O)N)C=C1CC(=C)C2=CC3=CC=C(C(=O)O)C=C3N2,1.83054060630604E-09,[O-]C(=O)C=1Nc2c(ccc(c3ccc(cc3)C(=O)N)c2)C1,7.448648416157136e-07,0.441
ClC1=CC=CC=C1CCCCC=C2C(C(=O)N)=C(N)C(N)=C2C(=O)CCCC,1.83054060630604E-09,Clc1c(cccc1)CCCC(=O)NCC=CCNC(=O)CCCC,1.3094298482212222e-07,0.458
O=C(NC(=O)C1CCCC1)NCC2CC3=C(C(=O)N)C=CC=C3CC2,1.83054060630604E-09,O=C(NNC(=O)C1CCCC1)NCC2Cc3c(cccc3)CC2,4.2263827811601667e-08,0.554
CC(CC1=CC(C(=O)N)=CC=C1)N2CCCC(C3=CC=C(C(=O)C)C=C3)=C(N)2,1.83054060630604E-09,O=C(N)c1cc(ccc1)CC(=O)N2CCN(C(=O)Cc3ccc(cc3)C(=O)C)CCC2,4.371484371119651e-08,0.476
CN(C(=O)C=CC=CC=C(C(N))C1=CC=CC=C1)CCC2CC3=CC=CC=C3C2,1.83054060630604E-09,O=C(N(CCN(C(=O)C1Cc2c(cccc2)C1)C)C)C=CC=Cc3ccccc3,1.2537333137184442e-08,0.475
NC1=CC=CC=C1C(=O)NC(=O)CCC2=CC(=O)CC(C)=C2C(C(=O)N),1.83054060630604E-09,O=C(NCc1ccc(cc1)CC(=O)N)c2c(N)cccc2,4.802818259561917e-07,0.39
O=C(NCC1=CC=CC=C1)CCC2CC(=O)CC3=CC=C(C(=O)C(N))C=C23,1.83054060630604E-09,O=C(NCCC(=O)NCc1ccccc1)c2cc3c(cc2)CCCC3C[NH3+],5.5765130688645855e-09,0.5
C=C(C(N)(N)C1=CC=CC=C1)NCCCC2=CC=CC3=C2CCCC3,1.83054060630604E-09,O=C(NCc1c2c(ccc1)CCCC2)C([NH3+])(c3ccccc3)C,2.1156155125584927e-08,0.509
NC(CC1=CC=CC(C(C(C(N))))=C1C)=CCC(=O)CC2=CC=CC(C(=O)N)=C2,1.83054060630604E-09,O=C(N)c1cc(ccc1)CC(=O)NCCc2c(c(ccc2)C)C,9.501917818235031e-08,0.468
C(=O)=C(CC1=CC(C(=O)N)=CC=C1)C(=C)C=CC=CC2=CC=CC=C2F,1.86169879654122E-09,Fc1c(cccc1)C=CC(=O)NCCNC(=O)Cc2cc(ccc2)C(=O)N,4.2983213321261525e-08,0.54
O=C(NC1=CC=CC=C1)CCC=CC2=C(C(=C(N))O)C=CC=C2CCC(=O)CC,1.86169879654122E-09,O=C(N)c1c(cccc1)CCC(=O)NCC=CCNC(=O)CCCCCC(=O)Nc2ccccc2,3.5102517843139754e-08,0.406
O=C(CCC1=CC=C(C(C(N)))C=C1)CC(C(=O)C)CC=CC2=CC(C(=O)N)=CC=C2,1.86169879654122E-09,O=C(N)c1cc(ccc1)C[NH+](CC(=O)CCc2ccccc2)C,9.18652303100925e-08,0.385
O=C(CCC(=O)C(=C)C1=CC(C(=O)N)=CC=C1)CCC2(C(=O)O)CC3=CC=CC=C3C2,1.86169879654122E-09,[O-]C(=O)C1(C[NH2+]Cc2cc(ccc2)C(=O)N)Cc3c(cccc3)C1,4.598530619970025e-08,0.508
CC(N)C1=CC=CC(C(=O)N)=C1CCNC(=O)CC2=CC3=CC=CC=C3S2,1.86169879654122E-09,S1c2c(cccc2)C=C1CC(=O)NCCNC(=O)c3c(c(ccc3)C(=O)N)C,2.0453924147377183e-08,0.613
O=C(CNC1CCCC1)NCC2CC3=C(C(=O)C(N))C=CC=C3CC2,1.86169879654122E-09,O=C(NCC1Cc2c(cccc2)CC1)NCCC[NH2+]C3CCCCC3,2.9154641752295277e-08,0.455
O=C(CC1=CC=CC=C1)NCC2=CC=CC=C2C3C(=O)C=CC(N)=C3,1.86169879654122E-09,[O-]C(=O)Cc1c(cccc1)CNC(=O)Cc2ccccc2,3.0968119242070426e-07,0.48
NC1=CC=C(N)C=C1CC2=CC=C(C(N))C=C2CC=CC3=CC=CC(=O)N3,1.86169879654122E-09,O=C(NCC=CCNC(=O)C=1NC(=O)C=CC1)c2c(cc(N)cc2)CC,2.9154641752295277e-08,0.319
O=C(NCC1=CC=CC=C1)CCC2CC(=O)CC3=CC(C(=O)O)=C(C(=O)C)C=C23,1.86169879654122E-09,O=C1Nc2c(cccc2)CC1CCC(=O)NCC(=O)NCc3ccccc3,1.9118615434800554e-08,0.448
CC(C)(N)C1=CC=CC=C1CC(=O)NCC(=O)C2=CC3=CC=CC=C3C(=N)2,1.89338733984006E-09,O=C1OC(C(=O)NCC(CNC(=O)Cc2c(cccc2)C)(C)C)=Cc3c1cccc3,2.504593513241216e-08,0.377
O=C(C1=C(C(=O)N)C=CC(C(O)O)=C1)NC2=CC=CC=C2C=C3C=CC(C)C=C3,1.89338733984006E-09,O=C(Nc1c(cccc1)C=C)NC(c2cc(c(O)cc2)C(=O)N)C,1.016556387001877e-07,0.4
C=C(CC1=CC=CC=C1N)C2=C(C(=O)N)CC(C3=CC(C(=O)N)=CC=C3)=C2,1.89338733984006E-09,O=C(N)c1cc(NC(=O)CNC(=O)Cc2c(N)cccc2)ccc1,9.828140844988804e-08,0.433
CC1=C(C(=O)N)C=CC=C1CC(=O)C=C(C)C(=O)CCCC2=CC(C(N))=CC=C2C,1.89338733984006E-09,O=C(N)c1c(c(NC(=O)CCCc2c(ccc(c2)C)C)ccc1)C,1.2659662699976492e-07,0.441
O=C(CC1=CC=CC=C1)NCCCC(C)=C2C=CC=C2CC(=C(C(=O)N))C,1.89338733984006E-09,O=C(NCCCCNC(=O)CCNC(=O)Cc1ccccc1)C=C(CC)C,1.866436868034807e-07,0.468
O=C(NCC1=CC=C(N)C=C1)CCC2=CCC3=CC=CC(C(=C)N)=C3S2,1.89338733984006E-09,O=C(N)c1c(cccc1)CCC(=O)NCc2ccc(N)cc2,5.263316539506193e-08,0.492
O=C(C(=N)C1=CC=CC=C1)NC(=O)CCC(C2=CC(C(=O)N)=CC=C2)C,1.89338733984006E-09,O=C(NCCNC(=O)CCC(c1ccccc1)C)C(=O)c2ccccc2,7.253213413653791e-08,0.473
C(=O)(CC1=CC=CC=N1)CCCCC2=C(C(=O)O)C=CC3=C2CC(C(=O)N)=CC3,1.89338733984006E-09,O=C(N)c1c2c(ccc1)CN(C(=O)Cc3ncccc3)CC2,1.5765683215060107e-07,0.347
NC(=O)C(CC1=CC(C(=O)N)=CC=C1)CCCCCC(N)C2=CC=CC=C2,1.89338733984006E-09,O=C(N)c1cc(ccc1)CNC(=O)CCC([NH3+])c2ccccc2,4.445892740524959e-08,0.574
O=C(CC1=CC=CC=C1)NCC2=CC=CC=C2CC3(C)CCC=C(N)3,1.92561526350392E-09,O=C(NCCNC(=O)CC1(CC1)C)Cc2ccccc2,6.845847513170984e-07,0.453
O=C(CC1=CC=CC=C1)NCCCC2=C(C(=O)O)C=CC3=C2CC(=O)CC(N)3,1.92561526350392E-09,O=C(NCCNC(=O)Cc1ccccc1)C2CC(=O)CC(=O)C2,4.565685583961553e-07,0.459
O=C(CCC1=CC=CC(N)=C1)NC2CCC(=N)C3=CC=C(C(=O)N)C=C23,1.92561526350392E-09,O=C(NC1c2c(cccc2)CC1)CCc3cc(N)ccc3,1.0338595034593203e-07,0.61
O=C(CC1=CC(C(=O)C)=CC=C1)N2CC=CC(C3=CC=CC(C(=O)N)=C3)C2,1.92561526350392E-09,O=C(N1CC(C2CN(C(=O)Cc3cc(ccc3)C(=O)N)C2)C1)c4cc(ccc4)C(=O)C,1.5462469588758022e-09,0.603
NC(C(=O)(N))C(C)C1=CC=CC=C1NCCC2=CC=CC3=CC=CC=C32,1.92561526350392E-09,N(c1c(cccc1)C(C)C)CCCc2c3c(ccc2)cccc3,5.088612586911091e-08,0.558
CC(CC1=CC(C(=O)N)=CC=C1)=CC(=C(C(=O)N))C=CC2=CC=CC(F)=C(C)2,1.92561526350392E-09,Fc1c(cccc1)C=CC(=O)N(CCN(C(=O)Cc2cc(ccc2)C(=O)N)C)C,6.7141846970871975e-09,0.5
CC(N)(C)C1=CC=CC=C1NCC(=C(=C(=C)))CC2=CC=C(C(=O)N)C=C2,1.92561526350392E-09,FC(F)(c1c(NCc2ccc(cc2)C(=O)N)cccc1)C,7.448648416157136e-07,0.5
O=C(CCC(C(=O)C(C(=O)N))CCCC1=CC=CC=C1)NC(=O)CC2=CC=CC=C2,1.92561526350392E-09,O=C(OCC(=O)NC(=O)Cc1ccccc1)C(CCCc2ccccc2)C,4.598530619970025e-08,0.5
O=C(CC1=CC=C(C(=O)O)CC1)CSC2=CC=C(C3=CC(C(=O)N)=CC=C3C)C=C2,1.95839174849055E-09,O=C(NCCNC(=O)C1=CCC1)c2cc(c3ccccc3)c(cc2)C,5.263316539506193e-08,0.324
CC1=CC=CC=C1CCNC(=O)CC2=CC3=CC=C(C(=C(N))C(=O)(C(N)))C=C3C2,1.95839174849055E-09,O=C(OCC(=O)NCCc1c(cccc1)C)CC2=Cc3c(cccc3)C2,1.1635147152901843e-07,0.522
O=C(CC1=CC=NC=C1)NCCCC2=C(C(=O)O)C=CC3=C2C=C(C(=O)N)CC3,1.95839174849055E-09,O=C(NCCCCNC(=O)CCc1ccncc1)Cc2cc3c(cc2)CCC3,4.155648224664381e-08,0.42
C(C(=O)O)=C(CCC1=CC=C(C(=O)N)C=C1)NCC=C2C=CC3=CC=CC=C3C(=O)2,1.95839174849055E-09,O=C1OC(C(=O)NCC=CCNC(=O)CCc2ccc(cc2)C(=O)N)=Cc3c1cccc3,1.1718849111824172e-08,0.419
CC(C(=O)N)=CCC(=O)NC(C)C1=CC=CC=C1CCCC2=CC=CC=C2,1.95839174849055E-09,O=C(NC(c1c(cccc1)CC)C)NCCCc2ccccc2,2.994020218722163e-07,0.483
O=C(CC1=CC=CC=C1)NCC=CC2=CC=CC(=C2)CC(=N)CC(N)C,1.95839174849055E-09,O=C(NCC=CCNC(=O)CCNC(=O)Cc1ccccc1)Cc2cc(OC(C)C)ccc2,5.003447382254635e-08,0.469
C=C(CCC(=O)NCC1=CC=CC=C1F)CC2CCC3=CC=CC(C(=O)N)=C3C2,1.95839174849055E-09,Fc1c(cccc1)CNC(=O)CC2Cc3c(cccc3)CC2,6.024207140153831e-08,0.574
O=C(C(N)C1=CC=CC=C1)NCC2=CC=CC=C2CCCCC3CCCCC3,1.95839174849055E-09,O=C(NCCCC1CCCCC1)C(c2ccccc2)c3ccccc3,2.8666697152640347e-08,0.528
C=C(N)C1=CC=CC=C1CC(=O)NCC(=C(=N))C2=CC3=CC=CC=C3S2,1.95839174849055E-09,S1c2c(cccc2)C=C1C(=O)CNC(=O)Cc3c(cccc3)C(=O)N,8.083954182461677e-09,0.625
C(CC)=C(CNC1=CC=CC=C1Cl)C(=O)NC(=O)C(N)=CC2=CC=CC=C2,1.99172613202964E-09,Clc1c(NCC(=O)NCCNC(=O)C(=Cc2ccccc2)CC)cccc1,6.126747008126378e-08,0.534
O=C(NC(=O)C1=CC=CC=C1)NCCC(CN)CC=CC2=CC=CC(C(=O)N)=C2,1.99172613202964E-09,O=C(NC(CCNC(=O)C(CC=Cc1ccccc1)C)C)c2ccccc2,5.536682786610249e-08,0.424
O=C(CC1=CC=CC=C1)NCC=C(C(CO)C)CCC2=CC(C(=O)N)=CC=C2,1.99172613202964E-09,O=C(N)c1cc(ccc1)CC(=O)NCC=CCNC(=O)CCc2ccccc2,2.7251317633980198e-08,0.586
C(=N)=C(CCC1=CC=CC(C(=O)N)=C1Cl)CCC(=O)CCCC2=CC=CC=C2F,1.99172613202964E-09,Fc1c(cccc1)CCCNC(=O)CCc2c(cccc2)C(=O)N,4.598530619970025e-08,0.467
CC1=CC=C(CCC(=O)C=C(C(=O)(C))CC2=CC=CC(C(=C)N)=C2Cl)C=C1Cl,2.02562791028267E-09,Clc1c(cccc1COC(=O)CCc2cc(Cl)c(cc2)C)C(=O)OC,2.0653497658821164e-07,0.471
CC1=C(N)C(N)=C(C(=O)N)N=C1CC=C(C)C(=O)NC2=CC=CC(C)=C2,2.02562791028267E-09,O=C(Nc1cc(ccc1)C)C(=O)NC=2C(=NNC2C)C(=O)N,1.1552043035786423e-06,0.459
O=C(CCC1=CC=CC(C(=C)N)=C1F)C(N)CCCCC(=O)NC2=CC=CC=C2,2.02562791028267E-09,Fc1c(F)cccc1CCC(=O)Nc2cc(NC(=O)CCCCCC(=O)Nc3ccccc3)ccc2,2.634677144749383e-08,0.508
O=C(CC1=CCCC=C1)CCC2=CC=CC=C2C(=N)C=CC3=CC(C(=O)O)=CC=C3,2.02562791028267E-09,Clc1cc(ccc1)C=CC(=O)NCc2c(cccc2)CCC([O-])=O,5.923383423429206e-08,0.329
CC(CC1=CC(C(=O)N)=CC=C1)N2CCCC(C3=CC=C(C(=O)N)C=C3)C2,2.02562791028267E-09,O=C(NCC(CNC(=O)Cc1cc(ccc1)C(=O)N)C)c2ccc(cc2)C3CCC3,6.491322439757576e-09,0.5
O=C(CC1=CC(C(=O)N)=CC=C1)CC(N)C=CC2=CC=CC(=C2)CCC,2.02562791028267E-09,O=C(N)c1cc(ccc1)CC(=O)Nc2cc(ccc2)CCC,9.663652860855617e-08,0.5
CC1=C(C(=O)O)C=CC=C1CCC(=N)CCC=CC2=CC3=CC=CC=C3C2,2.02562791028267E-09,O=C(NCC=CCNC(=O)C1=Cc2c(cccc2)C1)c3c(c(ccc3)CO)C,8.795774723528521e-09,0.403
CC1=CC=CC=C1C(=O)C2=CN=C(N)C=C2C=CC(N)CC3=CC=CC=C3,2.02562791028267E-09,O=C(NNC(=O)C([NH3+])Cc1ccccc1)c2c(cccc2)C,1.0439471018076073e-06,0.393
CC=CC=CC1=CC=CC(C(=O)N)=C1NC(=O)N=CCC2=CC=C(C)C=C2,2.02562791028267E-09,O=C(N)c1c(NCCc2ccc(cc2)C)c(ccc1)C,3.313103734547974e-07,0.41
CN(CC1=CC=C(N)C(C(=O)N)=C1)C(C)C2=CC=CC=C2NC3=NC=CC=C3,2.02562791028267E-09,O=C(Nc1ccc(Nc2ncccc2)cc1)C([NH+](Cc3ccccc3)C)C,7.012459310633414e-08,0.426
O=C(CC1=CC=CC=C1)NCCC(CC2=C(N)C(C(N)))=CC=C(N)2,2.02562791028267E-09,O=C(NCCNC(=O)Cc1ccccc1)Cc2ccc(cc2)CC[NH3+],3.119090045924261e-08,0.481
O=C(C(=O)NC1=CC=CC=C1)NCC2C(=O)CC3=CC=CC(C(=O)N)=C3C2,2.02562791028267E-09,O=C(Nc1ccccc1)C(=O)NCC2Cc3c(cccc3)C2,1.2659662699976492e-07,0.519
CC(N)(C)C1=CC=CC=C1NC=C(C)CC2=CC=C(C(=O)N)C=C2C(=O)CC,2.02562791028267E-09,Fc1c(ccc(c1)C(=O)N)CNc2c(cccc2)C(C)(C)C,2.615858945450191e-07,0.415
CC(CC1=CC=C(C(=O)C(C(N)))C=C1C)C(=O)CCC2=CC=C(C(=O)C)C(C)=C2,2.02562791028267E-09,O=C(NCCNC(=O)C(Cc1c(cccc1)C)C)c2cc(c(cc2)C(=O)C)C,7.131820520357163e-08,0.424
C(=O)(N)C(CC1=CC=C(C(=O)O)C=C1C)CCC2=CC3=C(C(=O)N)C=CC=C3S2,2.02562791028267E-09,[O-]C(=O)c1cc(c(cc1)CNC(=O)c2c(c(ccc2)C(=O)N)C)C,1.96337590604281e-07,0.446
C=C(N)C1=CC=CC=C1CCC(=C(C(N)))CCC2=CC3=CC=CC=C3N2,2.06010674104821E-09,O=C(N)c1c(cccc1)CCC(=O)NCCNC(=O)CCC=2Nc3c(cccc3)C2,3.0668876159758165e-08,0.525
CC(N)(C)C1=CC=CC=C1NCC=CC(=O)CC=CC2=CC=CC(C(=O)N)=C2,2.06010674104821E-09,O=C(N)c1cc(ccc1)CNc2c(cccc2)C(C)(C)C,1.5765683215060107e-07,0.459
O=C(CC1=CC=C(N)C=C1)NCC2=CC=CC=C2C3=C(N)CNC(O)=C3,2.06010674104821E-09,O=C(NCc1c(c2ccccc2)cccc1)Cc3ccc(N)cc3,1.3873481875084242e-08,0.596
CC(=C(C(=O)C))CC1=CC=CC=C1CCC(=O)C2=NC3=CC=CC=C3C(=N)2,2.06010674104821E-09,O=C(OCC(=O)c1ccccc1)C=C(Cc2c(OC)cccc2)C,4.6433995114696347e-07,0.313
CC(=O)C1=CC=CC=C1CC=CC2=C(C(=O)O)C=CC=C2C=CC3=CC=C(N)N3,2.06010674104821E-09,O=C(NCC=CCNC(=O)C=1Nc2c(c(ccc2)CC)C1)c3c(cccc3)C(=O)C,7.131820520357163e-08,0.293
O=C(CC1CCC(C(C(=O)N))CC1)CC2CCC3=CC=C(C(=O)O)C=C3C2,2.06010674104821E-09,O=C(N1CCC(CC(=O)N)CC1)c2cc3c(cc2)CC3,3.0968119242070426e-07,0.5
CN(CC1=CC=CC(C(=O)N)=C1C)C(=C)C=CC2=CC(C(=O)C(N))=CC=C2F,2.09517244651316E-09,Brc1cc(c(F)cc1)C=CC(=O)N(CCN(C(=O)c2c(c(ccc2)C(=O)N)C)C)C,2.341084275815843e-08,0.472
C=C(CCCC(=C)CC1=CC=CC(C(=O)N)=C1)C2(C)CC3=CC=CC=C3C2,2.09517244651316E-09,O=C(N)c1cc(ccc1)CC(=O)NCCCCNC(=O)C2(Cc3c(cccc3)C2)C,1.4594043073710918e-08,0.576
O=C(NCC1=CC=CC=C1)CCN2C(C(=O)O)=CC3=CC=CC(C(=O)C(N))=C3[NH1]2,2.09517244651316E-09,[O-]C(=O)c1c(O)c(ccc1)C(=O)NCCC(=O)NCc2ccccc2,2.2854615275150829e-07,0.409
CCC1=CC(C(=O)O)=C(C(=O)N)C=C1CCC(=O)NC(=O)CC2=CC=C(C)CC2,2.09517244651316E-09,O=C(N)c1c(cccc1)CCC(=O)NCCNC(=O)CC2=CCCC2,3.570000851060834e-08,0.324
CC(=O)C(C(N)(N)C1=CC=CC=N1)NC(=O)CCC2=CC=CC3=C2C=CC=C3,2.09517244651316E-09,O=C(NC(c1ncccc1)(C)C)CCc2c3c(ccc2)cccc3,2.2254963963401058e-08,0.625
CC1=CC=C(C(=O)N)C=C1CNC(=O)NC=C2C=CC3=CC=C(C(=O)O)C=C3[NH1]2,2.09517244651316E-09,O=C(NCC=CCNC(=O)c1cc2NC(=O)C(=O)Nc2cc1)c3c(ccc(c3)C(=O)N)C,6.067544618567995e-09,0.351
CCC1=CC=CC=C1NCC(C(=O)C(C(C)(C)))NCC(=O)NC2=NC(C)=CC=C2,2.09517244651316E-09,O=C(Nc1c(cccc1)CC)CC([NH2+]CCNc2nc(ccc2)C)C,3.36949708418157e-07,0.552
C(C(=O)C)=C(CC1=CC=CC(C(=O)N)=C1)CSC=CC2=CC=CC(N)=C2,2.09517244651316E-09,O=C(N)c1cc(ccc1)CN(C(=O)C=Cc2cc(N)ccc2)C,7.502233167218944e-08,0.508
O=C(C(=C)C=CC1=CC=CC=C1)C=C(C(=O)N)CCC2=CC=CC=C2C(=O)N,2.09517244651316E-09,O=C(N)c1c(cccc1)CCC(=O)NCCNC(=O)C=Cc2ccccc2,3.172181029362035e-08,0.536
CC(C)C1=CC(=C)C(=N)C=C1C(=O)NC(=O)CCC(=O)NC2=CC=CC=C2,2.13083501605084E-09,O=C(NCCC(=O)Nc1ccccc1)c2c(cccc2)C(C)C,7.629930967206321e-08,0.414
N=C(CCC1=CC=CC=C1)C(=O)C(C)=CC2=CC=CC=C2C(C(=C(C(=O)N))C),2.13083501605084E-09,O=C(OCC(=Cc1c(cccc1)COC)C)CCc2ccccc2,5.590705438572481e-07,0.426
O=C(NCC1=CC=CC=C1)C(N)CC2=CC(=N)C3=CC(C(=O)(N))=CC=C3S2,2.13083501605084E-09,O=C(N)c1cc(NC(C(=O)NCc2ccccc2)C)ccc1,1.0338595034593203e-07,0.415
NC(=C)C1=CC=CC(C(=O)N)=C1CC=CCCC=C(N)C2=CC=CC=C2,2.13083501605084E-09,O=C(NCC=CCNC(=O)c1ccccc1)c2c(cccc2)C(=O)N,9.18652303100925e-08,0.377
O=C(CC1=CC=C(N)CC1)NCC2=CC=CC=C2C=CCCC(N)(=O),2.13083501605084E-09,O=C(NCCNC(=O)CCC=Cc1ccccc1)CC2=CCCC2,8.162831131008149e-08,0.373
CC1=CC=CC=C1CNC(=O)CCC(C(C(=O)N))SC2=CC(C(=O)N)=CC=C2,2.13083501605084E-09,S(c1cc(ccc1)C(=O)N)C(C(=O)NCc2c(cccc2)C)C,3.281089411501842e-08,0.638
NC(=O)CC(C)CC1=CC=C(CCCC(=O)NC(=O)C2=CC=CC=C(N)2)S1,2.1671046090668E-09,S1C(=CC=C1C)CC(NC(=O)c2c(N)cccc2)C,7.968887193956398e-07,0.467
O=C(NCC1=CC=CC=C1)N(C)C(=C(C(=C(=O))C))CCC2=C(C(=O)N)C=CC=C2,2.1671046090668E-09,O=C(N)c1c(cccc1)CCC(=O)NCc2ccccc2,8.301773170513546e-08,0.545
O=C(NC1=CC=CC=C1C)C=CCC(C(=O)C(N))CC2=CC(C(=O)N)=CC=C2,2.1671046090668E-09,O=C(N)c1cc(ccc1)CC(=O)Nc2c(cccc2)C,4.3402610144769007e-07,0.525
CC(CC1=C(C(=O)N)C=CC=C1C(=O)CCC)NC(=O)CC2=CC=C(O)C=C2,2.1671046090668E-09,O=C(NCC(NC(=O)Cc1ccc(O)cc1)C)c2c(cccc2)C(=O)N,6.44495812539366e-08,0.569
O=C(NCC1=CC(N)=CC=C1)CC2C(=O)C=CC3=CC=C(C(=O)C)C=23,2.1671046090668E-09,O=C(NCc1cc(N)ccc1)Cc2ccc(cc2)C(=O)C,1.9305160040558177e-07,0.536
NC(=O)C1=CC=C(C(=O)C(C(=O)O))C=C1N2CCCC(C3=CC(C(=O)C)=CC=C3)C(=O)2,2.1671046090668E-09,O=C(N1C(CNC(=O)c2cc(ccc2)C(=O)C)CCC1)c3c(cccc3)C(=O)N,6.38268088085901e-09,0.39
ClC1=CC=CC2=C1CCN2CC(=O)CC(=N)C3=CC(C(=N)N)=CC(C)=C3,2.1671046090668E-09,Clc1c2c(N(CC(=O)c3cc(ccc3)C)CC2)ccc1,2.0653497658821164e-07,0.567
O=C(C(N)(N)C1=CC=CC=C1)NCCCC2C(=O)C3=CC=CC=C3CC2,2.1671046090668E-09,FC(F)(c1ccccc1)C(=O)NCCCCNC(=O)CCC2C(=O)c3c(cccc3)CC2,1.3188497414058236e-08,0.644
O=C(CC1=CC=CC=C1)NCC2=CC(C(=C)N)=CC=C2CC(=O)CCCC(N)C,2.1671046090668E-09,O=C(NCCC(=O)NCCNC(=O)CCCC(C)C)Cc1ccccc1,2.798559374393035e-07,0.413
NC1=CC=C(N)C=C1CC2=CC=CC=C2CCCC3=NC(N)=CC(N)=C3,2.1671046090668E-09,S(c1nc(N)cc(n1)N)CCCc2c3c(ccc2)cccc3,2.504593513241216e-08,0.321
C1C=CC=C(CNC(=O)N(C)CC2=CC=C(C(=C(C(=O)O))C(C(=O)N))C=C2)C1,2.1671046090668E-09,O=C(N(Cc1ccc(cc1)C(=O)NC)C)NCC2=CCCCC2,1.4594043073710918e-08,0.435
CNC1=CC=CC=C1CC(=O)C(N)=C2C=CC3=CC=C(C(=O)C)C=C3C2,2.1671046090668E-09,O=C(NCc1c(NC)cccc1)c2cc(ccc2)C(=O)C,2.0653497658821164e-07,0.417
CC(N)(C)C1=CC=CCN1CCSC2=CC=CC=C2CC3=CC=CC(N)=C3,2.1671046090668E-09,S(c1c(cccc1)CSc2cc(N)ccc2)Cc3ccccc3,3.570000851060834e-08,0.344
CC(C(=O)C1CCC(C(N))CC1)=C(C(=O)C)CCC2=CC(C(=O)N)=CC=C2Br,2.1671046090668E-09,Brc1c(cc(OC)cc1)CCC(=O)NCC2CCC(C(=O)N)CC2,1.2875146681790498e-07,0.4
O=C(CC1=CC=CC(=C)C1)NCC2=CC(C(=O)N)=CC=C2CCCCCC(N),2.20399155789285E-09,Fc1c(ccc(c1)C(=O)N)CNc2ccc(cc2)CC(=O)NCC,2.705667491374261e-07,0.311
CCC(CC1=CC(C(=O)N)=CC=C1)C(C(=O)N)CCCC2=CC=C(C)C=C2,2.20399155789285E-09,O=C(N)c1cc(ccc1)CC[NH2+]CCc2ccc(cc2)C,9.663652860855617e-08,0.538
CN(CC1=CC(C(=O)N)=C(N)C(N)=C1CCCC)CC=CC2=CC=CC=C2C,2.20399155789285E-09,O=C(NCC=CCNC(=O)C=Cc1c(cccc1)C)c2cc(N)c(cc2)CCCC,8.361495206493742e-09,0.395
O=C(CC1=CC=CC=C1)NC(=O)CCC=CC(=O)C2=NC=CC3=C2C(=N)C(=O)C=C3,2.20399155789285E-09,Clc1c(Cl)ccnc1C(=O)OCC(=O)NC(=O)Cc2ccccc2,1.80448469478674e-07,0.377
O=C(CCC1=CC=CC=C1)NCCN2C(=O)C(=C)C(=O)C3=CCC(=O)C=C32,2.20399155789285E-09,O=C1N(C(c2c1cccc2)=C)CCC(=O)NCCNC(=O)CCc3ccccc3,2.634677144749383e-08,0.484
O=C(CC=CC=C1C=CC(=O)CC1=O)C2=CC=CC3=CC=C(C(=O)N)C=C32,2.20399155789285E-09,Brc1cc2c(cc1)cccc2C(=O)NCC=CCNC(=O)C=Cc3ccc(cc3)C(=O)N,2.4626755610502634e-08,0.329
NC1=CC=CC=C1CC(=O)NCCC(=C(C(=O)N))C2=CCC3=CC=CC=C3C2,2.20399155789285E-09,O=C(N1Cc2c(cccc2)C1)CCCNC(=O)Cc3c(N)cccc3,9.828140844988804e-08,0.475
O=C(CC1=CC=CC=C1)NCC(=O)C2=CC=CC=C2CC(N)CCC(=O)N,2.24150637073065E-09,O=C(N)c1c(cccc1)CC(=O)NCCNC(=O)Cc2ccccc2,1.2239453674810362e-07,0.481
CC(N)(C)C1=CC=CC=C1CC(=C)C(=O)NC(=O)C2=CC=C(C)C=C2C,2.24150637073065E-09,O=C(NCc1c(cccc1)C(C)(C)C)c2c(cc(cc2)C)C,1.4736440415238076e-07,0.527
CC(CC1=CC=CC=C1)C(C(=O)N)CCC2=CC=CN=C2NC3=CC=CC=C3,2.24150637073065E-09,O=C(Nc1ncccc1CC)C(C(C)C)CCc2ccccc2,1.1833192542966173e-07,0.475
CC1=CC=CC=C1NC(=O)CC=C2C(C(=O)N)=C(N)C=C2C(=O)CCCC,2.24150637073065E-09,O=C(Nc1c(cccc1)C)CCCC(=O)NCC=CCNC(=O)CCCC,1.686681181030728e-07,0.459
O=C(CC1=CC=CC(N)=C1)NCC2=CC=CC=C2C3CCCC(C)C3,2.24150637073065E-09,O=C(NCc1c(cccc1)C2CCC2)Cc3cc(N)ccc3,6.126747008126378e-08,0.824
C(=O)(CC1=CC(C(=O)O)=CC(N)=C1C(C)CCC)NC(=O)CC2=CC=CC=C2,2.24150637073065E-09,O=C(OCC(=O)NC(=O)Cc1ccccc1)c2cc(c(N)cc2)CC(C)C,2.9650891805873542e-08,0.469
CC1=C(C(=O)N)C=CC=C1CC(=O)C(=O)CC=CC=CC2=CC=CC=C2C#N,2.24150637073065E-09,O=C(N)c1c(c(NC(=O)C=Cc2c(C#N)cccc2)ccc1)C,2.1726199462367688e-07,0.516
NC(=C(C(=C)C))C1=CC=CC=C1NC(=O)CCC(C2=CC(C(=O)O)=CC=C2)C,2.24150637073065E-09,O=C(N)c1c(NC(=O)CCC(c2ccccc2)C)cccc1,8.881597064258669e-08,0.542
C(=C(=O))(CC1=CC(C(=O)N)=CC=C1)N(C)C(=O)CCCCC2=CC=CC(N)=N2,2.24150637073065E-09,O=C(N)c1cc(ccc1)CC(=O)NCc2nc(N)ccc2,7.629930967206321e-08,0.5
N#CC1=CC=C(C(=O)N)C=C1CC(C)=CC=CCC(=O)C(=O)NC2=CC=CC=C2,2.24150637073065E-09,O=C(Nc1ccccc1)c2ccc(cc2)C(=O)NCC=CCNC(=O)c3cc(c(C#N)cc3)C,1.331718053230139e-07,0.4
NC1=CC=CC=C1CC(=O)NCCC(=C(=N))C2=CC(=O)C3=CC=CC=C3C2,2.24150637073065E-09,O=C1N(Cc2c1cccc2)CCNC(=O)Cc3c(N)cccc3,9.501917818235031e-08,0.492
O=C(CC1=CC=CC=C(N)1)ONC2=CC(C(=O)N)=CC=C2C3=CCCC(C)=C3,2.24150637073065E-09,O=C(N)c1cc(NC(=O)Cc2c(N)cccc2)c(cc1)C,3.485179787238657e-07,0.469
C(=O)=C(CCC=CC=CC1=CC=CC=C1)C(=C)C2=CC=CC(C(=O)N)=C2,2.24150637073065E-09,O=C(N)c1cc(NC(=O)CCC=Cc2ccccc2)ccc1,1.4247297425566048e-07,0.483
C(C(=O)N)N(CC1=CC=CC=C1C(N)C)C(=O)C=CC2=CC=CC(N)=C2,2.27965973464511E-09,O=C(N(Cc1c(cccc1)C(C)C)C)C=Cc2cc(N)ccc2,1.203460892404676e-07,0.621
O=C(NC1=CC=CC=C1Cl)C=CCC(C(=O)C(N))CC2=CC(C(=O)N)=CC=C2,2.27965973464511E-09,Clc1c(NC(=O)Cc2cc(ccc2)C(=O)N)cccc1,4.3402610144769007e-07,0.525
N#CC1=CC(C(=O)O)=CN=C1NCCCCCC2=CC(=O)CC3=CC=C(C(=O)N)C=C23,2.27965973464511E-09,O=C(NCCCCCCNC(=O)c1cc2c3c(cccc3)Cc2cc1)c4cnc(c(C#N)c4)C,1.3188497414058236e-08,0.402
CC1=CC=CC=C1CNCCCC2=CC=CC=C2CC(=O)CC3=CC=CC(=O)C3,2.27965973464511E-09,O=C(OC(C)(C)C)Nc1c(cccc1)CCC[NH2+]Cc2c(cccc2)C,5.444018486747391e-08,0.422
CC1=CC=CC=C1CCCCNC=CC2=CC3=CC=C(C(=O)C(N))C=C3C2,2.27965973464511E-09,O=C(NCCCc1c(cccc1)C)c2cc3c(cc2)CC3,1.2239453674810362e-07,0.418
C=C(CC1=CC=CC=C(C(=O)N)1)N2CC(=O)NC(C3=CC=CC(N)=C3)=C2,2.27965973464511E-09,O=C(N1Cc2c(NC(=O)C1)cccc2)Cc3c(cccc3)C(=O)N,6.337092539563196e-08,0.431
C(=O)=C(CC1=CC=CC(C(=O)N)=C1C)C(=O)CC=CC2=CC=CC(C)=C2,2.27965973464511E-09,O=C(N)c1c(cccc1)COC(=O)C=Cc2cc(ccc2)C,2.529031392181985e-07,0.475
CCC1=CC(N)=C(C(=O)N)C=C1CNC(=O)C(N)CC2=CC=C(C)C=C2,2.27965973464511E-09,Fc1c(cc(N)c(c1)C(=O)NCCNC(=O)C(Cc2ccc(cc2)C)C)CC,1.2659662699976492e-07,0.477
O=C(NC(=O)CCC1=CC=CC=C1)NCC(=O)C=CCC2=CC=CC(=O)C2,2.27965973464511E-09,O=C1OC(C(=O)NCC=CCNC(=O)CCc2ccccc2)=CC=C1,9.501917818235031e-08,0.403
CC(=O)C1=CC=CC=C1CCNC2=NC=CC=C2C(N)=CC3=CC=CC3,2.27965973464511E-09,O=C(c1c(NCCNc2ncccc2C#N)cccc1)C,9.276157990347584e-07,0.382
O=C(CCC1=CCCC(C(=C(N))N)=C1C)CCCCCCC2=CC=CC=C2,2.27965973464511E-09,O=C(N(CCN(C(=O)CCCCCCc1ccccc1)C)C)C2=CCC2,6.44495812539366e-08,0.413
O=C(CC1=CC=CC(C(=O)N)=C1)N(C(=O)N)CCC2CCC3=CC=CC=C3C2,2.27965973464511E-09,O=C(N)c1cc(ccc1)CC(=O)N(CC2Cc3c(cccc3)CC2)C,7.429739537249499e-09,0.684
O=C(CC1=CC=C(C(N))C=C1)NCC2=CC(C)=CC=C2C3CC(C)CCC3,2.27965973464511E-09,O=C(NCc1c(ccc(c1)C)C2CC2)Cc3ccc(cc3)C[NH3+],7.429739537249499e-09,0.769
O=C(CCCC1=CC=CC=C1)N(C(=O)C)CC=CC2=CC=C(C(=O)C(=O)(N))[NH1]2,2.31846251860896E-09,O=C(N(CCN(C(=O)CCCc1ccccc1)C)C)C=2NC(C(=O)C)=CC2,5.536682786610249e-08,0.422
CN(CC1=CC=CC(C(=O)O)=C1NC)C(=O)C=CC2=CC(C(=C(N))N)=CC=C2Cl,2.31846251860896E-09,Clc1c(cc(cc1)C(F)(F)F)C=CC(=O)N(CCN(C(=O)c2c(NC)c(F)ccc2)C)C,2.445085884224233e-07,0.449
C(=O)=C(CC1=CC(C(=O)N)=CC=C1)CSC=CC=CC2=CC=CC=C2,2.31846251860896E-09,O=C(N)c1cc(ccc1)CC(=O)NCCNC(=O)C=CC=Cc2ccccc2,1.8484016003142754e-08,0.525
O=C(NC(=O)C1=CC=CC=C1)CC2CC=CC3=CC=C(C(=O)N)C=C23,2.31846251860896E-09,O=C(OCC(=O)NC(=O)c1ccccc1)c2ccc(cc2)C(=O)N,4.056912532995847e-07,0.444
O=C(CC1=CC=CC=C1)NCC(=O)CC=CC2=CC(C(=C(N))N)=C(N)C=C2Cl,2.31846251860896E-09,Clc1c(Cl)cc(c(N)c1)C(=O)NCCNC(=O)Cc2ccccc2,9.032773438039763e-08,0.483
C=C(N)C1=CC=CC=C1NCC2=CC=CN=C2NCCCC(N)3CCCC3,2.31846251860896E-09,Clc1c(cccc1)CNc2c(cccc2)C(=O)NCCC3([NH3+])CCC3,9.898843400829273e-09,0.433
CCC1=CC=C(C(=O)O)C=C1CC(=C(C(=O)O))C2=C(C(=O)C)C3=CC=C(C(=O)(N))C=C3C2,2.31846251860896E-09,O=C(N1CCN(C(=O)c2ccc(cc2)C(=O)N)CC1)c3cc(c(cc3)CC)CC,9.995428629292189e-08,0.354
O=C(OC1=CC=CC=C1)NCCC=C(C)C=CC2=C(C(=O)N)C=CC3=C2CC(=O)C3,2.31846251860896E-09,O=C(Oc1ccccc1)NCCOC(=O)c2c(c(ccc2)C(=O)N)C,2.6603842787697305e-07,0.394
C(=O)(N)C1=CC=CC=C1C(=O)C2=CC=CC=C2C3=CC(=C(C(N)N))CC3,2.31846251860896E-09,O=C(N1Cc2c(c3c(cccc3)C1)cccc2)c4c(cccc4)C(=O)N,6.895095781354073e-08,0.346
CCCC(=O)NC(=O)C1=C(N)C=C(CNC(=O)CC2=CC=CC=C2C)C(=C(C))1,2.31846251860896E-09,O=C(NCC=CCNC(=O)CCC)Cc1c(cccc1)C,6.08298667624497e-07,0.5
O=C(CC1=CC=CC=C1)NCC2=CC=CC(N)=C2C3CCCC(C(O))=C3,2.35792577659903E-09,O=C(NCCNC(=O)Cc1ccccc1)Cc2c(N)cccc2,4.6433995114696347e-07,0.439
NC1=CC=CC=C1CCN(C)CC=CC2=CC(C(N))=CC(C(=C)C(C(=O)(N)))=C2,2.35792577659903E-09,O=C(N)c1ccc(cc1)CC[NH+](Cc2c(N)cccc2)C,3.922252447567377e-07,0.388
C(C(N))=C(C(=O)CCCC1=CC=CC=C1)CCC(=O)CC2=CC=CC(C(=O)N)=C2,2.35792577659903E-09,O=C(N)c1cc(ccc1)CC(=O)NCCNC(=O)CCCc2ccccc2,5.352905056385263e-08,0.526
CC(C1CCC(N)CC1)CCCCC2=CC=CC=C2CCC(C(=O)(N)),2.35792577659903E-09,O=C(NCC(C1CC1)C)CCCc2c(N)cccc2,6.962372772649842e-07,0.482
CCC1=CC=CC=C1CCCC2=C(C(=O)C)C=CC=C2C=CC3=CC=CC(=N)3,2.35792577659903E-09,O=C(OCCc1c(cccc1)CC)c2c(cccc2)C(=O)C,7.080881444127068e-07,0.383
NC1=CC(C(=O)N)=CC2=C1CCN2CCC(=O)C3=CCC4=CC=CC=C4C3,2.35792577659903E-09,O=C(N)c1cc(ccc1)C=2N=NN(C2)CCN3c4c(cccc4)CC3,4.2263827811601667e-08,0.347
O=C(NCC1=CC=CC(=O)C1)CCC2=CNC3=CC=C(C(C(=C)C(C)))C=C23,2.35792577659903E-09,O=C(NCCNC(=O)CCC=1c2c(NC1)ccc(c2)C)Cc3cc4c(cc3)CCC4,5.483182152299871e-09,0.436
O=C(CC1=CC=CC=C(C(=O)C(N))1)NC2=CC=CC=C2C3=CC(N)=CN=C3,2.35792577659903E-09,O=C(OC)c1c(cccc1)CC(=O)NCCN2N=NC(c3cncc(N)c3)=C2,5.881075617324877e-07,0.413
O=C(CC1=CC=C(N)C(C(=O)N)=C1)NC2CCCC(C3=CC=CC=C3)=C(N)2,2.35792577659903E-09,O=C(NC1C(NC(=O)C2=C(c3ccccc3)CCC2)CC1)c4c(N)ccc(c4)CC,2.279659734645111e-09,0.478
C(=O)(CC1=C(C(=O)(N))C=CC(N)=C1CCC(C(C(=O)(N)))C)CCC2=CC=CC=C2,2.35792577659903E-09,O=C(N)CC([NH+](CC(=O)CCc1ccccc1)C)c2ccccc2,2.0653497658821164e-07,0.417
CCC1=CC(N)=C(C(=O)C(C(N)))C=C1CCCC(C)C2=CC=C(C)C=C2,2.35792577659903E-09,Fc1c(cc(N)c(c1)C(=O)NCC(c2ccc(cc2)C)C)CC,5.49713699241593e-07,0.46
CC(N)(C)C1=CC=CC=C1NCC=C(C)C(=C(C(=O)N))C2=CC=CC=C2,2.39806075074525E-09,O=C(Nc1c(cccc1)C(C)(C)C)C=C(c2ccccc2)C,3.4268503222272783e-07,0.386
C(=O)=C(CC1=CC(C(=O)N)=CC=C1)C(=O)CC2=CC=CC3=C2CC(C)(C)C3,2.39806075074525E-09,O=C(N)c1cc(c2c3c(ccc2)CC(C3)(C)C)ccc1,1.4736440415238076e-07,0.509
CCC1=C(N)C(C(N))=C(C(=O)N)C=C1CC(=O)NC(=C)C2=CC=CC=C2C,2.39806075074525E-09,O=C(Nc1cc(NC(=O)c2c(cccc2)C)ccc1)c3c(N)c(ccc3)CC,1.2967769059876142e-08,0.369
O=C(CC1=CC=CC=C1)C(=C)C=CC(=C(C(=O)O))CC2=CC=CC(C(=O)N)=C2,2.39806075074525E-09,O=C(N)c1cc(ccc1)CC(=O)NNC(=O)Cc2ccccc2,1.2447785150583495e-07,0.49
O=C(CCC1=CC=CC=C1)NC(=O)NCC(=N)C=CC2=CC(C(=O)N)=CC=C2,2.39806075074525E-09,O=C(N)c1cc(ccc1)CNC(=O)CNC(=O)CCc2ccccc2,6.779696498481721e-08,0.509
CN(CC1=CCCC(C(=O)N)=C1C)C(=O)CCCNC(=O)C2=CC=CC=C2Br,2.39806075074525E-09,Brc1c(cccc1)C(=O)NCC(=O)N(CCCNC(=O)C2=CCC2)C,1.1833192542966173e-07,0.53
C(=O)(CC1=CC=CC=C1)C(C(=O)C)CC=CC2=CC=CC=C2NC3=NC=CC=C3,2.39806075074525E-09,O=C(NC(C(=O)Cc1ccccc1)C)CNc2ncccc2,5.685866541802747e-07,0.435
N#CC1=CC=C(C(N))C=C1C(=O)CNC=CC2=CC3=CC=CC(C(=O)C(N))=C3C=C2,2.43887887453329E-09,Clc1cc2c(c(ccc2)C(=O)NCc3cc(F)c(C#N)cc3)cc1,3.0449823504670387e-07,0.392
CCC1=CC=CC=C1CCC(=O)C=CC2=CC3=CC(N)=CC=C3C(=N)2,2.43887887453329E-09,O=C(NCCc1c(cccc1)CC)C=Cc2cc(N)ccc2,1.0514571415418938e-07,0.406
CC(=C(C(=C)C))CC1=CC=CC=C1NC(=O)C2=CC3=CC=CC(C(C(=O)N))=C3C2,2.43887887453329E-09,O=C(Nc1c(cccc1)CC(=O)N)C=C(Cc2c(OC)cccc2)C,1.3094298482212222e-07,0.469
CC1=CC=CC=C1CC(=O)CCCC=CC2=CC3=C(N)C=C(N)C=C3C2,2.43887887453329E-09,O=C(N1Cc2c(ccc(N)c2)CC1)Cc3c(cccc3)C,1.2659662699976492e-07,0.362
C(=O)=C(CC1=CC=CC(C(=O)O)=C1)CCC2=CC=C(C3=CC=CC=C3)C(=O)C2,2.43887887453329E-09,[O-]C(=O)c1cc(ccc1)CC(=O)NCCc2ccc(c3ccccc3)cc2,1.410962664346522e-08,0.422
O=C(NC(=O)C1CCCC1)CC2CCC3=CC=CC(C(=O)N)=C3C2,2.43887887453329E-09,O=C(N)c1c2c(ccc1)C[NH+](CC(=O)NC(=O)C3CCCCC3)CC2,2.2633772495951396e-08,0.576
C(N)CC1=CC=C(C(=O)N)C=C1CC(=C)C2=CC3=CC=CC(C(=O)C(N))=C3S2,2.43887887453329E-09,Brc1c2SC(C(=O)OCc3c(F)cc(cc3)C(=O)N)=Cc2ccc1,6.126747008126378e-08,0.394
O=C(CC1CCCCC1)NCCCC2=C(C(=O)O)C=CC3=C2CCC(N)C3,2.43887887453329E-09,O=C(NCCCCNC(=O)CC1CCCCC1)c2c(O)c3c(cc2)CCC3,1.5095090651174104e-08,0.485
O=C(N)NC=CC=CC=CC1=CN=CC=C1C(=O)C2=CC(C(=O)N)=CC=C2,2.43887887453329E-09,O=C(N)c1cc(NC(=O)C=Cc2c(ccnc2)C)ccc1,3.666193129637751e-07,0.429
CC(CC1=CC(C(=O)N)=CC=C1)N(C)CC=CC2=CC=C(C(=O)C(C(N)))C=C2,2.43887887453329E-09,O=C(N)c1cc(ccc1)CNC(=O)CC=Cc2ccc(cc2)C(C)C,1.8174659576632707e-08,0.448
CC1=C(C(=O)N)C=CC=C1C(=O)C(=O)CC2CCC3=CC(Br)=CC=C3C2,2.43887887453329E-09,Brc1cc2c(cc1)CC(NC(=O)c3c(c(ccc3)C(=O)N)C)CC2,3.451502703596816e-08,0.621
N=C(CC1=CC=CC=C1)CNC=CCCC(=O)CC2=CC=CC(C(=O)N)=C2F,2.48039177606166E-09,Fc1c(cccc1C(=O)N)C(=O)NCC=CCNC(=O)c2c(cccc2)Cc3ccccc3,8.221553633357176e-09,0.476
O=C(CC1=CC=CC(C(=O)N)=C1C)CC2CCCC3=CC=C(N)C=C23,2.48039177606166E-09,O=C(N)c1c(c(NC(=O)CC2c3c(cccc3)CCC2)ccc1)C,4.01771083005885e-08,0.516
C(=O)=C(CC1=CC(C(=O)N)=CC=C1)C(=N)CCC=CC2=CC=CC=C2,2.48039177606166E-09,O=C(N)c1cc(ccc1)CC(=O)NCCNC(=O)CCC=Cc2ccccc2,9.342889642716196e-08,0.614
O=C(C(N)CC1=CC=CC=C1)NCCC2CCC3=CC=C(C(=O)N)C=C3C2,2.48039177606166E-09,O=C(NCCC1Cc2c(cccc2)CC1)C([NH3+])Cc3ccccc3,2.0802076631645675e-08,0.759
C=C(CC1=CC(N)=CC=C1)NCC2=CC=CC(N)=C2CC=CC3=CC=NC=C3,2.48039177606166E-09,O=C(NCc1c(c2ccncc2)cccc1)Cc3cc(N)ccc3,1.1248944616653033e-07,0.446
CC(C)C1=CC=C(C(=O)N)C=C1N2CCCN(C3=CC=CC(C(=O)C)=C3)S2,2.48039177606166E-09,O=C(N1CCN(C(=O)c2ccc(cc2)C(=O)N)CCC1)c3cc(ccc3)C(=O)C,1.9118615434800554e-08,0.448
CC1=CC=CC=C1C(=O)NC(=O)CC=C2C(C(=O)C(=O)(N))=CC=CC2=C,2.48039177606166E-09,O=C(NCC=CCNC(=O)C(=O)N)c1c(cccc1)C,5.590705438572481e-07,0.383
NC1=CCCC=C1C(=O)C2=CC=CC=C2CNC(=O)CC3=CC=CC(N)=C3,2.52261128135428E-09,O=C(OC)c1c(cccc1)CNC(=O)Cc2cc(N)ccc2,7.448648416157136e-07,0.618
C(C(=O)N)(CC1=CC(C(=O)N)=CC=C1)CCCC(=O)C=C(N)CC2=CC=CC=C2,2.52261128135428E-09,O=C(N)c1cc(ccc1)COC(=O)C(Cc2ccccc2)Cc3ccccc3,2.421459165701406e-08,0.464
CC(CC1=CC(C(=C(N))N)=CC=C1)N(C)CCNC(=O)CC2=CC=CC=C2,2.52261128135428E-09,O=C(NCCNC(=O)Cc1ccccc1)c2cc(ccc2)CC(C)C,2.9154641752295277e-08,0.544
O=C(CCC1=CC=CC=C(C(=C)N)1)N(C(=O)C(N))CCC=CNC2=CC=CC=C2,2.52261128135428E-09,O=C(N)c1c(cccc1)CCC(=O)N(Cc2ccccc2)CCC=C,6.666228587545246e-08,0.403
O=C(NCC1=CC=CC=C1)NCC(=O)C2=CC3=CC=CC(C(CC)C)=C3S2,2.52261128135428E-09,O=C(NCc1ccc(cc1)C(CC)C)NCc2ccccc2,1.1833192542966173e-07,0.509
O=C(CC1=CC=CC=C1)NCCCC2=CC(N(=O))=CC(=C2)CCC(N)C,2.52261128135428E-09,O=C(NCCNC(=O)Cc1ccccc1)C(CCCc2ccccc2)C,2.0453924147377183e-08,0.509
C(C(CC)C(C))=C(NCC1=CC=CC=C1CC(=O)(N))CCNC2=CC=CC=C2,2.52261128135428E-09,O=C(NCc1c(cccc1)CC)CCNc2ccccc2,2.486704437158572e-07,0.5
C(C(=O)O)(CC1=CC(C(=O)N)=CC=C1)CCC=CNC2=CC=CC(N)=C2,2.52261128135428E-09,O=C(N)c1cc(ccc1)CC(=O)Nc2cc(N)ccc2,4.4141379216012356e-07,0.483
O=C(CC1=CC=CC=C1)NCCC(C)C2=CC=C3C(=C2)CCCC(C(C(C)))3,2.52261128135428E-09,O=C(NCCNC(=O)CC1c2c(cc(OC)cc2)CCC1)Cc3ccccc3,4.2263827811601667e-08,0.552
N(C(=O)CC1CCCC1)CC2CCC3=CC=CC(C(=O)C(=O)(N))=C3C2,2.52261128135428E-09,O=C(NCC1Cc2c(cccc2)CC1)CC3CCCC3,6.024207140153831e-08,0.64
O=C(NC=CC(=C)CNC(=O)CC1=CC=CC=C1)C=C2C=CC3=CC=CC=C32,2.52261128135428E-09,O=C(NCC(=O)NCCNC(=O)Cc1ccccc1)C=Cc2ccccc2,7.759802350413329e-08,0.39
C(N)C(C(=O)N)CC1=CC=C(N)C=C1NC(=O)C2CC3=CC=CC=C3C2,2.56554941772945E-09,O=C(N)c1cc(NC(=O)C2Cc3c(cccc3)C2)c(cc1)C[NH+](C)C,4.7564089142431674e-08,0.492
NC1=CC(C(=O)N)=CC2=C1CC(=O)N2CCC=CC3=CC(N)=CC(C)=C3,2.56554941772945E-09,O=C(NCCN1c2c(cccc2)CC1=O)c3cc(N)cc(c3)C,3.5102517843139754e-08,0.38
CC(N)(C)C1=CC=CC=C1NC(=O)CC2=CC=CC3=C2CC(=C(O)(N))C[NH1]3,2.56554941772945E-09,O=C(Nc1c(cccc1)C(C)(C)C)NCc2c3c(NCC3)ccc2,2.3019028844124833e-08,0.414
C(C(=O)O)=C(C)C1=CC=C(C(=O)C)C=C1N2CCCC(C3=CC=CC(C(=O)C(N))=C3)=C2,2.56554941772945E-09,[O-]C(=O)CCC(=O)c1cc(c2c(ccc(c2)C(=O)C)C)ccc1,1.774284064318968e-07,0.347
C(=O)=C(CC1=CC(C(=O)O)=CC=C1)CCCCC(C2)=CC3=CC=CC=C3[NH1]2,2.56554941772945E-09,[O-]C(=O)c1cc(ccc1)CC(=O)N2c3c(NCC2)cccc3,2.0653497658821164e-07,0.418
O=C(CC1=CC(N)=CC=C1)NCC2=CC=CC=C2CC(=O)CC3=CCOC=C3,2.56554941772945E-09,O=C(OC)Cc1c(cccc1)CNC(=O)Cc2cc(N)ccc2,2.247211062304602e-07,0.569
O=C(CC1=CC=CC=C1)NCC=C2C=CCC=C2C(=O)CCC(C(=O)N),2.56554941772945E-09,O=C(NCCC(=O)NCC=CCNC(=O)CCCCC(=O)N)Cc1ccccc1,9.828140844988804e-08,0.492
O=C(CC1=CC=CC=C1)NCCCC2=CC=CC=C2CC(=C(N))C(N)C,2.56554941772945E-09,O=C(NCCCCNC(=O)CCNC(=O)Cc1ccccc1)Cc2c(cccc2)COC(C)C,1.614938279551824e-08,0.492
O=C(CCC1=CN=C(N)C=C1)CC=C(C(O))CC=CC2=CC(C(=O)N)=CC=C2,2.56554941772945E-09,O=C(N)c1cc(ccc1)CC(=O)NCC=CCNC(=O)CCc2cnc(N)cc2,1.016556387001877e-07,0.486
CCC1=CC=CC=C1CCC(=C(=O))CC=CC2=C(C(=O)N)C3=CC=CC=C3[NH1]2,2.56554941772945E-09,O=C(NCCc1c(cccc1)CC)C=2c3c(NC2C)cccc3,9.18652303100925e-08,0.422
O=C(CCC1=CC=CC=C1)NCC2C=CC3=CC=CC(C(=O)N)=C3C2,2.56554941772945E-09,O=C(N)c1c(cccc1)CCC(=O)NCC2C(CNC(=O)CCc3ccccc3)C2,1.977500214680861e-08,0.544
C(N)C1=CCCC=C1NCCCC=CC2=CC=CC3=C2C=C(C(=O)N)C=C3,2.56554941772945E-09,O=C(N)c1ccc(cc1)CC(=O)NCCCCNC(=O)C=Cc2c3c(ccc2)cccc3,1.0238693809699677e-08,0.355
CC(C)(N)C1=CC=CC=C1NC(=C)C2=CC3=C(C(=O)N)C=CC(C)=C3[NH1]2,2.56554941772945E-09,O=C(Nc1c(cccc1)C(C)(C)C)C=2Nc3c(c(ccc3C)C)C2,3.5102517843139754e-08,0.525
O=C(NCC1=CC=CC(O)=C1)NCC2CC(=O)CC3=CC=C(C(=O)N)C=C23,2.56554941772945E-09,O=C(NCc1cc(O)ccc1)NCc2cc(ccc2)C(=O)N,1.016556387001877e-07,0.582
O=C(CC1=CC(C(=O)N)=CC=C1)C2CCCC(C3=C(N)C=CC=C3)C2,2.60921841722608E-09,O=C(N)c1cc(ccc1)CC(=O)Nc2c(cccc2)C3CCC3,4.598530619970025e-08,0.561
O=C(NC(=O)CC=CC1=CC=CC(C(=O)C)=C1)NC(=O)CC2=CC3=CC=C(C(=O)O)C=C3C2,2.60921841722608E-09,O=C(Nc1cc(NC(=O)CC=Cc2ccccc2)ccc1)CC3=Cc4c(cccc4)C3,1.4699031001909247e-09,0.465
C(CN)=C(CC1=CC=CC(C(=O)N)=C1F)C(=O)CC2=CC3=CC=CC=C3[NH1]2,2.60921841722608E-09,Fc1c(cccc1C(=O)N)C(=O)NCC=2Nc3c(cccc3)C2,1.2239453674810362e-07,0.525
O=C(CCC1=CC=CC=C1)NC(=O)C(C(=O)(C))CCC=CC2=CC=C(C(=C))C=C2,2.60921841722608E-09,O=C(NNC(=O)CCC=Cc1ccccc1)CCc2ccccc2,1.1440416335501127e-07,0.5
O=C(CC1=CC(C(=O)N)=CC=C1)NC=CC2=CC(C(=O)N)=CC=C2C=CC#C,2.60921841722608E-09,O=C(NCC=CCNC(=O)Cc1cc(ccc1)C(=O)N)c2ccc(cc2)C(=O)N,1.1329868277338134e-08,0.458
O=C(CC1=CC=CC=C1)NCC2CC=CC=C2C=CC3=CC=C(C(=O)O)C=C3,2.60921841722608E-09,[O-]C(=O)c1ccc(cc1)C=CC(=O)NCCNC(=O)Cc2ccccc2,7.629930967206321e-08,0.525
C(N)CC1=CC=CC=C1CC(=C(C(N)))C2=CC3=CC=CC(C(=O)N)=C3S2,2.60921841722608E-09,Brc1c2SC(C(=O)Nc3c(cccc3)CCC[NH3+])=Cc2ccc1,9.18652303100925e-08,0.382
CC(C)C1=CC=CC=C1N2CCCC(C3=CC(C(=O)C(=O)(N))=CC=C3)C(=O)2,2.60921841722608E-09,O=C(OC1C(=O)N(c2c(cccc2)C)CCC1)c3cc(ccc3)C4CC4,5.444018486747391e-08,0.435
C#CC1=CC=CC=C1NC(=O)NC(C(C(=O)N))CC2=CC(C(C(=O)(N)))=CC=C2,2.60921841722608E-09,O=C(Nc1c(C#C)cccc1)NC(Cc2ccccc2)Cc3ccccc3,8.221553633357176e-09,0.647
NC1=CC(C(=O)N)=CC=C1CCCCCC=CC2=CC3=CC=CC=C3C(=O)2,2.60921841722608E-09,O=C1OC(C(=O)NCC=CCNC(=O)c2cc(N)c(cc2)CCCC)=Cc3c1cccc3,7.556203401040325e-09,0.432
CC1=CC=CC=C1C2=CC=C(C(=O)N)C=C2CC(=O)NC3CC(=N)NC(=N)C3,2.65363072008842E-09,O=C(N1CCC(NC(=O)Cc2ccccc2)CC1)c3c(ccc(c3)C(=O)N)C,5.21245742687632e-09,0.392
CC(N)(C)C1=CC(C(=O)N)=C(C(=O)N)C=C1C(C)CCCCCC2=CC=CC=C2,2.65363072008842E-09,O=C(N)c1c(cc(NC(CCCCc2ccccc2)C)cc1)C,8.881597064258669e-08,0.467
C(C(=O)N)C(CC1=CC(C(=O)N)=CC=C1)C(=O)CNC(=O)C2=CC=CC(F)=C2,2.65363072008842E-09,Fc1cc(ccc1)C(=O)NCC(=O)NCc2cc(ccc2)C(=O)N,5.1752274145034865e-08,0.615
NCC1=CC=CC=C1NCCNC2=NC=CC=C2C(N)=CC3=CC=CC(=O)3,2.65363072008842E-09,O=C(NCc1c(NCCOC)cccc1)c2c(nccc2)NC(C)C,2.1362580461703596e-07,0.342
CCC1=CC=CC=C1C=C(C)CC2=CC=CC=C2CC(C(=O)(N))(N)N,2.65363072008842E-09,O=C(OCC(=Cc1c(cccc1)COC)C)Cc2c(cccc2)CC,3.666193129637751e-07,0.455
C(C(=O)N)=C(C(=O)C1=CC=CC(C(C(N)))=C1)N2CCCC(C3=CC=CC=C3)C2,2.65363072008842E-09,O=C(N1CC(c2ccccc2)CCC1)c3cc(ccc3)CC[NH3+],8.586792429037428e-08,0.707
O=C(CC1=CC(N)=CC=C1)NCC2=CC=CC=C2C3CC(C)CCC3,2.65363072008842E-09,O=C(NCc1c(cccc1)C2CCC2)Cc3cc(N)ccc3,6.126747008126378e-08,0.824
CC(N)(C)C1=CC=CC=C1CCCCCC2=CC(C(=C)N)=CC=C2Br,2.69879897830984E-09,Brc1c(cc(cc1)C(=O)NCCc2c(cccc2)C(F)(F)F)CC,5.405134547940605e-07,0.387
O=C(CC1=CC(C(=O)N)=CC=C1)C(=C)C=CC=CCC2=CC=C(N)N=C2,2.69879897830984E-09,O=C(N)c1cc(ccc1)CC(=O)NCc2cnc(N)cc2,2.0653497658821164e-07,0.542
CC(=C(=N))C1=CC=CC(C(=O)N)=C1CCNC(=O)CC2=CC3=CC=CC=C3S2,2.69879897830984E-09,S1c2c(cccc2)C=C1CC(=O)NCCNC(=O)c3c(c(ccc3)C(=O)N)C,2.0453924147377183e-08,0.613
CC1=CC=CC(C(=O)N)=C1CC(=O)CCC2=CC3=CC(Cl)=CC=C3C(=N)2,2.69879897830984E-09,Clc1c(ccc(Cl)c1)CC(=O)COc2c(cccc2C)C(=O)N,1.331718053230139e-07,0.397
CC(N)(C)C1=CC=CC=C1CCCC(=O)C(C2)CC3=CC(N)=CC=C32,2.69879897830984E-09,Brc1cc2c(cc1)CC(C(=O)NCc3c(cccc3)C(C)(C)C)C2,5.483182152299871e-09,0.4
NC(C(N)(=O))C1=CC=CC=C1NC(=O)NCC2=CC=CC3=CC=CC=C32,2.69879897830984E-09,FC(F)c1c(NC(=O)NCc2c3c(ccc2)cccc3)cccc1,1.0875561204824821e-07,0.708
CN(CC1=CC(N)=CC=C1)C(=O)CCSC2=CC=CN=C2NC3=CCC(=O)C=C3,2.69879897830984E-09,S(c1ncccc1)CCC(=O)N(Cc2cc(N)ccc2)C,2.8461945074632267e-07,0.551
O=C(NCC=CC1=CC=C(N)C=C1)CNC2=CC(=O)C3=CC=C(C(=O)O)C=C3C(=C)2,2.69879897830984E-09,O=C1NNC(=O)c2c1cc(cc2)C(=O)NCC=CCNC(=O)CNC(=O)c3ccc(N)cc3,1.4594043073710918e-08,0.406
O=C(CC1=CC(C(=O)O)=CC(=O)C1)C(=O)C2=CC=CC=C2CC3=CC=CC(C(=O)N)=C3,2.69879897830984E-09,O=C(OCc1cc(ccc1)C(=O)N)c2c(cccc2)Cc3ccccc3,2.504593513241216e-08,0.438
O=C(CC1=CC(C(=O)O)=CC=C1)CC(=N)C2=CC=CC(=C2)CC3=CC=CC=C3,2.69879897830984E-09,[O-]C(=O)c1cc(ccc1)CNC(=O)c2cc(ccc2)Cc3ccccc3,1.8484016003142754e-08,0.553
CC(C)(N)C1=CC=CC=C1CCCCCC2=CC3=CC=C(N)C=C3C2,2.69879897830984E-09,[NH+]1(Cc2c(cccc2)C(C)(C)C)Cc3c(ccc(N)c3)CC1,2.247211062304602e-07,0.355
NC(=O)C1=CC=C(C(=O)N)C=C1CC(=O)NC=CC2=C(C(=O))C3=CC=CC=C3S2,2.69879897830984E-09,ClC=1c2c(SC1C=CC(=O)OCc3c(cccc3)C(=O)N)cccc2,5.6309243537968836e-08,0.4
CC1=CC=C(N)C=C1NC(=O)CCCC2=CC(C(=O)N)=C(C)C(=O)C2=C,2.69879897830984E-09,O=C(Nc1c(ccc(N)c1)C)CCCc2cc(c(cc2)C)C,1.203460892404676e-07,0.544
CC(=O)C1=CC(C(=O)C(C(C(=O)C)))=CC=C1CC(C)CNC(=O)C2=CC=C(C)C=C2F,2.74473605923719E-09,Fc1c(ccc(c1)C)C(=O)NCC(CNC(=O)c2cc(F)c(cc2)C(=O)C)C,9.663652860855617e-08,0.632
O=C(CC1=CC=CC=C1)NCC=CC2=C(C(=C)N)C=CC=C2CCC=CF,2.74473605923719E-09,O=C(N)c1c(cccc1)CCC(=O)NCC=CCNC(=O)CCNC(=O)Cc2ccccc2,1.787048067207503e-08,0.484
CCC1=CC=CC(C(=O)C)=C1C(=O)C(=O)NC(=O)C2[NH1]C3=CC=CC=C3[NH1]2,2.74473605923719E-09,O=C(NNC(=O)C1C(=O)Nc2c(cccc2)C1=O)c3c(cccc3CC)CC,4.0860975120705305e-08,0.381
CC(CC1=CC=C(C(N))C=C1N)CCC2=CC(C(C(C(C))))=CC=C2Br,2.74473605923719E-09,Brc1c(N)cc(cc1)C(=O)NCC(CNC(=O)c2ccc(cc2)CCCC)C,1.9444039222013203e-08,0.391
CC(CC1=CC=CC=C1N)C(C)CCCNC(=O)C2=CC(N)=CC=C2,2.74473605923719E-09,O=C(NCCCCNC(=O)c1cc(N)ccc1)c2c(cccc2)CC(C)C,1.2447785150583495e-07,0.63
C(=O)(CC1=CC(C(=O)N)=CC=C1)N(C(=O)C)CCC(C)NC2=CC=CC=C2C(=O)C,2.74473605923719E-09,O=C(N)c1cc(ccc1)CC(=O)Nc2c(cccc2)C(=O)C,3.149523704937078e-07,0.569
FC1=CC=C(C(=O)N)C=C1CCCC2=CC=CN=C2C=CC=CC3=CC=CN=C(N)3,2.74473605923719E-09,Fc1c(cc(cc1)C(=O)N)C(=O)NCCCCNC(=O)c2c(nccc2)N,1.2239453674810362e-07,0.446
CC(CC1=CC=CC(C(=O)N)=C1F)CCCC(=O)NCC2=CC=CC(N)=N2,2.74473605923719E-09,O=C(N)c1c(cccc1)CCC(=O)NCc2nc(N)ccc2,3.6925673166338796e-08,0.593
C(C(=O)N)=C(CC1=CC(C(=O)N)=CC=C1)CC=CC=CC2=CC=CC=C2F,2.74473605923719E-09,O=C(N)c1c(cccc1)CCC(=O)NCc2nc(N)ccc2,3.6925673166338796e-08,0.593
CC(N)(C)C1=CC=CC=C1CCC=CC(=O)C(=O)C=CC2=CC=CC(C(=O)N)=C2,2.74473605923719E-09,O=C(N)c1cc(NCc2c(cccc2)C(C)(C)C)ccc1,1.866436868034807e-07,0.41
CC(CC1=CC=CC(C(=O)N)=C1)NC(=O)NC(=O)CC(N)C2=CC=CC=C2,2.74473605923719E-09,O=C(N)c1cc(ccc1)CC(=O)NC(CNC(=O)CC(c2ccccc2)C)C,1.3873481875084242e-08,0.508
C(=O)=C(CC1=CC(C(=O)N)=CC=C1)CSC=CCNCC2=CC=CC=C2,2.74473605923719E-09,S(Cc1ccccc1)CC(=O)NCC=CCNC(=O)Cc2cc(ccc2)C(=O)N,3.950468696913859e-08,0.431
O=C(CNC1=CC=CCC1)NC(=O)CCCC(=O)CC2=CC=CC(C(=O)N)=C2Cl,2.74473605923719E-09,Clc1c(Cl)cccc1CC(=O)NCCNC(=O)CCCC(=O)NCc2ccccc2,6.024207140153831e-08,0.352
O=C(CC1=C(N)C=CC=C1)NCCCC2=CC=CC3=C2CC(C)C=C3,2.74473605923719E-09,O=C(NCCCc1c(N)cccc1)Cc2c(N)cccc2,4.2676205429835293e-07,0.6
O=C(CCC1=CC(C(=O)N)=CC=C1)NC(C)C=CC2=CC=C(C(=C)C)C=C2,2.74473605923719E-09,O=C(N)c1cc(ccc1)CCNC(=O)CC=Cc2ccc(cc2)C(C)C,1.410962664346522e-08,0.485
NC1=CC(C(=O)N)=CC2=C1CCN2CCCC(=O)CC3=CC(N)=CC(C(N))=C3,2.74473605923719E-09,O=C(NCCCN1c2c(cccc2)CC1)Cc3cc(OC)cc(N)c3,1.6584521607389992e-07,0.333
O=C(CC1=CC=CC=C1)NCC=CC2=CN=CC(=C2)CCC(=C)C(=C(N)(N)),2.79145504923635E-09,Brc1cncc(c1)CCC(=O)NCC=CCNC(=O)CCNC(=O)Cc2ccccc2,1.3412982852910454e-08,0.523
CN(CC1=C(N)C=CC=C1)C(=O)CC=CC2=CC=CN=C2NC3=CC(N)=CC=C3,2.79145504923635E-09,Ic1cc(Nc2ncccc2C(=O)N(Cc3c(N)cccc3)C)ccc1,1.0,0.551
O=C(C1=CC=CC=C1)CC2CCC(C3=CC=C(C(=O)C(C(=O)N))C=C3)C2,2.79145504923635E-09,O=C(N)CN(c1ccccc1)CC(=O)c2ccc(cc2)C3CC3,2.6603842787697305e-07,0.49
CCC1=C(N)C(N)=C(C(=O)N)C=C1CCCC2=CC3=CC=CC=C3[NH1]2,2.79145504923635E-09,O=C(NCCCCNC(=O)CCC=1Nc2c(cccc2)C1)c3c(N)c(ccc3)CC,4.919707539022397e-08,0.478
CC1=CC=CC=C1NCC2=CC=CC=C2C=CC=C(N)C=C(N)CCl,2.79145504923635E-09,Clc1c(cccc1)C=CC(=O)Nc2c(NCc3c(cccc3)C)cccc2,3.950468696913859e-08,0.387
CN(CC1=CC=C(C(=O)C)C=C1)N2CCCC(C3=CC=CC(C(=O)(O))=C3)C(=O)2,2.79145504923635E-09,O=C(N(C1CN(C(=O)Cc2ccc(cc2)C(=O)C)CCC1)C)c3cc(ccc3)C4CC4,3.978887930830501e-09,0.432
O=C(CC1=CC=CCC1)NCC(=O)C=CC=C(C)C=CC2=CC=CC=C2,2.79145504923635E-09,O=C(NCCNC(=O)CC1=CCCC1)C=Cc2ccccc2,1.774284064318968e-07,0.422
CC1=C(C(=O)N)C=CC=C1CCCCCC=CC=C2CCCC(C(=O)O)=C2,2.79145504923635E-09,O=C(NCC=CCNC(=O)C1=CCCC1)c2c(c(ccc2)C(=O)N)C,3.172181029362035e-08,0.366
O=C(CCCC=C(N)CC1=CC=CC=C1F)CCC2=CC=CC(C(=C)N)=C2Cl,2.83896925742022E-09,Clc1c(F)cccc1CCC(=O)NCCCCNC(=O)Cc2c(F)cccc2,6.666228587545246e-08,0.429
C=C(CC1=CC=CC(C(=C(C(=O)N))N)=C1)N2CCN(CC3=CC(N)=CC=C3)C2,2.83896925742022E-09,O=C(N1CC[NH+](Cc2cc(N)ccc2)CC1)Cc3ccccc3,5.6309243537968836e-08,0.508
C=CC1=C(C(=O)N)C=CC=C1CCC(=C)C=CC2=CC3=CC=CC=C3[NH1]2,2.83896925742022E-09,O=C(N)c1c(cccc1)CCC(=O)NCC=2Nc3c(cccc3)C2,1.9118615434800554e-08,0.446
O=C(CC1=CC=CC=C1)NCC2=CC=CC(C(=O))=C2C3CCCC(C)C3,2.83896925742022E-09,O=C(NCCNC(=O)CC1CC(CCC1)C)Cc2ccccc2,9.342889642716196e-08,0.5
C=C(CC1=C(O)C=CC(C(=O)N)=C1)NC(=O)C2=CC=CC=C2[NH1]CC=CC=C,2.83896925742022E-09,Fc1c(ccc(c1)C(=O)N)CNc2c(cccc2)C(=O)NCC=C,2.529031392181985e-07,0.441
O=C(C1=CC(C(=O)N)=CCC1)C(=C)C2=CC=CN=C2CC3=CC=CC=C3,2.83896925742022E-09,O=C(N1CCN(C(=O)C2=CCC2)CC1)c3c(nccc3)CC,4.056912532995847e-07,0.354
C#CC(=O)NC1=CC=CC=C1CCN2CCC3=CC(N)=C(C(=C)N)C=C23,2.83896925742022E-09,O=C(Nc1c(cccc1)CCC(=O)N)c2c(N)cc3c(c2)CCCC3,4.967710225537015e-07,0.42
O=C(NC(=O)C1=CC=CC=C1)CCCC=C2CCC=C(C(=O)N)C(=N)2,2.83896925742022E-09,O=C(NC(=O)COC(=O)CCCC=C)c1ccccc1,5.188398501862559e-06,0.393
O=C(CC1=CC=C(N)C=C1)NCC2=CC=CC=C2C3=CC(C)CC(=O)N3,2.83896925742022E-09,O=C(NCc1c(c2ccccc2)cccc1)Cc3ccc(N)cc3,1.3873481875084242e-08,0.564
C(N)C1=CC=CC=C1CCC2=CC=CC=C2C(=O)CC=CC(Cl)=CNC,2.83896925742022E-09,O=C(NCC=CC(=O)NC)c1c(cccc1)CCc2ccccc2,8.443080184870419e-08,0.361
CC1=CC=CC=C1NC(=C(=N))CC=CC2=C(C(=O)N)C=CC3=C2C=CC=C3F,2.88729221944018E-09,Fc1c2c(c(cc1)C(=O)Nc3c(cccc3)C)cccc2,4.72243623145164e-07,0.45
CCC1=CC(N)=C(C(=C)N)C=C1CC(=C)NC(=O)C2=CC(N)=CC=C2,2.88729221944018E-09,O=C(NCCNC(=O)c1cc(c(cc1)CC)CC)c2cc(N)ccc2,4.371484371119651e-08,0.491
O=C(NCC1=CC=CC=C1)NCC(=O)C(=N)[CH1]C=CC2=CC=CC(C(=C)C)=C2,2.88729221944018E-09,O=C(NCc1cc(ccc1)C(=O)C)NCc2ccccc2,1.6306955934488175e-07,0.473
C(C(=O)O)CC1=CC(N)=CC=C1CC=CC2=CC=CC=C2C=CC3=CC=CC(=O)3,2.88729221944018E-09,Brc1c(cccc1)C=CC(=O)NCc2c(cc(N)cc2)C([O-])=O,6.779696498481721e-08,0.315
O=C(CC1=CC=C(N)C=C1)NCC2(C3=CC(C(=O)N)=CC=C3)CCCO2,2.88729221944018E-09,O=C(NCC1(OCCOC1)c2ccccc2)Cc3ccc(N)cc3,1.331718053230139e-07,0.607
O=C(NC(=O)CCCC1=CC=CC(C(=O)N)=C1)C=CC2=CC(C(N)(=O))=CCC(=O)2,2.88729221944018E-09,O=C1N=CNC=C1C=CC(=O)NCCc2cc(ccc2)C(=O)N,8.732950843165047e-08,0.425
CC1=C(C(=O)N)C=CC=C1CCC(C)CCNC(=O)C2=CC(N)=CC(N)=C2,2.88729221944018E-09,O=C(NC(CCNC(=O)c1c(c(ccc1)C(=O)N)C)C)c2cc(N)cc(c2)C,2.705667491374261e-07,0.583
CC(=O)C1=C(N)C=CC=C1CCNC2=CC=CC=C2C3=CC(N)=CC3,2.88729221944018E-09,O=C(NCCNC(=O)Cc1c(NC(=O)C)cccc1)c2c(N)cccc2C,1.6034035719839377e-07,0.348
O=C(CC1=CC=CC(C(=O)N)=C1Cl)CC(=C(=N))CCCC2=CC=C(C(=O)(O))C=C2,2.88729221944018E-09,Clc1ccc(cc1)CCCC(=O)NCCNC(=O)CCc2c(cccc2)C(=O)N,3.33693783557396e-08,0.388
O=C(CC1=CC=CC=C1)NCCC(C(=O)C(N))CC2=CC(C(=C)N)=CC=C2,2.88729221944018E-09,O=C(N)c1cc(ccc1)CC(=O)NCCNC(=O)Cc2ccccc2,3.6307669249047665e-08,0.528
CC(N)(C)C1=CC=CC=C1CCCC(C)(C)CC2=CC(C(N)(N))=CC=C2CC,2.88729221944018E-09,[NH2+](Cc1c(cccc1)CC)CC(CCCc2ccccc2)(C)C,1.1440416335501127e-07,0.362
O=C(CCCC1=CC=CC=C1)N(C(=O)C(N))C(=O)CCC(=O)CC2=CC=C(N)S2,2.93643770134205E-09,S1C(=CC=C1C)CC(=O)N(CCN(C(=O)CCCc2ccccc2)C)C,4.837369201753731e-08,0.45
O=C(NC1=CC=CC=C1N)NCC2C(C3=CC=CC(C(=O)O)=C3)CCC2,2.93643770134205E-09,O=C(Nc1c(N)cccc1)c2cc(ccc2)C3CCC3,3.989014303322279e-07,0.517
CC(CC1=CC=CC(C(=O)N)=C1)C(=C)C(=O)CCC(C)=CC2=CC=CC=C2,2.93643770134205E-09,O=C(N)c1cc(ccc1)C[NH2+]CC(=Cc2ccccc2)C,1.2447785150583495e-07,0.544
CC1=C(C(=O)N)C=CC=C1CC(C)CCC=CC=CC2=CC=CC=C2,2.93643770134205E-09,O=C(NCC(CNC(=O)C=CC=Cc1ccccc1)C)c2c(c(ccc2)C(=O)N)C,1.1918319218472259e-08,0.516
NC1=CC(=O)CC=C1C(=O)C2=CC=CC=C2CCNC3=NC(N)=CC=C3,2.93643770134205E-09,O=C(Nc1nc(N)ccc1)c2c(cccc2)CCC,1.1168598953760919e-06,0.443
O=C(CC1=CC=CC=C1)NCC2=CC=CC=C2N3CC(=N)CC(N)C3,2.93643770134205E-09,O=C(Nc1c(N2CC([NH3+])C2)cccc1)CCNC(=O)Cc3ccccc3,1.7445888845670106e-07,0.492
NC1=CC=C(N)C=C1CCC=C(CCCC2=CC=CC3=CC=CC=C3)C2,2.93643770134205E-09,Fc1c(cc(N)cc1)CNC(=O)C=CC=Cc2ccccc2,2.0307831856022632e-07,0.338
O=C(CCCCC1=CC(C(=O)N)=CC=C1)CCC(=O)NC(=O)C(N)2C=CC=C2,2.93643770134205E-09,O=C(NC(=O)CC[NH2+]CCc1cc(ccc1)C(=O)N)N,3.7285965216076614e-07,0.466
CC(C(=O)C1=CC(C(=O)N)=CC=C1)N2CCCC(C3=C(C(=O)C)C=CC=C3)C2,2.93643770134205E-09,O=C(Nc1cc(ccc1)C(=O)N)c2c(cccc2)C3CCCC3,4.445892740524959e-08,0.452
O=C(CCC1=CC=CC(C(=O)N)=C1F)CC=CC=C(C(=N))C2=CC=CC=C2,2.93643770134205E-09,Fc1c(cccc1C(=O)N)C(=O)NCC=CCNC(=O)c2ccccc2,4.837369201753731e-08,0.41
C(C(C(=O)N))CC1=CC=CC=C1CC(=O)CC2=NC=CC=C2C=C(C)C3=CC=CO3,2.93643770134205E-09,O=C(Nc1c(cccc1)CCC(=O)N)C=C(C=2OC=CC2)C,4.4141379216012356e-07,0.435
O=C(OCC1=CC(C(=O)N)=CC=C1)NC(=O)C=CC(=O)C(N)CC2=CC=CC=C2,2.93643770134205E-09,O=C(OCc1ccccc1)NC(C(=O)OCc2cc(ccc2)C(=O)N)Cc3ccccc3,9.410101355195093e-09,0.559
O=C(CC=CC1=CC(C(=O)N)=CC=C1CC(=O)C)C=CC2=CC3=CC=CC=C3[NH1]2,2.93643770134205E-09,O=C(N)c1cc(NC(=O)C=2Nc3c(cccc3)C2)c(cc1)C[NH+](C)C,1.354385632577588e-07,0.389
O=C(CC1=CC=C(C)C=C1)NCC2=CC=CC=C2CC3=CC(C(C(N)))CCC3,2.93643770134205E-09,O=C(NCc1c(cccc1)COC2CCCCC2)Cc3ccc(cc3)C,3.4181510395981035e-09,0.524
C(=O)(CCC1CCCC1)NC2=CNC3=CC=C(C(=O)C(C(=O)(O)))C=C3C2=C,2.98641970348775E-09,BrC=1C(=O)c2c(NC1)ccc(NC(=O)CCC3CCCC3)c2,5.088612586911091e-08,0.478
C(=O)=C(CC1=CC(C(=O)N)=CC=C1)CC(=N)CCCC2=CC=CC(C)=C2,2.98641970348775E-09,O=C(N)c1cc(ccc1)CC(=O)NCCCc2cc(ccc2)C,1.1248944616653033e-07,0.561
CN(CC1=CC=CC(C(=O)C(N))=C1C)C(=O)CCCC(N)=CC2=CC=CC=C2,2.98641970348775E-09,O=C(N(CCN(C(=O)CCCC(=O)c1ccccc1)C)C)c2c(c(ccc2)CO)C,4.371484371119651e-08,0.433
CC1=C(C(=O)N)C=CC=C1CCCCCCSC2=C(N)C3=CC=CC=C3C2,2.98641970348775E-09,O=C(NCCCCCCNC(=O)c1cc2c3c(cccc3)Cc2cc1)c4c(c(ccc4)C(=O)N)C,7.948657655044036e-09,0.426
CC1=CC(C(=O)C(C(=O)N))=CC=C1CCN(C)C2=CC3=CC(C)=CC=C3CC(=O)2,2.98641970348775E-09,O=C(N(CCN(C(=O)CCC(=O)c1cc(c(cc1)C)C)C)C)CCc2c(cc(cc2)C)C,4.837369201753731e-08,0.391
O=C(NC1CCC(N)CC1)CCN2CC3=CC=CC(C(=C(N))(N))=C3C2,2.98641970348775E-09,O=C(OC)c1c2c(ccc1)C[NH+](C2)CCC(=O)NC3CC3,1.1168598953760919e-06,0.627
CC1=CC=C(C(=O)O)C=C1CCCC=CC2=CC3=CC(N)=CC=C3C(=N)2,2.98641970348775E-09,O=C(Nc1c(ccc(N)c1)C)CCCc2c(ccc(c2)C)C,1.203460892404676e-07,0.333
O=C(C1=CC=CC=C1)NCCCC2=CC(C(=O)N)=C(N)C(=O)C2=CC,2.98641970348775E-09,O=C(NCCCCNC(=O)c1ccccc1)c2ccc(cc2)C(=O)N,2.0307831856022632e-07,0.471
O=C(CCC1=C(C(=O)C(C(C)))C(N)=CC(N)=C1)NC2CCCC3=CC=CC=C32,2.98641970348775E-09,O=C(NC1c2c(cccc2)CCC1)CNC(=O)CCc3c(N)cccc3,3.6307669249047665e-08,0.597
CC1=CC=CC=C1C(N)CC=CC=CC2=CC=CC3=C2C=CC(C(=O)O)=C3,2.98641970348775E-09,O=C(NC(c1c(cccc1)C)c2c(cccc2)C)C=Cc3c4c(ccc3)cccc4,4.955099369734089e-09,0.406
C#CC1=CC=C(C(=O)N)C=C1CCNC(=O)C2(N)CC3=CC=CC=C3C2,2.98641970348775E-09,O=C(NCCNC(=O)C1(Cc2c(cccc2)C1)C)c3cc(c(C#C)cc3)C,3.33693783557396e-08,0.469
C(N)#CC1=CC=CC=C1CC(=C2)C=CC3=CC=CC(C(=C(N))N)=C32,2.98641970348775E-09,Brc1cc2c(cc1)cccc2C(=O)Nc3c(cccc3)Cc4ccccc4,3.304693205036462e-09,0.333
CCC1=CC=CC(C(=O)C)=C1CCC(=O)C=CC2=CC3=CC=CC=C3C(=O)2,2.98641970348775E-09,O=C1OC(C(=O)NCC=CCNC(=O)c2c(cccc2)CC)=Cc3c1cccc3,5.1752274145034865e-08,0.357
CC=CC1=C(C(=O)NC(=O)C(=O)CC2=CC=CC(N)=C2)C=C(C)C=C(N)1,3.03725246454359E-09,O=C(Nc1cc(cc(c1)C)C)Cc2cc(N)ccc2,7.080881444127068e-07,0.439
CCC1=CC=C(C(=O)N)C=C1CC(C)C2=C(C(=O)N)C3=CC=CC=C3[NH1]2,3.03725246454359E-09,O=C(OC(C(=O)C=1c2c(NC1C)cccc2)C)c3cc(c(cc3)CC)CC,3.819341775176634e-08,0.5
O=C(CCC1=CC=CC=C1)NC(=O)CCC(=C)C=CC=C2CCC(=O)CC2,3.03725246454359E-09,O=C(NC1CCC(=O)CC1)CCc2ccccc2,6.618615004839549e-07,0.453
O=C(CC1=CC=CC(=O)C1)NCCCC2=CC=CC3=C2C=C(C(=O)O)C(N)=C3,3.03725246454359E-09,O=C(NCCCCNC(=O)Cc1c2c(ccc1)cccc2)c3c(N)cc4c(c3)cccc4,1.2537333137184442e-08,0.429
CC1=CC=C(C(=O)O)C=C1C2=CC(C(=O)O)=C(C3=CC=C(N)C(=C3)CC=C)C2,3.03725246454359E-09,O=C(OCc1c(cccc1)CC=C)c2cc(c3ccccc3)c(cc2)C,2.3809325856381848e-08,0.371
CC(N)(C)C1=CC=CC=C1CNC(=O)CC2CCC3=CC=CC=C3C2,3.03725246454359E-09,O=C(NCc1c(cccc1)C(C)(C)C)CC2Cc3c(cccc3)CC2,1.4842452734127424e-08,0.833
O=C(NCC=C1C=CC(N)=C1)CCCCC=CC2=CC=CC(C(=O)N)=C2,3.03725246454359E-09,O=C(NCCCCC(=O)NCC=CCNC(=O)Cc1cc(ccc1)C(=O)N)N,1.3094298482212222e-07,0.433
CC1=CC=CC=C1C(=O)NCCC(=N)C2=CC3=CC(C(C(=O)N))=CC=C3C(=O)C2,3.03725246454359E-09,O=C(NCCNC(=O)c1ccc(cc1)CC(=O)N)c2c(cccc2)C,6.024207140153831e-08,0.508
O=C(CC1=CC=CC=C(N)1)NCCC2=CC=C(C(=O)N)C3=C2C(C)CC(=O)3,3.03725246454359E-09,O=C(NCCc1c(cccc1)C2CC2)Cc3c(N)cccc3,6.337092539563196e-08,0.508
CN(C(=O)C1=CC=C(N)C=C1)C(=O)CC(C(=O)O)CCC(=O)CC2=CC=CC=C2Cl,3.03725246454359E-09,Clc1c(cccc1)CC(=O)N(CCN(C(=O)CCC(=O)c2ccc(N)cc2)C)C,4.837369201753731e-08,0.476
CC(C)C1=CC=CC=C1CCC(=C(C(=O)N))CCCC2=CC=C(N)C=C2,3.08895046553658E-09,O=C(NCCCc1ccc(N)cc1)Cc2c(cccc2)C(C)C,2.3809325856381848e-08,0.545
O=C(C1CC=CC(N)=C1)NCCCCC(=O)NC(=O)C2=CC=CC=C2,3.08895046553658E-09,O=C(NCCC(=O)NCCCCNC(=O)C1CC=CC1)c2ccccc2,9.342889642716196e-08,0.483
O=C(NCCC(C(=C(=O))C(N))CCC1=CC=CC=C1)NCCC2=CC=CC=C2,3.08895046553658E-09,O=C(NCC(=O)NCCc1ccccc1)C(Cc2ccccc2)CCc3ccccc3,5.301180255280092e-09,0.471
O=C(NCC1CCCC1)CC2CCC3=CC=C(N)C(C(=O)N)=C3C2,3.08895046553658E-09,O=C(NCC1CCCC1)CC2Cc3c(cccc3)CC2,6.666228587545246e-08,0.588
O=C(CCC1=CC=CC(C(=O)N)=C1)NCCCC2CNC3=CC=CC=C3N2,3.08895046553658E-09,O=C(N)c1cc(ccc1)CCNC(=O)CC2Nc3c(cccc3)C2,2.2633772495951396e-08,0.563
C=C(N)C1=CC=CC=C1CC2=CC=CC=C2NCC(C)CCC(=O)N,3.08895046553658E-09,O=C(NCC(CNC(=O)CCC(=O)N)C)c1c(cccc1)Cc2ccccc2,1.4349790904006653e-08,0.433
O=C(CC1=CC(N)=C(C(=C)O)C=C1)CCC=CC2=CC3=CC=CC=C3CC2,3.08895046553658E-09,O=C(NCC=CCNC(=O)CC1=Cc2c(cccc2)C1)c3c(N)cc(cc3)CC,1.9444039222013203e-08,0.372
CCC1=C(N)C(N)=C(C(=O)N)C=C1CC(=C)C2=CC3=CC=CC=C3S2,3.08895046553658E-09,S1c2c(cccc2)C=C1C(=O)NCCNC(=O)c3c(N)c(ccc3)CC,3.7554196316885365e-08,0.46
CC(N)(C)C1=CC=CC=C1NC(=O)C=CCC(C(=O)N)NC2=CC=CC=C2,3.08895046553658E-09,O=C(Nc1c(cccc1)C(C)(C)C)NC(C(=O)N)Cc2ccccc2,7.502233167218944e-08,0.426
O=C(CC1=CC(N)=CC=C1)NCC2=CC=CC=C2C3CCCC(C)C3,3.08895046553658E-09,O=C(NCc1c(cccc1)C2CCC2)Cc3cc(N)ccc3,6.126747008126378e-08,0.824
O=C(NC(=O)C1=CC=CC(N)=C1)CC=2CC(C)C3=CC=CC=C3C=2,3.08895046553658E-09,O=C(NCCNC(=O)CC1=Cc2c(cccc2)C1)c3cc(N)ccc3,5.444018486747391e-08,0.508
O=C(CC1=CC=CC=C1)NCC2=CC=CC=C2C(=C(C(N)))C=CCC(=O)CCC(=O)C,3.1415284339797E-09,O=C(NCCNC(=O)CCCCC(=O)C)Cc1ccccc1,1.1552043035786423e-06,0.4
C(=C(C))=C(CC1=CC=CC(N)=N1)COC2=CC=CC=C2NC(=O)CC3=CC=CC=C3,3.1415284339797E-09,O=C(OCc1nc(N)ccc1)c2c(NC(=O)Cc3ccccc3)cccc2,2.9650891805873542e-08,0.571
CC1=CC=CC=C1C(N)=NC=CC2=CC(C(=C)N)=CN=C2C3=CC=CC=C3C,3.1415284339797E-09,O=C(NCC=CCNC(=O)c1cnc(N)c(c2ccccc2)c1)c3c(cccc3)C,1.6988149784872092e-08,0.306
C(=O)(N)C(N)C(C)C1=CC=CC=C1NCCC2=CC=CC3=CC=CC=C23,3.1415284339797E-09,N(c1c(cccc1)C(C)C)CCCc2c3c(ccc2)cccc3,5.088612586911091e-08,0.558
O=C(CC(C(=O)O)CC1=CC(C(=O)N)=CC=C1)CCC=C(N)C2=CC=CC=C2,3.1415284339797E-09,O=C(N)c1cc(ccc1)C[NH2+]C(C(=O)N)Cc2ccccc2,1.5765683215060107e-07,0.414
O=C(NCC1=CC=CC=C1)C(N)CCC=CC2=CC(C(=N)C)=CC=C2Cl,3.1415284339797E-09,Clc1c(Cl)ccc(c1)C(=O)NC(C(=O)NCc2ccccc2)C,6.666228587545246e-08,0.438
O=C(CC=CC=CC1=CC=CC(C(=O)O)=C1)C=CC2=CC3=CC=CC=C3C(=O)2,3.1415284339797E-09,O=C1OC(C(=O)NCC=CCNC(=O)C=CC=Cc2ccccc2)=Cc3c1cccc3,1.7571392636239635e-08,0.338
C=C(N)C1=CC=CC=C1CC(=O)NCC(=O)C2=CC3=CC=CC(N)=C3C2,3.1415284339797E-09,O=C(N)c1c(cccc1)CC(=O)NCC(=O)c2ccccc2,1.0338595034593203e-07,0.446
O=C(NCC1=CC=C(N)C=C1)CCN2CCC3=CC=CC(C(=O)N)=C3S2,3.1415284339797E-09,O=C(NCc1ccc(N)cc1)CCN2c3c(cccc3)CCC2,9.828140844988804e-08,0.516
O=C(NCC1=CC=CC=C1)C(N)CCC=CC=CC2=CC(N)=CC=C2,3.1415284339797E-09,O=C(NCc1ccccc1)C=Cc2cc(N)ccc2,8.242477699578632e-07,0.556
C(=O)(C(=O)N)CCC1=CC(=O)CC=C1C(=O)CNC(=O)C2=CC=CC=C2C,3.1415284339797E-09,O=C(N1CCN(C(=O)CNC(=O)c2c(cccc2)C)CC1)C(=O)N,6.08298667624497e-07,0.426
N#CC1=CC=CC(C(=C(N))N)=C1CCN2CCCC3=CC=C(C(=O)C)C=C23,3.1415284339797E-09,Brc1c(c(C#N)ccc1)CN2c3c(ccc(c3)C(=O)OC)CCC2,9.828140844988804e-08,0.507
NC(=O)CC(=O)CC1=CC=CC=C1CCC(=C)CN2C=CC3=CC=CC=C3C2,3.1415284339797E-09,O=C(N)c1c(cccc1)CCC(=O)N2Cc3c(cccc3)C2,7.502233167218944e-08,0.339
CCC1=CC=C(C(=O)N)C=C1CC(=C(C(=O)C(C(N))))CNCC2=CC=CC=C2C,3.1415284339797E-09,O=C(NCC=CCNC(=O)Cc1c(cccc1)C)c2cc(c(cc2)CC)CC,3.819341775176634e-08,0.386
O=C(CC1=CC=C(C(=O)(O))C=C1)C(=C)C2=CC=NN=C2CC3=CC=CC(C(=O)N)=C3,3.1415284339797E-09,[O-]C(=O)c1ccc(cc1)CC(=O)NCc2cc(ccc2)C(=O)N,7.891884314063093e-08,0.483
CC(N)(C)C1=CC(C(=O)N)=CC=C1CC(C)CCC(=O)C2=CC(C(=O)N)=CC=C2,3.19500134806747E-09,O=C(N)c1cc(c2ccc(cc2)C(=O)CC(C)(C)C)ccc1,9.501917818235031e-08,0.386
O=C(NCC1=CC=CC=C1)C(=C)CCC(C)=CC=CC2=CC=CC(=O)N2,3.19500134806747E-09,O=C(NCc1ccccc1)C(=O)NCC(C=2NC(=O)C=CC2)(C)C,7.759802350413329e-08,0.443
N1N=CC=C1CNC(=O)CCC=C2CCCC3=C(C)C=C(N)C=C32,3.19500134806747E-09,O=C(NCC1=NNC=C1)c2c(c(cc(N)c2)C)C,2.2311603421159625e-06,0.484
CC1=C(C(=O)N)C=CC=C1CCC(=O)C(=N)C=CC2=CC3=CC=CC=C3S2,3.19500134806747E-09,S1c2c(cccc2)C=C1CCNC(=O)c3c(c(ccc3)C(=O)N)C,4.598530619970025e-08,0.455
O=C(CC1=CC=C(N)C=C1)CCC2=CC=CC=C2CC=CC3=CC(C(N))=CC=C3,3.19500134806747E-09,O=C(OC)CCc1c(cccc1)CNC(=O)Cc2ccc(N)cc2,1.1635147152901843e-07,0.369
CCC1=CC=C(C(N)(N))C=C1CCC(=C(=O))CC=CC2=CC=C(Cl)C=C2,3.19500134806747E-09,Clc1ccc(cc1)C=CCOC(=O)c2cc(c(cc2)CC)CC,1.106067745068516e-07,0.413
O=C(CCC1=CC=CC=C1)NC(=O)C(=C(C(=O)C(N)))C=CC=CC2=CN=CC=C2,3.19500134806747E-09,O=C(NCCNC(=O)CCc1ccccc1)C=Cc2cnccc2,1.898206059494335e-07,0.524
C(C(=O)C1=CC=CC=C1)C2CCCC(C3=CC=C(C(=C(C(=O)O))C)C=C3)C2,3.19500134806747E-09,O=C(N1C(CC(=O)c2ccccc2)CCC1)C=C(c3ccccc3)C,2.4626755610502634e-08,0.458
CC(N)(C)C1=CC=CC=C1NC(=O)NCN(C=C(N)C2=CC=CC=C2C)C,3.19500134806747E-09,O=C(NNC(=O)c1c(cccc1)C)Nc2c(cccc2)C(C)(C)C,2.8946404526688966e-07,0.441
C=C(C(=O)C1=CC=CC=C1)CCC(=O)C2=CC=CC3=C2CCC(C(=O)N)3,3.19500134806747E-09,Brc1c2c(ccc1)C(C(=O)NCCNC(=O)C(=O)c3ccccc3)CC2,1.8484016003142754e-08,0.413
CN(CCC1=CC=CC(C(=O)N)=C1)C(=O)C(C)C=CC2=CC=C(C(=O)N)C=C2,3.19500134806747E-09,O=C(N)c1cc(ccc1)CN(C(=O)C=Cc2ccc(cc2)C(=O)N)C,4.919707539022397e-08,0.564
O=C(CC1=CC=CC=C1)NSCCC=CC2=CC=CC3=C2CCCC(=C)3,3.24938444094276E-09,O=C(NN=Cc1c2c(ccc1)CCC2)Cc3ccccc3,1.2875146681790498e-07,0.415
O=C(NCC1=CC=CC=C1)NC(=O)CCCC=CC=C2C=CC(C(=O)C)=CC2,3.24938444094276E-09,O=C(NC(=O)CC[NH+]1CC[NH+](CC1)CCCNC(=O)C)NCc2ccccc2,2.0453924147377183e-08,0.426
CCC=CC1=CC=CC=C1NC(=O)NCCCC2=CC(C(C(=O)N))=CC2,3.24938444094276E-09,FC(F)(F)C=Cc1c(NC(=O)NCc2ccc(cc2)CC(=O)N)cccc1,6.554659724274868e-08,0.4
O=C(CCC1=CC=CC(N)=C1)N(C(=O)N)C=CCC=CC2=CC=CC(N)=C2,3.24938444094276E-09,Brc1ccc(cc1)C=CCN(C(=O)CCc2cc(N)ccc2)C,2.3019028844124833e-08,0.5
CC(N)(C)C1=CC(C(=O)N)=CN=C1N(C)CC=CC(=O)CC2=CC=CC(C(=O)N)=C2,3.24938444094276E-09,O=C(N(CCN(C(=O)Cc1cc(ccc1)C(=O)N)C)C)c2cnc(nc2)C(C)(C)C,7.18312604665534e-09,0.443
O=C(CCC1=CC(C(=O)N)=CC=C1)N(C(=O)C(N))CCC(=O)C=CC2=CC=CC=C2,3.24938444094276E-09,O=C(N)c1cc(ccc1)CCNC(=O)C(=O)C=Cc2ccccc2,3.819341775176634e-08,0.508
NCC1=CC=CC(C(=O)N)=C1CC=CC2=NC=CC=C2C(C)=CC3=CC=CO3,3.30469320503646E-09,O=C(N)c1c(nccc1)N2CC[NH+](CC(=CC=3OC=CC3)C)CC2,1.774284064318968e-07,0.421
O=C(CC1=CC(N)=CC=C1)NCC2=CC=C(N)C=C2CC(C)CC(=O)(N),3.30469320503646E-09,O=C(NCc1c(ccc(N)c1)C)Cc2cc(N)ccc2,3.485179787238657e-07,0.627
CCC1=CC=C(C(=O)N)C=C1CC(C)C2=CC3=CC=C(C(=O)N)C=C3N2,3.30469320503646E-09,O=C(NCC(CNC(=O)c1cc(c(cc1)CC)CC)C)c2cc3NC(c4ccccc4)=Cc3cc2,2.6795227883814164e-08,0.444
O=C(CCC1=CC=CC(C(=O)(N))=C1Cl)C(C)CCC(=O)C=CC2=CC=CC=C2,3.30469320503646E-09,O=C(N)c1c(cccc1)CCC(=O)NC(CCNC(=O)C=Cc2ccccc2)C,1.670382881752545e-08,0.478
O=C(NCC(=C(=N))C=CC=CC1=CN=CC=C1)C2=CC=CC3=CC=CN=C32,3.30469320503646E-09,O=C(NNC(=O)C=Cc1cnccc1)c2c3ncccc3ccc2,5.138263317745444e-07,0.583
C(O)1=CC(C(=O)N)=CC=C1CCCC(=C(N))C=CC=CC2=CC=CC=C2C#N,3.30469320503646E-09,O=C(N)c1cc(O)c(NC(=O)C=Cc2c(C#N)cccc2)cc1,1.390879024457524e-06,0.515
O=C(CC1=CC=CC(C(=C(N))O)=C1)C=CC2=CC=CC=C2C3=CC=CCC3,3.30469320503646E-09,O=C(N)c1cc(ccc1)CNC(=O)C=Cc2c(cccc2)C=3[N-]N=NN3,1.9118615434800554e-08,0.325
CC(C)C1=CC=C(C(=O)N)C=C1N(C)CCC(C)CCC2=CC=CC(C(=O)N)=C2,3.30469320503646E-09,Fc1c(ccc(c1)CC(=O)N(CCN(C(=O)Cc2cc(ccc2)C(=O)N)C)C)C(C)C,1.5095090651174104e-08,0.492
CC(N)(C)C1=CC=CC=C1CC(=C(=O))C(=O)CCCC2=CN=C(N)C=C2,3.30469320503646E-09,O=C(NCc1c(cccc1)C(C)(C)C)CCc2cnc(N)cc2,4.6768036128584304e-08,0.484
N#CC1=CC=CC=C1CCC(=C(C(=O)N))C=CC2CC3=CC=CC=C3C2,3.30469320503646E-09,O=C(NC1Cc2c(cccc2)C1)CCc3c(C#N)cccc3,2.9439110110908165e-07,0.527
O=C(CC1=CC(C(=O)N)=C(N)C=C1)NC2CCC(C3=CC=CC=C3)=C2(O),3.30469320503646E-09,O=C(NC1C(NC(=O)C2=C(c3ccccc3)CCC2)CC1)c4c(N)ccc(c4)CC,2.279659734645111e-09,0.435
O=C(NC1=CC=CC=C1)NCCC(=O)CC=CC2=C(C(=O)N)C=CC3=C2CCC(=N)3,3.30469320503646E-09,O=C(Nc1ccccc1)NCCC(=O)NCC=CCNC(=O)c2c(cccc2)C(=O)N,5.923383423429206e-08,0.441
N#CC1=CC=C(C(=O)N)C=C1CC(=O)C=CC=CC2=CC=CC=C2C(N)=C,3.30469320503646E-09,Clc1c(C#N)ccc(c1)C(=O)NCC=CCNC(=O)c2c(cccc2)C(=O)N,6.231032238480951e-08,0.348
C(=O)(N)C1=CC=CC=C1CCC2=CC=CC=C2CC(=O)NC(N)=CCCl,3.30469320503646E-09,ClC(Cl)=CCNC(=O)CCc1c(cccc1)C(=O)N,3.856607946889424e-07,0.49
O=C(CC1=CC=CC=C1)NCCCCCC(=O)CC2=CC=CN(C(=O)N)C2,3.30469320503646E-09,O=C(NCCCCCCNC(=O)CCNC(=O)Cc1ccccc1)C(=O)N,9.995428629292189e-08,0.491
CC(=O)C1=CC(C)=C(C(=O)C(C))C=C1CCCC(C)C2=CC=CC(C(=O)(N))=C2,3.36094339648084E-09,O=C(N)c1cc(c2cc(c(cc2)C(=O)CC)C)ccc1,2.994020218722163e-07,0.466
O=C(NCC1CCCC1)CCC2CC3=C(C(=O)C(=O)(N))C=CC=C3CC2,3.36094339648084E-09,O=C(N)c1c2c(ccc1)C[NH+](CC2)CCC(=O)NCC3CCCCC3,1.2537333137184442e-08,0.508
C(C(=O)N)(CC1=CC(C(=O)N)=CC=C1)CCCC(C)[NH1]C2=CC=CC=C2,3.36094339648084E-09,O=C(N)c1cc(ccc1)CNC(=O)C(Nc2ccccc2)C,9.995428629292189e-08,0.545
O=C(CC1=CC=CC=C1)NCC2=CC(C(=O)N)=CC(N)=C2CCC(C)CC,3.36094339648084E-09,O=C(NCCNC(=O)Cc1ccccc1)C(=O)NCCC(CC)C,1.686681181030728e-07,0.483
N#CC1=CC=C(C(=O)N)C=C1CC(=C(C(=O)N))C2=CC3=CC=C(C)C=C3[NH1]2,3.36094339648084E-09,O=C(NCCNC(=O)C=1Nc2c(ccc(c2)C)C1)c3cc(c(C#N)cc3)C,1.203460892404676e-07,0.5
O=C(CC1=CC=CC=C1)NCCC(=O)C=CC=C(C)C=C(N)C2=CC=CC=C2,3.36094339648084E-09,O=C(NCCNC(=O)CCNC(=O)Cc1ccccc1)C=C(c2ccccc2)C,9.663652860855617e-08,0.518
O=C(CCC=CC1=CC=CC=C1)NC2CC3=CC(N)=C(C(=O)N)C=C3C2,3.36094339648084E-09,O=C(NC1CC(NC(=O)CCC=Cc2ccccc2)C1)c3c(N)cc4c(c3)CCCC4,2.547224963687349e-08,0.661
CN(CC1=CC(C(=C(N))N)=CC=C1)C(=O)CCC=C(N)CC2=CC=CC=C2,3.36094339648084E-09,O=C(N)c1cc(ccc1)CN(C(=O)CCC=Cc2ccccc2)C,1.9444039222013203e-08,0.569
NC(=O)NCCCCC(=O)CCC=CC1=C(C)C2=CC=CC(C(=O)N)=C2C1,3.36094339648084E-09,O=C(NCCCCC(=O)NCC=CCNC(=O)c1c(c(ccc1)C(=O)N)C)N,1.787048067207503e-08,0.455
C(=O)(N)CC1C(=O)CCC=1CC(=O)C2=C(C(=O)C(C))C3=CC=CC=C3N2,3.36094339648084E-09,O=C(N)C[NH+](CC(=O)C=1c2c(NC1C)cccc2)CC,6.731272470455863e-07,0.387
C(=C)(N)CC1=C(N)CCCN1CCCCCCC2=CC3=CC=CC=C3S2,3.36094339648084E-09,S1c2c(cccc2)C=C1CCNC(=O)NCCCN3C(=O)CCC3,2.994020218722163e-07,0.471
O=C(CCNC(=O)C1=CC=CC=C1)C2=C(C(=O)O)C=CC3=CC(=N)C(=C)C=C23,3.36094339648084E-09,[O-]C(=O)c1ccc(NC(=O)CCNC(=O)c2ccccc2)cc1,4.884568494700594e-07,0.393
N(C(=O)C)(CCC1=CC=C(C(=C(N))C)S1)C(=O)CCCC2=CC(Br)=CC=C2,3.36094339648084E-09,Brc1cc(ccc1)CCCC(=O)N(CCN(C(=O)C=2SC(=CC2)CCC)C)C,1.1522717422507956e-08,0.561
C(=N)=C(C)C1=CC=CC=C1NC(=O)CCCC2=CC(C(=C(C(O)))N)=CC=C2Cl,3.36094339648084E-09,Clc1c(cc(OCCCC(=O)Nc2c(cccc2)C(=O)C)cc1)CO,3.0968119242070426e-07,0.452
C(C(=O)N)=C(CCC1=CC=CC=C1NCC)CC(=O)C=C(N)C2=CC=CC=C2,3.36094339648084E-09,O=C(Nc1c(cccc1)CCC(=O)N)C=C(c2ccccc2)C,1.2875146681790498e-07,0.441
CCCCC1=CC=C(Cl)C=C1C(C(C(=O)N))CCCC2=CC=CC=C(C(=O)(N))2,3.36094339648084E-09,Clc1c(ccc(Cl)c1)CCCNC(=O)CCc2c(cccc2)C(=O)N,3.226175690629193e-08,0.46
NC(C)(C)C1=CC=CC=C1CCCCCC(N)(N)C2=CC=CC=C2,3.36094339648084E-09,FC(F)(F)c1c(cccc1)CC[NH2+]CCC(c2ccccc2)(C)C,2.7517214833583634e-07,0.396
O=C(CC1=CC=CC=C1)NCCCC2=CC(=O)C3=CC(=O)CC=C3C(=N)2,3.4181510395981E-09,O=C(NCCNC(=O)Cc1ccccc1)NCCCN2C(=O)CCC2=O,2.3639267585660755e-07,0.403
CN(C(=O)C1=CC=CC=C1)C(=O)CC(C)CCCC2=CC(C(N)(N))=CC=C2,3.4181510395981E-09,O=C(N(CCN(C(=O)C(CCCc1ccccc1)C)C)C)c2ccccc2,1.2537333137184442e-08,0.441
CC(C)C1=CC=C(C(=O)C(C(C(C(=O)O))))C=C1N2CCC(=O)C(C3=CC=CC(C(=O)C(N))=C3)=C2,3.4181510395981E-09,[O-][N+](=O)c1c(ccc(c1)C(=O)N2CCN(C(=O)CCCC(=O)c3cc(OC)ccc3)CC2)C(C)C,9.25260985941592e-09,0.356
O=C(CC1=CC=CC=C1)NCCCC(C(=O)N)CCC2=CC(C(=O)N)=CC=C2,3.4181510395981E-09,O=C(N)c1cc(ccc1)CC(=O)NCCNC(=O)Cc2ccccc2,3.6307669249047665e-08,0.66
CC(=C(C(=O)N))C1=CC=CC=C1C(=O)CNC(=O)CC2=CC3=CC=CC=C3C2,3.4181510395981E-09,O=C(NCC(=O)c1c(cccc1)C)CC2=Cc3c(cccc3)C2,4.7564089142431674e-08,0.673
NC1=CC(C(=O)N)=CC2=C1C(=C)C(=C)N2CCC(=O)[NH1]C3=CC(C)=CC(F)=C3,3.4181510395981E-09,Fc1cc(NC(=O)CCN2C(=O)c3c(cccc3)C2=C)cc(c1)C,1.1833192542966173e-07,0.523
O=C(C(=N)C1=CC=CC=C1)CC(=N)C2=CC=CC=C2[NH1]C(=O)CC3=CC=CC=C3,3.4181510395981E-09,O=C(OCC(=O)c1ccccc1)c2c(NC(=O)Cc3ccccc3)cccc2,1.7571392636239635e-08,0.551
O=C(NC1=CC=CC=C1Cl)C=CCC(C(=O)N)CC2=CC=CC(C(=O)N)=C2F,3.4181510395981E-09,Clc1c(cccc1)CC(C(=O)N)CNC(=O)Nc2c(F)c(ccc2)C(=O)N,5.263316539506193e-08,0.571
CCC1=CC=C(C(=O)N)C=C1CC(=C(=C))CNCC2=CC(N)=CC=C2,3.4181510395981E-09,O=C(NCc1cc(N)ccc1)c2cc(c(cc2)CC)CC,1.5765683215060107e-07,0.467
O=C(NC1=CC=CC=C1Cl)C=CCC(C(=O)N)CC2=CC(C(=O)N)=CC=C2F,3.4181510395981E-09,Clc1c(cccc1)CC(C(=O)N)CNC(=O)Nc2c(F)ccc(c2)C(=O)N,5.6309243537968836e-08,0.53
CCC1=CC=C(C(=O)O)C=C1CCNC2=CC=CC=C2C3=CCC(=N)CS3,3.4181510395981E-09,O=C(Nc1c(NCCC)cccc1)c2cc(c(cc2)CC)CC,3.5445020958727777e-07,0.4
CC(N)(C)C1=CC=CC=C1NCCCC2=CCC3=CC=C(C(=O)O)C=C3N2,3.4181510395981E-09,O=C(Nc1c(cccc1)C(C)(C)C)c2cc3NC(=O)Cc3cc2,1.898206059494335e-07,0.38
C(N)CCCC=CC1=CC=CC=C1C(C)C(=O)NCC2=CC=C(C)C=C2C,3.4181510395981E-09,O=C(NCc1c(cc(cc1)C)C)C(c2c(OC)cccc2)C,2.7517214833583634e-07,0.567
CC1=CC=CC=C1C(=O)NCC(=O)CC2C(=O)CC3=CC=C(C(=O)C)C=C3C2,3.4181510395981E-09,O=C(NCC(=O)Nc1c(ccc(c1)C(=O)C)C)c2c(cccc2)C,9.032773438039763e-08,0.475
O=C(CC1=CC=CC=C1)NCC=CC=CC2=CC=CC=C2CCC(C(=O)C)N,3.4181510395981E-09,Fc1c(cccc1)CCC(C(=O)NCC=CCNC(=O)CCNC(=O)Cc2ccccc2)C,1.8484016003142754e-08,0.449
CC(N)(C)C1=CC=CC=C1NC(=O)CCCC(C)C2=C(N)C=C(N)C=C2,3.4181510395981E-09,O=C(Nc1c(cccc1)C(C)(C)C)CCCC(c2ccccc2)C,1.7153906960907087e-07,0.544
O=C(NC1=CC=CC=C1)N(C)C=CCC(=C(C(=O)C))CN2C3=CC=CC=C3C=C2,3.4181510395981E-09,O=C(N(CC(=O)Nc1ccccc1)C)CN2c3c(cccc3)C=C2,9.828140844988804e-08,0.508
CN(C)C1=CC(=O)NC=C1C=CC=CC2=CC=CC=C2NC3=CC(C(=O)O)=CC=C3,3.47633243146534E-09,O=C(N(CCN(C(=O)C1=CNC(=O)C=C1)C)C)c2cc(Nc3ccccc3)ccc2,2.9650891805873542e-08,0.397
C(=C(=C(=N)))=C(CC1=C(C(=O)N)C=CC(C(=O)N)=C1)CCC2=CC=CC=C2,3.47633243146534E-09,O=C(N)c1c(cccc1)COC(=O)CCc2ccccc2,4.967710225537015e-07,0.436
O=C(CC1=CC=CC=C1)NCC2=CC(=O)CC=C2C3=CCCC(C)=C3,3.47633243146534E-09,O=C(NCCNC(=O)Cc1ccccc1)C2=CCC2,7.323984638763735e-07,0.421
NC1=C(C(N))C(C(=O)N)=CC=C1CCC2=CC(C)=CC(C(C(=C(C))(N)))=C2,3.47633243146534E-09,O=C(N)c1c(NC(=O)Cc2cc(cc(c2)C)C)cc(cc1)C,1.9305160040558177e-07,0.367
CC(N)(C)C1=CC=CC=C1NC(=C)CCC2=CC(C(=O)C(N))=CC=C2Cl,3.47633243146534E-09,Brc1cc(c(Cl)cc1)CCC(=O)Nc2c(cccc2)C(C)(C)C,1.7153906960907087e-07,0.476
CC1=C(C(=O)N)C=CC=C1CC(=O)CCCNC2=CCC3=CC=C(C(=O)O)C=C3C2,3.47633243146534E-09,O=C(NCCCCNC(=O)c1cc2c(cc1)CC2)c3c(c(ccc3)C(=O)N)C,1.977500214680861e-08,0.394
C=C(CC1=CC=CC=C1)NCC2=CC(C(N))=CC=C2CCCCCC(N),3.47633243146534E-09,Fc1c(ccc(c1)C[NH3+])CNC(=O)C(=C)Cc2ccccc2,1.80448469478674e-07,0.482
CC(CC1=CC(C(=O)N)=CC=C1)NC2CCN(C3=C(C(=O)N)C=CC=C3)C2,3.47633243146534E-09,O=C(N)c1c(N2CC([NH2+]C(Cc3cc(ccc3)C)C)CC2)cccc1,3.451502703596816e-08,0.825
CCC=C1C=CC=C1C(=O)CCCCC=CC2=CC(C(C(C(N))))=CC=C2,3.47633243146534E-09,O=C(Nc1cc(ccc1)CCC[NH3+])CCCCCCCC=CCCCCCCCC,3.119090045924261e-08,0.435
CCC1=CC=CC=C1CCCC=CC2=CC3=CC(N)=CC=C3C(=N)2,3.47633243146534E-09,Nc1cc(c(c2c(cccc2)CC)cc1)C,1.7915961506679684e-06,0.377
CC(N)(C)C1=CC=CC=C1CCNC(=O)CC2=CC3=CC=CC=C3S2,3.47633243146534E-09,S1c2c(cccc2)C=C1CC(=O)NCCc3c(cccc3)C(F)(F)F,9.828140844988804e-08,0.765
C(C(=O)C)C(C)C1=CC=CC=C1CNC(=O)C2=CC(C(=O)N)=CC=C2CS,3.47633243146534E-09,O=C(NCCNC(=O)CC(c1c(cccc1)C)C)c2c(ccc(c2)C(=O)N)C,4.445892740524959e-08,0.484
NC1=CC(C(=O)N)=CC=C1CC=C(C)CCC2CCC3=CC=CC=C3C2,3.47633243146534E-09,O=C(NCCC1Cc2c(cccc2)CC1)c3cc(N)c(cc3)CC,1.642426636793946e-08,0.547
O=C(CCC1=CC=CC=C1)CC2CCSC3=CC=C(C(=O)N(C(=O)(O)))C=C23,3.47633243146534E-09,S1c2c(cc(cc2)C(=O)NCC(=O)CCc3ccccc3)CCC1,9.032773438039763e-08,0.477
O=C(CC1=CC=CC=C1)NCCCC2=CC=CC3=C2CC(=N)CC3C,3.53550414655713E-09,Clc1c2c(ccc1)C(CN(C(=O)NCCNC(=O)Cc3ccccc3)C2)C,7.759802350413329e-08,0.463
CC1=CC=CN=C1NCC=CC=CC=CCC(=O)CC2=CC(Cl)=C(C(=O)O)C=C2,3.53550414655713E-09,Clc1c(ccc(c1)CNc2ncccc2C)C(=O)OC,1.8846481098952127e-06,0.508
C(C(=O)O)=C(C(=O)NC1CCCC1)CCC2=CC3=C(C(=O)N)C=CC=C3C2=O,3.53550414655713E-09,O=C(N)c1c(cccc1)CCC(=O)NCC(=O)NC2CCCC2,3.281089411501842e-08,0.388
C1=CC=CC=C1CCC=CC=CCCC2=CC(=O)NC(C(C(C(=O)N)))=C2C#N,3.53550414655713E-09,ClC=1NC(=O)C=C(NC(=O)CCc2ccccc2)C1C#N,5.314671895870166e-07,0.415
C(C)=C(CCC1=CC=CC=C1CC(N))CCCC(N)=C(C)C2=CC=CC=C2,3.53550414655713E-09,O=C(N)c1c(cccc1)CCC(=O)NCCCCNC(=O)C(c2ccccc2)=C(C)C,1.642426636793946e-08,0.303
O=C(CCC1=CC=CC(C(=C)N)=C1)NC(=O)CCC=CC(N)=CC2=CC=CS2,3.53550414655713E-09,S1C(C=C(C(=O)NCCc2cc(ccc2)C(=O)N)C)=CC=C1,1.0514571415418938e-07,0.456
CN(CC1=CC(N)=CC=C1N)C(=O)CCCC(=O)C2=CC3=CC=CC=C3C(=N)2,3.53550414655713E-09,O=C(N(Cc1c(N)cccc1)C)CCCC(=O)c2c(N)cccc2,1.4987273864256132e-07,0.492
O=C(NC1=CC=CC=C1C(=C)(N))NCC(C(=C)C(=O)(N))CC2=CC=CC=C2,3.53550414655713E-09,O=C(N)c1c(NC(=O)C(Cc2ccccc2)Cc3ccccc3)cccc1,1.535202879529733e-08,0.52
O=C(CC1=CC=CC=C1)NCCCCC2=CCCC(C(=C(C(O))(N))C(C))=C2,3.53550414655713E-09,O=C(NCCCCNC(=O)CCNC(=O)Cc1ccccc1)C2=CCCCC2,6.126747008126378e-08,0.426
O=C(NCC(C(=O)C(N))CC=CC=CC1=CC=CC=C1)C2=CC=CC3=CC=CC=C32,3.53550414655713E-09,O=C(NCC(CNC(=O)C=CC=Cc1ccccc1)C)c2c3c(ccc2)cccc3,1.787048067207503e-08,0.583
C(=O)(N)NC1=CC=CC=C1NCC(C(=O)N)=C2C=CC3=CC=C(C)N=C32,3.53550414655713E-09,O=C(Nc1c(cccc1)C(=O)NCCNC(=O)c2c(nc(cc2)C)C)N,3.666193129637751e-07,0.433
C(C(N)N)CC1=CC=CC=C1CCNC2=CC3=CC=C(C(=O)N)C=C3C2,3.53550414655713E-09,O=C(N)c1cc(ncc1)NCCc2c(cccc2)CC,5.052267137144056e-07,0.397
C(CC1=CC(C(=C(N)(N))C(C))=CC=C1F)CC(N)=CC2=CC(N)=CC=C2,3.53550414655713E-09,Fc1c(cc(cc1)C(=O)NCCCCNC(=O)c2cc(N)ccc2)CC,2.634677144749383e-08,0.391
CC1=CC(C(=O)N)=CC=C1CCCCC=NC2=CN=C(N3CCC(=O)NC3)C=C2,3.53550414655713E-09,O=C(N)c1cc(c(NCc2cnc(N3CCCC3)cc2)cc1)C,2.1726199462367688e-07,0.38
C(C(=O)C)=C(CC1=CC(C(=O)N)=C(N)C=C1)C(=O)C=CC2=CC(N)=CC=C2F,3.59568304146731E-09,Fc1c(c2cc(c(N)cc2)C(=O)N)cc(cc1)CC(=O)OC,7.448648416157136e-07,0.415
CC(N)(C)C1=CC=CC=C1NC(=O)CCC=C(N)C(=N)C2=CC=CC=C2,3.59568304146731E-09,O=C(Nc1c(cccc1)C(C)(C)C)CCC(=O)c2ccccc2,2.529031392181985e-07,0.481
O=C(CCC1=CC(C(=O)O)=CC=C1)C(=N)C=CC=CC=CC2=CC=CC=C2,3.59568304146731E-09,[O-]C(=O)c1cc(ccc1)CCNC(=O)C=CC=Cc2ccccc2,1.6306955934488175e-07,0.63
NC1=CC=CCN1CC2=CC(C(=O)N)=CC=C2NCC(=N)C3=CC=CC=C3,3.59568304146731E-09,O=C(Nc1c(NCc2ccccc2)ccc(c1)C(=O)N)c3cc(N4CC=CC4)ccc3,1.0412969741292453e-08,0.365
O=C(N(C(=O)C(N))CCCC1=CC=CC(N)=C1)CCC(C)=CC2=CC=C[NH1]2,3.59568304146731E-09,O=C(NCCCc1cc(N)ccc1)C=CC=2NC=CC2,3.0968119242070426e-07,0.463
O=C(CCCCCCC1=CC=CC(C(=C)N)=C1C)C(C(N))CC2=CC=CC=C2,3.59568304146731E-09,O=C(NCCCCCCNC(=O)C(Cc1ccccc1)Cc2ccccc2)c3c(c(ccc3)CO)C,9.25260985941592e-09,0.418
O=C(CC1=CC=CC=C1)NCC2=CSC3=CC=CC(C(=O)C(N))=C3S2,3.59568304146731E-09,[O-]C(=O)c1c(cccc1)CNC(=O)Cc2ccccc2,3.5445020958727777e-07,0.418
N#CC1=CC=CC=C1CC(C)=C2C(C(=O)N)=CC(=O)C3=CC=C(C(=O)N)C=C23,3.59568304146731E-09,O=C(OCc1c(C#N)cccc1)c2c(OC)ccc(c2)C(=O)N,7.8355164770535e-07,0.424
CN(CCC1CCCC1)C(=O)NCCC2=CC=CC(N)=C2CC(N)C,3.59568304146731E-09,O=C(N(CCC1CCCC1)C)NCCc2c(c(ccc2)C)C,2.2854615275150829e-07,0.617
O=C(CC1=CC=CC(C(=O)N)=C1)CSC=CC(=C)CC=CC2=CC=CC=C2F,3.59568304146731E-09,Fc1c(cccc1)C=CC(=O)NCC=CCNC(=O)Cc2cc(ccc2)C(=O)N,1.2967769059876142e-08,0.515
CS(C)C1=CC=C(C(=O)N)C=C1N(C)C(=O)CCCC2=CC(C(=O)N)=CC=C2,3.59568304146731E-09,O=C(N)c1cc(ccc1)CC(=O)N(c2ccc(cc2)C(=O)N)C,1.2447785150583495e-07,0.481
NC(=C)C1=CC=CC=C1CCN(C(=O)C(=O)(N))CC2=CC3=CC=CC=C3S2,3.59568304146731E-09,S1c2c(cccc2)C=C1CC(=O)N(CCN(C(=O)CCc3c(cccc3)C(=O)N)C)C,4.7104480196499205e-09,0.484
C(=N)=C(CCC1=CC(C(=O)N)=CC=C1)CC(=C)C(F)=CC2=CC=CC=C2,3.59568304146731E-09,FC(C(=O)NCCc1cc(ccc1)C(=O)N)=Cc2ccccc2,7.131820520357163e-08,0.559
CC(N)C1=CC=CC(C(=O)C)=C1CCC=C(C)NC2=CC=C(C)C=C2,3.59568304146731E-09,O=C(Nc1ccc(cc1)C)c2c(cccc2)C(C)C,1.3447119240503068e-06,0.426
C(C(=O)O)CC1=CC=CC(C(=O)C)=C1CCCC(=O)NC2=CC3=CC=CC=C3C2,3.59568304146731E-09,O=C(N)c1c(cccc1)CCC(=O)Nc2cc(NC(=O)C3=Cc4c(cccc4)C3)ccc2,1.2121184566672398e-08,0.417
CC(C)C1=CC=CC=C1N2CCCC(C3=CC=CC(C(=O)C(N))=C3)C2=O,3.59568304146731E-09,O=C(OC1C(=O)N(c2c(cccc2)C)CCC1)c3cc(ccc3)C4CC4,5.444018486747391e-08,0.429
CC(=O)C1=CC=C(C(=O)O)C=C1C(C=CC2=CC3=CC=CC(C(=C(N))O)=C3)=C2,3.59568304146731E-09,[O-]C(=O)c1cc(NC(=O)c2cc(NC(=O)c3cc(O)c(cc3)C(=O)C)ccc2)ccc1,8.586792429037428e-08,0.358
C(C(=C)C(C))=C(CC1=CC=CC=C1C(N))CCC2=CC3=CC=CC=C3N2,3.59568304146731E-09,O=C(NCc1c(cccc1)C[NH3+])CCC=2Nc3c(cccc3)C2,3.950468696913859e-08,0.517
CCC1=CC=CC(C(=O)N)=C1CCC(=O)NCCC=C2C(C)=CCCC2,3.59568304146731E-09,O=C(N)c1c(cccc1)CCC(=O)NCCNC(=O)C2=CCCC2,9.342889642716196e-08,0.478
O=C(N)CCCC=CC1=CC=C(C(N))C=C1CC=CC2=CC=C(C(=O)N)O2,3.59568304146731E-09,O=C(NCC=CCNC(=O)CCCCC(=O)N)C=CC=1OC(C(=O)N)=CC1,8.586792429037428e-08,0.418
O=C(CCC1=CC(C(=O)N)=CC=C1)N(C(=C)C)C(=O)NCC=C(N)C2=CC=CC=C2F,3.65688625971086E-09,Fc1c(cccc1)C(=CC(=O)NCCc2cc(ccc2)C(=O)N)C,8.881597064258669e-08,0.515
O=C(CC1=CCCC=C1)NCCCC2=CC(C(=O)N)=CC(N)=C2CC,3.65688625971086E-09,O=C(NCCCCNC(=O)Cc1ccc(cc1)C(=O)N)c2cc(N)c(cc2)CC,2.7251317633980198e-08,0.418
FC1=CC=C(N)C(C(=O)C)=C1CC(=O)NC2=CC=CC=C2C=CNC(=O)OF,3.65688625971086E-09,Fc1c(F)ccc(N)c1C(=O)Nc2c(cccc2)C=CC(F)(F)F,1.7321281466772288e-06,0.418
C(N)C1=CC=CC=C1CC2=CC=CC=C2NCC(N)C3=CC=CC=C3,3.65688625971086E-09,N(c1c(cccc1)Cc2ccccc2)CC(c3ccccc3)c4ccccc4,3.1950013480674694e-09,0.512
CC(C)(N)C1=CC=CC=C1CCNC(=O)CC2=CC3=CC=CC=C3S2,3.65688625971086E-09,S1c2c(cccc2)C=C1CC(=O)NCCc3c(cccc3)C(F)(F)F,9.828140844988804e-08,0.765
O=C(CCC=CC1=CC(C(=O)C)=CC=C1Cl)NC2CNC3=CC=CC=C3C2,3.65688625971086E-09,O=C(NC1CNc2c(cccc2)C1)CCC=Cc3ccccc3,3.33693783557396e-08,0.639
CC1=C(C(=O)N)C=CC=C1C(=O)CCCC=C2CCCN=C2NCCCC,3.65688625971086E-09,O=C(N1CCN(C(=O)c2c(c(ccc2)C(=O)N)C)CCC1)c3c(NCCCC)cccc3,4.155648224664381e-08,0.437
C(=O)=C(CC1=CC(C(=O)N)=CC=C1)CC2=CC=CC=C2C3=CC=CC(F)=C3,3.65688625971086E-09,Fc1c(c2cc(F)ccc2)ccc(NC(=O)Cc3cc(ccc3)C(=O)N)c1,2.6795227883814164e-08,0.533
CCC1=CC=CC=C1CCC(=C(N))C=CC2=C(C(=O)N)C3=CC=CC=C3[NH1]2,3.65688625971086E-09,O=C(NCCc1c(cccc1)CC)C=2c3c(NC2C)cccc3,9.18652303100925e-08,0.443
NC1=CC=C(N)C=C1CC2=CC=CN=C2CCC(C(C(=O)O))C3=CC=CC=C3,3.65688625971086E-09,O=C(NCc1c(ccc(N)c1)C)CC(c2ccccc2)CC,9.032773438039763e-08,0.353
CC(N)(C)C1=CC=CC=C1NNCC2=CC=CC3=C2C=CC(C(=O)N)=C3,3.65688625971086E-09,O=C(NCc1c(cccc1)C(C)(C)C)c2c3c(cc(c2)C(=O)N)cccc3,9.25260985941592e-09,0.46
O=C(CCCCC1=CC(=C(N)(N))C=C1)NC(=O)CNC2CCCCC2,3.65688625971086E-09,O=C(Nc1ccccc1)CCCCC[NH2+]C2CCCCC2,8.443080184870419e-08,0.377
CC(N)(C)C1=CC=CC=C1CCC(=O)C=CC(=O)CC=CC2=CC=C(N)C=C2,3.65688625971086E-09,FC(F)(F)c1c(cccc1)CCNC(=O)CC=Cc2ccc(cc2)C,1.866436868034807e-07,0.406
O=C(NC1=CC=C(N)C=N1)NCC(=O)C2=CC=CC=C2CC(=O)CC=C(N),3.65688625971086E-09,O=C(NCC=CCNC(=O)c1c(cccc1)CC)c2ncc(N)cc2,1.016556387001877e-07,0.388
CC(=C)C1=CC=CC=C1N2CCCC(C3=CC=CC(C(=O)C(N))=C3)C(=O)2,3.65688625971086E-09,O=C(OC1C(=O)N(c2c(cccc2)C)CCC1)c3cc(ccc3)C4CC4,5.444018486747391e-08,0.423
NC(=C)C1=CC=CC=C1CCC(=O)CC=C(C(=O)(N))C2=CC=C(C)C=C2C,3.65688625971086E-09,O=C(N)c1c(cccc1)CCC(=O)OCC(=O)c2c(cc(cc2)C)C,1.2239453674810362e-07,0.483
CC(N)(C)C1=CC=CC=C1NCCC2=CC(=C(C(=O)O))CC3=CC=CC=C23,3.65688625971086E-09,O=C(Nc1c(cccc1)C(C)(C)C)CCCc2cc3c4c(cccc4)Cc3cc2,3.476332431465339e-09,0.342
O=C(CCC1=CC=CC=C1)NC(=O)C(C(=O)(N))CCC=CC2=CC(C(=O)N)=CC=C2,3.65688625971086E-09,O=C(N)c1cc(ccc1)CC(=O)NCC=CCNC(=O)CCc2ccccc2,2.7251317633980198e-08,0.484
CC(C)C1=CC=CC=C1NC(=O)NCC(C(=C)C(=O)(N))CCCC2=CC=CC=C2,3.65688625971086E-09,O=C(Nc1c(cccc1)C(C)C)NCCCc2ccccc2,7.891884314063093e-08,0.623
C(=O)(CCC(C(=C(=O))N)CCC1=CC=CC=C1C(N))NCC2=CC=CC=C2,3.65688625971086E-09,O=C(NCc1ccccc1)CNC(=O)CCc2c(cccc2)C[NH3+],2.634677144749383e-08,0.6
O=C(CC1=CC=CC=C1N)CCC2=CCC3=CC=CC(C(=O)N)=C3S2,3.71913123660783E-09,O=C(N)c1c2c(ccc1)CN(C(=O)Cc3c(N)cccc3)CC2,3.0668876159758165e-08,0.429
O=C(CC1=CC=CC=C1)NCCCC(C2=CC(C(=C(N))N)=CC=C2)CC,3.71913123660783E-09,O=C(NCCNC(=O)CC(c1ccccc1)CC)Cc2ccccc2,7.629930967206321e-08,0.518
O=C(CC1=CC=CC=C1)NCCCCC=CC=C2C(C(=O)O)=C(C(=O)C)C=CC2,3.71913123660783E-09,O=C(NCCCCNC(=O)CCNC(=O)Cc1ccccc1)c2ccc(cc2)C(=O)C,5.263316539506193e-08,0.403
C=C(C1=CC=CC=C1)C(=N)CCCC(C)C(=O)C2=CC=CC(C(=O)N)=C2,3.71913123660783E-09,O=C(N)c1cc(NC(=O)C(CCCc2ccccc2)C)ccc1,4.0860975120705305e-08,0.441
O=C(CC1=CC=C(C(=O)N)C(C)=C1)CSC=CC=C(N)C2=CC=CC=C2F,3.71913123660783E-09,Fc1c(cccc1)C(=O)Nc2cc(c(cc2)C(=O)N)C,9.924036212805188e-07,0.433
CCCC(=O)CC1=CC=CC=C1C(=C)C(=O)NC2CCCC3=CC=CC=C32,3.71913123660783E-09,O=C(NC1c2c(cccc2)CCC1)c3c(cccc3)CCC,1.069354314392057e-07,0.586
CCC1=NC(N)=C(C(=O)N)C=C1CC(=O)C=C(C=C)C2=CC=C(Cl)C=C2,3.71913123660783E-09,Clc1ccc(cc1)C(=O)NCC=CCNC(=O)c2c(nc(nc2)N)CC,8.586792429037428e-08,0.357
O=C(CC1=CC=CC=C(N)1)NCC2=CC=CC=C2C3CC(C)CCC3,3.71913123660783E-09,O=C(NCc1c(cccc1)C2CCC2)Cc3c(N)cccc3,9.501917818235031e-08,0.804
O=C(N)C1=CC=CC=C1CCC(C(=O)C)CCCC2=CC(C(=O)N)=CC=C2C#N,3.71913123660783E-09,O=C(N)c1c(cccc1)CCC(=O)NCC(CNC(=O)CCc2c(C#N)cccc2)C,5.263316539506193e-08,0.46
NC(N)(CC)C(C)NC1=CC=CC=C1CC2=C(C(=O)N)C=CC=C2,3.71913123660783E-09,O=C(N)c1c(cccc1)CC(=O)NC(C(CC)(C)C)C,3.922252447567377e-07,0.491
NC(=C(N))C1=CC=CC=C1CCCCCCC2CC3=CC=CC=C3CC2,3.71913123660783E-09,O=C(N)c1c(cccc1)CCC(=O)NCCC2Cc3c(cccc3)CC2,1.670382881752545e-08,0.508
O=C(CC1=CC=C(N)C=C1)NCC2=CC=CC=C2C=C(N)CC=CC,3.71913123660783E-09,O=C(NCc1c(cccc1)CC)Cc2ccc(N)cc2,2.0307831856022632e-07,0.569
O=C(CCC1=CC=CC=C1)NCCC2CC(C(=O)O)=C(N)C3=CC=CC=C32,3.71913123660783E-09,O=C(NCCNC(=O)CCc1ccccc1)C2c3c(c4c2cccc4)cccc3,3.3937368727139225e-08,0.5
O=C(CC1=CC=CC(C(=O)(C))=C1)CC(N)CC=CC=CC2=CC=CC=C2,3.78243570425012E-09,O=C(NCc1cc(ccc1)C(=O)C)C=CC=Cc2ccccc2,1.6584521607389992e-07,0.517
CNC=CC1=CC=CC=C1NCCCCCNC(=O)CC2=CCCC=C2,3.78243570425012E-09,O=C(NCCCCCCNC(=O)CC1=CCCC1)C=Cc2c(cccc2)C,7.891884314063093e-08,0.394
O=C(NCC1CCCC1)NCC2CC3=C(C(=O)C(N))C=CC=C3CC2,3.78243570425012E-09,O=C(NCC1Cc2c(cccc2)CC1)NCC3CCCC3,4.521567637491066e-08,0.625
O=C(NC1=CC(N)=CC=C1)NCCC(C(=O)O)CC2=CC3=CC=CC=C3CC2,3.78243570425012E-09,O=C(Nc1cc(N)ccc1)CC2=Cc3c(cccc3)C2,2.8946404526688966e-07,0.492
C(=O)(N)CCCNC(=O)CCCCC=C1C=CC2=CC(C(=O)N)=CC=C2S1,3.78243570425012E-09,O=C(NCCCCNC(=O)CCCCC(=O)N)c1ccc(cc1)C(=O)N,2.994020218722163e-07,0.482
CC(N)(C)C1=CC=CC=C1CCC(=C)C=CCC2=CC=CC(N)=N2,3.78243570425012E-09,n1c(N)cccc1C[NH+](Cc2c(cccc2)C(C)(C)C)C,3.149523704937078e-07,0.407
CCC1=CC=CC=C1CCC(=C(C(=O)C(N)))C=CC=CC2=CC=CC=C2O,3.78243570425012E-09,O=C(NCCc1c(cccc1)CC)C=Cc2c(O)c(O)ccc2,4.056912532995847e-07,0.435
CC(N)(C)C1=CC=CC=C1NCC(=O)NCCC2=CC(N)=C(N)CC2,3.78243570425012E-09,O=C(NCCC1=CCCCC1)CNc2c(cccc2)C(C)(C)C,6.666228587545246e-08,0.533
CC(N)(C)C1=CC=CC=C1CC(=O)CC(C)=CC2=CC(C(=O)O)=CC=C2CC,3.78243570425012E-09,O=C(NCc1c(cccc1)C(C)(C)C)c2cc(c(cc2)CC)CC,5.352905056385263e-08,0.354
CC(C)C1=CC=CC=C1N2CC(=O)C(=O)N(C3=CC(C(=O)N)=CC=C3)S2,3.78243570425012E-09,S=C1SC(C(=O)N1c2cc(ccc2)C(=O)N)=Cc3c(cccc3)C(C)C,1.2659662699976492e-07,0.463
O=C(CC1=CC=CC=C1)NCC(=O)C(=C(C(=O)N))CCC2=CC=CC=C2C#C,3.78243570425012E-09,O=C(NCCC(=O)NCCc1c(C#C)cccc1)Cc2ccccc2,9.18652303100925e-08,0.593
CCC1=CC=C(C(=O)O)C=C1C(=O)C(=C(C(=O)C))C2=CC3=CC=C(C(C(N)))C=C3C2,3.78243570425012E-09,O=C(OCC(=O)c1c(ccc(c1)CC)CC)C2=Cc3c(cccc3)C2,4.01771083005885e-08,0.36
C=C(N)C1=CCCC=C1CC(=O)NCCC2=CC3=CC=CC=C3S2,3.78243570425012E-09,S1c2c(cccc2)C=C1CCNC(=O)CC3=CCCC3,1.5501821972997198e-07,0.603
C(C(=O)(N))CC1=CC(N)=C(C(=O)N)C=C1CCC(C)CC2=CC=CC=C2CC,3.84681769655304E-09,O=C(N)CCc1c(OCc2c(cccc2)CC)cccc1,3.5445020958727777e-07,0.444
O=C(NCC1=CC=CC=C1)C(N)CC(=N)C=CC2=CC(C(=O)N)=CC=C2,3.84681769655304E-09,O=C(NN=Cc1cc(ccc1)C(=O)N)NCc2ccccc2,7.253213413653791e-08,0.5
CC(N)(C)C1=CC=CC=C1CCCC(=O)C=CC=C(N)C2=CC=CC=C2,3.84681769655304E-09,Brc1c(cccc1)CCCC(=O)NCC(CNC(=O)C=CC(=O)c2ccccc2)(C)C,8.945490289059996e-09,0.348
CN(CC1=CC(C(=O)N)=CC=C1)C(=C(N))C=CC=CC2=CC=CC=C2F,3.84681769655304E-09,Fc1c(cccc1)C=CC(=O)N(Cc2cc(ccc2)C(=O)N)C,1.8351993794011885e-07,0.709
CCC1=CC=CC=C1CCNC2=CC=C(N)C=C2C3=CNC(=N)CC3,3.84681769655304E-09,[O-][N+](=O)c1c(NCCc2c(cccc2)CC)ccc(N)c1,2.0307831856022632e-07,0.518
CC(CCC=CC1=CC(C(=O)N)=CC=C1)C(=O)CCCC2=CC(N)=CC=C2,3.84681769655304E-09,O=C(NCCCc1cc(N)ccc1)C(CC=Cc2ccccc2)C,6.779696498481721e-08,0.485
CN(C(=O)C1=CC=CN=C1NC(=O)S)C(=O)CC2=CC=CC(C(=O)C(N))=C2C,3.84681769655304E-09,O=C(N(CCN(C(=O)Cc1c(c(ccc1)C)C)C)C)c2c(nccc2)NC,1.106067745068516e-07,0.485
FC1=CC=CC=C1C=NC2=CC=CC=C2C(=O)C3=CC(C(N))=CC=C3C(=N),3.84681769655304E-09,Fc1c(cccc1)C=NNC(=O)Cc2cc3c(cc2)cccc3,2.3639267585660755e-07,0.359
C(N)(N)CC1=CC=CC=C1C(=C)C(=C)CC=CC2=CC=C(Br)C=C2,3.84681769655304E-09,Brc1ccc(cc1)C=CCC(=O)NCCNC(=O)c2c(cccc2)CC(C)C,3.281089411501842e-08,0.467
O=C(CCCCC(=O)NCC1=CC=CC(=O)C1)NC(=O)CC2=CC=C(N)N=C2,3.84681769655304E-09,O=C(NCc1cnc(N)cc1)CNC(=O)CCCCCCCCCC,2.798559374393035e-07,0.475
O=C(NC(=O)NCC1=CC=CC(O)=C1)CCC(=O)CC2=CC=C3CCC(=C)SC3=C2,3.84681769655304E-09,O=C(NCc1cc(O)ccc1)Cc2cc3c(cc2)CCC3,1.1833192542966173e-07,0.477
O=C(CC1=CC=CC=C1)NCC2=CC=CC=C2C3CCNC(C)=C3,3.84681769655304E-09,O=C(NCc1c(cccc1)C2CC2)NCCNC(=O)Cc3ccccc3,3.3937368727139225e-08,0.518
CC(N)(C)C1=CC=CC=C1CCC=CC=CC=CC2=CC=CC(C(C(N)))=C2,3.84681769655304E-09,O=C(NCc1c(cccc1)C(C)(C)C)c2cc(ccc2)CC[NH3+],1.642426636793946e-08,0.381
C(C(=C)N)C=C(C=CCC1=CC=CC=C1CCC(=O)N)C2=CC=C(C(=O)O)C=C2,3.84681769655304E-09,[O-]C(=O)c1ccc(cc1)C(=O)Nc2c(cccc2)CCC(=O)N,1.5765683215060107e-07,0.464
O=C(NC1=CC(O)=CC=C1)C=CCC(C(=O)N)CC2=CC(C(=O)N)=CC=C2,3.84681769655304E-09,O=C(N)c1cc(ccc1)CC(=O)Nc2cc(O)ccc2,6.29182981330297e-07,0.564
O=C(CC1=CC=CC=C1)NCC(C(=O)C)=CC2=CC=CC(=C2)C(N)CCCC,3.84681769655304E-09,O=C(NCC[NH2+]C(c1ccccc1)CCCC)Cc2ccccc2,5.726770035455663e-08,0.46
O=C(CC1=CC=CC(C(=O)N)=C1)C(=C)C=CC(C)CC2=CC=CC=C2,3.84681769655304E-09,O=C(N)c1cc(ccc1)CC(=O)OC(Cc2ccccc2)C,2.7517214833583634e-07,0.547
O=C(CCC1=CC=CC=C1)NC(=O)NC(C(=O)N)CCC(=O)C2=CC(C(=O)C)=CC=C2,3.84681769655304E-09,O=C(NC(CCNC(=O)CCc1ccccc1)C)c2cc(ccc2)C(=O)C,2.341084275815843e-08,0.516
CCC1=CC=C(C(=O)O)C=C1CCNC2=CC=CC=C2C3=CCC(=N)C(=O)S3,3.91229555439259E-09,O=C(NCCNC(=O)C=1c2c(cccc2)CC1)c3cc(c(cc3)CC)CC,2.9154641752295277e-08,0.375
O=C(CC1=CC=CC(C(=O)N)=C1)N2CCCC(C3=CCC(=O)CC3)=C(N)2,3.91229555439259E-09,O=C(N)c1cc(ccc1)CC(=O)N2c3c(c(N)ccc3)CCC2,5.352905056385263e-08,0.557
O=C(NCCC(N)CCC1=CC=C(C(=O)N)C=C1)NC(=O)C2=CC=CC=C2,3.91229555439259E-09,O=C(NC(CCNC(=O)CCc1ccc(cc1)C(=O)N)C)c2ccccc2,1.642426636793946e-08,0.526
O=C(CC1=CC=CC(C(=O)C)=C1)C(=O)C2CCC3=C(Cl)C=C(C(=O)(O))C=C3C2,3.91229555439259E-09,O=C(NCc1cc(ccc1)C(=O)C)C2Cc3c(cccc3)CC2,3.01555886830405e-08,0.439
C(N)(=O)NC(=O)NC1=CC=CC=C1N(C)C=CC=CC2=C(C(=O)N)C=CC=C2Cl,3.91229555439259E-09,Clc1c(c(Cl)ccc1)C=CC(=O)Nc2c(N(C)C)cccc2,4.884568494700594e-07,0.443
O=C(CC1=CC(C(=O)C)=CC=C1C)NC2=CC=CC=C2CCC(C)C(N)C,3.91229555439259E-09,O=C(Nc1c(cccc1)CCC(C)C)Cc2c(ccc(c2)C)C,5.352905056385263e-08,0.618
O=C(NCC1=CC=CC=C1)CCC(=C(=N))C=CC=CC2=CC=CC=C2,3.91229555439259E-09,O=C(NCCC(=O)NCc1ccccc1)C=CC=Cc2ccccc2,3.3937368727139225e-08,0.646
NC(N)=CC(C)C1=CC=CC=C1CCNC(=O)CCC2=CC=CC=C2,3.91229555439259E-09,O=C(NCCNC(=O)CCc1ccccc1)Cc2c(cccc2)C(C)C,9.342889642716196e-08,0.588
CCC1=CC=CC(C(=O)C)=C1CCNC(=O)CC2C(=O)NC3=CC=CC=C3S2,3.91229555439259E-09,S1c2c(NC(=O)C1CC(=O)NCCNC(=O)c3c(cccc3)CC)cccc2,1.7571392636239635e-08,0.717
CC(N)(C)C1=CC=CC=C1CCCCC2(C)C(=O)C3=CC=CC=C3C2,3.91229555439259E-09,O=C1c2c(cccc2)CC13C[NH+](Cc4c(cccc4)C(C)(C)C)CC3,2.0111598492537654e-08,0.403
FC1=CC=CC(C(=O)N)=C1CC(=O)NC2=CC=CC=C2C=CC(N)=CCl,3.91229555439259E-09,Fc1c(c(F)ccc1)CC(=O)Nc2c(cccc2)C=CC(F)(F)F,7.448648416157136e-07,0.554
CCC1=CC=CC=C1CCN(C)CC=C2SC3=CC(C(=O)N)=CC=C3C(=N)2,3.91229555439259E-09,O=C(N)c1cc(ccc1)C[NH+](CCc2c(cccc2)CC)C,7.891884314063093e-08,0.5
O=C(CCC1=CC=CC=C1)NCN2C=CC3=CC=CC(C(=O)C(N))=C3C2,3.91229555439259E-09,[O-]C(=O)c1c2c(ccc1)CN(C(=O)CNC(=O)CCc3ccccc3)C2,3.451502703596816e-08,0.424
CN(CC1=CC=C(C(=O)N)C=C1N)C(=C)C=CC2=CC(C(=C)N)=CC=C2C,3.91229555439259E-09,O=C(N(CCN(C(=O)c1cc(N)c(cc1)CC)C)C)c2c(ccc(c2)C(=O)N)C,3.01555886830405e-08,0.444
CC1=C(C(=O)O)C=CC=C1CCCC(=C)C=C2C=CC3=CC(C(=O)(O))=CC=C3[NH1]2,3.91229555439259E-09,O=C(NCCCCNC(=O)c1cc2NC(=O)C(=O)Nc2cc1)c3c(c(ccc3)CO)C,9.663652860855617e-08,0.312
CNC1=CC=CC(C(=O)N)=C1CC=C(C(=C)C)NC(=O)CC=CC2=CC=CC=C2,3.91229555439259E-09,O=C(NCCNC(=O)CC=Cc1ccccc1)c2c(NC)cccc2,2.9439110110908165e-07,0.476
C(=O)(N)CC1=CC=CC=C1CC=C(C(=O)C)C2=CC3=CC=C(C(=O)N)C=C3S2,3.9788879308305E-09,S1c2c(ccc(OC)c2)C=C1C(=O)Nc3c(cccc3)CC(=O)N,5.98117919997189e-07,0.439
C=C(CC1=CC(C(=C(N))N)=CC=C1)C(=O)C(=C)CCCC2=CC=CC=C2F,3.9788879308305E-09,Fc1c(cccc1)CCCNC(=O)Cc2cc(ccc2)C(=O)N,1.1635147152901843e-07,0.508
C(C(=O)O)#CC1=CC=CC=C1CCC(N)C2=CC3=CC=CC(C(=O)C)=C3C=C2,3.9788879308305E-09,Clc1cc2c(c(ccc2)C(=O)NCCC(NC(=O)CCc3c(C#N)cccc3)C)cc1,2.4626755610502634e-08,0.354
O=C(CC1=CC=CC=C1)NCCC(C(=O)C2=CC)=CC(C(=O)C)=C2C#N,3.9788879308305E-09,O=C(NCCNC(=O)Cc1ccccc1)Cc2ccc(C#N)cc2,3.856607946889424e-07,0.446
O=C(C(N)C1=CC=CC=C1)NCCCC2=CC=CC=C2CC(=C(N))CC,3.9788879308305E-09,O=C(NCCCCNC(=O)C(c1ccccc1)c2ccccc2)C=C(CC)CC,5.352905056385263e-08,0.456
CCC=C(C(=O)(N))C1=CC=CC=C1CCC(C)CNCC2=CC=CC=C2C,3.9788879308305E-09,O=C(N)c1c(cccc1)CCC(=O)NCC(CNC(=O)CCc2c(cccc2)C)C,5.352905056385263e-08,0.397
CCC1=C(N)C=CC=C1CCNC2=CC=CC=C2C=CC3=CC=CC(=N)3,3.9788879308305E-09,FC(F)(F)C=Cc1c(NCCc2c(cccc2)CC)cccc1,1.898206059494335e-07,0.426
CC(N)(C)C1=CC=CC=C1NCC(=O)NC2=NC=C(C)C(C(=C)C(N))=N2,3.9788879308305E-09,O=C(Nc1c(cccc1C)C)CNc2c(cccc2)C(C)(C)C,2.1726199462367688e-07,0.443
CC(CC1=CC=CC=C1N)CCCC(C(=O)O)CC2=CC=CC(C(=O)N)=C2,3.9788879308305E-09,[O-]C(=O)C(Cc1ccccc1)CCC[NH2+]Cc2cc(ccc2)C(=O)N,1.1635147152901843e-07,0.569
C(=C(C(=O)C))C1C2=CC=CC=C2C(=C)C=1C3=CC4=CC=C(C(=O)N)C=C4S3,3.9788879308305E-09,S1C(c2c(c3c(ccc(c3)C(=O)N)C)cccc2)=CC=C1C(=O)C,1.1248944616653033e-07,0.354
O=C(CCC1=CC=CC=C1F)NC(=O)CCC(C(=C)N)CC2=CC(C(=O)N)=CC=C2,3.9788879308305E-09,Fc1c(cccc1)CCC(=O)NCc2cc(ccc2)C(=O)N,2.445085884224233e-07,0.614
O=C(CCC1=CC(C(=O)O)=CC=C1)NCC2=CSC3=CC=C(C(=O)C(N))C=C3S2,3.9788879308305E-09,[O-]C(=O)c1cc(ccc1)CCC(=O)NCc2ccc(cc2)C(=O)C,6.337092539563196e-08,0.516
CC1=CC=C(NC=CCC(C(=O)N)CC2=CC(C(=O)N)=CC=C2C)C=C1,3.9788879308305E-09,O=C(Nc1ccc(cc1)C)c2c(ccc(c2)C(=O)N)C,3.2031327089714976e-07,0.436
CN(C(=O)C1=CC=C(N)C=C1)CCC=CC2=CC=CC(N)=C2CC(=C)CC,4.04661379642791E-09,O=C(N(CCC=C1c2c(cccc2)CCc3c1cccc3)C)c4ccc(N)cc4,2.3184625186089642e-09,0.415
O=C(NC1=CC=CC=C1)CSC=CCN(C2=CC(C(=O)N)=CC=C2)CC(=O)CC,4.04661379642791E-09,O=C(N)c1cc(NC(=O)CN(c2ccccc2)CC(=O)Nc3ccccc3)ccc1,1.1140246738246686e-08,0.517
CCC1=CC=C(C(=O)N)N=C1CC(=C(C(=O)N))C2=CC3=CC=CC=C3N2,4.04661379642791E-09,O=C(N(CCN(C(=O)C=1Nc2c(cccc2)C1)C)C)c3nc(ccc3)C(=O)N,2.2633772495951396e-08,0.469
C=CC1=C(O)C=C(C(=O)N)C=C1CC(=C(C(=O)O))C2=CC3=CC=CC=C3[NH1]2,4.04661379642791E-09,O=C(N)c1cc(O)c(NC(=O)C=2Nc3c(cccc3)C2)cc1,1.061716443979821e-06,0.446
C(C(=O)N)C(CC1=CC(C(=O)N)=CC=C1)N2CCCC(C3=CC=CC=C3)C2,4.04661379642791E-09,O=C(N)c1cc(ccc1)C[NH+]2CC(c3ccccc3)CCC2,3.281089411501842e-08,0.632
N=C(C)C1=CC=C(C(=O)N)C=C1N2CCC(=O)C(C3=CC(C(=O)N)=CC=C3)=C2,4.04661379642791E-09,O=C(N1CCC(=O)CC1)c2c(cc(c3cc(ccc3)C(=O)N)cc2)C,6.554659724274868e-08,0.429
O=C(CCC1=CC=CC=C1)NCC(=O)C=2CC3=CC=CC=C3SC(C(=O)C(=N))2,4.04661379642791E-09,S1c2c(N(C(=O)CNC(=O)CCc3ccccc3)Cc4c1cccc4)cccc2,1.3188497414058236e-08,0.484
CC(CC1=C(C(=O)C)C=CC=C1CC(N)C)NCCC2=CC=CC=C2,4.04661379642791E-09,O=C(NC(C([NH3+])C)CCc1ccccc1)c2c(cccc2)CC(C)C,5.726770035455663e-08,0.393
CSC1=CC=C(C(=C(N)(C(=O)C))N)C=C1CC(=O)C2CC3=CC=CC=C3C2,4.04661379642791E-09,Brc1cc(c(SC)cc1)CCNC(=O)C2Cc3c(cccc3)C2,9.898843400829273e-09,0.429
CC(N)(C)C1=CC=CC=C1N(C)CCCCCCC2=CC=CC(C(=C(N))N)=C2,4.04661379642791E-09,O=C(N(CCCCN(C(=O)c1cc(ccc1)CCC)C)C)c2c(cccc2)C(C)(C)C,3.172181029362035e-08,0.382
C(C(C)C)=C(C)C1=CC=CC=C1N2C(=O)CCC(C3=CC=CC(C(=O)N)=C3)=C2,4.04661379642791E-09,O=C(N)c1cc(c2ccc(cc2)C(=O)C(N3C(=O)CCC3=O)C)ccc1,6.666228587545246e-08,0.46
C(=O)(N)N(CC(=O)CCCC1=CC=CC=C1)C=CC2=CC3=CC=CC(N)=C3[NH1]2,4.04661379642791E-09,O=C(Nc1c2NC(C(=O)N)=Cc2ccc1)CCCc3ccccc3,4.6768036128584304e-08,0.412
O=C(CC1=CC=CC=C1)NCCCCC(=N)C=CC2=CN=CC3=C2C(=O)C=C3,4.04661379642791E-09,O=C(NCCCCNC(=O)CCNC(=O)Cc1ccccc1)C=Cc2c(ccnc2)C,1.6306955934488175e-07,0.486
CC1=CC=CC=C1CNC(=O)CCC(N)=C2C=C(C(=O)N)SC3=NC=CC=C32,4.11549244464967E-09,O=C(N)c1ncccc1NCC(=O)NCc2c(cccc2)C,7.704377909721083e-07,0.5
CC(N)(N)CCCC1=CC=CC=C1N2CCCC(C3=CC=CC=C3)C(=O)2,4.11549244464967E-09,O=C1N(c2c(cccc2)C)CCCC1[NH2+]C(CCc3ccccc3)(C)C,4.2263827811601667e-08,0.415
CC(CC1=CC=CC=C(N)1)C(C(=O)N)CCC(=O)NC2=CC=CC(C)=C2,4.11549244464967E-09,O=C(Nc1cc(ccc1)C)Cc2c(N)cccc2,1.488022715946687e-06,0.596
CCC1=CC=CC=C1CCNC(=O)C2=C(C(=O)O)SC3=CC=CC(C(=O)C(N))=C3C2,4.11549244464967E-09,Clc1c(cccc1)C(=O)NCCNC(=O)C(=O)NCCc2c(cccc2)CC,1.2239453674810362e-07,0.409
CN(CC1=CC(C(=O)N)=CC=C1)C(=O)CC(N)C(=O)CC2=CC=CC(N)=N2,4.11549244464967E-09,O=C(N)c1cc(ccc1)CN(C(=O)CC([NH3+])c2ccccc2)C,5.1752274145034865e-08,0.576
CC(N)(C)C1=CC(N)=CC=C1CC(=O)C2=CC3=CC=CC(C(=O)N)=C3C2,4.11549244464967E-09,Fc1c(ccc(N)c1)CC(=O)N2Cc3c(c(ccc3)C(=O)N)CC2,5.726770035455663e-08,0.361
OC(O)(CC1=CC=CC=C1)C(=C(N))CCCC=2C(=O)C3=CC=CC=C3C(C)2,4.11549244464967E-09,O=C(NNC(=O)CCCc1ccccc1)C(O)(Cc2ccccc2)C,2.1726199462367688e-07,0.344
NC1=CC(C(=O)N)=CC2=C1CC(=O)N2CCC=CC3=CC(N)=CC(F)=C3,4.11549244464967E-09,Fc1cc(N)cc(c1)C(=O)NCCN2c3c(cccc3)CC2=O,5.824247135708563e-08,0.38
O=C(NC(=O)CC1=CC=CC=C1)NCCCCC2CC=C(C(=O)(N))CC2,4.11549244464967E-09,O=C(NCCNC(=O)Cc1ccccc1)NCCCCCC2CC2,5.225723265577915e-07,0.554
C(N)C(CC1=CC(C(=O)N)=CC=C1)CCCCC(N)=CC2=CC=CC=C2Cl,4.11549244464967E-09,Clc1c(cccc1)C=C(C(=O)NCc2cc(ccc2)C(=O)N)C,4.0860975120705305e-08,0.484
O=C(C#CC1=CC=CC=C1)NC(=O)CC=CC(=O)CC2=CC=C(C(=O)N)C=C2,4.11549244464967E-09,O=C(NCc1ccc(cc1)C(=O)N)C#Cc2ccccc2,4.3402610144769007e-07,0.558
CC(N)(C)C1=CC=CC=C1NC(=C)CCCC2=CC(C(=O)N)=CN=C(N)2,4.11549244464967E-09,Clc1c(ncc(c1)C(=O)N)C(=O)Nc2c(cccc2)C(C)(C)C,2.798559374393035e-07,0.433
N#CC1=CC=C(C(=O)(O))C=C1CC(=C(C(=O)N))C=CC2=CC(C(=O)(N))=CC=C2,4.11549244464967E-09,[O-]C(=O)Cc1c(C#N)cc(c2cc(ccc2)C(=O)N)cc1,4.196195813603635e-07,0.429
C(=O)(CC=CC1=CC(N)=CC=C1)C(=C(C(=O)C))CCCC2=CC=CC=C2,4.11549244464967E-09,O=C(N(CCCc1ccccc1)C)C=Cc2cc(N)ccc2,1.377439043709943e-07,0.508
CC(N)(C)C1=CC=CC=C1CCCC2=C(C)C=C(C(=C(=N))N)C=C2,4.11549244464967E-09,[NH2+](Cc1c(cccc1)C(C)(C)C)CCCc2c(cc(cc2)C)C,4.2983213321261525e-08,0.379
O=C(CC1=CC=CC=C1)NCCC(=C(CN))CC(=C(=O))CC2=CC=CC=C2,4.11549244464967E-09,O=C(NCCC(=O)NCCNC(=O)CCNC(=O)Cc1ccccc1)Cc2ccccc2,2.0111598492537654e-08,0.511
CN(CC1=CC=CC=C1)C(=O)CC=CC2=CC=CN=C2CC(=C)C(C(=O)N)=C,4.18554349736059E-09,O=C(N(Cc1ccccc1)C)CNC(=O)Cc2ncccc2C,5.052267137144056e-07,0.446
CSC1=CC=CC(C(=O)O)=C1CCNC(=O)C(=O)N2CC3=CC=CC=C3C(=N)2,4.18554349736059E-09,S(c1c(cccc1)CCNC(=O)C(=O)N2Cc3c(c4c(cccc4)C2)cccc3)C,1.535202879529733e-08,0.516
O=C(NC(=O)CC(=C(=O))C=CC1=CC=CC=C1)CCC2=CC3=CC=CC=C3C(=O)2,4.18554349736059E-09,O=C1OC(C(=O)NCCNC(=O)C=Cc2ccccc2)=Cc3c1cccc3,1.0514571415418938e-07,0.368
O=C1N(C2=CC=CC=C2C1)C(=O)C(C)CCC(=O)CC3=CC(C(=O)N)=CC=C3,4.18554349736059E-09,O=C1N(c2c(cccc2)C1)CC(=O)NCC(CNC(=O)Cc3cc(ccc3)C(=O)N)C,1.2121184566672398e-08,0.536
O=C(N)CCCCCCCC1=CC=CC=C1CCNC2=CCNC[CH1]2,4.18554349736059E-09,O=C(NCCc1c(cccc1)CC)CCCCC(=O)N,2.994020218722163e-07,0.444
O=C(N)C1=CC=C(C(=O)O)C=C1CCCC=CC2=CC3=CC=C(C(=O)O)C=C3C2,4.18554349736059E-09,Clc1c(ccc(c1)C(=O)NCC=CCNC(=O)C2=Cc3c(cccc3)C2)C(=O)N,1.1140246738246686e-08,0.324
O=C(NCC1=CC=CC=C1)C(C)CCC=CC=C(N)C2=CC=CC=C2,4.18554349736059E-09,O=C(NCc1ccccc1)C(CC=Cc2ccccc2)C,1.016556387001877e-07,0.5
O=C(CC1=CC=CC=C(N)1)CCC2=CC=CC=C2C3CCCC(C)C3,4.18554349736059E-09,O=C(NC1CC(CCC1)C)CCc2c(N)cccc2,5.685866541802747e-07,0.545
O=C(CC1=CC=C(C(=O)O)C=N1)C(=O)C2=CC=CC=C2CC3=CC(=O)CC=C3,4.18554349736059E-09,[O-]C(=O)c1cnc(cc1)CNC(=O)c2c(cccc2)Cc3ccccc3,3.884351956974374e-08,0.431
C(=O)=C(CC1=CC(C(=O)N)=CC=C1)CC(=C(=N))C2=CC=C(C(=O)O)C=C2,4.25678691041525E-09,O=C(NCCNC(=O)Cc1cc(ccc1)C(=O)N)c2ccc(cc2)C(=O)N,4.0860975120705305e-08,0.404
O=C(CC1=CC(C(=O)N)=CC=C1)CCC=CC=C2C=CC(C(=O)O)=CC2=C,4.25678691041525E-09,O=C(N)c1cc(ccc1)CC(=O)NCC=CCNC(=O)CCC=C,1.016556387001877e-07,0.397
C=CC1=C(C(=O)N)C=CC=C1CC(=O)C2=CC3=CC(C(=O)O)=CC(C(=O)N)=C3S2,4.25678691041525E-09,Brc1c2SC(C(=O)OCc3c(cccc3)C(=O)N)=Cc2ccc1,1.5765683215060107e-07,0.362
CC(CC1=CC=CC=C1N)C(C)CCNC(=O)NC2=CC=CC(N)=C2,4.25678691041525E-09,O=C(Nc1cc(NC(=O)NCCC)ccc1)NCc2c(N)cccc2,5.6309243537968836e-08,0.556
C(C(=O)C)=C(CC1=CC=CC(C(=O)C(N))=C1)N2CCCC(C3=CC=C(C(=O)O)C=C3)=C2,4.25678691041525E-09,[O-]C(=O)c1cc(ccc1)CN(C(=O)c2ccc(cc2)C3=CCCC3)C,1.9305160040558177e-07,0.392
CC1=C(C(=C(N))N)C=CC=C1CCCC(=O)C(=O)CC2=NC3=CC=CC=C3S2,4.25678691041525E-09,S1c2c(N=C1CCCC(=O)Nc3c(c(ccc3)C(=O)N)C)cccc2,5.1752274145034865e-08,0.5
CC(N)(C)C1=CC=CC=C1C(=O)CNC2=CC=CC3=C2C=CC(C(=O)N)=C3,4.25678691041525E-09,FC(F)(F)c1c(cccc1)C(=O)CNC(=O)c2c3c(cc(c2)C(=O)N)cccc3,3.884351956974374e-08,0.492
O=C(CC1=CC=CC=C1)C(=O)CC=C(C=CC(N)=C)C2=CC=CC(C(=O)N)=C2,4.25678691041525E-09,O=C(N)c1cc(ccc1)CNC(=O)C(=C)Cc2ccccc2,1.069354314392057e-07,0.455
C(=O)=C(CC1=CC(C(=O)O)=CC=C1)N2CC=CC(C3=CC=CC(C(=O)(O))=C3)=C2,4.25678691041525E-09,[O-]C(=O)c1cc(c2cc(NC(=O)Cc3cc(ccc3)C(=O)N)ccc2)ccc1,5.483182152299871e-09,0.397
CC(N)(C)C1=CC=CC=C1CCC(=O)CCC(C(=O)N)CC2=CC=CC=C2,4.25678691041525E-09,O=C(N)C([NH2+]Cc1c(cccc1)C(C)(C)C)Cc2ccccc2,1.1440416335501127e-07,0.439
O=C(CC1=CC=C(O)C=C1)NCC2=CC=CC=C2CCC(N)C=C(N),4.25678691041525E-09,O=C(NCc1c(cccc1)C[NH3+])Cc2ccc(O)cc2,3.149523704937078e-07,0.6
O=C(CC1=CC(N)=C(C(=O)N)C1)CCCCC=CC2=CC=C(C(=O)O)C=C2,4.25678691041525E-09,O=C(N)c1ccc(cc1)CC(=O)NCCCCNC(=O)CCC=Cc2ccccc2,5.352905056385263e-08,0.329
NC(CC1=CC=CC=C1)C2CCCN(C3=CC=CC(C(=O)C(C(=O)C))=C3)C2,4.25678691041525E-09,O=C(NC(C1CCCC1)Cc2ccccc2)c3cc(N4CCCC4)ccc3,9.73317210837087e-09,0.508
CC1=CC=CC=C1CC(=C(N))CCC=CC2=CC3=CC(C(=O)C)=CC=C3N2C,4.25678691041525E-09,O=C(NCC=CCNC(=O)Cc1c(cccc1)C)C=CC=2N(c3c(cccc3)C2)C,3.1950013480674694e-09,0.444
O=C(CCC1=CC=CC(N)=C1)NC2CCCC3=CC=C(C(=O)N)N=C32,4.25678691041525E-09,O=C(NC1c2ncccc2CCC1)CCc3cc(N)ccc3,3.819341775176634e-08,0.712
NC1=CC=CC=C1CC2=CC=CC=C2CCC(N)C3=CC(N)=CC=N3,4.25678691041525E-09,O=C(NCc1c(N)cccc1)c2nccc(N)c2,1.463118529005241e-06,0.389
O=C(CCC1=CC(=C(C(=O)O))CC=C1)NC(=O)C(=O)NC(=O)C2=CC=CC=C2,4.32924297934287E-09,O=C(NC(=O)COC(=O)C=C1CCC1)c2ccccc2,1.4386311492271292e-06,0.339
CC(N)(C)C1=CN=CC=C1NC(C)C(=O)NC(=O)C2=CC(N)=CC=C2,4.32924297934287E-09,FC(F)(F)c1c(ccnc1)C(=O)NCC(CNC(=O)c2cc(N)ccc2)C,3.36949708418157e-07,0.478
CC(N)(C)C1=CC=CC=C1NC(=O)C(C)CCCC2=CC=CC(N)=C(N)2,4.32924297934287E-09,O=C(Nc1c(cccc1)C(C)(C)C)C(CCCc2ccccc2)C,1.1248944616653033e-07,0.554
O=C(NCC1=CC=CC=C1)NC(=O)CCCC=CC2=CNCC(C(=O)C)=C2,4.32924297934287E-09,S(CCC(=O)NC(=O)NCc1ccccc1)CCC=Cc2ccccc2,1.5613340361974413e-08,0.469
O=C(CCC1=CC=CC=C1)NC(=O)NCC(=C(N))C=CC2=CC(C(=O)O)=CC=C2C,4.32924297934287E-09,O=C(NCCNC(=O)CCc1ccccc1)C=Cc2c(cc(c(c2)C)C)C,3.7554196316885365e-08,0.455
C(C(=C(=N)))CC1=CC=CC(C(=O)N)=C1CCC(=O)NCC2=CC=CC=C2O,4.32924297934287E-09,O=C(N)c1c(cccc1)CCC(=O)NCc2c(O)cccc2,5.138263317745444e-07,0.623
O=C(C)C1=C(C(=O)O)C=CC2=C1C=CC=C2CC3CC4=CC=CC(C(=O)N)=C4C3,4.32924297934287E-09,[O-]C(=O)c1c2c(c(cc1)C(=O)N3Cc4c(c(ccc4)C(=O)N)CC3)cccc2,2.6795227883814164e-08,0.388
CC1=CC=CC=C1NNC(=O)CCC=C2CC(=O)SC3=CC=CC(N)=C32,4.32924297934287E-09,S1c2c(N(c3c1cccc3)CCC(=O)NNc4c(cccc4)C)cccc2,9.73317210837087e-09,0.453
O=C(C)C1=CC=CC=C1CC2=CC=CC=C2[NH1]CC(C(=O)O)CC3=CC=CC=C3,4.32924297934287E-09,[O-]C(=O)C(CNC(=O)c1c(cccc1)Cc2ccccc2)Cc3ccccc3,1.2967769059876142e-08,0.588
O=C(CCC1=CC=C(C(=O)N)C=C1)NC(=O)CNC(=O)C2=CC(=C)C=C(N)2,4.32924297934287E-09,O=C(NCC(=O)NCCNC(=O)CCc1ccc(cc1)C(=O)N)c2ccc(N)cc2,5.088612586911091e-08,0.519
O=C(N)C1=CCCC=C1NC(=O)CCN2CCCC3=C(C(=O)N)C=CC=C32,4.32924297934287E-09,O=C(N)c1c2c(N(CCC2)CCCC(=O)Nc3c(cccc3)C(=O)C)ccc1,8.361495206493742e-09,0.578
CN(CC1=CC=CC(C(=C)(N))=C1)C(=O)C(=C(C(=O)N))C=CC2=CC=CC=C2F,4.32924297934287E-09,Fc1c(cccc1)C=CC(=O)N(Cc2cc(ccc2)C(=O)N)C,1.8351993794011885e-07,0.627
CSC1=CC=CC=C1CCNC(=O)CC2=CC3=CC=CC(C(=C)C(N))=C3[NH1]2,4.40293234512913E-09,S(c1c(cccc1)CCNC(=O)CC=2NC(=O)NC(=O)C2)C,4.196195813603635e-07,0.571
CC1=CC=CC=C1CCC=CC(=O)CC=CC2=CC=CC(C(=O)N)=C2C#N,4.40293234512913E-09,O=C(OCCc1c(cccc1)C)C=Cc2c(C#N)cccc2,7.575434133745734e-07,0.409
N=C(CC1=CC=CC=C1)CC2=C(C(=O)N)C=C(C3=CC=CC=C(N)3)C(=O)2,4.40293234512913E-09,O=C(N)C=1C(=O)c2c(N(C1)Cc3ccccc3)cccc2,7.8355164770535e-07,0.328
O=C(NCC1=CC=CC=C1)NCCC=2C(C(=O)C)C3=CC=CC=C3C2,4.40293234512913E-09,O=C(NCc1ccccc1)NCCc2ccc(cc2)C(=O)C,1.686681181030728e-07,0.52
CN(C(=O)C1=CC=CC=C1NNCC)C(=O)CC2=CC=CC(C(=C)N)=C2F,4.40293234512913E-09,Fc1c(F)cccc1CC(=O)N(CCN(C(=O)c2c(NC(=O)N)cccc2)C)C,8.732950843165047e-08,0.477
O=C(CCC1=CC(C(=O)N)=CC=C1)C(N)CCC(C(=O)O)=CC2=CC=CC=C2,4.40293234512913E-09,O=C(N)c1cc(ccc1)CCNC(=O)C(=Cc2ccccc2)CC,4.837369201753731e-08,0.5
O=C(C(=O)C1=CC=CC(C(=O)N)=C1)N(C)C=CN2C3=CC=CC=C3CCC(=O)2,4.40293234512913E-09,O=C(N)c1cc(ccc1)CN(C(=O)CN2c3c(cccc3)CCC2=O)C,1.9444039222013203e-08,0.485
C=C(C(=O)C1=CC(C(=C)N)=CC=C1)CCC(=O)C=CC2=CC=CC(N)=N2,4.40293234512913E-09,O=C(N)c1cc(c2nc(N)ccc2)ccc1,1.539110010486632e-06,0.339
CN(CC1=CC(C(=O)O)=CC=C1)C(=C(=C(N)))C=CC=CC2=CC=CC(C)=C2,4.40293234512913E-09,[O-]C(=O)c1cc(ccc1)CN(C(=O)C=Cc2cc(ccc2)C)C,1.2239453674810362e-07,0.655
C(C(=O)O)C(CC1=CC(C(=O)N)=CC=C1)N2CCCC(C3=CC=CC=C3)=C(N)2,4.40293234512913E-09,O=C(N)c1cc(ccc1)CC(=O)N2CCN(C(=O)C3=C(c4ccccc4)CCC3)CC2,8.945490289059996e-09,0.471
O=C(NCC1=CC=CC=C1)NCCC2C(C)CC3=CC=C(C(=O)C)C=C3C=2,4.40293234512913E-09,O=C(NCc1ccccc1)NCCc2ccc(cc2)C(=O)C,1.686681181030728e-07,0.556
O=C(CC1=CC(C(=O)O)=CC=C1)NC(=O)CC=C2C=C(C(=O)C(N))C=CC2=C,4.40293234512913E-09,O=C(N)c1cc(ccc1)CC(=O)NCCNC(=O)CC=CC=C,1.9305160040558177e-07,0.319
C(=O)(N)C1=CC=CC=C1CSC2=CC(C(=O)O)=CC=C(C(=C(=C(=C)))C(N))2,4.40293234512913E-09,Clc1cc(SCC)c(cc1)C(=O)OCc2c(cccc2)C(=O)N,1.5501821972997198e-07,0.353
O=C(CC1=CC=CC=C1)NCCC2C(=O)C(=O)C=C2SC3=CC=CC=C3,4.47787600009615E-09,S(c1ccc(cc1)C(=O)NCCNC(=O)Cc2ccccc2)c3ccccc3,8.648564861970537e-09,0.51
CC(N)(C)C1=CC=CC=C1CC(=O)NC(CC)C2=CC=C(C(=O)N)C=C2C,4.47787600009615E-09,O=C(N)c1cc(c(NCc2c(cccc2)C(C)(C)C)cc1)C,1.377439043709943e-07,0.459
C(N)CCCCC1=CC=CC=C1CC(=O)NC2(C)C3=CC=CC=C3CC2,4.47787600009615E-09,O=C(NC1(c2c(cccc2)CC1)C)Cc3c(cccc3)CC,6.779696498481721e-08,0.7
C(O)#CC1=CC(C(=O)(N))=CC=C1C(=C)CCC2=CC=CC=C2C(=O)N,4.47787600009615E-09,O=C(N)c1c(cccc1)CCC(=O)Nc2c(O)cc(cc2)C(=O)N,9.434050306048823e-07,0.482
CC1=CC=C(C(=O)N)C=C1CC(=O)C2=CC=CC=C2C(C(=C(=N))C(CC)),4.47787600009615E-09,Fc1c(cccc1)CC(=O)c2c(c3c(ccc(c3)C(=O)N)C)cccc2,2.1516260497613893e-08,0.475
C(=O)(N)C(CC1=CC(C(=O)N)=CC=C1)N2CCN(CC3=CC=CC(C(=O)(N))=C3)C(=O)2,4.47787600009615E-09,O=C1N(C(=O)CCN1Cc2cc(ccc2)C(=O)N)Cc3cc(ccc3)C(=O)N,2.9364377013420533e-09,0.577
O=C(CC1=CC=CC=C1)NCCCC2=CC(C(=O)N)=C(C)C(N)=C2C,4.47787600009615E-09,O=C(NCCNC(=O)Cc1ccccc1)c2c(c(ccc2)C(=O)N)C,6.666228587545246e-08,0.547
O=C(CC1=CC=CC=C1)NCC=CC=CCC2=CC=CC(C(=O)C(N))=C2,4.47787600009615E-09,O=C(N)c1cc(ccc1)CC(=O)NCC=CCNC(=O)CCNC(=O)Cc2ccccc2,3.5102517843139754e-08,0.518
O=C(NC1=CC=CC(C(=O)N)=C1)CCCC2C=CC3=CC=C(C)C=C3C2,4.47787600009615E-09,O=C(N)c1cc(NC(=O)CCCc2c(ccc(c2)C)C)ccc1,8.881597064258669e-08,0.548
O=C(NCC1=CC=CC=C1)C(N)CN2CC(=N)C3=CC(C(=O)(O))=CC=C3C2,4.47787600009615E-09,[O-]C(=O)c1cc2c(cc1)C[NH+](C2)CC(=O)NCc3ccccc3,1.400884853987751e-07,0.525
C(=O)=C(CCC1=CC=CC=C1)CCN(C(=O)C)C(=O)CC[NH1]C2=CC=CC=C2,4.47787600009615E-09,O=C(N(CCc1ccccc1)C)CCNc2ccccc2,6.186527048637454e-07,0.56
CCCC1=CC=CC=C1CCC(=C(C(N)))C=CC2=CC3=CC=CC=C3[NH1]2,4.47787600009615E-09,O=C(OCc1c(cccc1)CCC)CCC=2C(=O)Nc3c(cccc3)C2,5.1752274145034865e-08,0.435
O=C(N)NC(=O)CCCC=CC1=CC(C(=O)N)=CC=C1CCC2=CC=C[NH1]2,4.47787600009615E-09,O=C(Nc1c(ccc(c1)C(=O)N)C[NH+](C)C)NCCC=2NC=CC2,1.0514571415418938e-07,0.403
NC=CC(N)=CC1=CC=CC=C1NC(=O)CC2=CC=CC(N)=C2C,4.47787600009615E-09,O=C(Nc1c(c(N)ccc1)C)Cc2c(NC(=O)C)cccc2,1.9305160040558177e-07,0.537
CC1=CC=C(C(=O)C(N))C=C1CCCCNC(=O)CC2=CC3=CC=CC=C3C2,4.47787600009615E-09,O=C(NCCCCNC(=O)CCCc1c(ccc(c1)C)C)CC2=Cc3c(cccc3)C2,1.2121184566672398e-08,0.694
C(=O)(C(N))C(CCC1=CC=CC(C(=O)N)=C1)=C(C)C(=O)SC2=CC=CC=C2,4.47787600009615E-09,S(c1ccccc1)CCC(=O)NCCc2cc(ccc2)C(=O)N,1.2239453674810362e-07,0.459
O=C(NCC1=CC=CC=C1)C(C)CCC(C(=O)C)CC2=CC=CC(C(=O)(N))=C2,4.47787600009615E-09,O=C(N)c1cc(ccc1)CNC(=O)C(CCCc2ccccc2)C,3.7554196316885365e-08,0.66
CC(CC1=CC(C(=O)C)=CC=C1)=CCCC2NCC3=CC=CC=C3C2,4.47787600009615E-09,O=C(NCC1[NH2+]Cc2c(cccc2)C1)c3cc(ccc3)C(=O)C,6.44495812539366e-08,0.552
CC1=C(C(=O)C(N))C=CC=C1CC(=O)N(C)C2=CC3=CC(F)=CC=C3CC2,4.47787600009615E-09,Fc1cc(N(C(=O)Cc2c(c(ccc2)C)C)C)c(cc1)C,9.120908228220764e-07,0.444
CC(N)(C)C1=CC=CC=C1NCCC(=O)C(C)=CC2=CC(C(=O)O)=CC=C2CC,4.55409529388287E-09,[O-]C(=O)c1cc(NC(=O)CCNc2c(cccc2)C)c(cc1)CC,2.2096007732997598e-07,0.463
CC=C1C=C(C(=O)NC(=O)CCC2=CC=CC=C2C(=N)(N))C=C1,4.55409529388287E-09,O=C(N)c1c(cccc1)CCC(=O)NCCNC(=O)C=CC,1.9305160040558177e-07,0.41
CC(CC1=CC(C(=O)N)=CC=C1)C(C)CCCC(=O)CNCC2=CC=CC=C2,4.55409529388287E-09,O=C(N)c1cc(ccc1)CNC(=O)CCCC(c2ccccc2)C,5.003447382254635e-08,0.468
C(C(=O)C(N))=C(CC1=CC=CC(C(=O)N)=C1)C(=C)C=CC2=CC=CC=C2F,4.55409529388287E-09,Fc1c(cccc1)C=CC(=O)NCCNC(=O)Cc2cc(ccc2)C(=O)N,4.2983213321261525e-08,0.556
CCC1=CC=CC=C1CC(=O)NC2=CC=CC=C2C=C(N)C=CS,4.55409529388287E-09,O=C(Nc1c(cccc1)C=C)Cc2c(cccc2)CC,2.572078807222593e-07,0.625
C(C(=O)C(N))=C(CCC1=CC=CC=C1Cl)C(=O)C=CC2=CC(N)=CC=C2,4.55409529388287E-09,Clc1c(cccc1)CCNC(=O)C=Cc2cc(N)ccc2,3.4268503222272783e-07,0.569
CCC1=C(C(=O)(N))C=CC=C1CC(=O)CCCC=C(C(N))C2=CC=CC=C2,4.55409529388287E-09,O=C(N)c1c(cccc1)CC(=O)OCCCC(=O)c2ccccc2,3.4268503222272783e-07,0.359
CCC1=CC=C(C(=O)N)C=C1CCCC=CC2=CC3=CC=CC=C3C(=O)2,4.55409529388287E-09,O=C1OC(C(=O)NCC=CCNC(=O)c2cc(c(cc2)CC)CC)=Cc3c1cccc3,1.8484016003142754e-08,0.414
O=C(CCC(C(O))CC1=CC=CC(C(=O)N)=C1)NC(=O)CCC2=CC=CC=C2,4.55409529388287E-09,O=C(N)c1cc(ccc1)CNC(=O)CCc2ccccc2,2.0307831856022632e-07,0.569
C=C(CCC1=CC=CC(C(=O)N)=C1)CCC=CCC(N)C2=CC=CC=C2,4.55409529388287E-09,O=C(N)c1cc(ccc1)CCNC(=O)CCC([NH3+])c2ccccc2,6.895095781354073e-08,0.533
CCC1=CC=CC=C1CC(=C(=C(C(=O)N)))CNC(=O)C2=CC(C)=CC=C2,4.55409529388287E-09,O=C(NCCNC(=O)Cc1c(cccc1)CC)c2cc(ccc2)C,6.666228587545246e-08,0.593
CC(CC1=CC(C(=O)C)=CC=C1)NCCCC(C2)CC3=CC=CC=C3C2,4.55409529388287E-09,O=C(Nc1cc(ccc1)C(=O)C)C([NH2+]CCC2Cc3c(cccc3)CC2)C,6.82846888359762e-09,0.585
O=C(NC(=O)C=C(N)C1=CC=CC=C1)C(=C)C2=CC(C(=O)N)=CC=C2C,4.55409529388287E-09,O=C(NNC(=O)c1ccccc1)c2c(ccc(c2)C(=O)N)C,3.989014303322279e-07,0.52
O=C(CC=C(N)C1=CC(C(=O)N)=CC=C1)CCC=C(C(N))NC2=CC=CC=C2,4.55409529388287E-09,O=C(Nc1cc(ccc1)C(=O)N)c2cc(ccc2)C(=O)Nc3ccccc3,2.341084275815843e-08,0.453
CC1=C(C(=O)N)C=CC=C1CC(=O)CC(C)C=CC2=CC=CC(C)=C2,4.55409529388287E-09,O=C(N)c1c(cccc1)COC(=O)C=Cc2cc(ccc2)C,2.529031392181985e-07,0.492
CC(N)(N)CCC1=CC=CC=C1CNC(=O)CC2=CC=C(C)C=C2CC,4.55409529388287E-09,O=C(NCc1c(cccc1)CC)Cc2c(cc(cc2)C)C,1.6306955934488175e-07,0.62
CC(N)(C)C1=CC=CC=C1CCC(=C)CC(C(=O)N)NC2=CC=CC=C2,4.55409529388287E-09,O=C(Nc1c(cccc1)CCC(=O)N)C(Nc2ccccc2)C,1.2659662699976492e-07,0.393
CCC1=CC=CC=C1CC=C(C(=C)C(N))C=CNC(=O)NC2=CC=CC=C2C,4.55409529388287E-09,O=C(Nc1c(cccc1)C)NCc2c(cccc2)CC,4.056912532995847e-07,0.482
O=C(CC1=CC=CC=C1)NSC=CC(=O)CC2=CC=CC(C(=O)(N))=C2F,4.55409529388287E-09,Fc1c(cccc1C(=O)N)C(=O)NNC(=O)Cc2ccccc2,3.0968119242070426e-07,0.519
O=C(CCC1=CC=C(N)C=C1)CC(C(=O)C)CCC2=CC=CC(C(=C)N)=C2,4.55409529388287E-09,O=C(N)c1cc(ccc1)CCNC(=O)CCc2ccc(N)cc2,4.2263827811601667e-08,0.458
CCC1=CC=CC=C1C(C)(C(C(=O)N))CCNC(=O)C2=CC(N)=CC=C2,4.55409529388287E-09,FC(F)(c1c(cccc1)CC)C(=O)NCCNC(=O)c2cc(N)ccc2,7.759802350413329e-08,0.632
O=C(C1=CC=CC=C1)NC(=O)CCC(=O)CC(C)C2=NC=C(N)C(C(=O)N)=C2,4.55409529388287E-09,Brc1ncc(N)c(c1)C(=O)OCC(=O)NC(=O)c2ccccc2,3.7920621007542017e-07,0.453
CCC1=CC=CC=C1NC(=O)CCCC2=C(C(=C(N))N)C(N)=CN=C2Cl,4.63161193952685E-09,Clc1ncc(cc1N)C(=O)OCC(=O)Nc2c(cccc2)CC,4.72243623145164e-07,0.485
O=C(NC1=CC=CC=C1C)C=CCC(C(=O)C(N))CC2=CC(C(=O)C)=CC=C2F,4.63161193952685E-09,Fc1c(cc(cc1)C(=O)Nc2c(cccc2)C)CC=C(C)C,1.9305160040558177e-07,0.47
CC1=CC(O)=CC=C1CNC(=O)CC(=C(N))C=CC=C[NH1]C2=CC=CC=C2,4.63161193952685E-09,O=C(Nc1ccccc1)NCC(=O)NCc2c(O)cc(O)cc2,1.9825330037728215e-06,0.406
O=C(NC(=O)CC=CC=CC1=CC(C(=O)O)=CC=C1)C=CC2=CC3=CC=CC=C3C2,4.63161193952685E-09,O=C(NCC=CCNC(=O)CC1=Cc2c(cccc2)C1)C=CC=Cc3ccccc3,1.977500214680861e-08,0.411
CC(N)(C)C1=CC=CC=C1NC(=O)NCCCCC=C(N)C2=CC=CC=C2,4.63161193952685E-09,O=C(Nc1c(cccc1)C(C)(C)C)NCCCCc2ccccc2,2.3639267585660755e-07,0.518
CNC1=CC=CC(C(=O)N)=C1CC=CCCC2=C(N)C3=CC=CC=C3S2,4.63161193952685E-09,ClC=1c2c(SC1CNc3c(c(ccc3)C(=O)N)C)cccc2,1.5242376825949801e-07,0.446
O=C(CC1=CCCC=C1N)C2CCC(C3=CC(C(=O)N)=CC=C3)CC2,4.63161193952685E-09,O=C(NCc1cc(ccc1)C(=O)N)c2cc(ccc2)C3CC3,8.732950843165047e-08,0.482
CC1=CC=C(N)C=C1C(=O)NC=C(CCC2=CC=CC(N)=C2C#N)C(C(=O)C),4.63161193952685E-09,O=C(Nc1c(cccc1)CCC(=O)N)c2c(ccc(N)c2)C,6.231032238480951e-08,0.433
O=C(CSC1=CC=CC(C(=O)N)=C1)C=C(C(C))C(=O)C(N)=CC2=CC=CC=C2,4.63161193952685E-09,O=C(N)c1cc(NC(=O)C(=Cc2ccccc2)CC)ccc1,7.376672572429295e-08,0.492
O=C(CC1=CC(C(=C)N)=CC=C1)CSC=CCNCC2=CC=CC=C2Cl,4.63161193952685E-09,Clc1c(cccc1)C[NH2+]Cc2cc(ccc2)C(=O)N,3.2576542082219587e-07,0.508
O=C(NCCCC(=O)(N))C1=CC=CC=C1C=CC=CC2=CCCC[NH1]2,4.63161193952685E-09,O=C(NCCCC(=O)N)c1c2NCCCc2ccc1,8.242477699578632e-07,0.508
O=C(NC1=CC=CC(C(=O)N)=C1)CCC(=O)CC(C(=O)O)=C2C=C(C(C)C)C=CC2=C,4.63161193952685E-09,O=C(N)c1cc(NC(=O)COC=2C(=O)C=CC=C(C2)C(C)C)ccc1,9.18652303100925e-08,0.44
CC(C)(C)C1=CC=CC=C1CCCCC(C)C(N)(N)C2=CC=CC=C2,4.63161193952685E-09,[NH2+](C(CCCCc1ccccc1)C)Cc2c(cccc2)C(C)(C)C,5.003447382254635e-08,0.49
CC(=C(C(=N)N))C1=CC=CC=C1CC(=O)NC(=C)C2=CC=CC=C2,4.63161193952685E-09,O=C(N)c1c(cccc1)CC(=O)NCC(=O)c2ccccc2,1.0338595034593203e-07,0.434
CCC1=C(C(=O)N)C=CC=C1CCC(=O)C=C2C=CC3=CC(C(=O)C)=CC=C3C2,4.63161193952685E-09,O=C(N)c1c(cccc1)CCC(=O)Nc2cc(ccc2)C(=O)C,7.891884314063093e-08,0.397
CC1=CC=C(CNC(=O)N(C)CCC(=O)CC2=CC(C(=O)N)=CC=C2)C1,4.71044801964992E-09,O=C(NCC(=O)N(CCN(C(=O)Cc1cc(ccc1)C(=O)N)C)C)N,4.371484371119651e-08,0.468
O=C(NC1=CC=CC(C(=C(C(=O)O))O)=C1)CC2SC=CC=2C3C=CC=C3,4.71044801964992E-09,BrC1=C(SC=C1)CC(=O)Nc2cc(ccc2)C([O-])=O,7.201407287863507e-07,0.508
C(N)C1=CC=CC=C1NC(=O)CCC2=CC3=CC(N)=CC=C3C(=C(=O))2,4.71044801964992E-09,Brc1c(SCCC(=O)Nc2c(cccc2)CC)ccc(N)c1,1.4736440415238076e-07,0.377
O=C(CCCC(=O)C1=CC=C(C)C=C1)CCCC(=O)N2C=CC=C(C(=O)N)N2C,4.71044801964992E-09,O=C(N1CCN(C(=O)CCCC(=O)c2ccc(cc2)C)CC1)N,2.615858945450191e-07,0.481
O=C(NCC=CC=CCN(C(=O)N)CC1=CC=CC=C1)CC2=CC=CC=C2,4.71044801964992E-09,O=C(N(Cc1ccccc1)CCC(=O)NCC=CCNC(=O)CCNC(=O)Cc2ccccc2)C,3.226175690629193e-08,0.527
O=C(CC1=CC=CC=C1)NC(=O)NCC(=O)CC=CCC2=CC=CC(=O)C2,4.71044801964992E-09,O=C(NCCNC(=O)CC=CCc1ccccc1)Cc2ccccc2,3.451502703596816e-08,0.421
O=C(CCSC1=CC=CC=C1)NC=CCC(=O)CC2=CC=CC(C(=O)N)=C2Cl,4.71044801964992E-09,S(c1ccccc1)CCC(=O)NCC=CCNC(=O)CCc2c(cccc2)C(=O)N,4.837369201753731e-08,0.516
CC(N)(C)C1=CC=CC=C1NCCCCCNC(=O)CC2=CCCC=C2,4.71044801964992E-09,O=C(NCCCCCCNC(=O)CC1=CCCC1)c2c(cccc2)C(C)(C)C,1.535202879529733e-08,0.418
O=C(CC1=CC=CC(C(=O)O)=C1)CCC2=CC=CC=C2SC=CC3=CCCC=C3,4.71044801964992E-09,S(c1c(cccc1)CCNC(=O)Cc2cc(ccc2)C([O-])=O)CC,9.501917818235031e-08,0.417
O=C(CC1=CC=CC=C1)NCC2=CC=C(N)C=C2CC(=O)C=CC3OCCO3,4.71044801964992E-09,[O-]C(=O)c1c(ccc(N)c1)CNC(=O)CCNC(=O)Cc2ccccc2,1.6034035719839377e-07,0.469
CC(N)(C)C1=CC=CC=C1NCC2CCCCC2C3=CC=CC=C3,4.71044801964992E-09,O=C(c1c(NCC2C(c3ccccc3)CCCC2)cccc1)C,2.421459165701406e-08,0.592
O=C(CC1=CC=CC=C1)NCC2=CC(=O)CC=C2CCCCC(N)=O,4.790625992749E-09,O=C(NCCNC(=O)CCCCC(=O)N)Cc1ccccc1,6.29182981330297e-07,0.529
CC(C)CC1=CC=CC(C(=C)N)=C1NCCCCC=CC2=CC=CC=C2,4.790625992749E-09,N(c1c(cccc1)CC(C)C)CCC=Cc2ccccc2,1.2659662699976492e-07,0.509
CC(N)(C)C1=CC=CC=C1CC(=C(=O))CCC2=CC(C(=O)O)=CC=C2Br,4.790625992749E-09,Brc1c(cc(Cl)cc1)CCC(=O)NCc2c(cccc2)C(C)(C)C,4.445892740524959e-08,0.388
CC(N)(C)C1=CC=CC=C1NC(=C(CC))NCCNC2=CC=CC=C2,4.790625992749E-09,O=C(Nc1c(cccc1)C(C)(C)C)NCCNc2ccccc2,7.502233167218944e-08,0.529
CC(N)(C)C1=CC=CC=C1CC=CCCCC=C(N)C2=CC=CC=C2,4.790625992749E-09,FC(F)(F)c1c(cccc1)CC=NN=C(c2ccccc2)c3ccccc3,1.203460892404676e-07,0.316
O=C(NCC1=CC=CC=C1)C(N)CCC=CC=CC2=CC(N)=CC=N2,4.790625992749E-09,O=C(NCc1ccccc1)C([NH3+])CCc2ncccc2,2.8946404526688966e-07,0.483
O=C(CC1=CC=CCC1)NCCCC2=C(C(=O)O)C=CC3=C2C(=O)CCC3,4.790625992749E-09,O=C(NCCCCNC(=O)CC1=CCCC1)c2c3c(ccc2)CCC3=O,5.726770035455663e-08,0.403
CC(CC1CCC(N)CC1)NC(=O)CC2=CC(C(=O)N)=CC=C2C,4.790625992749E-09,O=C(NC(CC1CC1)C)Cc2c(ccc(c2)C)C,7.8355164770535e-07,0.667
C(=O)=C(CCC1=CC=CC(=O)C1)CCCNC(=O)CNC2=CC=CC=C2,4.790625992749E-09,O=C(N1CCCC1)CCCNC(=O)CNc2ccccc2,1.0264751549738792e-06,0.45
CC(CC1=CC=CC=C1)NCC(=N)C(=C)CCC2=CC(C(=O)N)=CC=C2,4.790625992749E-09,O=C(N)c1cc(ccc1)CC[NH2+]C(Cc2ccc(c3ccccc3)cc2)C,3.846817696553037e-09,0.596
CCC=CC1=CC=CC=C1NC(=O)NCCC2=CC=CC(=C(C(=O)N))2,4.790625992749E-09,Fc1c(c(NC(=O)NCC)ccc1)C(=O)NCCNC(=O)C=CC(=O)N,1.9305160040558177e-07,0.311
CCC1=CC(N)=C(C(=O)N)C=C1CCNC(=O)CC2=CC(N)=CC=C2C,4.790625992749E-09,O=C(NCCNC(=O)Cc1c(ccc(c1)C)C)c2c(cc(N)cc2)CC,1.4736440415238076e-07,0.579
CC(N)(C)C1=CC=CC=C1CCCCCC(C(=O)N)CCC2=CC=CC(O)=C2,4.790625992749E-09,O=C(NCc1c(cccc1)C(C)(C)C)CCCCc2cc(O)ccc2,9.828140844988804e-08,0.462
O=C(CC1=CC=C(C(=O)O)C=C1)NCC2=CC=CC=C2C3CC=CC(F)=C3,4.790625992749E-09,[O-]C(=O)c1ccc(cc1)CC(=O)NCc2c(cccc2)C3CC3,4.2263827811601667e-08,0.636
O=C(NC1=CC=CC=C1)NC(=O)C2=CC=CC=C2[NH1]C3=CC=CC(C)C3,4.790625992749E-09,O=C(NNC(=O)c1c(Nc2ccccc2)cccc1)Nc3ccccc3,5.726770035455663e-08,0.462
CC1=CC=CC=C1CNC(=O)CCC(=C(=C(N)))C2=CSC3=CC=CC=C23,4.790625992749E-09,S1c2c(cccc2)C(C(=O)NCc3c(cccc3)C)=C1,4.6433995114696347e-07,0.611
CC1=CC=CC=C1NC2=NC=C(C(=O)N)C=C2NCC(N)C3=CN=CC=C3,4.790625992749E-09,O=C(Nc1c(ccc(c1)C(=O)N)C)NCC(O)c2cnccc2,2.705667491374261e-07,0.471
O=C(CCC1=CC=C(C(=O)N)C=C1)NCCC(=O)C=C[NH1]C2=CCCC=C2,4.87216869959387E-09,O=C(N)c1ccc(cc1)CCC(=O)NCCNC(=O)C2=CCC2,1.866436868034807e-07,0.508
FC1=CC=CC=C1C(=O)NC(=O)CC=CC2=C(C(=C(N))O)C=CC=C2CCl,4.87216869959387E-09,Clc1c(F)cccc1CC(=O)NCC=CCNC(=O)c2c(F)cccc2,1.80448469478674e-07,0.4
O=C(NCC1=CC=NC=C1)CCCC(C(=O)N)CC2=CC(C(=O)N)=CC=C2,4.87216869959387E-09,O=C(N)c1cc(ccc1)CNC(=O)CCCc2ccncc2,2.529031392181985e-07,0.679
O=C(CC1=CC=CC=C1)NCCC(=C(=O))C(C2=CC=CC(C(=O)N)=C2)C,4.87216869959387E-09,O=C(N)c1cc(ccc1)CC(=O)NCC(CNC(=O)CCNC(=O)Cc2ccccc2)C,3.0668876159758165e-08,0.614
C(N)CC(CCC1=CC=CC=C1C(N)=C)CCCCC2=CC=C(O)C=C2,4.87216869959387E-09,O=C(NC(CCc1ccc(O)cc1)C)c2c(cccc2)CC[NH3+],4.196195813603635e-07,0.433
O=C(CC1=CC(C(=C(N))(C(=C)O))=CC=C1)NC2CCN(C3=CC=CC=C3)C2,4.87216869959387E-09,O=C(N)c1cc(ccc1)CC(=O)NC2CN(c3ccccc3)CC2,8.026214485119952e-08,0.712
C(C(=O)N)CC(CCC1=CC=CC=C1)CCC(=O)CC=C(N)C2=CC=CC=C2,4.87216869959387E-09,O=C(N(Cc1ccccc1)CCC(=O)N)C([NH3+])CCc2ccccc2,1.5242376825949801e-07,0.393
O=C(NC=CC=CC(C(N))=CC1=CC=CC=C1)CCC2=CC3=CC=CC=C3S2,4.87216869959387E-09,S1c2c(cccc2)C=C1CCNC(=O)C=CC=Cc3ccccc3,4.919707539022397e-08,0.492
O=C(C(N)C1=CC=CC=C1)NCCCCCCC2=CC=CC3=C2CC(=O)CC(=O)3,4.87216869959387E-09,O=C(NCCCCCCNC(=O)C(c1ccccc1)c2ccccc2)c3c4c(ccc3)C(=O)CC4,8.945490289059996e-09,0.469
CC(N)(C)C1=CC=CC=C1NC(=O)NCC(C(=O)(O))C2=CC=C(N)C=C2,4.87216869959387E-09,O=C(Nc1c(cccc1)C(C)(C)C)NCC(c2ccccc2)C(=O)N(C)C,3.570000851060834e-08,0.517
CC1=CC(C)=CC=C1CC(C)CC2=CC3=CC(C)=C(N)C=C3C(N)=C2,4.87216869959387E-09,O=C(NC(Cc1c(cc(cc1)C)C)C)c2c(cc(c(N)c2)C)C,6.337092539563196e-08,0.436
NC1=CC(C(=O)N)=CC2=C1CC(=O)N2CCCNC3=CC=CC(Br)=C3,4.87216869959387E-09,Brc1cc(NCCNC(=O)NCCCN2C(=O)CCC2=O)ccc1,2.798559374393035e-07,0.508
C(=N)=C(CC1=CC(C(=O)O)=CC=C1)CC2=CC=CN=C2CCC3CCC(C(=O)(O))CC3,4.87216869959387E-09,[O-]C(=O)c1cc(ccc1)CC(=O)NCc2c(nccc2)N3CCC(C(=O)N)CC3,5.125219501815028e-09,0.412
CC1=CC=CC2=C1CCN2CCCC(=N)C3=CC(C(=N)N)=CC(C)=C3F,4.87216869959387E-09,Fc1c(cc(cc1C)C(=O)CN2c3c(c(ccc3)C)CC2)C,2.615858945450191e-07,0.5
N(NC1=CC=CC=C1)N2NCCC(C3=CC(C(=O)O)=CC=C(C(=O)N)3)=C2,4.87216869959387E-09,Fc1c(ccc(NC(=O)NNc2ccccc2)c1)C(=O)N,2.8461945074632267e-07,0.323
C(C(=O)C)=C(CC1=CC(C(=O)N)=CC=C1)C(=O)SC=CC2=CC=CC=C2Cl,4.87216869959387E-09,Clc1c(cccc1)C=CC(=O)N(CCN(C(=O)Cc2cc(ccc2)C(=O)N)C)C,1.410962664346522e-08,0.523
O=C(CCCCCC1=CC=CC=C1)CCCC(=O)CC2=CC=C(C(=O)N)C(=N)2,4.95509936973409E-09,O=C(N)c1c(NC(=O)CCCCCCc2ccccc2)cccc1,1.1440416335501127e-07,0.418
CN(CC1=CC(C(=O)N)=CC=C1)C(=C)NC(=O)CC2=CC(C(=O)N)=CN=C2CCC,4.95509936973409E-09,O=C(N(Cc1cc(ccc1)C(=O)N)C)C=2OC=NC2CCC,4.6433995114696347e-07,0.522
CC(N)(C)C1=CC=CC=C1NCCCCC(C)C2=CC=C(C(=O)N)C=C2,4.95509936973409E-09,O=C(NC(CCCCNC(=O)CCCC(c1ccccc1)C)C)c2ccc(cc2)C(=O)N,2.9650891805873542e-08,0.469
CCC(=C(=N))C1=CC=C(Cl)C=C1N(C(=O)CCC2=CC(C(=O)N)=CC=C2)C(=O)C,4.95509936973409E-09,Clc1cc(c(cc1)C(=O)NCCc2cc(ccc2)C(=O)N)CC,6.337092539563196e-08,0.449
C(C(=O)N)C1=CCCC=C1CCNC(=O)CC2=CC3=CC=CC=C3S2,4.95509936973409E-09,S1c2c(cccc2)C=C1CC(=O)NCCNC(=O)CCC(=O)N,1.016556387001877e-07,0.635
CC1=CC=CC=C1CC(=N)C(=O)C=CC(=O)CC2=CC(C(=O)N)=CC=C2C#N,4.95509936973409E-09,O=C(NCC=CCNC(=O)Cc1c(cccc1)C)c2cc(c(C#N)cc2)C,5.6309243537968836e-08,0.433
O=C(CCC1=CC(C(=O)C(C(=O)N))=CC(=O)C1)NC(=O)NC(=O)C2=CC=CC=C2,4.95509936973409E-09,O=C(NC(=O)C[NH+]1CC[NH+](CC(=O)N)CC1)c2ccccc2,5.49713699241593e-07,0.373
CC(N)(C)C1=CC=CC=C1NCC=CC(=C)C2=CC=CC(C(=O)N)=C2,4.95509936973409E-09,O=C(N)c1cc(ccc1)CNc2c(cccc2)C(C)(C)C,1.5765683215060107e-07,0.5
O=C(CC1=CC=CC=C1)NCCCC(=O)C=CC2=CC=CC3=C2CCC(=N)C3,4.95509936973409E-09,O=C(NCCCCNC(=O)CCNC(=O)Cc1ccccc1)C=Cc2c3c(ccc2)cccc3,1.977500214680861e-08,0.463
O=C(NCC1=CC=CC=C1)NCCC(C(C(O)))CC=CC2=CC(C(=O)C)=CC=C2,4.95509936973409E-09,O=C(NCc1cc(ccc1)C(=O)C)NCc2ccccc2,1.6306955934488175e-07,0.527
O=C(CCCCC1=CC=CC=C1)N(C(=O)C(N))CCCC(N)C2CCCCC2,4.95509936973409E-09,O=C(N(CCN(C(=O)CCCCc1ccccc1)C)C)C(C2CCCCC2)C3CCCCC3,1.8616987965412166e-09,0.533
O=C(C(=O)CSC1=CC=CC=C1)CC2CCC3=CC=C(C(=O)N)C=C3C2,4.95509936973409E-09,S(c1ccccc1)CC(=O)N2CCN(C(=O)CC3Cc4c(cccc4)CC3)CC2,2.3980607507452514e-09,0.517
CC(N)(C)C1=CC=CC=C1NCC(C)CC2=CC=C(C(=O)N)C=C2Br,4.95509936973409E-09,Fc1c(ccc(c1)C(=O)N)CNc2c(cccc2)C(C)(C)C,2.615858945450191e-07,0.483
O=C(CC1=CC=CC=C1)NCC2=CC=CC=C2C3C(C)CCCC3,4.95509936973409E-09,O=C(NCCNC(=O)CC1C(CCCC1)C)Cc2ccccc2,1.8351993794011885e-07,0.549
C(N)CC(CCC1=CC=CC(C(=O)N)=C1F)CCCCC=CC2=CC=CC=C2,4.95509936973409E-09,Fc1c(cccc1C(=O)N)C(=O)NC(CCCCNC(=O)CCC=Cc2ccccc2)C,3.5102517843139754e-08,0.466
O=C(CCC1=CC=CC(N)=C1)C=C2C(=N)CC3=CC=CC=C3S2,4.95509936973409E-09,S1c2c(N(C(=O)CCc3cc(N)ccc3)Cc4c1cccc4)cccc2,3.570000851060834e-08,0.508
O=C(NC(N)C1=CC=CC=C1)NCC(C)CC2=CC=CC(C(=O)N)=C2,4.95509936973409E-09,O=C(NC(c1ccccc1)C)NCc2cc(ccc2)C(=O)N,7.012459310633414e-08,0.593
C=C(CC1=CC(C(=C(C(C(=O)O)))O)=CC=C1)N2CCCC(C3=CC=CC=C3)=C2,4.95509936973409E-09,[O-]C(=O)Cc1cc(ccc1)C(=O)N2CC=C(c3ccccc3)CC2,9.995428629292189e-08,0.435
CC(N)(C)C1=CC=CC=C1CCCCC(=O)C(N)=CCC2=CC=CC=C2,4.95509936973409E-09,O=C(NCc1c(cccc1)C(C)(C)C)CCCCc2ccccc2,4.919707539022397e-08,0.414
CSC1=CC=C(C(=O)N)C=C1NC(=O)C2CCC3=CC=C(C(=O)C(N))C=C3C2,4.95509936973409E-09,O=C(N)c1cc(NC(=O)C2Cc3c(cccc3)CC2)c(cc1)C,3.819341775176634e-08,0.548
C(N)CC1=CC=CC=C1CCC(=C(=O))CC=CC2=CC3=CC=CC=C3S2,4.95509936973409E-09,S1c2c(cccc2)C=C1CNC(=O)CCc3c(cccc3)C[NH3+],1.410962664346522e-08,0.403
CN(C(=O)C1=CC=CC=C1)CCCC(=O)NC=CC2=C(C(=C(N))N)C=CC=C2Cl,5.0394416281164E-09,Clc1c(c(Cl)ccc1)C=CC(=O)N(CCCCN(C(=O)c2ccccc2)C)C,3.01555886830405e-08,0.516
C=C(CC1=CC(N)=CC=C1N)C(=C)C=CC2=CC(C(=O)N)=CC=C2F,5.0394416281164E-09,Fc1c(cc(cc1)C(=O)N)C(=O)NCc2c(F)ccc(N)c2,4.3402610144769007e-07,0.424
O=C(CC1=CC=CC=C1)NSC(=O)CC=CC=CC2=CC=CC=C(C(C(=O)N))2,5.0394416281164E-09,O=C(Nc1c(cccc1)CC(=O)N)CC=CCc2ccccc2,6.666228587545246e-08,0.431
O=C(CCC1=CC(N)=CC=C1N)CC=CC=C(C)C2=CC(N)=CC=C2,5.0394416281164E-09,O=C(NCC=CCNC(=O)CCc1c(cccc1)C)c2cc(N)ccc2,1.8484016003142754e-08,0.385
CC(C(C)C1=CC(C(=O)N)=CC=C1)NC(=O)C(=O)NC(=O)C2=CC=CC=C2,5.0394416281164E-09,O=C(NCCNC(=O)C(=O)NC(C(c1ccccc1)C)C)c2ccccc2,1.6306955934488175e-07,0.551
C(C(=O)C)C1=CC=CC(Cl)=C1CC(=O)NCCCC2=CCCCC(=N)2,5.0394416281164E-09,Clc1c(c(Cl)ccc1)CC(=O)NCCCCNC(=O)CC2=CCCC2,2.7715170626955952e-08,0.542
CC1=CC=CC(C(=O)O)=C1CC(=O)NCC2=CC3=CC(Cl)=CC=C3C(=C(=N))2,5.0394416281164E-09,Clc1cc(c(cc1)C)CNC(=O)Cc2c(cccc2C)C,3.856607946889424e-07,0.468
CC(C)C1=CC=CC=C1NCC(=N)CC=CC2=CC(C(=O)N)=C(C)C=C2Cl,5.0394416281164E-09,O=C(N)c1c(cc(NCC(=O)Nc2c(cccc2)C(C)C)cc1)C,1.5501821972997198e-07,0.463
C(N)=C(CCC1=CC=CC(C(=O)N)=C1)CCCCCC(N)C2=CC=CC=C2,5.0394416281164E-09,O=C(N)c1cc(ccc1)CCNC(=O)CCC([NH3+])c2ccccc2,6.895095781354073e-08,0.586
C(C(=O)N)(CC1=CC(C(=O)N)=CC=C1)C(C)CC(=O)NC2=CC=CC=C2Cl,5.0394416281164E-09,Clc1c(NC(=O)Cc2cc(ccc2)C(=O)N)cccc1,4.3402610144769007e-07,0.635
CC(N)(C)C1=CC=CC=C1CCCCC2=CC=C(C(NC(=O)(N)))C=C2Br,5.0394416281164E-09,Brc1c(Br)ccc(c1)CNC(=O)C(=O)NCc2c(cccc2)C(C)(C)C,2.634677144749383e-08,0.491
CC(N)(C)C1=CC=CC=C1NCC(=O)NCCC2=CCCC(N)=C2,5.0394416281164E-09,O=C(NCCC1=CCCCC1)CNc2c(cccc2)C(C)(C)C,6.666228587545246e-08,0.525
O=C(CCC1=CC(C(=O)N)=CC=C1)C(=C(CN))CCC=CC2=CC=CC=C2,5.0394416281164E-09,O=C(N)c1cc(ccc1)CCNC(=O)CCC=Cc2ccccc2,9.342889642716196e-08,0.614
CC(N)(C)C1=CC=CC=C1NCC=CCC=C(C(N))C2=CC=CC=C2,5.0394416281164E-09,O=C(NCC=CCNC(=O)c1ccccc1)c2c(cccc2)C(C)(C)C,7.759802350413329e-08,0.351
CCC1=CC=CC=C1NC(=O)CC2=C(C(=O)N)C(=O)NC3=C(C)C(=O)C=C23,5.0394416281164E-09,O=C(N)c1c(NCC(=O)Nc2c(cccc2)CC)cccc1,9.828140844988804e-08,0.426
C(C(=O)N)CCC1=CC=C(C(=O)N)C=C1C(=O)CCC=CC2=CC3=CC=CC=C3C2,5.0394416281164E-09,Fc1c(cc(cc1)C(=O)N)C(=O)NCC=CCNC(=O)C2=Cc3c(cccc3)C2,6.491322439757576e-09,0.411
C(=O)(N)CCC(=O)C1=CC=CC=C1C(C)CCC=CNC2=CC=CC=C2C,5.12521950181503E-09,O=C(NC(c1c(cccc1)C)c2c(cccc2)C)CCC(=O)N,2.8946404526688966e-07,0.404
CC(N)(C)C1CCCC=1NC(=O)CCC2=CC=C(C(C(N)))C=C2Br,5.12521950181503E-09,Brc1c(ccc(Br)c1)CCC(=O)NC=2N(N=C3C2CCC3)C,7.891884314063093e-08,0.406
CC1=CC=CC=C1NCCCC2=CC=CC=C2C(N)=CC3=CCCC(=N)3,5.12521950181503E-09,N(c1c(cccc1)C)CCCc2c3c(ccc2)cccc3,8.732950843165047e-08,0.431
O=C(C1=C(N)CCC=C1)NC2=CC=CC=C2NCCC3=CC=CC(C)=C3,5.12521950181503E-09,O=C(Nc1c(NCCCc2cc(ccc2)C)cccc1)c3ccccc3,2.1882495333063525e-08,0.542
CC1=CC=C(C(=O)N)C=C1CC(=C(CO))NCCC2=CCC3=CC=CC=C3C2,5.12521950181503E-09,O=C(NCCNC(=O)C=1c2c(cccc2)CC1)c3c(ccc(c3)C(=O)N)C,3.01555886830405e-08,0.417
CC1=CC(C(=O)O)=CC=C1C2=CC=C(C(=O)O)C=C2CCC3=CC(=N)CC(N)=C3,5.12521950181503E-09,[O-]C(=O)c1cc(c(c2nc3c(c(c2)CCC([O-])=O)cccc3)cc1)C,2.572078807222593e-07,0.358
O=C(NC(=O)CCC(N)C=CC1=CC=CC=C1)C2=CC=CC3=CC=C(N)C=C32,5.12521950181503E-09,Brc1cc2c(cc1)cccc2C(=O)NCCNC(=O)CCC=Cc3ccccc3,1.3188497414058236e-08,0.429
CC(CC1=C(C(=O)N)C=CC=C1C(=O)CCC)CNC(=O)C2=CC=CC=C2C,5.12521950181503E-09,O=C(NCC(CNC(=O)c1c(cccc1)C)C)c2c(cccc2)C(=O)N,4.837369201753731e-08,0.633
NC1=CC(C(=O)O)=CC=C1CC(=O)CCCC=CC2=CC3=CC=CC=C3C2,5.12521950181503E-09,O=C(NCC=CCNC(=O)CC1=Cc2c(cccc2)C1)c3cc(N)c(cc3)CC,1.1522717422507956e-08,0.413
CC(CCCCC1=CC=CC=C1)CN(C)C(=O)NC(=O)C2=CC(C(N))=CS2,5.12521950181503E-09,S1C(C(=O)NCC(CN(C(=O)CCCCc2ccccc2)C)C)=CC(=C1)COC,9.342889642716196e-08,0.521
CC(N)(C)C1=CC=CC=C1NC(=O)CC2=CC=CC3=C2C(=O)CC(C(=O)N)=C3,5.12521950181503E-09,O=C(N)c1c(cccc1)CC(=O)Nc2c(cccc2)C(C)(C)C,3.33693783557396e-08,0.483
O=C(NC(=O)CCC(C(=O)O)=CC1=CC=CC=C1)C=CC2=CC3=CC=CC(C(=O)N)=C3C2,5.12521950181503E-09,O=C(NCCNC(=O)C=CC1=Cc2c(OC1)cccc2)C(=Cc3ccccc3)CC,4.0860975120705305e-08,0.372
O=C(CC1=CC=CC=C1)C(=C(C(=O)N))N2CCC(C3=CC=CC(N)=C3)=C(N)2,5.12521950181503E-09,O=C(N1CCN(C(=O)Cc2ccccc2)CC1)c3cc(c4cc(N)ccc4)ccc3,1.6542420719645713e-09,0.435
O=C(C1=CC=CC=C1)NCC(=O)C(C(C(=O)C)(=C(=O)))CCC2=CC=CC=C2,5.12521950181503E-09,O=C(NCC(=O)NC(CCc1ccccc1)C)c2ccccc2,1.1635147152901843e-07,0.52
O=C(NCC1=CC=CC=C1)C(=O)CC=CC(=O)C=C(C(=O)N)C2=CC=CC=C2,5.12521950181503E-09,O=C(NCc1ccccc1)C(c2ccccc2)=Cc3ccccc3,8.732950843165047e-08,0.49
CN(CC1=CC=CC(N)=C1)C(=O)SC=CC2=CC=C(N)C=C2NC3=CC=CN=C3,5.12521950181503E-09,O=C(N(Cc1cc(N)ccc1)C)c2ccc(Nc3cnccc3)cc2,4.837369201753731e-08,0.576
CC1=CC=CC=C1CCC2=CC=CC=C2C=CC=CC(C(=O)O)=C(N)CF,5.21245742687632E-09,O=C(NCCc1c(cccc1)C)C=CC=Cc2ccccc2,2.7517214833583634e-07,0.407
CC(N)(C)C1=CC=CC=C1NCCC(=O)C(=N)C=CCCC2=CC=CC=C2,5.21245742687632E-09,O=C(NCCc1ccccc1)CNc2c(cccc2)C(C)(C)C,1.4736440415238076e-07,0.424
O=C(CC1=CC=CC=C1)NCCC=CC=CC2=CC(C(=O)N)=CC=C2Cl,5.21245742687632E-09,Clc1c(NC(=O)CCNC(=O)Cc2ccccc2)cc(cc1)C(=O)N,3.0668876159758165e-08,0.569
O=C(CC1=CC=CC=C1)NCC=CCC(C(=O)N)CC2=CC(C(=O)(N))=CC=C2F,5.21245742687632E-09,Fc1c(cc(cc1)C(=O)N)C(=O)NCC=CCNC(=O)CCNC(=O)Cc2ccccc2,2.3019028844124833e-08,0.578
CN(CC1=CC=CC=C(C(C(N)))1)C(=O)NC(=O)C2=CC=CC(N)=C2,5.21245742687632E-09,O=C(OC(C)(C)C)N(Cc1c(cccc1)CNC(=O)c2cc(N)ccc2)C,9.032773438039763e-08,0.517
CC(N)CCC1=CC=CC=C1CCCCCC=C(N)C2=CC=CC=C2,5.21245742687632E-09,O=C(Nc1c(cccc1)CCC(C)C)c2ccccc2,2.3243630655657437e-07,0.333
CC(CC1=CC(N)=CC=C1C)(C)CC=CC=C(N)C2=C(C)C=CC=C2,5.21245742687632E-09,O=C(NCc1c(ccc(N)c1)C)c2c(cccc2)C,8.104528054528737e-07,0.436
NC1=C(C(N))C=CC=C1CC(=O)CCC(=O)NC2CCC3=CC=CC=C3C2,5.21245742687632E-09,O=C(NC1Cc2c(cccc2)CC1)CCc3c(cccc3)C[NH3+],9.342889642716196e-08,0.66
C(=O)(C(N)(N)C1=CC=CC=C1)NCC(=C(=O))CCC2=CC=CC(C)=C2,5.21245742687632E-09,O=C(NCCNC(=O)CCc1cc(ccc1)C)C(c2ccccc2)(C)C,8.162831131008149e-08,0.526
NC(C)C1=CC=CC=C1NC(=O)CCC(C(=O)C)CCC2=CC=CC=C2,5.21245742687632E-09,O=C(Nc1c(cccc1)C(C)C)C([NH3+])CCc2ccccc2,1.7445888845670106e-07,0.538
CC(CC1=CC(C(=O)N)=CC=C1)C(C(N))CCCCC2=CC=CC=C2C,5.21245742687632E-09,O=C(N)c1cc(ccc1)C[NH2+]CCCc2c(cccc2)C,1.774284064318968e-07,0.561
CC=CC(N)=C(CC(=O)NC(=O)CCC1=CC=CC=C1)CCCC(=O)N,5.21245742687632E-09,O=C(NNC(=O)CCCCC(=O)N)CCc1ccccc1,1.0797882435473248e-06,0.51
O=C(CCC1=CC(N)=CC=C1)NCCC(C(=O)C)CCC2=CC=NC(N)=C2,5.21245742687632E-09,O=C(NCCc1cc(ncc1)C)CCc2cc(N)ccc2,3.485179787238657e-07,0.614
CCC1=CC(C)=C(C(=O)N)C=C1C(=O)C(C)NCCC2=CC=C(C)C=C2,5.21245742687632E-09,O=C(N)c1c(O)ccc(c1)C([NH2+]CCc2ccc(cc2)C)C,1.866436868034807e-07,0.5
O=C(OC1=CC(C(=O)O)=C(C(=O)(O))C=C1)NC2CCC(C3=CC(=O)CC=C(N)3)CC2,5.21245742687632E-09,O=C(NC1CCC(NC(=O)C2=CCC2)CC1)c3c(N)cc(OC)cc3,5.49713699241593e-07,0.329
O=C(NCC1=CC=CC=C1)NC(=O)CC=C2C(C(=O)C(N))=CC=CC2=C,5.21245742687632E-09,S(CC(=O)NC(=O)NCc1ccccc1)CC(=O)c2ccccc2,9.18652303100925e-08,0.4
O=C(CC1=CC=CC=C1)NCCCC=C2C(C(=O)C)=CC=CN2(C(=O)O),5.30118025528009E-09,O=C(NCCC(=O)NCCCCNC(=O)C)Cc1ccccc1,3.36949708418157e-07,0.431
C(=O)(N)CCCC1=CC=CC=C1C(C)CCCCC(N)C2=CC=CC=C2,5.30118025528009E-09,O=C(Nc1c(cccc1)CCC(=O)N)CCCC(c2ccccc2)C,3.819341775176634e-08,0.474
NC1=CC=CC=C1CCCC(=O)C=CC2=CC3=C(C(=O)O)C=CC=C3C(=C)2,5.30118025528009E-09,O=C(N1Cc2c(c3c(cccc3)C1)cccc2)CCCc4c(N)cccc4,1.977500214680861e-08,0.375
CCC1=CC=CC=C1NC(=O)CC(C(=O)N)CC2=CC(C(C(=O)(N)))=CC=C2Cl,5.30118025528009E-09,Clc1c(cccc1)CC(C(=O)N)C[NH2+]C(CC(=O)Nc2c(cccc2)CC)C,3.819341775176634e-08,0.607
CC1=CC=CC=C1CNCCCC(N)CCCC2=CC=CC(C(=O)N)=C2C#N,5.30118025528009E-09,O=C(N)c1c(OCCCC([NH2+]Cc2c(cccc2)C)C)cccc1,5.6309243537968836e-08,0.412
O=C(NC(=O)C(=O)NC(=O)C1=CC(N)=CC=C1)CCCC2=CC=CC(=O)C2,5.30118025528009E-09,O=C(NCCNC(=O)CCCc1ccccc1)c2cc(N)ccc2,5.923383423429206e-08,0.435
CCC1=CC=CC=C1CNC(=O)CCC(N)=CC2=N[NH1]C3=CC=CC=C3C(=N)2,5.30118025528009E-09,O=C(NCc1c(cccc1)CC)c2nnc3c(c2N)cccc3,8.732950843165047e-08,0.589
C(=O)=C(CC1=CC=CC=C1)NCC2=CC=CC=C2CC(=O)CCC(N)=C,5.30118025528009E-09,[O-]C(=O)Cc1c(cccc1)CNC(=O)C(=C)Cc2ccccc2,1.4489805022498712e-07,0.453
NC(C(=O)N)CC1=CC=CC=C1C(=O)CCCC2=CC3=CC=CC=C3C2,5.30118025528009E-09,O=C(N)c1c(cccc1)CCC(=O)NCCCCNC(=O)CC2=Cc3c(cccc3)C2,1.0953798786632843e-08,0.462
CN(C(=O)C1=CC=CC=C1)NCC=CC2=C(C(=C)N)C=CC=C2Br,5.30118025528009E-09,Brc1c(N)c(ccc1)C(=O)NCC=CCNC(=O)CN(C(=O)c2ccccc2)C,4.7564089142431674e-08,0.439
O=C(NCC(=N)CC(C(=O)C)CCC1=CC=CC=C1)CCC2=CC=CC=C2,5.30118025528009E-09,O=C(NCCNC(=O)CNC(=O)CCc1ccccc1)C(CCc2ccccc2)CC,3.226175690629193e-08,0.56
O=C(CC1=CC=CC=C1)NC(=O)CCC=CCC2=CC=CC3=C2CC(=C)CC(=O)3,5.30118025528009E-09,O=C(OCC(=O)NC(=O)Cc1ccccc1)c2c3c(ccc2)C(=O)CC3,3.884351956974374e-08,0.424
CC(CCC1=CC(C(=O)N)=CC=C1)NCC=CCC(=O)CC2=CC=CC=C2F,5.30118025528009E-09,Fc1c(cccc1)CC(=O)C[NH+](Cc2cc(ccc2)C(=O)N)C,2.3639267585660755e-07,0.516
CC1=CC=C(C(=O)N)C=C1C2=CC=CC=C2C(=O)CC(C)C(C(=O)(N))=C,5.30118025528009E-09,O=C(N)c1cc(c2c(cccc2)C(=O)C(C)C)c(cc1)C,1.7153906960907087e-07,0.604
O=C(CC1=CC=CCC1)NCCCCN2CC3=CC=CC(C(=O)N)=C3C2,5.30118025528009E-09,O=C(NCCCCNC(=O)C[NH+]1Cc2c(cccc2)C1)c3c(cccc3)C(=O)N,6.024207140153831e-08,0.446
O=C(NCC1=CC=CCC1)NCCC(=O)C=CC2=CC(C(=O)N)=CC=C2,5.30118025528009E-09,O=C(NCC1=CCCCC1)NCCc2cc(ccc2)C(=O)N,4.0860975120705305e-08,0.441
C(=O)=C(CC1=CC=CC(C(=O)N)=C1C)C(=N)CCC2=CC=CC=C2CC,5.30118025528009E-09,O=C(N)c1c(c(NCCc2c(cccc2)CC)ccc1)C,2.798559374393035e-07,0.509
CC(N)(C)C1=CC=CC=C1C(C)NC(=O)CCC2=CC(N)=CC(N)=C2,5.30118025528009E-09,FC(F)(F)c1c(cccc1)C(NC(=O)CCc2cc(N)ccc2)C,3.666193129637751e-07,0.648
O=C(CCC1=CC=CC(C(=O)N)=C1F)CCCC(N)=CC2=CC=CC(N)=C2,5.30118025528009E-09,Fc1c(c2cc(N)ccc2)cccc1C(=O)N,1.8220914554401322e-06,0.418
CCC1=CC=CC=C1CCCNC2=NC=C(N)C=C2C=CC3CCCCC3,5.39141326201917E-09,O=C(NCCc1c(cccc1)CC)C=CC2CCCCC2,9.501917818235031e-08,0.438
CC1=C(C(=O)O)C=CC=C1CC(=N)C(=O)CN(CCN2NCCC3=CC=CC=C3)C2,5.39141326201917E-09,O=C(NCCc1ccccc1)CNC(=O)Cc2c(c(ccc2)C)C,9.342889642716196e-08,0.357
CC(C1=CC=CC=C1)NC(=O)CCC2=C(C(=O)N)C=CC3=C2CCS3,5.39141326201917E-09,O=C(N)c1c(NC(=O)CCC(=O)NC(c2ccccc2)C)cccc1,1.106067745068516e-07,0.5
O=C(C(N)(N)C1=CC=CC=C1)NC(=C)CCC2=CC=CC(=C2)CC#C,5.39141326201917E-09,O=C(NCCc1cc(C#C)ccc1)C([NH3+])(c2ccccc2)C,1.377439043709943e-07,0.419
O=C(NCCC(C(=O)C(N))CCC1=CC=CC=C1C(C))CC2=CC=CC=C(N)2,5.39141326201917E-09,O=C(NCCc1c(cccc1)CC)Cc2c(N)cccc2,1.5242376825949801e-07,0.667
C=C(C)C1=CC=CC=C1NC(=C)C=CC2=C(C(=O)N(C(=O)(N)))C=CC=C2F,5.39141326201917E-09,Fc1c(c(F)ccc1)C=CC(=O)Nc2c(cccc2)C(=O)C,1.76161122840727e-06,0.509
O=C(CC1=CC=CC=C1)NCCCC(C(=O)C)CC2=CC=CC(C(=O)N)=C(O)2,5.39141326201917E-09,O=C(NC(CCCNC(=O)CCNC(=O)Cc1ccccc1)C)c2c(O)c(ccc2)CC,5.444018486747391e-08,0.537
CCC=CC=CC1=CC=CC=C1NCCC2CCCC3=CC=CC=C23,5.39141326201917E-09,FC(F)(F)C=Cc1c(NCCC2c3c(cccc3)CC2)cccc1,9.995428629292189e-08,0.579
O=C(CC1=CC=C(C(=O)C)C=C1)NCC2=CC(=C)C(=O)C(N)=C2CCC(C)=O,5.39141326201917E-09,O=C(NCCCCNC(=O)CCCC(=O)C)Cc1ccc(cc1)C(=O)C,1.106067745068516e-07,0.448
NC1=CC(C)=CC=C1C(C)CCC(=O)CCC2=C(C(C(C(=O)N)))C=CC=C2,5.39141326201917E-09,O=C(N)CCc1c(OCc2c(ccc(c2)C)C(C)C)cccc1,5.6309243537968836e-08,0.518
CC1=CC=CC=C1CC(=O)CNC=C2C=CC3=CC=CC(C(=O)C)=C3C2,5.39141326201917E-09,O=C(NCC=CCNC(=O)Cc1c(cccc1)C)c2c(cccc2)C(=O)C,7.131820520357163e-08,0.443
C(C(C(=O)N))CC1=CCC(=O)C=C1NC(=O)C2CC3=CC=CC=C3C2,5.39141326201917E-09,O=C(Nc1c(cccc1)CCC(=O)N)C2Cc3c(cccc3)C2,5.6309243537968836e-08,0.509
C(=O)(CC1=CC=CC(N)=C1)NCCCC(C)=CC2=CCCC(N)=C2,5.39141326201917E-09,O=C(N(C)C)CCCNC(=O)Cc1cc(N)ccc1,2.26913760312036e-06,0.542
CC(C)CCCCC(=O)NCCCC1=CC=CC2=C1NC(=N)NC(=C)2,5.39141326201917E-09,O=C(NCCCc1c(N)cccc1)CCCCC(C)C,1.0439471018076073e-06,0.586
O=C(NCC1=CC=CC=C1)C(=O)CC(O)(C)CCC=CC2=CC=C(C(N))C=C2,5.39141326201917E-09,Fc1ccc(cc1)CNC(=O)C(=O)NCC(O)(CNC(=O)CCC=Cc2ccccc2)C,9.501917818235031e-08,0.5
C(N)=C(CC(=N)C=CC1=CC=CC=C1)C(=O)CC2=CC(C(=O)N)=CC=C2,5.39141326201917E-09,O=C(N)c1cc(ccc1)CC(=O)NCCNC(=O)C=Cc2ccccc2,6.554659724274868e-08,0.534
CC(N)(C)C1=CC=CC=C1C=CCCCC=CC2=CC=CN=C(N)2,5.39141326201917E-09,O(N=Cc1c(nccc1)N)C(C)(C)C,3.494049659760815e-05,0.4
O=C(CCC(=O)NCC1=CC=CC=C1)C(=N)CC=CC2=CC=C3C=CSC3=C2,5.39141326201917E-09,S1c2c(ccc(NCC(=O)NCc3ccccc3)c2)C=C1,1.7153906960907087e-07,0.534
C=CC1=CC=CC=C1CCC(=O)C=CC2=CC3=CC(N)=CC=C3C2=O,5.39141326201917E-09,O=C(Nc1c(cccc1)C=C)c2cc3c(c4c(cccc4)C3=O)cc2,1.977500214680861e-08,0.299
O=C(CCC1=CC=C(N)C=C1)C(N)CC(C)=CC2=CC=CC=C2C(=O)(N),5.39141326201917E-09,O=C(N(CC(=Cc1ccccc1)C)C)CCc2ccc(N)cc2,1.0338595034593203e-07,0.41
CC(N)(C)C1=CC=CC=C1NCC(=O)NC=CCCCC2=CC=CN=C(N)2,5.39141326201917E-09,O=C(NCc1c(cccc1)C(C)(C)C)Cc2c(nccc2)N,8.881597064258669e-08,0.484
CC(=C(C(N)N))C1=CC=CC=C1CCCC(=O)NC2=CC3=CC=CC=C3C2,5.39141326201917E-09,Brc1c(cccc1)CCCC(=O)NCC(CNC(=O)C2=Cc3c(cccc3)C2)C,7.684819844846174e-09,0.417
O=C(CCC1=CC=CC=C1)NCN2CC(=O)C3=CC=CC(C(=O)C(O))=C3S2,5.39141326201917E-09,O=C(NCCNC(=O)CCc1ccccc1)c2c3c(ccc2)C(=O)CC3,7.012459310633414e-08,0.446
CC1=CC=CC=C1NC(=O)CC2C(C(=O)(C(=O)O))=CC3=CC(C)=CC=C3C2,5.48318215229987E-09,O=C(Nc1c(cccc1)C)C[NH+]2C(Cc3c(ccc(c3)C)C2)C,3.570000851060834e-08,0.462
C=CC1=C(C(=O)N)C=CC=C1CC(=C)C2=CC3=C(C(=O)N)C=CC=C3[NH1]2,5.48318215229987E-09,Fc1c(c2c3c(NC(C(=O)N)=C3)ccc2)cccc1C(=O)N,2.994020218722163e-07,0.429
CC(CC1=CC(C(=O)N)=CC=C1)C(C)CC(=O)N2CCC3=CC=CC=C32,5.48318215229987E-09,O=C(N)c1cc(ccc1)CC(=O)N2c3c(cccc3)CC2,9.501917818235031e-08,0.692
O=C(CC1=CC=CC(C(=O)N)=C1)C(=C)C(C)CSC2=CC(C(=O)O)=CC=C2,5.48318215229987E-09,S(c1cc(ccc1)C(=O)NCC(CNC(=O)Cc2cc(ccc2)C(=O)N)C)CC,5.352905056385263e-08,0.47
O=C(CC1=CC=CC=C1)C=NC=CC2=CC=CN=C2NC3=CC(O)=CC(C(=O)N)=C3,5.48318215229987E-09,O=C(N)c1cc(NC(=O)C(=C)Cc2ccccc2)cc(c1)C(=O)N,1.069354314392057e-07,0.358
O=C(CCC1=CC=CC=C1)NCC2C(C(=O)C(C))CC3=CC=CC=C3C=2,5.48318215229987E-09,O=C(NCCNC(=O)CCc1ccccc1)C2c3c(cccc3)C2,1.2659662699976492e-07,0.491
CC(N)(C)C1=CC=CC=C1NC(=O)NCCCC=C(N)C2=CC=CC=C2F,5.48318215229987E-09,Fc1c(cccc1)C(=O)NCCCNC(=O)Nc2c(cccc2)C(C)(C)C,8.732950843165047e-08,0.586
CCC1=CC=C(C(=O)O)C=C1CCNC=CC2=CC3=CC=C(C(=O)O)C=C3C2,5.48318215229987E-09,O=C(NCC=CCNC(=O)C1=Cc2c(cccc2)C1)c3cc(c(cc3)CC)CC,1.1918319218472259e-08,0.397
CC(N)(C)C1=CC=CC=C1NC(=O)CCN(C)CC2=CC(C(=O)N)=CN=C2C=C,5.48318215229987E-09,FC(F)(F)c1c(NC(=O)CC[NH+](Cc2cc(ccc2)C(=O)N)C)cccc1,6.779696498481721e-08,0.5
O=C(CC1=CC=CC(C(=C)N)=C1)CSC=CC=CC2=CC=CC=C2F,5.48318215229987E-09,Fc1c(cccc1)C=CC(=O)NCCNC(=O)Cc2cc(ccc2)C(=O)N,4.2983213321261525e-08,0.455
O=C(CC1=CC=CC=C1)NCCCC(C)=CC(N)=C2C(C(=O)C)=CC=CC2=C,5.48318215229987E-09,O=C(NCCNC(=O)Cc1ccccc1)C=C(CCc2ccccc2)C,4.371484371119651e-08,0.452
O=C(CCC(N)=C)C1=CC=CC=C1CC(=O)C2CCC3=CC=CC=C3C2,5.48318215229987E-09,O=C(N)c1c(cccc1)COC(=O)C2Cc3c(cccc3)CC2,9.501917818235031e-08,0.5
O=C(CC1=CC=CC(=O)C1)CCC2=CC=CC=C2[NH1]C(N)=CC3=CC=CC=C3,5.48318215229987E-09,O=C(Nc1c(cccc1)CCC(=O)OC(C)(C)C)C(=Cc2ccccc2)C,8.732950843165047e-08,0.377
CC(N)(C)C1=CC=CC=C1CCCC=C=C(N)C2=CC=C(C(O))C=C2F,5.48318215229987E-09,Fc1c(ccc(c1)CO)C(=O)NCc2c(cccc2)C(C)(C)C,2.3243630655657437e-07,0.439
CC(CC1=CC=CC(C(=O)O)=C1)CCCC=C(C(N))C2=CC=C(C)C=C2Cl,5.48318215229987E-09,Clc1c(ccc(c1)C)C(=O)NCC(CNC(=O)c2cc(ccc2)CC(C)C)C,3.0668876159758165e-08,0.464
O=C(CC1=CC=CC=C(O)1)NCC2=CC=CC=C2C3C(=O)C(=O)C(C)=C3,5.48318215229987E-09,O=C(NCc1c(cccc1)C2CC2)Cc3c(O)cccc3,1.898206059494335e-07,0.6
O=C(NC(=O)CC=CC(=O)CC1=CC=C(C(=O)C)C=C1)C=CC2=CC3=CC=CC=C3C(=O)2,5.48318215229987E-09,O=C1OC(C(=O)NCC=CCNC(=O)Cc2ccc(cc2)C(=O)C)=Cc3c1cccc3,2.7715170626955952e-08,0.431
CN(CC1=CC=CC=C1)C(C(=O)N)CC(O)C2=CC=CC=C2NC3=CC=CC=C3,5.48318215229987E-09,O=C(Nc1c(Nc2ccccc2)cccc1)C([NH+](Cc3ccccc3)C)CC,3.6307669249047665e-08,0.545
CN(CC1=CC(N)=CC=C1N)C(=O)CCC(N)=CCC2=CN=C(N)C=C2,5.48318215229987E-09,O=C(N(Cc1c(cc(cc1)C)C)C)CCc2cnc(N)cc2,1.2239453674810362e-07,0.492
CC(C)C1=CC=C(C(=O)N)C=C1CCC(=O)CC(N)(C2=CC=CC=C2)N,5.48318215229987E-09,O=C(N)c1cc(OC(C)C)c(NC(=O)CC(c2ccccc2)(C)C)cc1,1.8351993794011885e-07,0.379
NC(=C)C1=CC=CC=C1CCCCC(C)(C2=CC=C(C(=N))C=C2)C,5.57651306886459E-09,O=C(N)c1c(cccc1)CCC(=O)NCCC(c2ccccc2)(C)C,2.504593513241216e-08,0.383
O=C(CC1=CC=CC=C1)NCCCC(C(=O)C)CCC2=CC=CC(N)=C2,5.57651306886459E-09,O=C(NCCC(=O)NCCCc1cc(N)ccc1)Cc2ccccc2,1.0514571415418938e-07,0.647
C(N)C(=O)NC1=CC=CC(C(=O)N)=C1C(C)CCC=CCC2=CC=CC=C2,5.57651306886459E-09,O=C(N)c1c(c(NC(=O)CC=CCc2ccccc2)ccc1)C,1.400884853987751e-07,0.542
C(=N)=C(CCC1=CC(C(=O)O)=CC=C1)CCCC=2[NH1]C3=CC=CC=C3CC2,5.57651306886459E-09,[O-]C(=O)c1cc(ccc1)CCC(=O)N2Cc3c(NC(=O)C2)cccc3,9.663652860855617e-08,0.493
CN(CC1=CC=CC=C1)NC(=O)N(C(=C(=O))C)CCC2=C(C(=O)N)C=CC=C2,5.57651306886459E-09,O=C(N)c1c(cccc1)CCC(=O)N(Cc2ccccc2)C,2.4041638772575107e-07,0.5
CC(N)(N)C1=CC=CC=C1CCNC2=NC=CC=C2C=CC3=CC=CS3,5.57651306886459E-09,S1C(C=CC(=O)Nc2ncccc2CNC(=O)OC(C)(C)C)=CC=C1,2.529031392181985e-07,0.417
O=C(CCC1=CC=CC=C1)NC(C(=O)C(C))=CCC=CC2=CC(C(=O)O)=CC=C2Cl,5.57651306886459E-09,Clc1c(cc(cc1)C([O-])=O)C=NNC(=O)CCc2ccccc2,1.4987273864256132e-07,0.547
O=C(CCCCCCC1C=CC=CC1)NC(=O)C2=CC(C(=O)O)=CC=C2Cl,5.57651306886459E-09,Clc1c(cc(cc1)C([O-])=O)C(=O)NCCCCCCC(=O)NC,3.485179787238657e-07,0.5
CC1=CC=CC=C1C2=CC=CC=C2CCNCC3CCCC(CN)C3,5.57651306886459E-09,[NH2+](Cc1c(c2c(cccc2)C)cccc1)CC3CC(CCC3)CC,8.083954182461677e-09,0.633
O=C(CCC1=CC=CC=C1)NCCCCC=C2C=C(C(=O)N)C=CC(=O)2,5.57651306886459E-09,O=C(N)c1ccc(cc1)CCC(=O)NCCCCNC(=O)CCc2ccccc2,1.9444039222013203e-08,0.547
O=C(CC1=C(C(=O)O)C(C(=O)N)=CC=C1)CSC=CC=C(C2=CC=CC=C2C)C,5.67143259943937E-09,O=C(N)c1c(cccc1)COC(=O)C=C(c2c(cccc2)C)C,1.898206059494335e-07,0.413
CC(CC1=CC(N)=CC=C1N)CCC=CC2=CC=CC(C(C(=O)N))=C2,5.67143259943937E-09,O=C(NCC=CCNC(=O)c1ccc(cc1)CC(=O)N)c2cc(c(N)cc2)CC(C)C,3.1950013480674694e-09,0.403
O=C(CC1=CC=CC=C1)NC(=O)CCC(C(=N))CCCC2=CC(C(=O)N)=CC=C2,5.67143259943937E-09,O=C(N)c1cc(ccc1)CCNC(=O)CCNC(=O)Cc2ccccc2,3.884351956974374e-08,0.517
CCC1=CC=C(C(=C(N))(C(=O)O))C=C1CC(=C)C2=CC3=CC=CC=C3[NH1]2,5.67143259943937E-09,O=C(NNC(=O)C=1Nc2c(cccc2)C1)c3cc(c(cc3)CC)CC,6.666228587545246e-08,0.517
C(=N)=C(CCC=CC1=CC=C(N)C=C1)CC(=O)CC2=CC=CC=C2C,5.67143259943937E-09,O=C(NCCNC(=O)CCC=Cc1ccccc1)Cc2c(cccc2)C,1.106067745068516e-07,0.475
CN(CC1=CC(N)=CC=C1)CCCOC2=CC=CC=C2CC3=CC(=O)C(N)=C3,5.67143259943937E-09,O(c1c(cccc1)C)CCC[NH+](Cc2cc(N)ccc2)C,5.782647411208766e-07,0.614
CC(CC1=CC=CC=C1)C(C(N))CCCC(=O)NC(=O)CC2=CC=CC=C2,5.67143259943937E-09,O=C(OCC(=O)NC(=O)Cc1ccccc1)CCCC(c2ccccc2)C,5.6309243537968836e-08,0.491
CC(C(=O)N)C(CC1=CC=CC(C(=O)N)=C1)CCC(=O)NC2=CC=CC(C)=C2,5.67143259943937E-09,O=C(N)c1cc(ccc1)CC(=O)Nc2cc(ccc2)C,3.313103734547974e-07,0.623
CC(C)C1=CC=CC=C1CCC(C)CCC(N)(N)C2=CC=CC=C2,5.67143259943937E-09,[NH2+](Cc1c(cccc1)C(C)C)CCC(c2ccccc2)(C)C,6.44495812539366e-08,0.447
CCC1=CC=CC=C1CCCC(C)CC=CC=C(N)C2=CC=CC=C2,5.67143259943937E-09,O(N=C(N)c1ccccc1)CCc2c(cccc2)CC,9.924036212805188e-07,0.389
CCC1=C(C(=O)N)C=CC=C1CC(=O)CC=CC(=O)CC2=CC=CC3=C2CCCN3,5.67143259943937E-09,O=C(NCC=CCNC(=O)c1c(cccc1)CC)c2c3c(NCCC3)ccc2,6.895095781354073e-08,0.464
O=C(CCC1=CC=CC=C1)NCC2=CC(N)(C)CC3=CC=C(C(=O)C)C=C23,5.67143259943937E-09,O=C(NCc1cc(ccc1)C(=O)C)CNC(=O)CCc2ccccc2,5.726770035455663e-08,0.517
O=C(NC(=O)C1=CC=CC=C1)CCC(=C(C(=O)N))CNC(=O)CC2=CC=CCC(=O)2,5.67143259943937E-09,O=C(NC(=O)COC(=O)CCNC(=O)Cc1ccccc1)c2ccccc2,1.774284064318968e-07,0.343
NCCC(=C)CC1=CC=CC=C1C(=O)CNC(=O)CCC2=CC=CC2,5.67143259943937E-09,Clc1c(cccc1)C(=O)CNC(=O)CCC(=O)NCC(=C)CC,4.6433995114696347e-07,0.371
O=C(NC(=O)C1=CC=CC=C1)NCCC(N)C=CC(=O)CC2=CC=CC=C(O)2,5.67143259943937E-09,O=C(NCC(O)CCNC(=O)Cc1c(O)cccc1)c2ccccc2,7.8355164770535e-07,0.483
NC1=CC(C(=O)N)=CC2=C1CCN2CCC=CC3=CC(N)=CC(F)=C3,5.67143259943937E-09,Fc1c2c(N(CC=Cc3cc(F)cc(F)c3)CC2)cc(F)c1,1.463118529005241e-06,0.417
O=C(CC1=CC=CC=C1)NCCCCCSC2=CC=CC3=C2CCC(N)C3,5.67143259943937E-09,Brc1c(SCCCCNC(=O)C(=O)NCCNC(=O)Cc2ccccc2)cccc1,1.6306955934488175e-07,0.516
O=C(CCC(=O)C1=CC=CC(C(=O)C)=C1)NC(=O)CC=C2C=CC=C[NH1]2,5.76796778430801E-09,O=C(NCCNC(=O)CC=C(C)C)c1cc(ccc1)C(=O)C,6.618615004839549e-07,0.361
CC(CC1=CC(C(=O)O)=CC=C1)C(=O)CCCC(C)=C(C)C2=CC=CC=C2C,5.76796778430801E-09,O=C(NNC(=O)c1cc(ccc1)CC(C)C)c2c(cccc2)C,1.5765683215060107e-07,0.458
O=C(CC=CC=CC=CC1=CC(C(=O)C(N))=CC=C1)NC2=CC=CC=C2,5.76796778430801E-09,O=C(Nc1ccccc1)CNC(=O)CC=Cc2ccccc2,2.4041638772575107e-07,0.471
O=C(CC1=CC=CC=C1)NCCCC2=CC(=N)C3=CC=CC(C(=O)N)=C32,5.76796778430801E-09,O=C(N)c1c(cccc1)CCC(=O)NCCCCNC(=O)CCNC(=O)Cc2ccccc2,5.536682786610249e-08,0.517
ClC1=C(N)C=C(C(=O)N)C=C1CCC(C)C(=O)NC2=CC=CC(C)=C2,5.76796778430801E-09,Clc1c(N)cc(cc1C)C(=O)OC(C(=O)Nc2cc(ccc2)C)C,8.162831131008149e-08,0.532
O=C(CCC1=CC=CC=C1)CCC(C(=O)O)CC=CC2=CC=CC(C(=O)C(N))=C2,5.76796778430801E-09,O=C(NCC(=O)CCc1ccccc1)C(CC=Cc2ccccc2)C,6.554659724274868e-08,0.422
O=C(CC1=CC=CC(C(=O)N)=C1)N2CCCC(C3=CC=CCC(=O)3)=C2,5.76796778430801E-09,O=C(N)c1cc(ccc1)CC(=O)N2CCC(=O)CCC2,2.0653497658821164e-07,0.508
CC(=C(C(=O)N))C1=CC=CC=C1CCCCCC(=O)N=C2C(C)=CCCC2,5.76796778430801E-09,O=C(N)c1c(cccc1)CCC(=O)NCCCCCCNC(=O)C2=CCCC2,6.126747008126378e-08,0.37
CC1=C(C(=O)N)C=CC=C1CCN(C)C=C2C3=CC(C)=CC=C3CC(=O)2,5.76796778430801E-09,O=C1OC(C(=O)N(CCN(C(=O)c2c(c(ccc2)C(=O)N)C)C)C)(Cc3c1cc(cc3)C)C,1.1918319218472259e-08,0.427
O=C(CC1=CC=CC=C1)NCC=CNC(=O)CC=C(O)C2=CC(N)=CC=N2,5.76796778430801E-09,O=C(NCC=CCNC(=O)CCNC(=O)Cc1ccccc1)c2nccc(N)c2,4.0860975120705305e-08,0.587
CC1=CC=CC=C1CNC(=O)CCC(C)C2=CC(C(=O)N)=C(C)C(F)=C2,5.76796778430801E-09,O=C(NCc1c(cccc1)C)CCC(c2ccccc2)C,2.247211062304602e-07,0.635
O=C(NC1=CC=CC=C1)CC2=CC=CN=C2C3CC(C(C(=O)N))CC=3,5.76796778430801E-09,Brc1ncccc1CC(=O)NCC(=O)Nc2ccccc2,1.9305160040558177e-07,0.441
O=C(CCCCC1=CC=CC=C1)NC(=C)CCNC(=O)CC2=CC(N)=CC2,5.76796778430801E-09,O=C(NCCNC(=O)CCCCc1ccccc1)CC2=CCCC2,8.162831131008149e-08,0.517
N=C(CC1=CC=CC=C1)N2C(=N)CCC(C3=CC(C(=N)N)=CC=C3)=C2,5.76796778430801E-09,O=C(NNC(=O)Cc1ccccc1)c2cc(c3ccc(cc3)C(=O)N)ccc2,4.445892740524959e-08,0.323
CC(NC1=CC=CC=C1)C(=O)CCCC(C)CCC2=CC(C(=O)N)=CC=C2,5.76796778430801E-09,O=C(N)c1cc(ccc1)CCNC(=O)C(Nc2ccccc2)C,6.231032238480951e-08,0.618
O=C(CC1=CC=CC=C1)CCC2=CC=CC=C2C3CC(C(C(=O)C))CCC3,5.76796778430801E-09,O=C(OCC(=O)Cc1ccccc1)CC2CC(CCC2)C,5.314671895870166e-07,0.458
CC(N)(C)C1=CC=CC=C1CCCCC#CCC(N)=CC2=CC=CC=C2,5.76796778430801E-09,FC(F)(F)c1c(cccc1)CC[NH2+]CC(=Cc2ccccc2)C,2.2854615275150829e-07,0.35
C=CC1=C(C(=O)O)C=CC=C1CCCC=CC2=C(C(=O)N)C3=CC=CC=C3[NH1]2,5.86614612401528E-09,O=C(N)c1c(cccc1)CCC(=O)NCC=CCNC(=O)C=2c3c(NC2C)cccc3,5.5765130688645855e-09,0.364
NC1=CC=C(N)C=C1CCCCC=CC2=CC3=CC(N)=CC=C3C(=O)2,5.86614612401528E-09,O=C(NCCCc1c(N)cccc1)c2cc3c(c4c(cccc4)C3=O)cc2,2.0453924147377183e-08,0.273
NC(C(=O)N)CC1=CC=CC=C1CCNC2CCCC3=CC=CC=C32,5.86614612401528E-09,[NH2+](C1c2c(cccc2)CCC1)CCc3c(cccc3)CC,7.253213413653791e-08,0.615
CCC1=CC=C(C(=O)N)C=C1CCCCC(C)C2=CC3=CC=CC=C3N2,5.86614612401528E-09,O=C(N)c1ccc(cc1)C[NH2+]C(C=2Nc3c(cccc3)C2)C,1.6034035719839377e-07,0.492
CC(N)(C)C1=CC=CC=C1CCC(=O)C=CCC(O)(O)C2=CC=CC=C2,5.86614612401528E-09,FC(F)(F)c1c(cccc1)CCNC(=O)C(O)(c2ccccc2)C,4.4892723101046985e-07,0.39
C(C(=O)O)=C(CC1=CC=CC=C1)CC=CC=CC2=CC=CC=C2CC(=O)N,5.86614612401528E-09,O=C(Nc1c(cccc1)CC(=O)N)CC=CCc2ccccc2,6.666228587545246e-08,0.39
C=C(CC1=CC=CC=C1)NCC2=C(C(=C)N)C=CC=C2C(=O)CCCC(N)=O,5.86614612401528E-09,O=C(NCCNC(=O)CCCC(=O)c1c(N)cccc1)Cc2ccccc2,4.0860975120705305e-08,0.439
CC(N)(C)C1=CC=CC=C1NC(=C(N))CCC=CC2=CC(C(=O)O)=CC=C2,5.86614612401528E-09,O=C(Nc1c(cccc1)C(C)(C)C)CCC=Cc2ccccc2,9.995428629292189e-08,0.468
O=C(NCC1=CC=CC=C1)NCCCCCC(=O)CC=C2C(N)=CC=CS2,5.86614612401528E-09,O=C(NCCCCCCNC(=O)CCCC(=O)NCc1ccccc1)CC=C(C)C,1.0875561204824821e-07,0.385
O=C(N(C(=O)O)C=CCC(=O)CCC(=O)CC1=CC(C(=O)O)=CC=C1)NC2=CC=CC=C2,5.86614612401528E-09,[O-]C(=O)c1cc(ccc1)CC(=O)NCC(=O)Nc2ccccc2,1.203460892404676e-07,0.509
O=C(NCC1=CC=CC=C1)C(=O)CCC=CC=CC=CC=C(N)C,5.86614612401528E-09,O=C(NCc1ccccc1)C(=O)NCCC=CC=C,1.322206248041431e-06,0.471
C(C(=O)O)=C(CC1=CC=CC(C(=O)N)=C1)C(=C)C=CC2=CC=CC(N)=N2,5.86614612401528E-09,O=C(N)c1cc(ccc1)CC(=O)Nc2nc(N)ccc2,3.313103734547974e-07,0.467
O=C(CCC1=CC=C(C)C=C1)NN2CC(=O)C(=O)C3=CC(=O)C(=O)C=C32,5.96599558720104E-09,O=C1N(NC(=O)CCc2ccc(cc2)C)CCc3c1cccc3,2.1362580461703596e-07,0.475
O=C(CCC1=CC=CC=C1)NC(=O)CC(C(=C(CN))C)=CCCC2=CC=CC=C2,5.96599558720104E-09,O=C(NNC(=O)CCc1ccccc1)CCc2ccccc2,2.994020218722163e-07,0.422
O=C(C(N)CCCCNC(=O)C1=CC=CC=C1)NCC2=CCCC=C2,5.96599558720104E-09,O=C(NCCCCC(NC(=O)C1=CCC1)C)c2ccccc2,1.6584521607389992e-07,0.467
O=C(CC1=CC=CC=C1)NCCCC2=C(C(=O)O)CCC3=C2CCC(N)=C3,5.96599558720104E-09,O=C(NCCNC(=O)Cc1ccccc1)C(=O)NCCCc2ccc(N)cc2,9.032773438039763e-08,0.45
NC(=O)CC1=CC=CC=C1CCNC(=O)CC2=CC3=CC=NC=C3C(=N)2,5.96599558720104E-09,O=C(NCCNC(=O)Cc1c(ccnc1)C)Cc2c(cccc2)CC,3.149523704937078e-07,0.403
C(=O)(N)CCC(=O)CC1=CC=CC=C1C(C)CCC=CC2=CC=CC=C2,5.96599558720104E-09,O=C(NCC(CNC(=O)CCC=Cc1ccccc1)C)CCC(=O)N,7.376672572429295e-08,0.5
C(CC1=CC(C(=C(N))(O))=CC=C1)C(=O)C2=CC=CC=C2NC3=CC=CC(=O)C3,5.96599558720104E-09,[O-]C(=O)CCc1cc(ccc1)C(=O)Nc2c(cccc2)C(=O)N,1.4987273864256132e-07,0.366
CSC1=CC(C(=O)O)=CC=C1NC(=O)C2CCC3=CC=CC(C(=O)N)=C3C2,5.96599558720104E-09,S(c1c(NC(=O)C)ccc(c1)C(=O)N2Cc3c(c(ccc3)C(=O)N)CC2)C,8.026214485119952e-08,0.5
CC(N)(C)C1=CC=CC=C1N2CNC(=O)C(C3=CC(C(=O)N)=CC=C3)=C2,5.96599558720104E-09,O=C1N(c2c(NC1)ccc(c3cc(ccc3)C(=O)N)c2)C,1.2875146681790498e-07,0.406
CC=CC=CC1=CC=C(C(=O)N)C=C1NC(=O)CCCC2=CC=C(C)CC2,5.96599558720104E-09,O=C(N)c1cc(NC(=O)CCCc2cc(c(cc2)C)C)c(cc1)C,3.5102517843139754e-08,0.446
C(C(=C(N))C(C(=O)O))(=O)CC1=CC=CC=C1NC(=O)C2=CC3=CC=CC=C3C2,5.96599558720104E-09,O=C(Nc1c(cccc1)CC(=O)N)C2=Cc3c(cccc3)C2,7.629930967206321e-08,0.648
CCCC(=O)C(=O)C1=CC=CC=C1NC(=O)CC=C2CCCC3=C2C=CN=N3,5.96599558720104E-09,O=C(Nc1c(NC(=O)CCC)cccc1)c2c3c(ncc2)CCC3,9.828140844988804e-08,0.414
C(=N)=C(NC1=CC=CC=C1)N2CCC(CC3=CC=CC(C(=O)N)=C3)=C(N)2,5.96599558720104E-09,O=C(N)c1cc(ccc1)CC(=O)Nc2ccccc2,6.962372772649842e-07,0.474
FC1=CC=C(C(=O)N)C=C1C2=NC=C(C(=O)N)C=C2C=CNC(=O)CCCl,5.96599558720104E-09,Clc1c(ncc(c1)C(=O)N)C(=O)Nc2c(F)ccc(c2)C(=O)N,4.4141379216012356e-07,0.385
CC(=C(C(=O)N))CC1=CC=CC=C1CC=CCC=CC2=CC=CC=N2,5.96599558720104E-09,O=C(Cc1c(cccc1)C=Cc2ncccc2)C,1.7031385064593036e-06,0.463
CC(CC1=CC(N)=CC=C1N)=C(C(=O)C(N))CC2=CC=CC(Cl)=C2,5.96599558720104E-09,Clc1cc(ccc1)CC(=O)NCc2c(ccc(N)c2)C,2.994020218722163e-07,0.483
CN(CC1=CC(N)=CC=C1)N2CCCN(C3=C(C)C=CC(C(C))=C3)C2,5.96599558720104E-09,O=C(N(Cc1cc(N)ccc1)C)C(=O)Nc2cc(N3CCCC3)c(cc2)C,2.504593513241216e-08,0.478
C=C(CC1=CC=C(N)C(C(=C)N)=C1)NC(=O)C=CC2=CC=CC=C2,5.96599558720104E-09,O=C(NCCNC(=O)C=Cc1ccccc1)c2c(N)ccc(c2)CC,7.759802350413329e-08,0.517
O=C(CC=CC(N)=CC1=CC=CC=C1)NC(=O)CC2=CC3=CC=CC=C3[NH1]2,6.067544618568E-09,O=C(NCC=1Nc2c(cccc2)C1)CC=Cc3ccccc3,8.732950843165047e-08,0.526
O=C(CC1=CC=CC(C(=O)O)=C1)C(C)NCCC2=CC(C(=C(C(N))))=CC=C2,6.067544618568E-09,O=C(N)c1cc(ccc1)CC(=O)NCC(CNC(=O)CC=Cc2ccccc2)C,1.4349790904006653e-08,0.356
O=C(CCC=CC1=CC(C(=O)(N))=CC=C1)NC(=O)CCCC2=CC(C(=O)C)=CC=C2,6.067544618568E-09,O=C(NCc1cc(ccc1)C(=O)C)CCC=Cc2ccccc2,7.131820520357163e-08,0.569
NC(=C)C1=CC=CC=C1NCCCC=2CSC3=CC(C(=O)O)=CC=C3C2,6.067544618568E-09,S1c2c(NC(=O)C1)cc(cc2)C(=O)NCCNC(=O)c3c(NCCCC)cccc3,3.819341775176634e-08,0.351
CC(CC1=CC=CC(C(=O)N)=C1C)CCCC(=C)C2=CC=CC(Br)=C2,6.067544618568E-09,Brc1cc(ccc1)C(=O)NCC(CNC(=O)c2c(c(ccc2)C(=O)N)C)C,2.7251317633980198e-08,0.508
O=C(CC1=CC=CC=C1)NCCC(C(=O)O)C2=CC=CC(=C2)C3CCNC3,6.067544618568E-09,O=C(NCCNC(=O)Cc1ccccc1)c2cc(ccc2)C3C[NH2+]CCC3,1.0067334634909954e-08,0.563
CN(CC1=CCCC=C1N)C(=O)CCC(=O)C=CC2=CC=C(C(N))C=C2,6.067544618568E-09,O=C(N(Cc1ccccc1)C)CCNC(=O)C=Cc2ccc(cc2)CC,3.819341775176634e-08,0.373
CC(NCC1=CC=CC=C1)=CCC2=CC3=C(C(=O)C(N))C=CC=C3S2,6.067544618568E-09,S1c2c(c(ccc2)C(=O)OC)C=C1C(=O)NCc3ccccc3,2.2854615275150829e-07,0.46
O=C(CCC1=CC=CC=C1)N(C)CC=CC2=CC=CC(C(=C(=N))N)=C2,6.067544618568E-09,Brc1ccc(cc1)C=CCN(C(=O)CCc2ccccc2)C,6.779696498481721e-08,0.571
C(C(=O)N)=C(CC1=CC(N)=CC=C1N)C(=O)CC=CC2=CC=CC(C)=C2,6.067544618568E-09,O=C(NCc1c(ccc(N)c1)C)C=Cc2cc(ccc2)C,1.8351993794011885e-07,0.452
CN(CC1=CC=CC=C1NNC(C(=O)N)C)C(=O)CCC2=CC=CC=C2Br,6.067544618568E-09,Brc1c(cccc1)CCC(=O)N(Cc2c(NC(=O)OC(C)(C)C)cccc2)C,1.1329868277338134e-08,0.576
NC(N)(C1=CC=CC=C1)C(=C(N))CCC=CC2=CC(C(=O)O)=CC(C)=C2,6.067544618568E-09,O=C(NC(c1ccccc1)(C)C)C=Cc2cc(cc(c2)C)C,1.3094298482212222e-07,0.355
CC(=O)C1=CCCC(C(=O)C(N))=C1NCCCCC=CC2=CC=CC=C2,6.067544618568E-09,O=C(c1c(NCCC=Cc2ccccc2)cccc1)C,4.4141379216012356e-07,0.41
O=C(CCC1=CC(C(=O)N)=CC=C1)NC(=O)CCC(N)C=CC2=CC=CC=C2F,6.067544618568E-09,Fc1c(cccc1)C=CC(=O)NCCc2cc(ccc2)C(=O)N,9.828140844988804e-08,0.548
O=C(CCC1=CC(C(=O)N)=CC=C1)NC(=O)NCNC2(C)C=CC=C2,6.17082214698475E-09,O=C(N)c1cc(ccc1)CCNC(=O)CCC2(CC2)C,2.615858945450191e-07,0.475
C(C(=O)O)CC1=CC=C(C(=O)N)C=C1CCC=CC2=CC3=CC=CC(N)=C3C(=O)2,6.17082214698475E-09,[O-][N+](=O)c1c(ccc(c1)C(=O)N)COC(=O)CCC=Cc2ccccc2,7.891884314063093e-08,0.321
O=C(NC(=O)NC=C1C=CC=CC1=C)C2=CC=CC3=CC(N)=C(C(=O)O)C=C32,6.17082214698475E-09,O=C(Nc1cc(NC(=O)c2ccc(cc2)C=C)ccc1)c3c(N)cc4c(c3)cccc4,2.0111598492537654e-08,0.31
O=C(CC1=CC=CC=C1)NCCCC2=C(C(=C)N)C=CN=C2CCCC(=O)CF,6.17082214698475E-09,O=C(NCCNC(=O)Cc1ccccc1)NCCCc2ncccc2C,1.400884853987751e-07,0.47
NC(=O)CC1=CC=CC=C1CCC(=O)NOCC2=CC3=CC=CC=C3C(=N)2,6.17082214698475E-09,O=C(N)c1c(cccc1)CCC(=O)NOCc2ccccc2,8.732950843165047e-08,0.448
O=C(NC(=O)C1=CC=CC=C1)CCCC=CC(N)=C2CCC(=O)C(=C)C2,6.17082214698475E-09,O=C(NC(=O)COC(=O)C=CCCCCCCCCC)c1ccccc1,1.1635147152901843e-07,0.4
O=C(C(N)(N)C1=CC=CC=C1)NC(=C)CCC2=CC=CC(C(=O)O)=C2CC,6.17082214698475E-09,O=C(NCCNC(=O)C(c1ccccc1)(C)C)c2c(cccc2)CC,5.444018486747391e-08,0.349
O=C(NC(=O)CC(C)CC1=CC=CC=C(C(=O)O)1)C=CC2=CC3=CC=CC=C3[NH1]2,6.17082214698475E-09,O=C1Nc2c(cccc2)C=C1C(=O)NCC=CCNC(=O)CC(Cc3c(OC)cccc3)C,2.2633772495951396e-08,0.429
CC(CC1=CC(C(=O)N)=CC=C1F)CSC2=NC3=CC(C(=O)N)=CC=C3[NH1]2,6.17082214698475E-09,S(Cc1c(F)ccc(c1)C(=O)NC2=Nc3c(N2)ccc(c3)C(=O)N)C,1.686681181030728e-07,0.547
FC1=CC=CC=C1NCC=CC=CC=CC2=CC=CC(C(=O)C(N))=C2C#N,6.17082214698475E-09,Fc1c(NCc2c(C#N)c(ccc2)C(=O)OC)cccc1,1.488022715946687e-06,0.431
C=C(C(=O)C1=CC=CC(C(=O)N)=C1)C(C)C2CC3=CC=CC=C3C2,6.17082214698475E-09,O=C(N)c1cc(ccc1)C[NH2+]C(C2Cc3c(cccc3)C2)CC,2.8666697152640347e-08,0.491
CC(N)(C)C1=CC=CC=C1CCCCSC=C(N)C2=CC=CC=C2F,6.17082214698475E-09,Fc1c(cccc1)C(=NOCCc2c(cccc2)C(F)(F)F)N,7.080881444127068e-07,0.377
C(=O)(C(N)C1=CC=CC=C1)NC(=O)CC(C2=CC=CC=C2CC(C)C)=O,6.17082214698475E-09,O=C(NC(c1ccccc1)C(=O)NC)c2c(cccc2)CC(C)C,5.003447382254635e-08,0.491
O=C(NC(=O)CC1=CC=CC=C1)NC(=O)CC2=CC(C)=C(N)SC2,6.17082214698475E-09,S(c1c(N)c(ccc1)C)CC(=O)NC(=O)Cc2ccccc2,1.331718053230139e-07,0.411
CCC1=CC=C(C(C(=O)(O)))C=C1NC(=O)CC(C(=O)C(N))CC2=CC(Br)=CC=C2,6.17082214698475E-09,Brc1cc(ccc1)CC(C(=O)Nc2c(ccc(c2)CC)CC)CC,2.590582057060172e-08,0.571
CCC1=CC=CC=C1CC(=C(C(=C)C(C(N))))C=CC2=CC(C(C(N)))=CC=C2,6.17082214698475E-09,O=C(Nc1cc(ccc1)CC[NH3+])Cc2c(cccc2)CC,1.1248944616653033e-07,0.45
CC(N)(N)C1=CC=CC=C1CC(=O)NCC(O)2CC3=CC=CC=C3C2,6.17082214698475E-09,O=C(NCC1(O)Cc2c(cccc2)CC1)Cc3c(cccc3)C,6.126747008126378e-08,0.585
CCCC(=O)CC1=CC=CC=C1C(=O)CC(C)NC(=O)CC2=CC=CC=C2,6.17082214698475E-09,O=C(OCC(=O)CCC)C(NC(=O)Cc1ccccc1)C(C)C,2.3077612866727798e-06,0.509
CCC1=CC=C(C(=C(C(N)))O)C=C1CCCC2=CC=CC=C2C3=CC=NS3,6.27585759372699E-09,S1N=CC=C1NC(=O)c2cc(c(cc2)CC)CC,1.6746340493045234e-06,0.359
O=C(NCC1=CC=CN=C1)C(=O)N=C2C(C(=O)N)=CC3=CC=CC(C(=O)O)=C3S2,6.27585759372699E-09,Fc1c(cccc1C(=O)N)C(=O)NCc2cnccc2,1.1552043035786423e-06,0.433
C(C(=O)N)CCCC1CCCC=C1CC(=O)NCC2=CC=CC=C2,6.27585759372699E-09,O=C(NC1C(NC(=O)CCCCC(=O)N)CCC1)CCCC(=O)NCc2ccccc2,1.2537333137184442e-08,0.544
C=C(N)C1=CC=CC=C1CC=CC=CC=CCC(=O)NC2=CC=CC=N2,6.27585759372699E-09,O=C(NCC(=O)Nc1ncccc1)c2c(cccc2)CC=C,2.1005047144726285e-07,0.526
O=C(NCC1=CC=CC(=O)C1)CCN2N=NC3=CC=C(C(=O)C(C(=O)C))C=C23,6.27585759372699E-09,O=C(NCCC(=O)NCc1ccccc1)c2cc3N(N=Nc3cc2)C,6.126747008126378e-08,0.364
C(=O)(N)CC1=C(N)C=CC=C1CCCCC=CC2=CC(N)=CC=C2,6.27585759372699E-09,O=C(NCc1ccc(cc1)CC(=O)N)C=Cc2cc(N)ccc2,2.2096007732997598e-07,0.424
CC(C)(C(=O)C(N)1CCCCC1)NCCCC2=CC=CC=C2CC(N),6.27585759372699E-09,O=C(NCCCc1c(cccc1)C)C2([NH3+])CCCCC2,8.586792429037428e-08,0.439
CN(CC1=CC=CC=C1)C(=O)SC=CC2=CC=CN=C2NC3=CC(N)=CN=C(N)3,6.27585759372699E-09,O=C(N(Cc1ccccc1)C)c2c(nccc2)Nc3c(OC)cccc3,9.828140844988804e-08,0.411
CC(CC1=CC(C(=O)N)=CC=C1)C(N)CCCCNC2=CC=CC=C2F,6.27585759372699E-09,Fc1c(NCc2cc(ccc2)C(=O)N)cccc1,6.08298667624497e-07,0.574
CC(CC1=CC=CC=C1)NC(=O)C(=O)CC(C(=O)C)CCC2=CC=CC=C2,6.27585759372699E-09,O=C(NC(C(=O)C)Cc1ccccc1)C(Cc2ccccc2)CCc3ccccc3,7.948657655044036e-09,0.542
C(C(=O)N)=C(CC1=CC=CC(C(=O)C(N))=C1)C(=O)SC=C(C)C2=CC=CC=C2,6.27585759372699E-09,O=C(N)c1cc(ccc1)CC(=O)NCCNC(=O)C=C(c2ccccc2)C,6.337092539563196e-08,0.422
CC(C)C1=CC=C(C(=O)N)C=C1N2CCCC(C3=CC=C(N)C=C(C(=O)N)3)C2,6.27585759372699E-09,O=C(N1C(C(NC(=O)c2c(ccc(c2)C(=O)N)C)C)CCC1)c3c(ccc(N)c3)C,1.1140246738246686e-08,0.411
C(=O)=C(CCC1CCCC1)C=C2C(=O)C3=CC=C(C(=O)N)C=C3CC2,6.27585759372699E-09,O=C(OCC(=O)CCC1CCCC1)c2cc3c(cc2)C(=O)CC3,3.485179787238657e-07,0.453
O=C(CC1=CC=CC=C1)NCCC(C(=O)C(N))CC=CC2=CC(C(=O)C)=CC=C2,6.27585759372699E-09,O=C(NCCNC(=O)Cc1ccccc1)c2cc(ccc2)C(=O)C,6.554659724274868e-08,0.508
C(CC)NC1=CC=CC(C(=C(=C))C)=C1CC(=O)NC(=O)C2=CC=CC=C2C,6.27585759372699E-09,O=C(Nc1c(NCCC)cccc1)c2c(cccc2)C,1.1748673885314715e-06,0.528
CC1=CC=CC=C1CCCCC(=C(N))C=CC2=CC3=CC=CC=C3C2,6.27585759372699E-09,O=C(NCCCc1c(cccc1)C)C2=Cc3c(cccc3)C2,4.0860975120705305e-08,0.45
CC(N)(C)C1=CC=CC=C1NC(=O)CCCC=CC2=CC(N)=CC=C2,6.27585759372699E-09,O=C(Nc1c(cccc1)C(C)(C)C)CCC=Cc2ccccc2,9.995428629292189e-08,0.554
O=C(NCC1=CC=CC=C1)C(N)CCC(=C(N))CCSC2=CC=CC=C2,6.27585759372699E-09,S(c1ccccc1)CCC(=O)NCc2ccccc2,7.201407287863507e-07,0.531
CC(N)(C)C1=CC=CC=C1NC(=O)CCNC(C)C2=C(N)C=CC=C2,6.27585759372699E-09,FC(F)(F)c1c(NC(=O)CC[NH2+]C(c2c(cccc2)C(F)(F)F)C)cccc1,3.149523704937078e-07,0.642
C(=N)=C(CC1=CC=CC(C(=O)O)=C1C)C(=N)CC2=CC=CC3=CC=CC=C23,6.27585759372699E-09,[O-]C(=O)Cc1c(c(NC(=O)Cc2c3c(ccc2)cccc3)ccc1)C,4.6768036128584304e-08,0.456
O=C(NC1=C(N)C=CC(N)=N1)CSC2=CC=CC=C2CC(=O)N(C)C(=O)N,6.27585759372699E-09,S(c1c(cccc1)CC(=O)NC2=NC(=O)NC=C2N)CC,3.922252447567377e-07,0.455
O=C(CC1=CC(C(=O)N)=CC=C1)CCC=CCNCC2=CC=CCC2,6.38268088085901E-09,O=C(N)c1cc(ccc1)CC(=O)NCC=CCNC(=O)CC2=CCCC2,1.5879099792565044e-08,0.4
O=C(CCC1=CC=C(C(=O)N)C=C1)NCC2=C=C(C)C3=CC=CC=C3S2,6.38268088085901E-09,O=C(N)c1ccc(cc1)CCC(=O)NCc2c(cccc2)C,1.866436868034807e-07,0.564
O=C(CC1=CC=C(N)C=C1)C(=O)N2CCC(C3=CC=CC=C3)C(C)C2,6.38268088085901E-09,O=C(N1CC(c2ccccc2)C(CC1)C)Cc3ccc(N)cc3,1.6584521607389992e-07,0.654
CC(CC1=CC(C(=C)N)=CC=C1)=CC(=O)NCC2=C(C(C(=O)O))C=CN=C(N)2,6.38268088085901E-09,O=C(N)c1cc(ccc1)CC(=O)NCc2c(nccc2)N,1.6034035719839377e-07,0.414
CC(N)(C)C1=CC=CC=C1NC(C)C(=O)NCC(O)C2=CC=CC=C2,6.38268088085901E-09,O=C(NCC(O)c1ccccc1)C(Nc2ccccc2)C,5.98117919997189e-07,0.638
C(N)CC=CC1=CC=CC=C1N(C)C(=O)CC=CC2=CC(N)=CC=C2,6.38268088085901E-09,O=C(N(c1c(cccc1)C)C)CC=Cc2ccccc2,6.731272470455863e-07,0.491
CN(C(=O)C1=CC=CC(N)=C(N)1)CCC(=O)CC2=CC(C(=O)N)=C(N)C=C2Cl,6.38268088085901E-09,Clc1c(Cl)cc(c(N)c1)C(=O)N(CCN(C(=O)c2c(cccc2)C(=O)N)C)C,3.226175690629193e-08,0.545
CC(CC1=CC=CC(C(=O)N)=C1C)CCCCC(C(O))CC2=CC=CC=C2,6.38268088085901E-09,O=C(NCC(CO)Cc1ccccc1)c2c(c(ccc2)C(=O)N)C,7.502233167218944e-08,0.571
O=C(CC1=CC=CC=C1)C(C)C2=CC=CC=C2NC3=CC(N)=CC(C(=O)O)=C3,6.38268088085901E-09,O=C(NC(C(=O)Cc1ccccc1)C)c2ccc(Nc3c(cccc3)C(C)C)cc2,2.6795227883814164e-08,0.475
CC1=CC=CC=C1C(=O)NCC(=C)CC(C(=O)N)CC2=CC=CC(C(N))=C2,6.49132243975758E-09,[O-]C(=O)C(CNC(=O)CNC(=O)c1c(cccc1)C)Cc2cc(ccc2)C,1.354385632577588e-07,0.484
CC(=N)C1=CC=CC=C1CCC(=O)N2C=CC=C3C(Br)=C(C(=O)N)C=C23,6.49132243975758E-09,Brc1c(ccc(N(C(=O)CCc2c(cccc2)C(=O)N)C)c1)C(=O)N,3.6925673166338796e-08,0.385
CC(C(N))(C)C1=CC=CC=C1C(C)CCC(=O)CC2=CC=CC(C(=O)N)=C2,6.49132243975758E-09,FC(F)(F)c1c(cccc1)C(CC(=O)NCCNC(=O)Cc2cc(ccc2)C(=O)N)C,9.828140844988804e-08,0.5
N#CC1=CC=C(C(=O)C(N))C=C1CC(=C(C(=O)N))C2=CC3=CC=CC=C3O2,6.49132243975758E-09,Clc1c(C#N)ccc(c1)C(=O)OCC(=O)C=2Oc3c(cccc3)C2,3.922252447567377e-07,0.456
O=C(CCC(C(=O)O)CC1=CC(C(=O)N)=CC=C1)NCCC2(C)CCCCC2,6.49132243975758E-09,O=C(N)c1cc(ccc1)CC(=O)NCCC2(CC2)C,3.7920621007542017e-07,0.593
O=C(CC1=CC=CC=C1)NCCC=C2C(=C)C=CC(=O)C(=C(C(=O)N))2,6.49132243975758E-09,O=C(N)c1ccc(cc1)CC(=O)NCCNC(=O)Cc2ccccc2,1.0338595034593203e-07,0.434
O=C(NC(=O)C(=C(C(=O)O))CC(C)CCC1=CC=CC=C1)NCCC2=CC=CC=C2,6.49132243975758E-09,O=C(NCCc1ccccc1)C([NH2+]CC(CCc2ccccc2)C)C,4.7564089142431674e-08,0.473
CC1=CC=CC(C)=C1CC(=C(C(=O)C(N)))NC(=O)C=CC2=CC=CC=C(N)2,6.49132243975758E-09,O=C(NCCNC(=O)Cc1c(cccc1C)C)C=Cc2c(cccc2)C,1.80448469478674e-07,0.466
C(N)CC=CC1=CC=CC=C1CCC(C)CCCC2=CC=CC=C(N)2,6.49132243975758E-09,[NH2+](C(c1ccccc1)CC[NH3+])CCCc2c(N)cccc2,1.6034035719839377e-07,0.393
O=C(C(N)CC1=CC=CC=C1)CCC(C(=O)N)CC2=CC=CC(C(=O)N)=C2,6.49132243975758E-09,O=C(N)c1cc(ccc1)CNC(=O)C([NH3+])Cc2ccccc2,9.995428629292189e-08,0.569
CC(C1=CC=CC=C1)NC(=O)C=CC2=C(C(=O)O)C=CC=C2C3=C(C)C=CS3,6.49132243975758E-09,S1C(c2cc(NC(=O)NC(c3ccccc3)C)ccc2)=C(C=C1)C,6.126747008126378e-08,0.462
C(N)CC1=CC=CC=C1CC=CC=CC=CC2=CC=CC3=C2C=C(C(N))[NH1]3,6.49132243975758E-09,[NH2+](CC=1Nc2c(c(ccc2)C)C1)CCc3c(cccc3)CC,6.666228587545246e-08,0.333
O=C(CC1=CC=CC=C1)NCCCC=CC(C2=CC3)=CC(N)=C2CC3,6.49132243975758E-09,O=C(NCCC(=O)NCCCCNC(=O)CC1=CCCC1)Cc2ccccc2,6.337092539563196e-08,0.484
CC1=CC=C(N)C=C1C(C)CCCC=CC2=CN=C(N3CCCC3)C=C2,6.49132243975758E-09,n1c(N2CCCC2)ccc(c3c(ccc(N)c3)C)c1,1.539110010486632e-06,0.467
O=C(CC1=CC=CC(C(=O)(N))=C1)NC(=O)C(=O)NCC2(N)C=CC=C2,6.49132243975758E-09,O=C(N)c1cc(ccc1)CC(=O)NCC2(CNC(=O)C(=O)N)CC2,2.0307831856022632e-07,0.545
O=C(CC(C(=O)(C(=O)C))CCC1=CC=CC=C1)CCC=CNC2=CC=CC=C2,6.49132243975758E-09,O=C(Nc1ccccc1)C(CCc2ccccc2)CC,5.881075617324877e-07,0.426
O=C(CC1=CC=CC=C1)NCCC(=C(N))C=CC=CC2=CC(N)=CC=N2,6.49132243975758E-09,O=C(NCCC(=O)NCc1nccc(N)c1)Cc2ccccc2,1.4489805022498712e-07,0.55
CC(N)(C)C1=CC=CC=C1NCCCC(C(=O)(N))NC2=CC=CC=C2F,6.49132243975758E-09,Fc1c(NC(=O)C(NC(=O)N)CCCNC(=O)OC(C)(C)C)cccc1,2.0307831856022632e-07,0.439
NC1=CC=CC=C1NC(=O)CCC2=CC3=C(C(=O)C(N))C(C)=CC=C3C2,6.49132243975758E-09,O=C(Nc1c(N)cccc1)CCc2cc(c(cc2)C)C,2.445085884224233e-07,0.492
O=C(NCC1=CC=CC(=O)C1)C(=O)CCC(C)=CCCC2=CC=CC=C2,6.49132243975758E-09,O=C1OC(C(=O)NCCNC(=O)C=C(CCc2ccccc2)C)=CC=C1,9.032773438039763e-08,0.361
O=C(CC1=C(C(=C)N)C=CC=C1)N(C)C2=CC=C(C(=O)(O))C=C2C(=C(=O)),6.6018132197813E-09,O=C(N)c1c(cccc1)CC(=O)N(c2c(cc(cc2)C)C)C,1.377439043709943e-07,0.459
CCC(=C)NC1=CC=CC=C1CC(=O)NC(=O)CC=C(N)C2=CC=CC=C2,6.6018132197813E-09,O=C(Nc1c(cccc1)CC(=O)NC)c2ccccc2,6.618615004839549e-07,0.444
NC1=CC(N)=CC=C1CCC=CC=CCC2=CC(C(=O)N)=CC=C2C#N,6.6018132197813E-09,O=C(NCC=CCNC(=O)c1ccc(cc1)C(=O)N)c2cc(N)c(cc2)CCC,1.0067334634909954e-08,0.359
O=C(NC1=CC=CC=C1C)C=CCC(C(=O))CC2=CC(C(=O)N)=CC=C2Cl,6.6018132197813E-09,Clc1c(NC(=O)CCCC(=O)Nc2c(cccc2)C)cc(cc1)C(=O)N,5.536682786610249e-08,0.492
N#CC1=CC=C(C(=O)N)C=C1CC(=C(=O))C2=CC3=CC=CC=C3C(=O)2,6.6018132197813E-09,Clc1c(C#N)ccc(c1)C(=O)NCCNC(=O)C=2OC(=O)c3c(cccc3)C2,1.2239453674810362e-07,0.361
C(=O)(N)C1=CC=CC=C1CC(=C(=O))CCC2=CC3=CC(Cl)=CC=C3C(=O)2,6.6018132197813E-09,Clc1c(c2c(cccc2)CNC(=O)Cc3c(cccc3)C(=O)N)ccc(Cl)c1,6.7141846970871975e-09,0.431
CC1=CC(N)=C(C(=O)N)C=C1CCNC(C)C(=O)NC2=CC=CC(F)=C2,6.6018132197813E-09,Fc1cc(NC(=O)C([NH2+]CCc2c(cc(c(c2)C)C)C)C)ccc1,3.819341775176634e-08,0.745
O=C(CC1=CC(C(=O)N)=CC=C1)CCC(C)=CC2=CC(=O)CN(C(=O)C)C2,6.6018132197813E-09,O=C(N)c1cc(ccc1)CC(=O)N2CC3=C(C2)CN(C(=O)C)C3,8.301773170513546e-08,0.534
C=C(CC1=CC=CC=C1Cl)NC(=O)C(=C(CC))C=C(N)C2=CC=CC=C2,6.6018132197813E-09,Clc1c(cccc1)CC(=O)NNC(=O)C=C(c2ccccc2)C,1.1440416335501127e-07,0.417
CC(CC1=CC=CC=C1)NCCCC(C(=O)C)CC(=O)CC2=CC=CC=C2,6.6018132197813E-09,[O-]C(=O)C(Cc1ccccc1)CCC[NH2+]CC(Cc2ccccc2)C,4.919707539022397e-08,0.472
CSC1=CC=C(C(=O)N)C=C1CC(=C(C(=O)N))C2=CC3=CC=CC=C3C(=O)2,6.6018132197813E-09,Brc1c(SC)ccc(c1)C(=O)NCC=CCNC(=O)C=2OC(=O)c3c(cccc3)C2,2.7715170626955952e-08,0.355
C(C(=O)C)CC1=CC=CC=C1CC=CC2=NC=CC=C2C(N)=CC3=CC=CO3,6.6018132197813E-09,O=C(N)c1c(cccc1)CCC(=O)NCC=CCNC(=O)C(=CC=2OC=CC2)C,7.131820520357163e-08,0.438
C(CC1=CC=CC=C1C)CC(=N)C=CC=CC=CC2=CC=CN=C(N)2,6.6018132197813E-09,n1c(N)c(ccc1)C[NH2+]CCCc2c(cccc2)C,2.572078807222593e-07,0.464
CC1=CC=CC=C1C(=C(=O))CCCC=CC2=CN=C(N3CCC(=O)C3)C=C2,6.6018132197813E-09,O=C(c1c(cccc1)C)C(C#N)=Cc2cnc(N3CCCC3)cc2,8.162831131008149e-08,0.405
O=C(N)C1=CC=C(C(=O)N)C=C1CCCCC(N)=C2NC=CC=C2,6.6018132197813E-09,O=C(NCCCCNC(=O)CCc1c(cccc1)C(=O)N)c2ccc(cc2)C(=O)N,5.6309243537968836e-08,0.323
CCC1=CC=C(C(=O)N)C=C1CC(=C(C(=O)N))CC(=O)CC2=CC=CC(O)=C2C,6.6018132197813E-09,O=C(NCc1c(c(O)ccc1)C)c2cc(c(cc2)CC)CC,3.7285965216076614e-07,0.483
CC(CC1=CC=CC(C(=O)N)=C1C)CCCN(C)CC2=CC=CC=C2CC(C(N)),6.6018132197813E-09,O=C(NCC(CNC(=O)c1c(c(ccc1)C(=O)N)C)C)c2c(cccc2)CC[NH+](C)C,6.231032238480951e-08,0.433
CN(CC1=CC(C(=O)N)=CC=C1C=C)C(=O)C=C(N)NC2=CC=CN=C(N)2,6.6018132197813E-09,O=C(Nc1c(nccc1)N)c2c(ccc(c2)C(=O)N)C,3.666193129637751e-07,0.462
O=C(NCC1=CC=CC=C1)NC(=O)CCC(=O)CC(=O)CC=C2C=CC=CN2,6.6018132197813E-09,S(Cc1ccccc1)CCC(=O)NC(=O)NCc2ccccc2,1.377439043709943e-07,0.439
O=C(NC=CC=CC=CC1=CC=CC=C1)CC(=O)C2=CC3=CC=CC=C3C2,6.7141846970872E-09,O=C(NCCNC(=O)C=CC=Cc1ccccc1)C2=Cc3c(cccc3)C2,1.7571392636239635e-08,0.544
NCC1=CC=CC=C1CCNC(=O)C2C(C(N)(=O))=CC3=CC=CC=C3C2,6.7141846970872E-09,O=C(NCCc1c(cccc1)CC)C2c3c(cccc3)C2,1.1833192542966173e-07,0.5
CC(N)(C)C1=CC=CC=C1CCCC(=O)N(C)NC2=CC=C(C(=O)N)C=C2C=C,6.7141846970872E-09,Brc1c(cccc1)CCCC(=O)N(CC(NC(=O)c2ccc(cc2)C(=O)N)(C)C)C,1.0953798786632843e-08,0.4
C(=O)(N)CC1=C(N)C=CC=C1CC(=O)NCCC=2SC3=CC=CC=C3C=2,6.7141846970872E-09,S1c2c(cccc2)C=C1CCNC(=O)Cc3c(N)cccc3,7.131820520357163e-08,0.78
O=C(OCC1=CC=C(C(=O)N)C=C1)NCCC(C(N))=CCCC2=CCCC=C2,6.7141846970872E-09,O=C(OCc1ccccc1)NCCC(=O)OCc2ccc(cc2)C(=O)N,2.1362580461703596e-07,0.469
C=C(CC1CCCCC1)CCC2CC3=CC(C(=O)N)=CC=C3CC2,6.7141846970872E-09,O=C(N1CCN(C(=O)CC2CCCCC2)CC1)c3cc4c(cc3)CC4,3.5102517843139754e-08,0.424
CC(N)(C)C1=CC=CC=C1NC(C)CCCCC2=CC=C(C(=C)N)C=C2,6.7141846970872E-09,FC(F)(c1c(NC(CCCCc2ccccc2)C)cccc1)C,5.138263317745444e-07,0.566
C(CO)=C(CC1=CC(C(=O)N)=CC=C1)CCC2=CC=CC=C2C(=C)CCCF,6.7141846970872E-09,O=C(N)c1c(cccc1)CCC(=O)NCCCCNC(=O)Cc2cc(ccc2)C(=O)N,7.629930967206321e-08,0.478
O=C(NC1=CC=CC=C1)NCCCCC=CC=C2C=C(N)C=CC(=N)2,6.7141846970872E-09,O=C(Nc1ccccc1)NCCC(=O)NCC=CCNC(=O)CCCC(=O)c2c(N)cccc2,7.253213413653791e-08,0.377
O=C(CCC1=CC=CC=C1)NC(=O)C=2C(=O)C3=CC=C(C(=O)N)C=C3S=2,6.7141846970872E-09,O=C(NNC(=O)CCc1ccccc1)c2ccc(cc2)C(=O)N,2.798559374393035e-07,0.491
O=C(NCC1=CC=CC(=O)C1)CCCCCC=CC2=CC(N)=CC=C2,6.7141846970872E-09,O=C(NCCCCNC(=O)CCCCCCCCCCCCC)C=Cc1cc(N)ccc1,1.1440416335501127e-07,0.441
NC1=CC=C(C(C(N)))C=C1CC(=O)CCCCC2CC(=O)C3=CC=CC=C3C2,6.7141846970872E-09,Fc1c(N)ccc(c1)CCC(=O)NCCC2Cc3c(cccc3)C2,6.337092539563196e-08,0.394
CN(CC1=CC(N)=CC=C1N)C(=O)CCCC(N)C2=CC(N)=CC=C2,6.7141846970872E-09,O=C(N(Cc1c(N)cccc1)C)CCC([NH3+])c2ccccc2,3.7920621007542017e-07,0.574
CC(=C(C(=O)C(C(=O)(N))))C1=CC=CC2=C1CCN2C3=CC4=CC=CC=C4N3,6.7141846970872E-09,O=C(N1CCN(C=2Nc3c(cccc3)C2)CC1)C=C(c4c(cccc4)C)C,4.371484371119651e-08,0.449
CC1=CC=C(NC(=C(C(=C)N))NC(=O)CCC2=CC=CC=C2(C(=O)(O)))C=C1,6.82846888359762E-09,[O-]C(=O)c1c(cccc1)CCC(=O)Nc2ccc(cc2)C,4.4892723101046985e-07,0.667
CN(CC1=CC=CC=C1)C(=O)NC=CC2=CC=CC=C2NC3=C(N)C(N)=CN=C3,6.82846888359762E-09,FC(F)(F)C=Cc1c(NC(=O)N(Cc2ccccc2)C)cccc1,8.67057568279137e-07,0.46
C=C(CC1=CC=CC=C1C)CCC2=CC(C(=O)N)=CC(N)=C2CCC(=O)C,6.82846888359762E-09,O=C(N)c1ccc(cc1)CCC(=O)NCCNC(=O)Cc2c(cccc2)C,5.923383423429206e-08,0.397
CC(N)(C)C1=CC=CC=C1CCC(=O)CCC(C(N))=CNC2=CC=CN=C2,6.82846888359762E-09,O=C(Nc1cnccc1)CCc2c(cccc2)C[NH3+],5.49713699241593e-07,0.435
O=C(CC1=CC=CC=C1)NCCC=CC=CC2=CC(C(C(=O)(N)))=CN=C2C#N,6.82846888359762E-09,Brc1cnc(C#N)c(NCCNC(=O)Cc2ccccc2)c1,3.666193129637751e-07,0.478
CCC1=CC=CC=C1CCNC2=NC=CC=C2C=CC3=CCCCC(=N)3,6.82846888359762E-09,FC(F)(F)c1c(nccc1)NCCc2c(cccc2)CC,1.1358703084564073e-06,0.467
CCCC1=CC=C(C(=O)N)C=C1CC(C)C2=C(C(=O)O)C3=CC=CC=C3[NH1]2,6.82846888359762E-09,O=C(NCC(CNC(=O)C=1c2c(NC1C)cccc2)C)c3cc(N)c(cc3)CCC,1.2967769059876142e-08,0.444
O=C(NCC1=CC=CC=C1)CCC2C(C(=O)C)=CC3=CC=CC=C3S2,6.82846888359762E-09,S1c2c(NC(=O)C1CC(=O)NCCC(=O)NCc3ccccc3)cccc2,2.2254963963401058e-08,0.452
O=C(CC1=CC=CC=C1)NCC2=CC=CC(N)=C2CCCC(=O)C3CCCC(=O)3,6.82846888359762E-09,O=C(NCCC(=O)NCC1C(=O)CCC1)Cc2ccccc2,5.782647411208766e-07,0.439
OC(=O)C=CCOCC=CC1=CC=CC=C1C=CC2=CC3=CC=CC=C3C2,6.82846888359762E-09,O=C(N1CCN(C(=O)C=CCOCc2ccccc2)CC1)C3=Cc4c(cccc4)C3,2.504593513241216e-08,0.394
CN(CC1=CCCC=C1)C(=O)CCNC2=CC(C(=O)O)=CC=C2NC3=CC=CN=C3,6.82846888359762E-09,O=C(NCCC(=O)N(Cc1ccccc1)C)c2ccc(Nc3cnccc3)cc2,2.9154641752295277e-08,0.442
O=C(CC1=CC(C(=O)O)=CC=C1)CCC=CC=CCC=CC2=C(N)C=NC=C2,6.82846888359762E-09,[O-]C(=O)c1cc(ccc1)CC(=O)NNC(=O)c2c(N)ccnc2,2.994020218722163e-07,0.456
O=C(CCC1=CCCC(C(=O)N)=C1)CCC(C)=CC2=CC=CC=C2Cl,6.82846888359762E-09,Clc1c(cccc1)C=C(C(=O)N2CC=C(C(=O)N)CC2)C,2.994020218722163e-07,0.438
CC1=CC=CC(N)=C1CCCC(=O)CC=CC=CC2=CC(C(N))=CC=C2C#N,6.82846888359762E-09,O=C(Nc1c(c(ccc1)C)C[NH3+])C=Cc2c(C#N)cccc2,9.120908228220764e-07,0.373
CC1=CC=CC=C1CC(=O)NCCC2=CC3=CC(C)=CC=C3CC(C(=O)(O))2,6.82846888359762E-09,O=C(NCCNC(=O)Cc1c(cccc1)C)Cc2c(cc(cc2)C)C,6.554659724274868e-08,0.518
CC=CC=CC1=CC(N)=CC=C1NC(=O)CCC(N)C2=CC=C(C)C=C2,6.82846888359762E-09,O=C(Nc1c(cc(N)cc1)C)CC([NH3+])c2ccc(cc2)C,5.685866541802747e-07,0.534
C(CN)=C(CCC1=CC=CC(C(=O)N)=C1)CCCC(O)C2=CC=CC=C2,6.82846888359762E-09,O=C(N)c1cc(ccc1)CCNC(=O)CCCC(O)c2ccccc2,8.026214485119952e-08,0.638
O=C(CC1=CC=CC=C1)NCCC=CC=CC=C(N)C2=CC(=O)CC2,6.82846888359762E-09,O=C(NCCNC(=O)Cc1ccccc1)C2=CCC2,7.323984638763735e-07,0.421
O=C(CC1=CC=CC(C(=O)(N))=C1)C2=CC=CC=C2CC(=O)CCC(N)CN,6.82846888359762E-09,O=C(N)c1c(cccc1)CC(=O)NCc2cc(ccc2)C(=O)N,9.995428629292189e-08,0.466
O=C(CCC1=CC=CC=C1)NCCCC(C(=O)C(N))CCC2=CC=CC=C2,6.82846888359762E-09,O=C(NCCCCNC(=O)CCc1ccccc1)CCc2ccccc2,8.443080184870419e-08,0.625
CC1=C(C(=O)N)C=CC=C1CC(C)CCC2=CC(C(=C)N)=CC=C2C,6.82846888359762E-09,O=C(NCC(CNC(=O)c1cc(c(cc1)C)CO)C)c2c(c(ccc2)C(=O)N)C,1.787048067207503e-08,0.468
C=C(N)C1=CC=CC(C(=O)(O))=C1CCCC=CC2=CC3=CC=CC=C3C(=O)2,6.94469833611955E-09,O=C1OC(C(=O)NCC=CCNC(=O)c2c(cccc2)C(=O)N)=Cc3c1cccc3,7.253213413653791e-08,0.306
CC1=CC=CC=C1CNC=CC2=CC=CC=C2NC(=O)NC(N)=CCCl,6.94469833611955E-09,FC(F)(F)C=Cc1c(NC(=O)NCc2c(cccc2)C)cccc1,8.104528054528737e-07,0.492
O=C(CCC1=CC=CC=C1)NCC=2C=CC3=CC=CC(C(=O)O)=C3S=2,6.94469833611955E-09,[O-]C(=O)c1c(NC(=O)CNC(=O)CCc2ccccc2)cccc1,8.881597064258669e-08,0.509
CC(N)(C)C1=CC=CC=C1CCCCC(C)C(N)C2=CC=CC=C2,6.94469833611955E-09,FC(F)(F)c1c(cccc1)CC[NH2+]C(C([NH3+])c2ccccc2)C,1.4489805022498712e-07,0.451
O=C(CC1=CC=CC=C1)NCCCC(C2=CC=CC(C(=C)N)=C2)Br,6.94469833611955E-09,O=C(N)c1cc(ccc1)CC(=O)NCCNC(=O)Cc2ccccc2,3.6307669249047665e-08,0.519
O=C(NC1CCCCC1)CCCCC2=CC=CC(N)=C2CC(N)C,6.94469833611955E-09,O=C(NC1CCCCC1)CCCc2c(N)cccc2,9.120908228220764e-07,0.623
CC1=CC=CC=C1NC(=O)CC2C=CC3=CC(C)=C(C(=O)C)C=C3C2,6.94469833611955E-09,O=C(Nc1c(cccc1)C)CNc2cc(c(cc2)C(=O)C)C,1.8351993794011885e-07,0.466
CC(N)(C)C1=CC=CC=C1NCCC(=C(=O))CCC2=CC(C(O))=CC=C2,6.94469833611955E-09,O=C(NCCc1cc(ccc1)CO)CCNc2c(cccc2)C,3.4268503222272783e-07,0.475
C(=O)=C(CC1=CC(C(=O)N)=CC=C1)CC(=N)CC2=CC=CC=C2CC,6.94469833611955E-09,O=C(N)c1cc(ccc1)CC(=O)NCCNC(=O)Cc2c(cccc2)CC,9.032773438039763e-08,0.574
O=C(CCC1=CC(C(=O)N)=CC=C1)C(C(=O)N)CC(C)=CC2=CC=CC=C2,6.94469833611955E-09,O=C(N)c1cc(ccc1)CC[NH2+]CC(=Cc2ccccc2)C,6.337092539563196e-08,0.611
O=C(CCCCC1=NC=CC(C(=C)N)=C1)CCCCC(N)C2=CC=CC=C2,6.94469833611955E-09,O=C(NC(c1ccccc1)CCCCC)c2cc(ncc2)C[NH3+],1.1440416335501127e-07,0.403
O=C(CC1=CC=CC(C(=O)N)=C1C(=O))CSC=CC=CC2=CC=CC=C2,6.94469833611955E-09,O=C(N)c1c(cccc1)CC(=O)NCC=Cc2ccccc2,1.1635147152901843e-07,0.407
CC1=CC=CC=C1CCC(CCCC(N)(N)C)C2=CC=C(C(=O)O)C(C)=C2,6.94469833611955E-09,O=C(OC)c1c(cc(cc1)C([NH2+]CCCc2c(cccc2)C)C)C,1.4489805022498712e-07,0.409
O=C(NCC1=CC=CC=C1)NCCCN2C=C(C(=O)N)C(N)=CC2=C,6.94469833611955E-09,O=C(NCc1ccccc1)NCCCN2C(=O)CCC2=O,1.2152033294281094e-06,0.482
O=C(NCC1=CCCC=C1)NCCCCCCCC2=CC(C(=O)N)=CC=C2F,6.94469833611955E-09,Fc1c(cc(cc1)C(=O)N)C(=O)NCCCCCCNC(=O)C2=CCC2,3.950468696913859e-08,0.453
O=C(C1=CC=CC=C1NC(=O)C2=CC=CC(N)=C2)N3CC(C)CC(C(=O)O)=C3,6.94469833611955E-09,O=C(N1c2c(cccc2)CC(C1)C)c3c(NC(=O)c4cc(ccc4)C)cccc3,3.1950013480674694e-09,0.493
CN(CC1=CC=CC=C1N)C(=O)CC2N(C)CC3=CC=C(C(=O)C)C=C3C2,6.94469833611955E-09,O=C(N(Cc1c(N)cccc1)C)c2cc3c(cc2)CC([NH3+])C3,2.1005047144726285e-07,0.532
CN(CC1=CC(C(C(N)))=C(N)C=C1)C(=O)C(C)CC2=CC(N)=CC=C2,6.94469833611955E-09,Fc1cc(ccc1)CC(C(=O)N(Cc2c(N)cccc2)C)C,4.196195813603635e-07,0.542
C=C(CCCC=CC1=C(C(=O)N)C=CC=C1C(=O)N)C2=CC=CC(N)=C2,6.94469833611955E-09,O=C(NCC=CCNC(=O)c1cc(N)ccc1)c2c(cccc2)C(=O)N,1.0238693809699677e-08,0.455
C(C(C(=O)C))N(CC1=CC=CC=C1NCC(C))CCC2=CC=CC=C2C(C(=O)(N)),6.94469833611955E-09,O=C(N)CC[NH+](Cc1c(NCC)cccc1)Cc2ccccc2,4.125966479155306e-07,0.5
C(N)C(=O)C(CCC1=CC=CC(N)=C1)CC=CCCC2=CC=CC=C2,6.94469833611955E-09,O=C(NCCCc1cc(N)ccc1)C(Cc2ccccc2)CCc3ccccc3,1.7277310266162335e-08,0.483
CC(N)(C)C1=CC=CC=C1NC(=O)CCC=C(N)C2=C(C)C=CC(N)=C2,6.94469833611955E-09,O=C(Nc1c(cccc1)C(C)(C)C)c2c(ccc(N)c2)C,5.138263317745444e-07,0.526
CC1=CC=CC=C1CC(=O)NCC2C=CC3=CC=CC(C(=O)(O))=C3C2,6.94469833611955E-09,O=C(NCC1C=CC(NC(=O)C)C1)Cc2c(cccc2)C,2.798559374393035e-07,0.492
CC(CCC1=CC=CC(C(=O)N)=C1)C(=N)CCC=CC2=CC=CC=C2,6.94469833611955E-09,O=C(N)c1cc(ccc1)CCNC(=O)CCC=Cc2ccccc2,9.342889642716196e-08,0.614
O=C(CCCCNC(=O)C(N)C1=CC=CC=C1)C=C2C=CC3=CC=CC=C32,6.94469833611955E-09,O=C(NCCCCNC(=O)C(c1ccccc1)c2ccccc2)C(c3ccccc3)c4ccccc4,1.4349790904006653e-08,0.42
O=C(CC1=CC=CC(C(C(N)))=C1)C(=O)SCC(=O)CC=C(C2=CC=CC=C2)F,6.94469833611955E-09,[O-]C(=O)C(=O)Cc1cc(c2ccc(cc2)C(=O)c3ccccc3)ccc1,7.629930967206321e-08,0.323
NCC1=CC=CC=C1CC(=C)C2=CC3=C(C(=O)C(=C(N)))C=CC=C3S2,7.06290616561941E-09,S1c2c(c(ccc2)C(=O)OC)C=C1C(=O)NCc3c(cccc3)C[NH3+],7.012459310633414e-08,0.462
CC(=O)CCC1=CC=CC(C(=O)O)=C1CCCCCC=CC2=CC=CC(=O)C2,7.06290616561941E-09,O=C(NCCCC=CC)c1c(cccc1)CN2N=NC(=C2)CCC(=O)C,9.032773438039763e-08,0.282
CN(CC1=CC(C(=O)N)=CC=C1)N2CCCC(C3=CC=CC(N)=N3)=C2,7.06290616561941E-09,O=C(N(Cc1cc(ccc1)C(=O)N)C)c2nc(N)ccc2,9.663652860855617e-08,0.508
CNC1=CC=CC=C1C(=O)CCC=CC2=C(C(=C(N))C)C3=CC=CC=C3[NH1]2,7.06290616561941E-09,O=C(NCC=CCNC(=O)C=1c2c(NC1C)cccc2)c3c(NC)cccc3,2.0453924147377183e-08,0.462
CCC1=CC=CC=C1CC=CC2=NC=CC=C2C(N)=CC3=CC=C[NH1]3,7.06290616561941E-09,O=C(NCC=CCNC(=O)C=CC=1NC=CC1)c2c(cccc2)CC,1.80448469478674e-07,0.388
C(C(=O)N)C1=CC=CC=C1NC(C)CCC=CC(=O)CC2=CC=CC=C2,7.06290616561941E-09,O=C(Nc1c(cccc1)CC(=O)N)NC(CCc2ccccc2)C,3.5102517843139754e-08,0.509
C(C(N))C1=CC=CC=C1CC2=CC=CC=C2CCC=CC=CC=N,7.06290616561941E-09,O=C(Nc1c(cccc1)CCC=C)c2c(cccc2)CC[NH3+],2.1362580461703596e-07,0.321
O=C(CC1=CC=CC(C(=O)C(N))=C1)N2CCCC(C3=CC=C(C(=O)C(N))C=N3)=C2,7.06290616561941E-09,O=C(N1CCN(C(=O)Cc2cc(ccc2)C(=O)N)CCC1)c3cnc(c4ccccc4)cc3,3.0668876159758165e-08,0.431
O=C(CCC1=CC=CC=C1)NCCC(C(=O)N)CC(C(=O)N)CC2=CC=CC=C2,7.06290616561941E-09,[O-]C(=O)C(Cc1ccccc1)CCNC(=O)CCc2ccccc2,1.5765683215060107e-07,0.705
CN(CC1=CC=CC=C1C(=C)(N))C(=O)C=C(N)C2=CC=CC(N)=C2,7.06290616561941E-09,O=C(N(Cc1c(cccc1)C)C)c2cc(N)ccc2,1.367600676037962e-06,0.5
CC1=CC=CC(C(=O)N)=C1CCCC=C2CC(=O)N=C2NCCCC,7.06290616561941E-09,O=C(N)c1c(NCC(=O)NCCCC)c(ccc1)C,1.0439471018076073e-06,0.415
C(C(=O)(C))C(CCC=CC1=CC=CC(N)=C1)C(=O)CC2=CC=CC=C2Cl,7.06290616561941E-09,Clc1c(cccc1)CN(C(=O)C=Cc2cc(N)ccc2)C,5.405134547940605e-07,0.484
CC(NCC1=CC=C(C(N))S1)(C)CC2=CC(Cl)=C(N)C=C2Cl,7.06290616561941E-09,Clc1c(N)cc(Cl)c(c1)C=2SC(=CC2)CC(=O)OC,7.575434133745734e-07,0.311
CC(C)(N)C1=CC=CC=C1CC(=C(CC))C2=CC3=CC=CC=C3[NH1]2,7.06290616561941E-09,O=C(NCc1c(cccc1)C(C)(C)C)C=2Nc3c(cccc3)C2,8.586792429037428e-08,0.456
CC(CC1=CC=CC=C1)NCC(=O)CC(C)CC2=CC(C(=O)N)=CC=C2,7.06290616561941E-09,O=C(N)c1cc(ccc1)C[NH+](CC(Cc2ccccc2)C)C,8.026214485119952e-08,0.547
O=C(NC1=CC=CC=C1NC(C(=O)N)=C(N))C(N)=CC2=CC=CC=C2,7.18312604665534E-09,O=C(Nc1c(NC(=O)C)cccc1)C(=Cc2ccccc2)C,6.39892496845819e-07,0.477
CC1=CC=C(CNC(=O)N(C)C(=O)C=CC2=CC(C(=O)C(N))=CC=C2)N1,7.18312604665534E-09,Clc1cc(ccc1)C=CC(=O)N(CCNC(=O)C=2C(=O)NC(=CC2)C)C,9.501917818235031e-08,0.4
O=C(CC1=CC=C(N)C=C1)CCC2=CC=CC=C2CCCCC(N)C,7.18312604665534E-09,O=C(Nc1c(cccc1)CCC(C)C)Cc2ccc(N)cc2,1.6584521607389992e-07,0.455
O=C(CC1=CCCC=C1)NCCC=CC=CC2=CC(C(=O)O)=CC=C2C,7.18312604665534E-09,O=C(NCCNC(=O)CC1=CCCC1)c2cc(c(cc2)C)C,8.881597064258669e-08,0.338
NC(=CC1=CC=C(C(=O)O)C=C1)CCCC=C2C=CC3=CC=C(C(=O)O)C=C3C2,7.18312604665534E-09,O=C(NCCCCNC(=O)C=Cc1ccc(cc1)C(=O)N)c2cc3c(cc2)CC3,3.281089411501842e-08,0.26
CCC1=CC=CC(C(C(=O)O))=C1CC(=C(=C))C2=CC3=CC=C(C(=O)N)C=C3S2,7.18312604665534E-09,Brc1cc2SC(C(=O)NCCNC(=O)c3c(cccc3CC)CC)=Cc2cc1,5.352905056385263e-08,0.366
C(CC1=CC=CC=C1C(=C(N))CC(N)C)NCC2=CC=CC=C2,7.18312604665534E-09,[NH2+](Cc1ccccc1)CCc2c(cccc2)CC,3.7920621007542017e-07,0.457
O=C(CC1=CC(C(=O)N)=CC=C1)CC(C(=O)N)CC#CC2=CC=CC=C2,7.18312604665534E-09,O=C(N)c1cc(ccc1)CC(=O)NCC#Cc2ccccc2,1.5501821972997198e-07,0.585
O=C(NCC1=CC=CC(N)=C1)C(N)CCC=CC2=CC=C(C(=O)N)C=C2F,7.18312604665534E-09,Fc1c(cc(cc1)C(=O)N)C(=O)NCc2cc(N)ccc2,4.565685583961553e-07,0.516
C(C(=O)C)C(CC1=CC=CC(C(N))=C1)=CCCC(C2=CC=CC=C2)N,7.18312604665534E-09,O=C(Nc1cc(ccc1)C[NH3+])C(c2ccccc2)CC=C(C)C,6.024207140153831e-08,0.419
CC(C)C1=CC=C(N)C=C1N2CNC(CC3=CC=CC(N)=C3)=C2,7.18312604665534E-09,[NH+]1(Cc2cc(N)ccc2)CCN(c3c(cccc3)C(C)C)CC1,1.6584521607389992e-07,0.424
O=C(CCC1=CC=CC=C1)N(C(=O)N)C(=C(=N))C=CC=CC2=CC=CC=C2F,7.18312604665534E-09,Fc1c(cccc1)C=CC(=O)N(CCN(C(=O)CCc2ccccc2)C)C,1.0338595034593203e-07,0.492
O=C(CC1=CC(N)=CC=C1)OCC2=CC=CC(N)=C2C3CCC(C)CC3,7.30539222697057E-09,O=C(N(C1CCC(CC1)C)C2CC2)Cc3cc(N)ccc3,1.686681181030728e-07,0.5
CC1=CC=CC=C1C(N)CC(=N)C(=O)CNC2=CC=CC3=C2C=CC=C3,7.30539222697057E-09,O=C(NCCNc1c2c(ccc1)cccc2)CC([NH3+])c3c(cccc3)C,1.8798638079786138e-08,0.679
O=C(CC1=CC=CC=C1)NCCCNC=CC2=C(C(=C(N))N)C=CC=C2C#N,7.30539222697057E-09,O=C(NCCNC(=O)Cc1ccccc1)c2c(C#N)cccc2,1.4736440415238076e-07,0.508
O=C(NCC(=O)NCC1=CC=CC=C1)NCC2=CC=C3CC(=C(=C))C[NH1]C3=C2,7.30539222697057E-09,O=C(NCc1cc2NCCc2cc1)NCC(=O)NCC(=O)NCc3ccccc3,5.1752274145034865e-08,0.667
O=C(CC1=CC(=O)CC=C1)NCCCCC=CC2=CC(C(=C)C)=CC=C2,7.30539222697057E-09,Clc1cc(ccc1)C=CC(=O)NCCCCNC(=O)Cc2ccc(cc2)C(=O)C,3.6925673166338796e-08,0.368
CC1=C(C(=O)C)C=CC(C)=C1CC(=O)NC(=O)C(=N)CC2=CC=CN=C(N)2,7.30539222697057E-09,O=C(NCc1c(cccc1C)C)Cc2c(nccc2)N,4.3402610144769007e-07,0.492
C(C(=O)N)CC1=CC(N)=CC=C1C(=O)N2CC3=C(C(=O)N)C=CC=C3S2,7.30539222697057E-09,O=C(N1Cc2c(c(ccc2)C(=O)N)CC1)c3c(cc(N)cc3)CC,1.0875561204824821e-07,0.462
CC(N)(C)C1=CC=CC=C1NCCC=CC2=CC(C(=O)N)=CC=C2C,7.30539222697057E-09,O=C(N)c1cc(NCC(=O)Nc2c(cccc2)C(C)(C)C)c(cc1)C,8.881597064258669e-08,0.46
O=C(CC1=CC=CC=C1)NCC=CC(C2=CC=CC(C(=O)N)=C2)Cl,7.30539222697057E-09,O=C(N)c1cc(ccc1)CC(=O)NCC=CCNC(=O)CCNC(=O)Cc2ccccc2,3.5102517843139754e-08,0.611
C(=N)=C(CC1=CC=CC=C1N)CCC=CNC(=O)C2=CC=CC=C2,7.30539222697057E-09,O=C(NNC(=O)Cc1c(N)cccc1)c2ccccc2,1.0264751549738792e-06,0.471
CC(=O)C1=CC=CC=C1NC(=O)CC(C(=O)C(N))CC2=CC(C(=O)(N))=CC=C2,7.30539222697057E-09,O=C(N)c1cc(ccc1)CC(=O)Nc2c(cccc2)C(=O)C,3.149523704937078e-07,0.648
O=C(C(N)C1=CC=CC=C1)NCC2=CC=CC=C2CCCCC(=C(N)(N))F,7.30539222697057E-09,FC(c1ccccc1)C(=O)NCc2c(cccc2)CCC([O-])=O,2.247211062304602e-07,0.473
CC(N)(C)C1=CC=CC=C1NC(=O)CCC=CC2=C(N)C=CC(N)=C2,7.30539222697057E-09,O=C(Nc1c(cccc1)C(C)(C)C)CCC=Cc2ccccc2,9.995428629292189e-08,0.536
O=C(NCC1=CC=CC=C1)NCCC=CC=CC=CC2=CCCCC2,7.30539222697057E-09,O=C(NCc1ccccc1)NCCC2=CCCCC2,3.149523704937078e-07,0.566
O=C(CC=CC=C1C=CC=CC1=C)C2=CC=CC3=CC(N)=CC=C32,7.30539222697057E-09,Fc1c(c2c3c(cc(N)cc3)ccc2)cccc1C(=O)N,5.49713699241593e-07,0.367
O=C(CC1=CC=CC=C(C)1)NCCCC2=CC=CC3=C2CC(=N)C=C3C,7.30539222697057E-09,O=C(NCCCc1c(cccc1)C)Cc2c(cccc2)C,2.1362580461703596e-07,0.612
O=C(CC1=CC=CC=C1)NCC2=CC=CC=C2C=CNCCCC(=O)(N),7.30539222697057E-09,O=C(NCCC(=O)NCCCC(=O)N)Cc1ccccc1,9.757943282630954e-07,0.56
O=C(NCCC(=O)CCC1=CC=CC(=C(N))C1)C(=O)NC2=CC=CC=C2,7.30539222697057E-09,O=C(Nc1ccccc1)C(=O)NCCC(=O)Nc2ccccc2,4.4141379216012356e-07,0.462
O=C(CC1CCC2=CC=CC=C2)CC1C3=CC(C(=O)N)=CC=C3,7.4297395372495E-09,O=C(N)c1cc(ccc1)C[NH2+]C2C(CCc3ccccc3)CCC2,1.9118615434800554e-08,0.509
CCC1=CC=CC=C1CCC(=C(C(=C)C))CNCC2OC3=CC=CC=C3O2,7.4297395372495E-09,O1c2c(cccc2)C([NH2+]CCc3c(cccc3)CC)C1C,2.0653497658821164e-07,0.397
O=C(C1=CC=CC=C1)NC(=C)C=CC2=CC=CC(N)=C2C3=CC=CS3,7.4297395372495E-09,S1C(C2=NN(c3ccccc3)C=C2C=CC(=O)NNC(=O)c4ccccc4)=CC=C1,3.01555886830405e-08,0.397
NC(=C)C1=CC=CC=C1NC(C)=CCC2=CC(C(=O)C)=C(C)C=C2C,7.4297395372495E-09,O=C(Nc1c(cccc1)C(=O)C)c2c(cc(c(c2)C)C)C,2.247211062304602e-07,0.462
O=C(CC1=CC=CC=C1)NCCCC(C2=CC=CC(C(=O)N)=C2)CC(=O)(C(O)),7.4297395372495E-09,O=C(N)c1cc(ccc1)CC(=O)NCCNC(=O)Cc2ccccc2,3.6307669249047665e-08,0.566
C=C(CC1=CC(N)=CC=C1N)C(=C)CC(=O)CC2=CC=CC(C(=O)N)=C2,7.4297395372495E-09,Fc1c(cc(N)cc1)CNC(=O)Cc2cc(ccc2)C(=O)N,1.0514571415418938e-07,0.491
C=C(CC1=CC=CC=C1)NCC2=CC=CC(N)=C2CC(=O)CC3=NC=CC=C3,7.4297395372495E-09,O=C(NCc1ncccc1)C(=O)NCc2c(N)cccc2,4.802818259561917e-07,0.491
NC(=O)CCCC(=O)NC(=O)CC(=N)C=CC1=CC2=CC=CC=C2N1,7.4297395372495E-09,O=C(NNC(=O)CCCCC(=O)N)C=1Nc2c(cccc2)C1,4.196195813603635e-07,0.475
CC1=CC=CC=C1CC(=N)C(=O)CCC=C2CC[NH1]C3=CC=CC=C32,7.4297395372495E-09,O=C(NCc1c2c(NCC2)ccc1)Cc3c(cccc3)C,1.4247297425566048e-07,0.435
CC1=CC=CC=C1C=C=CC2=CC=CC=C2C3=C(N)C=CC(N)=C3,7.4297395372495E-09,Nc1c(c2c(cccc2)C)cc(c3ccccc3)cc1,4.056912532995847e-07,0.419
CC(CC1=CC(C(=C)N)=CC=C1NC(=O)C)CCCC2=CC=CC=C2C(N)=O,7.4297395372495E-09,O=C(OC)c1cc(c(NC(=O)CCc2c(cccc2)C(=O)N)cc1)CC(C)C,5.444018486747391e-08,0.5
O=C(CC1=CC=C(N)CC1)NCCC2=CC=CC=C2C(N)(C)C,7.4297395372495E-09,FC(F)(F)c1c(cccc1)CCNC(=O)CC2=CCCC2,6.186527048637454e-07,0.492
O=C(NCCC(N)=C1C=CC=CC1=C)C2=CC=CC3=C(N)C=C(C(=O)O)C=C32,7.4297395372495E-09,[O-]C(=O)c1cc(ccc1)CCNC(=O)c2c3c(c(N)ccc3)ccc2,4.6768036128584304e-08,0.469
NC(=O)NC1=CC=C(C(=O)N)N1NCCCC2=CC(Br)=CC=C2Cl,7.4297395372495E-09,Brc1cc(c(Cl)cc1)CCC(=O)Nc2ccc(NC(=O)N)cc2,1.0514571415418938e-07,0.491
O=C(CC1=CC=CC=C1)NCC=CCC(C(=O)C(N))CC2=CC=CC(C(=O)N)=C2,7.4297395372495E-09,O=C(N)c1cc(ccc1)CC(=O)NCC=CCNC(=O)C(Cc2ccccc2)CC=C,3.819341775176634e-08,0.639
O=C(NCC1=CC=CC=C1)NCCCC=C2C=C(C(=O)N)C(N)=CC2,7.4297395372495E-09,O=C(NCc1ccc(cc1)C(=O)N)NCc2ccccc2,2.705667491374261e-07,0.434
CC(C(=O)CC1=CC=CC(C(=C)C(N))=C1)(O)CCCCCCC2=CC=CC=C2,7.4297395372495E-09,O=C(N)c1cc(ccc1)CC(=O)NCC(O)(CNC(=O)CCCCCCc2ccccc2)C,7.556203401040325e-09,0.455
O=C(CC1=CC=CC=C1)CC(=N)C2=CC=C(C3=CC=CC=C3F)C(=O)[CH1]2,7.4297395372495E-09,Fc1c(cccc1)C2=NN(C(=O)C=C2)CC(=O)Cc3ccccc3,1.2447785150583495e-07,0.4
C(=O)=C(CCC1=CC=CC=C1NC)CCCC(N)=CC2=CC=CC=C2,7.4297395372495E-09,O=C(Nc1c(cccc1)CCC(=O)N)C(=Cc2ccccc2)C,9.828140844988804e-08,0.456
C(N)=CC1=C(C(=O)N)C=CC=C1CCNC(=C)C2=CC(N)=CC=C2,7.55620340104033E-09,O=C(NCCNC(=O)CCc1c(cccc1)C(=O)N)c2cc(N)ccc2,1.331718053230139e-07,0.475
O=C(CC1=CC=CC=C1)NCC2=CC=CC=C2CCC(O)CC3=CCCC=C3,7.55620340104033E-09,O=C(NCCNC(=O)Cc1ccccc1)NCCC(O)CCc2ccccc2,5.1752274145034865e-08,0.433
O=C(CC1=CC=C(C(=O)O)C=C1)CCCCCC=CC2=CC=CN(C(=O)N)C2,7.55620340104033E-09,O=C(N)c1ccc(cc1)CC(=O)NCCCCCCNC(=O)CCC=Cc2ccccc2,5.824247135708563e-08,0.311
C=C(CC1=CC=C(O)C=C1)NCC2=CC=CC=C2SC(=O)CC3=CC=CC=C3,7.55620340104033E-09,S(c1c(cccc1)CNC(=O)Cc2ccc(O)cc2)c3ccccc3,8.361495206493742e-09,0.558
CC(=N)C1=CC=CC=C1CC=C(N)CCCC2=CC3=CC=CC=C3[NH1]2,7.55620340104033E-09,O=C(N(CCN(C(=O)CCC=1Nc2c(cccc2)C1)C)C)CCc3c(cccc3)C(=O)N,2.634677144749383e-08,0.453
O=C(C)C1=CC(N)=C(C(=O)N)C=C1CSC=CC2=CC(C(N))=CC=C2F,7.55620340104033E-09,Fc1c(F)ccc(c1)C=Cc2c(F)cc(N)c(c2)C(=O)C,3.989014303322279e-07,0.381
C(C(=O)C)=C(CCC=C1C=CC=C1)CCC(=O)NC2=CC=CC=C2Cl,7.55620340104033E-09,Clc1c(NC(=O)CCSCCC=C(C)C)cccc1,1.0264751549738792e-06,0.482
CC(N)(C)C1=CC=CC=C1NCCCCCC=C(N)C2=CC=CC=C2,7.55620340104033E-09,O=C(NCCCCCCNC(=O)c1ccccc1)c2c(cccc2)C(C)(C)C,5.536682786610249e-08,0.351
NC1=CC=CC=C1CC2=CC=CC=C2NC=CC3=CC(N)=CC(O)=C3,7.55620340104033E-09,O=C(NCc1c(N)cccc1)C=Cc2cc(O)ccc2,1.1748673885314715e-06,0.379
C=C(CCC1CCCC1)CCC2CC3=CC(C(=O)N)=CC=C3CC2,7.55620340104033E-09,O=C(N1CCN(C(=O)CCC2CCCC2)CC1)c3cc4c(cc3)CC4,3.226175690629193e-08,0.464
O=C(CC1=CC=CC(C)=N1)CCC=CC=CC=CC2=CC=CC=C2C(N),7.55620340104033E-09,O=C(OCc1nc(ccc1)C)CCC=Cc2ccccc2,8.67057568279137e-07,0.413
O=C(NC(=O)CCC1=CC=CC=C1)NCCCCC2CC=CC(C)=C2,7.55620340104033E-09,O=C(NCCCCNC(=O)CCc1ccccc1)C2CC=CC2,1.6584521607389992e-07,0.483
CC(C)C1=CC=CC=C1NC(=O)NCCCC(=O)CC=C(N)C2=CC=CCC2,7.55620340104033E-09,O=C(Nc1c(cccc1)C(C)C)NCCCC(=O)N2CCCC2,9.828140844988804e-08,0.493
CCC1=CC=CC=C1C=C(C(=O)C(N))CCCC2=CC3=CC=CC=C3[NH1]2,7.55620340104033E-09,O=C(NCc1c(cccc1)CC)CCC=2Nc3c(cccc3)C2,5.923383423429206e-08,0.5
CC(C)C1=CC=CC=C1CCCCC(=O)NC(=O)CC2=CC=CN(C(=O)N)C2,7.55620340104033E-09,O=C(N1CC(NC(=O)Cc2c(cccc2)C(C)C)C1)N,1.4489805022498712e-07,0.409
CC1=CC=CC=C1C(=O)C2C(=O)C=CC=C2CCC(=O)C3=CC=CC=C3,7.55620340104033E-09,O=C(NCCNC(=O)CCC(=O)c1ccccc1)c2c(cccc2)C,2.994020218722163e-07,0.411
C(=C(=C(=N)))=C(CCC1=CC(C(=O)O)=CC=C1)CCCC2=CC(C)=CC=C2,7.55620340104033E-09,[O-]C(=O)c1cc(ccc1)CCC(=O)NCCCc2cc(ccc2)C,7.502233167218944e-08,0.582
O=C(NC(=O)CCC(=O)C1=CC(C(=O)C)=CC=C1)C=CC=C2C=CC=C[NH1]2,7.55620340104033E-09,O=C(NCCNC(=O)C=CC=CC)c1cc(ccc1)C(=O)C,3.856607946889424e-07,0.375
CC1=CC=CC=C1NC(=O)CCC2=CC3=CC(Cl)=CC=C3C(C(C(=O)N))2,7.55620340104033E-09,Clc1cc(NC(=O)CCCC(=O)Nc2c(cccc2)C)c(cc1)C(=O)N,8.443080184870419e-08,0.508
CC(N)(C)C1=CC=CC=C1NCCCCC2CC3=CC(C(N))=CC=C3C2,7.55620340104033E-09,N(c1c(cccc1)C(C)(C)C)Cc2cc3c(cc2)CC3,2.8946404526688966e-07,0.404
C(=O)(CC1=CC=CC=C1)NCCCCCCCCN2CC=C(C)C(N)=C(N)2,7.55620340104033E-09,O=C(NCCCCCCNC(=O)CCNC(=O)Cc1ccccc1)c2c(N)c(ccc2C)C,1.774284064318968e-07,0.475
CC1=CC(N)=CC=C1C(N)CCCC=CC2=CN=C(N3CCCC3)C=C2,7.68481984484617E-09,n1c(N2CCCC2)ccc(c3c(cc(N)cc3)C)c1,1.0092956261425883e-06,0.459
O=C(CC1=CC=CC=C1C)CC=CSC2=CC(C(=O)C(N))=CC=C2C(N)=O,7.68481984484617E-09,Clc1c(ccc(c1)C(=O)NCC=CCNC(=O)Cc2c(cccc2)C)C(=O)N,2.9154641752295277e-08,0.414
CN(CC1=CC=CC(C(=O)N)=C1)CSC=CC=C(N)C2=CC=CC=C2,7.68481984484617E-09,O=C(N)c1cc(ccc1)C[NH+](Cc2cc(ccc2)C(=O)N)C,7.759802350413329e-08,0.587
O=C(CC1CCCCC1)NCCC(N)C2=CC=C(C(=O)N)C=C2Br,7.68481984484617E-09,O=C(NC(CCNC(=O)CC1CCCCC1)C)c2ccc(cc2)C(=O)N,3.5102517843139754e-08,0.559
CC(CC1=CC=CC=N1)CC=CC2=CC=CN=C2CC3=CC=CC(C(=O)O)=C3,7.68481984484617E-09,O=C(NC(Cc1ncccc1)C)c2cc(ccc2)Cc3ccccc3,3.281089411501842e-08,0.47
C=C(CC1=CC=C(C(=O)N)C=C1)C(=O)CCC=CC(C)=CC2=CC=CC=C2,7.68481984484617E-09,O=C(N)c1ccc(cc1)CC(=O)N(CC(=Cc2ccccc2)C)C,9.995428629292189e-08,0.483
N=C(CC1=CC(C(=O)N)=CC=C1)C2CCCC(C3=CC=CC=C3)=C2,7.68481984484617E-09,O=C(N)c1cc(ccc1)CC(=O)OC2C=C(c3ccccc3)CCC2,1.8174659576632707e-08,0.661
O=C(NCC1=CC=CC(=O)C1)C(N)CCCCCCCC2=CC=CC=C2,7.68481984484617E-09,O=C(NCc1ccccc1)C([NH2+]C(CCCCc2ccccc2)C)C,2.2254963963401058e-08,0.417
CCC1=CC=CC=C1CC(=C(C(=O)(N)))C=CC2=CC(Br)=CC=C2Cl,7.68481984484617E-09,Brc1cc(NC(=O)Cc2c(cccc2)CC)c(Cl)cc1,2.1726199462367688e-07,0.5
CC(=C)C1=CC=CC=C1CC(=O)NCC(=O)C2[NH1]C3=CC=CC=C3C2,7.68481984484617E-09,O=C(NCC(=C)C)C1Nc2c(cccc2)C1,8.968256792757364e-07,0.547
C(C(=O)N)CC1=CC=C(C(=O)O)C=C1NC(=O)C2=CC3=CC=CC=C3C(N)2,7.68481984484617E-09,FC(F)(F)C1Oc2c(cccc2)C=C1C(=O)Nc3c(cccc3)CCC(=O)N,1.9305160040558177e-07,0.449
N#CC1=CC(O)=C(C(=O)N)C=C1CC(=C(C(=O)N))C2=CC3=CC=CC=C3[NH1]2,7.68481984484617E-09,O=C(NCC=CCNC(=O)C=1Nc2c(cccc2)C1)c3c(O)cc(N)c(C#N)c3,2.7251317633980198e-08,0.486
CC(N)(C)C1=CC=CC=C1NC(C)CCCCC2=CN=C(N)C=C2,7.68481984484617E-09,n1c(N)ccc(c1)CNc2c(cccc2)C(C)(C)C,8.818160197246959e-07,0.481
O=C(CC1=CC(C(=C(N))C)=CC=C1)CSC2=CC=CC=C2C=CCC(=O)N,7.68481984484617E-09,S(c1c(NC(=O)Cc2cc(ccc2)C(=O)N)cccc1)CC(=O)N,4.2983213321261525e-08,0.409
C=C(CC1=CC(C(=O)O)=CC=C1)CCC2=CC=CC=C2[NH1]C(=O)CC3=CC=CCC3,7.68481984484617E-09,[O-]C(=O)c1cc(ccc1)CC(=O)Nc2c(cccc2)CC(=O)NC,7.759802350413329e-08,0.508
O=C(CC1=CC=CC=C1)NCCCCCC(=C)C2=CC(N)=CCC(=N)2,7.68481984484617E-09,O=C(NCCCCCCNC(=O)CCNC(=O)Cc1ccccc1)C=2c3c(cccc3)CC2,3.950468696913859e-08,0.469
O=C(CC1=CCCC=C1)NCCC=CC=CC=CC2=CC=CC=C2,7.68481984484617E-09,O=C(NCCNC(=O)CC1=CCCC1)C=CC=Cc2ccccc2,4.598530619970025e-08,0.459
CCC1=CC=CC=C1CCC(C(=O)C)=C=CC2=NC3=CC=CC=C3N2,7.68481984484617E-09,O=C(NCCc1c(cccc1)CC)CCC2=Nc3c(N2)cccc3,1.1248944616653033e-07,0.483
O=C(NC(=O)C(C(=O)C)CCCC1=CC=CC=C1C(C(=O)N))CCC2=CC=CC=C2,7.68481984484617E-09,O=C(Nc1c(cccc1)CC(=O)N)C(NC(=O)CCc2ccccc2)C,9.995428629292189e-08,0.508
N(CC1=C(C(=O)N)C=CC=C1C(=C(N))CCC)CCCC2=CC=CC=C2F,7.68481984484617E-09,Fc1c(cccc1)CCC[NH2+]Cc2ccc(cc2)C(=O)N,6.08298667624497e-07,0.526
O=C(CC1=CC=CC=C1)NCC2=C(C(=O)O)C=CC=C2[CH1]C(=C)CC=CCC,7.68481984484617E-09,[O-]C(=O)c1c(cccc1)CC(=O)NCCNC(=O)Cc2ccccc2,9.663652860855617e-08,0.482
O=C(NCCCC1=CC(C(=O)N)=CC=C1)NC(=O)CCC2CCC[NH1]C=2,7.81562550838838E-09,O=C(NCCc1cc(ccc1)C(=O)N)NCCC2=CCCCC2,3.33693783557396e-08,0.5
CN(CC1=CC(C(=O)N)=CC=C1)C(=O)CCCC(N)CC(O)C2=CC=CC=C2,7.81562550838838E-09,O=C(N)c1cc(ccc1)CN(C(=O)CCCC(O)c2ccccc2)C,2.590582057060172e-08,0.815
CCC(N)=CC1=CC=C(C(=O)N)C=C1NC(=O)NCCCC2=CC=CC(=O)2,7.81562550838838E-09,O=C(Nc1c(ccc(c1)C(=O)N)C)NCCCc2ccc(cc2)C,9.032773438039763e-08,0.455
CN(CC1=CC=CC(C(=O)N)=C1C)C(=O)CCC=C(N)C2=CC(N)=NC=C2F,7.81562550838838E-09,Brc1c(cc(nc1)N)C(=O)N(CCN(C(=O)c2c(c(ccc2)C(=O)N)C)C)C,3.884351956974374e-08,0.456
CCC1=CC=C(C(=O)N)C=C1CCCCCCC=C2C(C)=CC=C(N)2,7.81562550838838E-09,O=C(NCCCCCCNC(=O)c1cc(c(cc1)CC)CC)c2c(ccc(c2)C(=O)N)C,7.253213413653791e-08,0.413
CC(CC1=CC=CC=C1N)CCC=CC=CC2=CC(N)=CC=C2,7.81562550838838E-09,O=C(NC(Cc1c(cccc1)C)C)C=Cc2cc(N)ccc2,1.377439043709943e-07,0.41
CC(CC1=CC=CC(N)=C1)N(C)C(=O)C=CC(=O)CC2=CC=CC(C(=O)N)=C2,7.81562550838838E-09,O=C(N)c1cc(ccc1)CC(=O)N(C(Cc2cc(ccc2)C)C)C,4.0860975120705305e-08,0.579
O=C(NCC1=CC=CC=C1)NCCCCCC=CC=C2C=CC(N)=CC2,7.81562550838838E-09,O=C(NCc1ccccc1)NCCCCCCCCC=C,4.196195813603635e-07,0.527
CN(CC1=CC=C(N)C=N1)C(=O)NCC2=CC=CC=C2CC3=CCCC=C3,7.81562550838838E-09,O=C(N(Cc1ncc(cc1)C)C)NCc2c(cccc2)CC,1.80448469478674e-07,0.524
O=C(NCCCC=C1CC=CC(C(=O)N)=C1)C=CC2=CC=CC=C2,7.81562550838838E-09,O=C(N)c1ccc(cc1)C=CC(=O)NCCCCNC(=O)C=Cc2ccccc2,1.203460892404676e-07,0.537
C(C(=O)N)=C(CCC=CC1=CC=CC=C1)CCCC2CC3=CC=CC=C3C2,7.81562550838838E-09,O=C(NCCC1Cc2c(cccc2)C1)CCC=Cc3ccccc3,5.263316539506193e-08,0.585
C(C(=O)N)#CC1=C(C(=O)C(C(N)))C=CC=C1NC(=O)C2=CC3=CC=CC=C3C2,7.81562550838838E-09,O=C(NCCC(=O)N)c1c(NC(=O)C2=Cc3c(cccc3)C2)cccc1,8.083954182461677e-09,0.54
C=C(N)C1=CC=CC=C1NC(=O)C=CCC(C(=O)N)CC2=CC=CC=C2,7.81562550838838E-09,O=C(N)c1c(NC(=O)C(Cc2ccccc2)CC=C)cccc1,2.445085884224233e-07,0.527
CCC1=C(C(=O)C)C(N)=CC=C1CC(=O)C2=CC3=C(C(=O)N)C=CC=C3C2,7.81562550838838E-09,O=C(N)c1c2c(ccc1)C[NH+](CC(=O)C=3NC(=C(C(=O)C)C3CC)C)CC2,2.6795227883814164e-08,0.368
O=C(C=CC1=CC=CC=C1)NC(=O)CCCC(=O)CC2=CC(C(O))=CC(=O)C2,7.81562550838838E-09,O=C(NCCCCNC(=O)CC1=Cc2c(cccc2)C1)C=Cc3ccccc3,3.5102517843139754e-08,0.412
O=C(CC1=CC=CC=C1)NC(=O)CNC2=C(C(=C(=N))C(C))C=CC=C2C,7.81562550838838E-09,O=C(NNC(=O)Cc1ccccc1)CNc2c(cccc2C)C,8.301773170513546e-08,0.549
C=C(N)C1=CC=CC=C1NC(=O)C=CCC(C(=O)(N))CC2=CC=CC=C2,7.81562550838838E-09,O=C(N)c1c(NC(=O)C(Cc2ccccc2)CC=C)cccc1,2.445085884224233e-07,0.527
CC(N)(C)C1=CC=CC=C1NN(C(CC))C(=C)CCC2=CC=CC=C2,7.81562550838838E-09,O=C(Nc1c(cccc1)C(C)(C)C)CCc2ccccc2,2.7517214833583634e-07,0.407
CC(C)C1=CC(C(C(=O)N))=CC=C1C(=O)NCC=CC=CCNC2=CC=CC=C2,7.81562550838838E-09,O=C(NCC=CCNC(=O)c1ccccc1)c2c(cc(cc2)C(C)C)C(C)C,1.1918319218472259e-08,0.508
O=C(CF)NC1=CC=CC=C1CC(=C(=C(=N)))CC2=CC=CC(C(N))=C2,7.94865765504404E-09,O=C(Nc1cc(ccc1)C[NH3+])Cc2c(NC(=O)C)cccc2,8.026214485119952e-08,0.475
O=C(C(=O)NC(=O)C(N)C1=CC=CC=C1)CCCCCC2CCCCC2,7.94865765504404E-09,O=C(NCCCCCCNC(=O)CCCCC1CCCCC1)C(c2ccccc2)c3ccccc3,8.083954182461677e-09,0.544
CC(N)C1=C(N)C=CC=C1CCNC(=O)CC2=CC3=CC=CC=C3S2,7.94865765504404E-09,S1c2c(cccc2)C=C1CC(=O)NCCCc3c(N)cccc3,5.923383423429206e-08,0.649
O=C(CC1=CC=CC(C(C(N)))=C1)NC(=O)C(=O)NCC2=CC=C(Cl)[CH1]2,7.94865765504404E-09,Clc1ccc(cc1)CNC(=O)C(=O)NNC(=O)c2cc(ccc2)CC[NH3+],2.9154641752295277e-08,0.429
O=C(CSC1=CC=CC=C1)NCCC(N)CC=CC2=CC(C(=O)N)=CC=C2,7.94865765504404E-09,S(c1ccccc1)CC(=O)NCCc2cc(ccc2)C(=O)N,1.1635147152901843e-07,0.559
C(N)C1=CC=C(C(=C)N)C=C1CCCC=CC2=CC3=CC=CC=C3S2,7.94865765504404E-09,S1c2c(cccc2)C=C1C=CC(=O)c3ccc(cc3)CCCC,4.2983213321261525e-08,0.394
O=C(NCC1=CC=CC=C1)CCCC2=CC(C)=C(C(=O)O)C=C(C(=C(=N))C(N))2,7.94865765504404E-09,[O-]C(=O)c1c(cc(NC(=O)CCCC(=O)NCc2ccccc2)cc1)C,7.376672572429295e-08,0.524
C(=O)=C(CC1=CC(C(C(N)))=CC=C1)N2CCCC(C3=CC=CC=C3)C2,7.94865765504404E-09,O=C(N1CC(c2ccccc2)CCC1)c3cc(ccc3)CC[NH3+],8.586792429037428e-08,0.661
CN(CC1=CC=CC=C1N)CCC=CC=CC=C(N)C2=C(N)C=CC=C2,7.94865765504404E-09,Fc1c(cccc1)C(=O)CC[NH+](Cc2c(N)cccc2)C,1.539110010486632e-06,0.455
ClC1=CC(C(=O)C)=CC=C1C2=CC=CC=C2CCNN3NCC(N)=C3,7.94865765504404E-09,Clc1c(c2c(cccc2)CCCC([O-])=O)ccc(c1)C(=O)C,4.4892723101046985e-07,0.508
C(N)CC1=CC=CC=C1CC(=O)NC(C)CC2=CC3=CC=CC=C3C2,7.94865765504404E-09,O=C(NC(CNC(=O)CC1=Cc2c(cccc2)C1)C)Cc3c(cccc3)CC,3.6307669249047665e-08,0.603
CC(C)C1=CC=CC=C1N(C)CC=C(N)C(=C)CC2=CC(C(=O)C(N))=CC=C2,7.94865765504404E-09,O=C(N)c1cc(ccc1)CN(c2c(cccc2)C(C)C)C,1.7153906960907087e-07,0.525
O=C(CC1=CC=CC=C1N)CCC=CC=CC=CC2=CC=CN=C(C(N))2,7.94865765504404E-09,Brc1c(nccc1)CNC(=O)Cc2c(N)cccc2,1.0264751549738792e-06,0.397
NC(C)(C)C1=CC=CC=C1NCC2CCCC3=CC(C(=O)O)=CC=C23,7.94865765504404E-09,[O-]C(=O)c1cc2c(cc1)CCCC2CNC(=O)c3c(cccc3)C(C)(C)C,1.2327502947867038e-08,0.554
CCC1=CC=CC=C1N(C)C(=O)CC(C(=O)(N))CC2=CC(C(=O)(N))=CC=C2F,7.94865765504404E-09,Fc1c(cc(cc1)C(=O)N)C(=O)N(c2c(cccc2)CC)C,3.989014303322279e-07,0.607
O=C(CC1CCC(C(=O)O)CC1)CC2CCC3=CC=CC(C(=O)O)=C3C2,7.94865765504404E-09,[O-]C(=O)C1CCC(CNC(=O)CC2Cc3c(cccc3)CC2)CC1,1.1140246738246686e-08,0.509
O=C(NCC1=CC=CC=C1)NCC2C(N)=CC3=CC=C(C(=O)N)C=C3C2,7.94865765504404E-09,O=C(NCc1ccc(cc1)C(=O)N)NCc2ccccc2,2.705667491374261e-07,0.52
CC(N)(C)C1=CC=CC=C1CNC(=O)C=CC(C(=O)C)CC2=CC=CC=C2,7.94865765504404E-09,O=C(NCc1c(cccc1)C(C)(C)C)C([NH3+])Cc2ccccc2,6.44495812539366e-08,0.5
NC(CC1=CC=CC(C(=O)O)=C1)=CC(C(C(=O)O))CCCCC2=CC=CC=C2,7.94865765504404E-09,[O-]C(=O)CC(NC(=O)Cc1cc(ccc1)C(=O)N)CCc2ccccc2,8.301773170513546e-08,0.492
O=C(CC1=CC=CC=C1)NOCCC2=CC=CC3=C2CC(=N)C=C3,7.94865765504404E-09,O=C(NOCc1ccccc1)Cc2c3c(ccc2)cccc3,5.263316539506193e-08,0.397
CC(C)C=C(N)C1=CC=CC=C1C(=O)NCCC2=CC(N)=CC=C2,8.08395418246168E-09,O=C(NCCCc1cc(N)ccc1)c2c(cccc2)C(=O)N,2.2854615275150829e-07,0.608
O=C(NCC1=CC=CC=C1)NCN2C(=N)CC3=CC=CC(C(=O)C)=C3S2,8.08395418246168E-09,O=C(NNC(=O)c1c(cccc1)C(=O)C)NCc2ccccc2,3.666193129637751e-07,0.439
CC1=CC=CC2=C1CCC2CCCCC3=CC(N)=CC(C)=C(N)3,8.08395418246168E-09,Clc1cc(c(N)c(c1)C)C[NH2+]C2c3c(c(ccc3)C)CC2,2.572078807222593e-07,0.458
CNC1=CC=CC=C1CCCC=CC2=CC3=CC=CC(C(=C)N)=C3[NH1]2,8.08395418246168E-09,O=C(Nc1c2NC(C(=O)N)=Cc2ccc1)NCc3c(NC)cccc3,7.891884314063093e-08,0.386
O=C(CC1=CC=CC=C1)NCCCCCCC2=CC=CC3=C2CC(=O)C(=O)C(N)3,8.08395418246168E-09,O=C(NCCNC(=O)Cc1ccccc1)NCCCCCc2c3c(ccc2)cccc3,6.895095781354073e-08,0.508
O=C(CC1=CC(=O)CC=C1)NCCCC2=CC(=O)C3=CC=C(C(=O)O)C=C32,8.08395418246168E-09,O=C1NNC(=O)c2c1cc(cc2)C(=O)NCCCCNC(=O)CC=3C(=O)NNC3,7.012459310633414e-08,0.333
CC1=CC=C(C(N))C=C1C(=O)CCC=C2CCCN=C2NCCCC,8.08395418246168E-09,O=C(NCCCC)c1ccc(cc1)CNC(=O)CCC(=O)c2c(ccc(c2)C)C,5.263316539506193e-08,0.373
O=C(CC1=CC=C(N)C=C1)CC2=CC=CC=C2CCC3CCC(=O)CO3,8.08395418246168E-09,O=C(NCCC1Oc2c(OC1)cccc2)Cc3ccc(N)cc3,3.666193129637751e-07,0.413
CCCC1=CC=CC=C1CCC(=O)C=CC2=CC3=CC=C(C(N))C=C3C2,8.08395418246168E-09,O=C(NC1c2c(cc(cc2)C[NH3+])CC1)c3c(cccc3)CCC,8.162831131008149e-08,0.406
CC(C)NC(=O)NCCCCC(=O)SC1=CC2=CC=CC(C(=O)O)=C2C(=C)1,8.08395418246168E-09,[O-]C(=O)c1c(c(ccc1)C(=O)NCCNC(=O)NC(C)C)C,5.881075617324877e-07,0.452
O=C(CC1=CC=CC=C1)NCC(=O)C=CC=CC=C(C(N))C2=CC=CC=C2F,8.08395418246168E-09,Fc1c(cccc1)C(=O)NCCNC(=O)Cc2ccccc2,4.4892723101046985e-07,0.491
CC1=C(C(=O)N)CCC=C1SCCC(=O)CC(=O)CC2=CC=C(C(=O)(O))C=C2,8.08395418246168E-09,O=C(N)c1ccc(cc1)CC(=O)N(CCN(C(=O)C2=CCC2)C)C,1.7445888845670106e-07,0.328
O=C(N)C1=CC=CC=C1C(=O)CN2CC(=C(=O))CC3=CC=CC=C32,8.08395418246168E-09,O=C(N1CCN(C(=O)CN2c3c(cccc3)CC2)CC1)c4c(cccc4)C(=O)N,1.1918319218472259e-08,0.439
CN(C(=O)C1=CC(C(=C(N))C(C(=O)N))=CC=C(C(=O)O)1)CC=CC2=CC=CC=C2F,8.08395418246168E-09,Fc1c(cc(cc1)C(=O)N)C(=O)N(CCN(C(=O)C=Cc2c(F)cccc2)C)C,3.819341775176634e-08,0.457
O=C(NC=CC(N)=CCC1=CC=CC=C1)CNC(=O)C2=CC=CC(=O)N2,8.08395418246168E-09,O=C(NCC(=O)NCC(=O)NCc1ccccc1)C=2NC(=O)C=CC2,6.231032238480951e-08,0.577
O=C(CC1=CC=CC(N)=C1)N2CCCC(C3=CC=CC(C(=O)O)=C(N)3)=C2Cl,8.08395418246168E-09,Fc1c(F)ccc2N(C(=O)Cc3cc(N)ccc3)CCCc12,3.5445020958727777e-07,0.477
CC(N)(C)C1=CC=CC=C1NCCNC(C)(C(=O)C)C2=CC=CC=C2,8.08395418246168E-09,O=C(NCc1c(cccc1)C(C)(C)C)C([NH3+])(c2ccccc2)C,6.126747008126378e-08,0.382
CN(CC1=CC=CC=C1N)C(=C)C=CC2=CC(C(=O)N)=C(N)C=C2Br,8.08395418246168E-09,Brc1c(ccc(c1)C)C=CC(=O)N(Cc2c(N)cccc2)C,1.6584521607389992e-07,0.559
O=C(CC1=CC=CC=C1)NCCNC=CCC2=CC=CC3=C2CCCC(=C(=O))3,8.08395418246168E-09,O=C(NCC[NH2+]Cc1c2c(ccc1)CCC2)Cc3ccccc3,6.024207140153831e-08,0.455
O=C(CC1=CC=CC=C1)NCCCC(N)(C)CC=CC2=CC(C(=O)(N))=CC=C2,8.22155363335718E-09,O=C(N)c1cc(ccc1)CC(=O)NCCNC(=O)Cc2ccccc2,3.6307669249047665e-08,0.536
CC(CC1=CC=C(C)C(N)=C1N)CCCC2=CC=CC3=C2CCC3,8.22155363335718E-09,S(c1c(N)c(ccc1)C)Cc2c3c(ccc2)CCC3,3.2031327089714976e-07,0.481
O=C(CCSC1=CC=CC=C1CC(C(=O)C(N)))NC2=CC=CC3=C2NCCO3,8.22155363335718E-09,Brc1c(SCCC(=O)Nc2c3NC(=O)COc3ccc2)cccc1,6.231032238480951e-08,0.5
O=C(CC1=CC=CC=C1)NCC(=O)CC2=CC(C)=C(N)N=C2C(=C(=N))Cl,8.22155363335718E-09,Clc1nc(N)c(c(c1)C)C(=O)NCCNC(=O)Cc2ccccc2,1.3094298482212222e-07,0.446
CC(N)(C)C1=CCCC=C1NCCCNC(=O)CC2=CC=CC=C2,8.22155363335718E-09,O=C(NCCCNC(=O)CCNC(=O)Cc1ccccc1)C2=CCC2,4.598530619970025e-08,0.482
O=C(C=CC1=CC=CC=C1)NCCC(C(N))CC=CC2=CC(C(=O)O)=CC=C2,8.22155363335718E-09,O=C(NCCC(NC(=O)C(CC=Cc1ccccc1)C)C)C=Cc2ccccc2,2.9650891805873542e-08,0.5
O=C(CCC1=CC=C(C(=O)N)C=C1)NC(=O)CCC=C[NH1]C2=CCCC=C2,8.22155363335718E-09,O=C(N)c1ccc(cc1)CCC(=O)NCCNC(=O)CCC=CCC=C,7.376672572429295e-08,0.459
O=C(CC1=CC=CC=C1)NCCCC(C2=CC=CC(C(=O)N)=C2)C#C(O),8.22155363335718E-09,O=C(N)c1cc(ccc1)CC(=O)NCCNC(=O)Cc2ccccc2,3.6307669249047665e-08,0.577
CN(CC1=CC(C(=C)O)=CC=C1)C(=O)NC(=O)CCC=CC2=CC=CC=C2Cl,8.22155363335718E-09,Clc1c(cccc1)C=CC(=O)N(Cc2cc(ccc2)C(=O)N)C,4.598530619970025e-08,0.5
C(=N)=C(CC1=CC=C(N)C=C1C)CCC(=O)CC2=CC=CC(N)=C2,8.22155363335718E-09,O=C(Nc1c(cc(N)cc1)C)Cc2cc(N)ccc2,4.884568494700594e-07,0.472
O=C(CCC1=CC=CC=C1)NCCCC(C(=O)C)CCC2=CC=CC=C2,8.22155363335718E-09,O=C(NCCCCNC(=O)CCc1ccccc1)C(CCc2ccccc2)CC,1.5095090651174104e-08,0.689
C(N)C1=CC=CC(C(C))=C1CC(=C)NCCCC2=CC=CC(N)=N2,8.22155363335718E-09,O=C(NCc1c(cccc1CC)CC)NCCCc2nc(ccc2)C,3.451502703596816e-08,0.459
NC(N)(C1=CC=CC=C1)N2CCCC(C3=CC(C(=O)N)=CC=C3)C2,8.22155363335718E-09,O=C(NC(c1ccccc1)(C)C)c2cc(ccc2)C3C[NH+](CCC3)C,6.126747008126378e-08,0.508
O=C(CNC1=CC=CC=C1)NCCCCC(=O)CC2=CC(=C(N))CC=C2,8.22155363335718E-09,O=C(Nc1ccccc1)CCCCCNC(=O)CNc2ccccc2,2.247211062304602e-07,0.482
O=C(CC1=CCCC=C1)NC(=O)CCC(C2=CC=C(C(=N)(N))C=C2)=C,8.22155363335718E-09,O=C(NCCNC(=O)CCC(=O)c1ccc(N)cc1)CC2=CCCC2,4.521567637491066e-08,0.269
O=C(CSC1=CC=CC=C1)NCCN2CC(=O)CC3=CC(=O)CC=C32,8.22155363335718E-09,S(c1ccccc1)CC(=O)NCCN2C(=O)c3c(cccc3)C2,2.1362580461703596e-07,0.533
CCC1=CC=CC=C1CCC(=C(C(C(N))))C=CC2=CC3=CC=CN=C3[NH1]2,8.22155363335718E-09,O=C(NCCc1c(cccc1)CC)C=2Nc3ncccc3C2,1.6306955934488175e-07,0.455
CC(N)C(N)=CCCCC1=CC=CC=C1NC(=O)NCCC2=CC=CC=C2,8.22155363335718E-09,O=C(Nc1c(cccc1)CCc2ccccc2)NCCc3ccc(cc3)C(C)C,5.965995587201039e-09,0.579
C(=C)=C(CC1CCC(N)CC1)NC(=O)CCC2=CC=CC=C2Br,8.22155363335718E-09,Brc1c(cccc1)CCC(=O)NCCNC(=O)CC2CC2,1.400884853987751e-07,0.566
CC(C(=C)N)CCCC1=CC=CC=C1NCC(=O)CCC(=O)C2=CC=CC=C2,8.22155363335718E-09,O=C(Nc1c(cccc1)CCC(C)C)CCC(=O)c2ccccc2,1.4736440415238076e-07,0.483
O=C(CC1=CC=C(C(=O)N)C=C1)C(C)C(C2=CC(C(=O)N)=CC=C2)C,8.22155363335718E-09,O=C(NCCNC(=O)Cc1ccc(cc1)C(=O)N)c2cc(ccc2)C(C)C,2.9650891805873542e-08,0.538
O=C(NCCC(C(=C(N))C(C))CCC1=CC=CC=C1)CSC2=CC=CC=C2,8.22155363335718E-09,S(c1ccccc1)CC(=O)NCCNC(=O)C(CCc2ccccc2)CC,5.6309243537968836e-08,0.648
O=C(CC1=CC=C(C(=O)O)C=C1)CSC=CC=CC=C(N)C2=CC=CC=C2F,8.36149520649374E-09,Fc1c(cccc1)C(=O)NCC=CCNC(=O)c2ccc(cc2)CC(=O)N,2.547224963687349e-08,0.381
O=C(CC=CC=CC1=CC=C(O)C=C1)NC(=O)CCCCC2=CC=CC(=O)2,8.36149520649374E-09,O=C(NCC=CCNC(=O)CCCCc1ccccc1)C=Cc2ccc(O)cc2,7.253213413653791e-08,0.382
O=C(CCC1=CC(C(=O)N)=CC=C1)NCCC=CC=CC2=NC=CC=C2,8.36149520649374E-09,O=C(N)c1cc(ccc1)CCNC(=O)C=Cc2ncccc2,1.0875561204824821e-07,0.617
O=C(CSC1=CC=CC=C1)NCCC(C(=O)C(C(N)))CCCC2=CC=CC=C2,8.36149520649374E-09,S(c1ccccc1)CC(=O)NCCNC(=O)CCCc2ccccc2,7.502233167218944e-08,0.62
O=C(NCC1=CC=CC=C1)NCCC(N)C=CC2=CC(C(=O)N)=CC=C2F,8.36149520649374E-09,Fc1c(cc(cc1)C(=O)N)C(=O)NNC(=O)NCc2ccccc2,1.0875561204824821e-07,0.508
C(=O)=C(CCC=CC1=CC=C(C(=O)O)C=C1)C=CCNC2=CC=CC=C2,8.36149520649374E-09,[O-]C(=O)c1ccc(cc1)C=CC(=O)NCCNc2ccccc2,4.802818259561917e-07,0.5
O=C(NCC1=CC=CC=C1)CC2CC=C(N)C3=CC=C(C(=O)O)C=C23,8.36149520649374E-09,[O-]C(=O)c1cc(c(N)cc1)C(=O)NCC(=O)NCc2ccccc2,1.1833192542966173e-07,0.492
O=C(CN1CC=CC=C1)NCCCC2=CC(C(=O)N)=CC=C2CC(C(=O)C),8.36149520649374E-09,O=C1N(C(=O)C2C1CC=CC2)CC(=O)NCCCCNC(=O)CCc3ccc(cc3)C(=O)N,3.1950013480674694e-09,0.37
CC(N)(C)C1=C(N)CC=C1NC(=O)CNCC2=CC=CC=C2F,8.36149520649374E-09,Fc1c(cccc1)C[NH2+]CC(=O)NC(C)(C)C,2.6863422430448945e-06,0.537
C(N)CC1=CC=CC=C1CC(=C)C(=O)C=CC2=CC3=CC=CC=C3C2,8.36149520649374E-09,O=C(OCc1c(cccc1)CCC=C)C2=Cc3c(cccc3)C2,9.501917818235031e-08,0.381
C(=N)=C(CCC1=CC=CC(C(=O)N)=C1)C(=N)CCC=CC2=CC=CC=C2Cl,8.36149520649374E-09,Clc1c(cccc1)C=CC(=O)NCCc2cc(ccc2)C(=O)N,5.923383423429206e-08,0.524
O=C(CC1=CC=CC=C1)NCCCC(C2=CC(C(=O)N)=CC=C2)C#C(O),8.36149520649374E-09,O=C(N)c1cc(ccc1)CC(=O)NCCNC(=O)Cc2ccccc2,3.6307669249047665e-08,0.577
CCC1=CC(C)=C(C(=O)C(N))C=C1NC(C)CCC(=O)C2=CC=CC(C)=C2,8.36149520649374E-09,O=C(NC(CCNC(=O)c1c(cccc1)CC)C)c2cc(ccc2)C,1.2659662699976492e-07,0.418
O=C(NCC=CC1=CC=CC=C1)CNC2CCC3=CC=CC(C(=O)O)=C3C2,8.50381876784878E-09,O=C(NCC=Cc1ccccc1)CC2Cc3c(cccc3)CC2,2.1882495333063525e-08,0.516
CC(CC1=CC=CC=C1)C(C)C=CC(=O)NC(=O)CC2=CC=CC=C2,8.50381876784878E-09,O=C(NNC(=O)Cc1ccccc1)Cc2ccc(cc2)CC(C)C,1.0338595034593203e-07,0.5
O=C(NC1=CC=C(C(=O)N(C(=O)C(N)))C=C1)N2CC=CC(C(=O)C(N))=C2,8.50381876784878E-09,O=C(N1CC=CC1)Nc2ccc(cc2)C(=O)NCC,1.539110010486632e-06,0.386
O=C(CC1=CC=CC=C1)NCCC=CC=CC(N)=CC2=C(N)C=CS2,8.50381876784878E-09,S1C(C(=O)NCCNC(=O)Cc2ccccc2)=C(N)C=C1,5.405134547940605e-07,0.509
O=C(NCC1=CC=CC=C1)NC(=O)CCCC=CC=C2C(=O)NC=CS2,8.50381876784878E-09,S(CCC(=O)NC(=O)NCc1ccccc1)CCC=CC=C,2.445085884224233e-07,0.469
CC(C)C1=CC(N)=CC=C1C(=O)CCCC2=CCC3=CC=CC=C3S2,8.50381876784878E-09,S1c2c(N(Cc3c1cccc3)CC(=O)c4c(cc(cc4)C(C)C)C(C)C)cccc2,6.491322439757576e-09,0.42
CC(N)(C)C1=CC=CC=C1NC(=O)CCCC(C)C2=CC=CC(N)=C2,8.50381876784878E-09,O=C(Nc1c(cccc1)C(C)(C)C)CCCC(c2ccccc2)C,1.7153906960907087e-07,0.642
O=C(CC1=CC=CC=C1)NCCC(=C(C(=O)O))C(C)=C2C=CCC(=O)N2,8.50381876784878E-09,O=C(N1CC(=O)NC(=O)C1)CCNC(=O)Cc2ccccc2,4.884568494700594e-07,0.452
CCC1=CC=CC(N)=C1CC(=N)C2=CC3=CC=C(C(=O)N)C=C3C(=O)2,8.50381876784878E-09,O=C(N)c1cc(c(N)cc1)c2c(cccc2)CC,2.1571019935983775e-06,0.464
O=C(CC1=CC=CC=N1)NCCCC2=CC=C(N)C3=C2C(=N)CC=C3,8.50381876784878E-09,Brc1c(cccc1)CCCNC(=O)Cc2ncccc2,2.1005047144726285e-07,0.525
O=C(C1=CC=CC(N)=C1)NCCC(=O)C(N)CC=CC2=CC(N)=CC=C2,8.50381876784878E-09,O=C(NCCNC(=O)C(CC=Cc1ccccc1)C)c2cc(N)ccc2,5.6309243537968836e-08,0.586
CC(CC1=CC(N)=CC=C1N)C(C)CCNC(=O)C2=CC=CC=C2,8.50381876784878E-09,O=C(NCCNC(=O)c1ccccc1)c2cc(c(N)cc2)CC(C)C,4.521567637491066e-08,0.633
CCC1=CCC(C(=C)N)=C1NC(=O)CCCC2=CC(N)=CC=C2,8.50381876784878E-09,O=C(Nc1ccc(cc1)CCCC)CCc2cc(N)ccc2,1.774284064318968e-07,0.475
CC(C)C1=CC=CC=C1CCC=CC[NH1]C=C(N)C2=CC=CC=C2,8.50381876784878E-09,O=C(NCC=CCNC(=O)Cc1c(cccc1)C(C)C)c2ccccc2,6.337092539563196e-08,0.463
CC(C(N)C1=CC=CC=C1)C(=O)CCCCC2=CC=CC(C(C(=O)(N)))=C2,8.50381876784878E-09,O=C(Nc1cc(ccc1)CCC(=O)N)C(C([NH3+])c2ccccc2)C,4.598530619970025e-08,0.544
C=CC1=CC=CC(C(=O)N)=C1CCC(=N)N2CC(=O)CC3=CC=CC=C32,8.50381876784878E-09,O=C(N)c1c(cccc1)CCC(=O)N2c3c(cccc3)CN(C(=O)C2)C,4.2983213321261525e-08,0.386
C=C(CC1=CC=CC=C1)NCC=CC2=CC=C(O)C(=C2)CCCCC(=O)(N),8.64856486197054E-09,O=C(NCC=CCNC(=O)CCCCC(=O)N)CCCCc1ccccc1,3.884351956974374e-08,0.475
CC1=CC=CC=C1CCN(C)C2=CC3=CC(C(N)(N))=CC=C3CC2=O,8.64856486197054E-09,O=C(N(CCc1c(cccc1)C)C)C2=Cc3c(cccc3)C2,1.9305160040558177e-07,0.419
CN(CC1=CC=CC=C1)C(=N)CCCC2=C(C)C(C(=C(N))N)=CC=C2,8.64856486197054E-09,O=C(N(Cc1ccccc1)C)CCCc2c(N)cccc2,5.782647411208766e-07,0.439
CC1=CC=C(C(=O)NC(=O)N(C)C(=O)C=CC2=CC(C(=O)N)=CC=C2)C(=O)1,8.64856486197054E-09,O=C(NCCN(C(=O)C=Cc1ccc(cc1)C(=O)N)C)c2cc(ccc2)C,1.354385632577588e-07,0.4
CC1=CC=C(CNC(=O)C(C)=CCC(=O)CC2=CC=C(C(=O)C)C=C2)C1,8.64856486197054E-09,O=C(NCc1ccc(cc1)C(=O)C)Cc2ccc(cc2)C(=O)C,2.615858945450191e-07,0.404
C=C(NC1CCCCC1)CSC2=NC3=C(C(=O)N)C=CC=C3N2Cl,8.64856486197054E-09,S(C1=Nc2c(N1C)cccc2)CC(=O)NC3CCCCC3,2.7517214833583634e-07,0.433
CSC1=CC=C(C(=O)N)C=C1CCN(C2)C(C(=O)N)C3=CC=CC=C3C2,8.64856486197054E-09,Brc1cc(c(SC)cc1)C[NH+]2C(c3c(cccc3)CC2)C(=O)N,1.1440416335501127e-07,0.639
C(C(=O)(N))CC=CC1=CC=CC=C1C(C)CC=CC2=CC=CC=C2,8.64856486197054E-09,O=C(NCCC(=O)N)C(CC=Cc1ccccc1)C,5.782647411208766e-07,0.519
CC(N)(C)C1=CC=CC=C1CCC=CC=CCNCC2=CC=CC=C2,8.64856486197054E-09,[NH2+](Cc1c(cccc1)C(C)(C)C)Cc2ccccc2,2.7517214833583634e-07,0.457
CC(N)(C)C1=CC=CC=C1CCCCC(C)CC2=C(N)C=CC=C2C,8.64856486197054E-09,FC(F)(F)c1c(cccc1)CC([NH2+]CCc2c(cccc2C)C)C,1.6306955934488175e-07,0.367
CCC1=CC=C(C(N))C=C1NCCC2=NC(N)=CC=C2C3=C(N)C=CS3,8.64856486197054E-09,n1c(N)ccc(c1)CNc2c(ccc(c2)CC)CC,1.2152033294281094e-06,0.387
CC(C)C1=CC=CC=C1CC(C)C=CC(=O)CC2=CC(C(=O)N)=CC=C2,8.64856486197054E-09,O=C(N)c1cc(ccc1)CC(=O)NCc2c(cccc2)C(C)C,4.2263827811601667e-08,0.6
O=C(CCC1=CC(C(=O)N)=CCC1)NCCCNC=CC2=CC=CC=C2,8.79577472352852E-09,O=C(N)c1c(cccc1)CCC(=O)NCCCNC(=O)C=Cc2ccccc2,2.3809325856381848e-08,0.462
O=C(NC1=CC(C(C))=CC=C1)C(C)C=CC=CC2=CC=CC=C(C(=O)(N))2,8.79577472352852E-09,O=C(Nc1cc(ccc1)CC)c2c(cccc2)C(=O)N,9.594630155035226e-07,0.556
O=C(C1=CC=CC=C1)NC2=CC=C(N)C=C2C(=C)C=CCCC(N)C,8.79577472352852E-09,O=C(Nc1c(cccc1)C(=O)NC(CCC=C)C)c2ccccc2,6.231032238480951e-08,0.444
C=C(CC1=CC=CC=C1)C(=N)CC=CC2=CC=CN=C2NC3=CC=CN=C3,8.79577472352852E-09,O=C(NNc1cnccc1)C(=C)Cc2ccccc2,5.590705438572481e-07,0.45
O=C(CC1=CC=CC=C1)NC(=O)CCCCCCCC2=CC=CC(O)C2,8.79577472352852E-09,O=C(OCC(=O)NC(=O)Cc1ccccc1)CCCCCCc2ccccc2,1.7571392636239635e-08,0.473
C(C(=O)N)=C(CCC1=CC=CC=C1C(=C)C)CC=CC2=C(N)C=CC=C2,8.79577472352852E-09,O=C(N)c1c(cccc1)CCC(=O)N(Cc2c(N)cccc2)C,2.615858945450191e-07,0.377
CC1=C(C(=O)N)C=CC=C1CCN(CCC=CC2=CC(N)=CN=C2)(C(=O)C(N)),8.79577472352852E-09,O=C(OCCC=Cc1cncc(OC)c1)c2c(c(ccc2)C(=O)N)C,1.377439043709943e-07,0.446
C(N)(=O)C1=CC=CC=C1CCCCC=CC=C2C(C)=CC(N)=C2,8.79577472352852E-09,O=C(N)c1c(cccc1)CCC(=O)NCC=CCNC(=O)CCc2c(cccc2)C,1.2537333137184442e-08,0.4
CC(=N)C1=CC=CC(C(=O)O)=C1CCNC(=O)N2CSC3=CC=CC=C3C2,8.79577472352852E-09,S1c2c(cccc2)CN(C(=O)NCCc3c(cccc3C)C)CC1,1.6306955934488175e-07,0.54
O=C(CC1=CC(C(=O)N)=CC=C1)CC(=N)C=CC2=CC3=CC=CC=C3CC2,8.79577472352852E-09,S(=O)(=O)(NC(=O)Cc1cc(ccc1)C(=O)N)C2=Cc3c(cccc3)CC2,3.782435704250124e-09,0.508
CC(NC1=CC=CC=C1N)=CC(=O)N(C)CC2=CC(C(=O)N)=CC=C2C=C,8.79577472352852E-09,O=C(Nc1c(N)cccc1)c2ccc(cc2)CN(C(=O)C)C,4.056912532995847e-07,0.429
C(C(=O)N)CC1=CC=CC=C1NC(=O)C=C2C=CC(N)(C)C=C2,8.79577472352852E-09,O=C(Nc1c(cccc1)CCC(=O)N)C=C2CCC(CC2)(C)C,1.7571392636239635e-08,0.611
CC(CC1=CC(C(=O)C)=CC=C1)N2CCCC(C3=CC=CC=C(N)3)C2,8.79577472352852E-09,O=C(NCc1cc(ccc1)C(=O)C)c2c(cccc2)C3CCCC3,9.25260985941592e-09,0.446
O=C(CC1=CC=CC=C1)NCCCN=C=CC2=CC=CC(C(=C)N)=C2,8.79577472352852E-09,O=C(N)c1cc(ccc1)CC(=O)NCCCCNC(=O)CCNC(=O)Cc2ccccc2,2.0802076631645675e-08,0.483
O=C(NC(=O)C1=CC=CC=C1)NCCC=CC=C2CC(=O)C(C)=C2S,8.79577472352852E-09,O=C(NNC(=O)c1ccccc1)NCCC=CC=C,1.9825330037728215e-06,0.441
CNC1=CC=CC=C1C(=O)CNC(=O)SC=CCC2=CC=C(C(=O)C(C(N)))C=C2,8.79577472352852E-09,O=C(NCCNC(=O)CC=CCc1ccccc1)c2c(NC)cccc2,1.377439043709943e-07,0.406
O=C(NNC1=CC=CC=C1)C(=N)CC(=O)N=CC=CC2=CC=CC=C2F,8.79577472352852E-09,Fc1c(cccc1)C=CC(=O)NNc2ccccc2,1.235887676108159e-06,0.5
CNC1=CC=CC=C1CC(=C(C(=O)C(N)))C2=CC3=CC=CC(C(=O)(O))=C3S2,8.79577472352852E-09,S1c2c(NCc3c(NC)cccc3)cccc2C=C1C(=O)OC,3.7920621007542017e-07,0.455
O=C(NCC1=CC=CC=C1)C(C)=CNCC=CC2=C(C(N))C=CC=C2C,8.79577472352852E-09,O=C(NCc1c(c(ccc1)C)C)C(=O)NCc2ccccc2,9.501917818235031e-08,0.481
CC(C)C1=CC=CC(C(=O)O)=C1NCCCC2(C)CC3=CC=CC=C3CC2,8.94549028906E-09,O=C(OCCNc1c(cccc1C(C)C)C(C)C)C2(Cc3c(cccc3)CC2)C,6.170822146984746e-09,0.531
O=C(NCCCCCCC1=CC=CC=C1)NC(=O)C2=CC=CCC(N)2,8.94549028906E-09,O=C(NC1CC=CC1)NCCCCCCCc2ccccc2,9.18652303100925e-08,0.547
O=C(CC1=CC=CC=C1)NCCCC(C(=O)C)CCCC2=CC=CC2,8.94549028906E-09,O=C(NCCNC(=O)Cc1ccccc1)NCCCC(C)C,2.247211062304602e-07,0.491
CC(C(=O)C1=CC=CC(N)=C1C(=O)CC)NC(=O)CC2=CC=CC(N)=C2,8.94549028906E-09,O=C(NCc1ccccc1)C(NC(=O)Cc2cc(N)ccc2)C,1.1248944616653033e-07,0.536
CC(CC(N)C1=CC=C(C(=O)O)C=C1)CC2=CC=C(N)C3=CC=CC=C23,8.94549028906E-09,S(=O)(=O)(NC(c1ccc(cc1)C([O-])=O)C)c2c3c(c(N)cc2)cccc3,3.3937368727139225e-08,0.483
O=C(CCC1=CC=CC=C1)NC(=N)C(C)CC2=CC=CC(C(=C)N)=C2,8.94549028906E-09,O=C(NN=C(c1cc(ccc1)CC(C)C)C)CCc2ccccc2,4.521567637491066e-08,0.458
O=C(CC1=CC=CC(N)=C1)NCCC(N)CCC=CC2=CC=CC=N2,8.94549028906E-09,O=C(NCCc1ncccc1)Cc2cc(N)ccc2,1.1748673885314715e-06,0.55
O=C(CCC1=CC=CC=C1)NC(=O)NCC=CC2=CC(=O)CC(N)=C2Cl,8.94549028906E-09,O=C(NNC(=O)CCc1ccccc1)NCC=Cc2ccccc2,1.4247297425566048e-07,0.467
CCC1=CC=CC=C1CNC(=N)CCC(=O)N2C(=O)CSC3=CC(O)=CC=C32,8.94549028906E-09,S1c2c(N(C(=O)C1)CCC(=O)NCc3c(cccc3)CC)cccc2,6.024207140153831e-08,0.478
CC1=CC(Cl)=C(C(=C(N))O)C=C1CC(=O)NCCCC2=CC=CC=C2C,8.94549028906E-09,Clc1c(cccc1)CC(=O)NCCCc2c(cccc2)C,2.247211062304602e-07,0.623
C(C(=O)N)C(CC1=CC=CC=C1)NC(=C)C=CC2=C(C(=O)N)C=CC=C2,8.94549028906E-09,O=C(NC(Cc1ccccc1)CC(=O)NC)c2c(cccc2)C(=O)N,1.0514571415418938e-07,0.482
CC=CC(=O)CC1=CC=C(C(=O)O)C=C1CCC(C)NCC2=CC=C(C)C=C2C,8.94549028906E-09,O=C(N(C(C)C)C)c1ccc(cc1)C[NH2+]Cc2c(cc(cc2)C)C,6.554659724274868e-08,0.368
O=C(NCC1=CC=CC=C1)NCC2CC(=O)C(=O)C3=CC=CC(C(=O)N)=C23,8.94549028906E-09,O=C(NCc1ccc(cc1)C(=O)N)NCc2ccccc2,2.705667491374261e-07,0.471
CC(C)(N)C1=CC=CC=C1CCC(=C(C(=O)O))CCC=CC2=CC=CC=C2F,8.94549028906E-09,Fc1c(cccc1)C=CC(=O)NCc2c(cccc2)C(C)(C)C,1.2239453674810362e-07,0.406
O=C(NCC1=CC=CC(=O)C1)CCCC=CC=CC2=CC=CC=C2F,8.94549028906E-09,Fc1c(cccc1)C=CC(=O)NCC=CCNC(=O)CCCC(=O)NCc2ccccc2,4.7564089142431674e-08,0.426
CC1=CC(N)=C(C(=O)N)C=C1CCCCNC=C2C=CC=CC2=C,8.94549028906E-09,O=C(NCCCCNC(=O)c1c(cccc1)C(=O)N)c2c(N)cc(c(c2)C)C,2.0307831856022632e-07,0.371
CCC(=O)CC(N)=C(SCC(=O)NCCC1=CC=CC=C1)C(=O)C=CC,8.94549028906E-09,O=C(NCCNC(=O)CCC(=O)NCCc1ccccc1)C=CC,1.5765683215060107e-07,0.482
CN(C)C1=CC=CC=C1C(=N)CCCC(C)=CC2=CC=CC=C2C(N)=C,8.94549028906E-09,Clc1c(cccc1)C(=Cc2c(N(C)C)cccc2)C,1.3447119240503068e-06,0.37
C(=O)(CC1=CC=CC=C1)NCCCC=CC2=CCC3=CC=CC=C3O2,8.94549028906E-09,O=C(NCCCCNC(=O)CCNC(=O)Cc1ccccc1)C2=C(Oc3c(cccc3)C2)C,1.0067334634909954e-08,0.477
C=C(NCCCCC(N)C1=CC=CC=C1F)CCC2=CC(C(=O)N)=CC=C2,8.94549028906E-09,Fc1c(cccc1)C([NH3+])C(=O)NCCc2cc(ccc2)C(=O)N,7.131820520357163e-08,0.59
C(N)(=O)CCCCCCC(=C(C(O)))C1=CC2=C(C(=O)N)C=CC=C2C(=O)1,8.94549028906E-09,O=C(NCCCCCCNC(=O)CCCCC(=O)N)c1c(cccc1)C(=O)N,1.6584521607389992e-07,0.35
O=C(NCC1=CC=CC=C1)NCCC(=C(=C(=C(=O))))CCCC2=CC=CC=C2,8.94549028906E-09,O=C(NCc1ccccc1)NCCNC(=O)CCCc2ccccc2,1.0514571415418938e-07,0.609
CCCC(=O)CC1=CC=CC=C1C(=O)CC(C)CCNC2=CC=C(N)C=N2,9.09775420891696E-09,O=C(NCC(CNC(=O)c1c(cccc1)CCC)C)c2ncc(N)cc2,1.354385632577588e-07,0.414
CC(C)C1=CC=CC=C1NCC=CCNC=C(N)C2=CC=CC=C2,9.09775420891696E-09,N(c1c(cccc1)C(C)C)CC=Cc2ccccc2,5.314671895870166e-07,0.568
CC1=CC=CC=C1C2=NC=C(C=C2CNCCC(N)=CC(N)=CC)C,9.09775420891696E-09,n1cc(NCc2c(c3c(cccc3)C)cccc2)cc(c1)C,2.2854615275150829e-07,0.302
O=C(CC1=CC=CC=C1)NCCCC(=C(=O))C(C)C=CC2=CC=CC=C2,9.09775420891696E-09,O=C(NCCCCNC(=O)CCNC(=O)Cc1ccccc1)C(CC=Cc2ccccc2)C,5.1752274145034865e-08,0.542
O=C(CC1=CC=CC=C1)NCCCC=CC2=CC(C(=C)C(C(=O)N))=C(N)C=N2,9.09775420891696E-09,Clc1ncc(N)c(c1)C(=O)NCCCCNC(=O)CCNC(=O)Cc2ccccc2,3.666193129637751e-07,0.471
CNC1=C(C(=O)(N))C=CC=C1CC(=C(=O))C2=CC3=C(C(=O)O)C=CC=C3[NH1]2,9.09775420891696E-09,O=C(NCCNC(=O)C=1Nc2c(c(ccc2)C)C1)c3c(cccc3)C(=O)N,6.666228587545246e-08,0.403
CC(CC1=CC=CC=C1N)CCCC(C(=O)O)CC2=CC(C(=O)N)=CC=C2,9.09775420891696E-09,[O-]C(=O)C(Cc1ccccc1)CCC[NH2+]Cc2cc(ccc2)C(=O)N,1.1635147152901843e-07,0.569
O=C(CCC1=CC=CC=C1)NC(=O)CCCCCC(N)C2=CN=C(N)C=C2,9.09775420891696E-09,O=C(NCCCCCCNC(=O)CCc1ccccc1)CCc2cnc(N)cc2,1.8174659576632707e-08,0.536
N=C(C1=CC=CC=C1)CNC=CC2=CC=CC(=C2)CCC(=N)CC,9.09775420891696E-09,O=C(c1ccccc1)C=Cc2cc(ccc2)CCC,5.225723265577915e-07,0.436
CC(N)(C)C1=CC=CC=C1CCCCC(=O)C=CC2=CCCC=C2,9.09775420891696E-09,O=C(NCc1c(cccc1)C(C)(C)C)CCCCc2ccccc2,4.919707539022397e-08,0.323
CSC1=CC=CC=C1N(C)C(=O)CC(C(=O)C)CC2=CC(C(=O)(N))=CC=C2,9.09775420891696E-09,S(c1c(N(C(=O)Cc2cc(ccc2)C(=O)N)C)cccc1)C,1.1248944616653033e-07,0.698
NC1=CC=CC=C1CCC(C=CC2=CC(C(=C(N))N)=CC=C2)=C,9.09775420891696E-09,Clc1cc(ccc1)C=CC(=O)NCCCc2c(N)cccc2,1.6034035719839377e-07,0.403
NCC1=CC=CC=C1NCCC(C(=O)(N))CC2=CC3=CC=CC=C3S2,9.09775420891696E-09,S1c2c(cccc2)C=C1CC(=O)Nc3c(cccc3)C[NH3+],7.448648416157136e-07,0.554
C(N)=C(CC1=CC(N)=CC(C(=O)N)=C1N)CCCC2=CC=CC=C2CC,9.09775420891696E-09,O=C(N)c1c(cccc1)CC(=O)NCCc2c(cccc2)CC,8.162831131008149e-08,0.414
CN(C(=O)C1=CC(C(=C)N)=CC=C1)N=CC=C(N)C2=CC=CC(C(=O)O)=C2,9.09775420891696E-09,O=C(N(C)C)c1cc(c2cc(ccc2)C(=O)N)ccc1,2.994020218722163e-07,0.34
O=C(CC=CC(C)=CCCC1=CC=CC=C1)NC(=O)CCC2=CC=CC(F)=C2,9.09775420891696E-09,Fc1cc(ccc1)CCC(=O)NCC=CCNC(=O)CCc2ccccc2,5.444018486747391e-08,0.556
O=C(NC(=O)NCC1=CC=CC=C1)CC(=C(N))C=C(C)CC(=O)CCCC,9.09775420891696E-09,O=C(NC(=O)COC(=O)CCCC)NCc1ccccc1,5.839069995011365e-06,0.526
O=C(NCC1=C(N)N=CC=C1)NCC2CCC3=CC=CC(C(=O)O)=C3C2,9.09775420891696E-09,O=C(NCc1c(nccc1)N)NCC2Cc3c(cccc3)CC2,3.6307669249047665e-08,0.724
O=C(CC1=CC=CC=C1)NCC=CC=CC2=CC=NC=C2SCC(=O)N,9.09775420891696E-09,S(c1c(cccc1)C(=O)NCC=CCNC(=O)CCNC(=O)Cc2ccccc2)CC(=O)N,6.126747008126378e-08,0.515
NC1=CC=C(C(=O)O)C=C1CCNC(=O)CNC2CCC3=CC=CC=C3C2,9.09775420891696E-09,O=C(NCCc1ccccc1)C[NH2+]C2Cc3c(cccc3)CC2,4.371484371119651e-08,0.621
O=C(CCC1CCCC1)NC(=C(=O))CCC2=CC=CC=C2C(N)=C,9.09775420891696E-09,O=C(N)c1c(cccc1)CCC(=O)NCCNC(=O)CCC2CCCC2,6.44495812539366e-08,0.571
O=C(C(N)C1=CC=C(N)C=C1)NC(C)CC2=CC=CC=C2C(=O)N,9.09775420891696E-09,O=C(N)c1c(NC(=O)CC(c2ccc(N)cc2)C)cccc1,2.529031392181985e-07,0.455
C1=CC=CC=C1CCNC(=O)CC(C(N))C2CCC3=CC=CC=C3C2,9.09775420891696E-09,O=C(NCCc1ccccc1)CC([NH2+]C2Cc3c(cccc3)CC2)C,2.9650891805873542e-08,0.596
O=C(CC1=CC=CC=C1)NCCCC=CC2=CC=NC(N)=C2C(O)CCCC,9.09775420891696E-09,O=C(NCC(NC(=O)CCNC(=O)Cc1ccccc1)CCCC)c2c(nccc2C)N,2.3809325856381848e-08,0.474
O=C(CCSC=CC1=CC=CC=C1N)NCC2=CC=CC3=C2NCCC(=O)3,9.09775420891696E-09,S(c1ccccc1)CCC(=O)NCc2c3NCCCc3ccc2,3.950468696913859e-08,0.437
CC(C1=CC=CC=C1N)CCCN(C)C(=O)C2=C(C(C))C=CC=C2CC,9.25260985941592E-09,O=C(N(CCCCN(C(=O)c1c(N)c(ccc1)C(C)C)C)C)c2c(cccc2CC)CC,3.570000851060834e-08,0.623
O=C(NC=CCC(=C(C(=O)O))CCCC1=CC=CC=C1)C=CC2=CC=CC=C2,9.25260985941592E-09,O=C(NCC=CCNC(=O)CCCc1ccccc1)C=Cc2ccccc2,1.4842452734127424e-08,0.518
O=C(CCC1=CC(C(=O)N)=CC=C1)C(N)CCC(=O)CC=CC2=CC=CC=C2,9.25260985941592E-09,O=C(N)c1cc(ccc1)CCNC(=O)CC=Cc2ccccc2,6.895095781354073e-08,0.569
CCC1=CC=CC=C1NC(=O)CC(C(=C(=O))C(N))CC2=CC(Cl)=CC=C2,9.25260985941592E-09,Clc1cc(ccc1)CC([NH2+]C(CC(=O)Nc2c(cccc2)CC)C)C,4.7564089142431674e-08,0.623
CC(N)(C)C1=CC=CC=C1NCC(=O)CC2=CC(C(=C(N))N)=CC=C2Br,9.25260985941592E-09,Brc1c(cc(cc1)C(=O)OC)CNc2c(cccc2)C(C)(C)C,1.106067745068516e-07,0.453
CCCCC(N)=C(NC(=O)N1CCCC2=CC=C(C(=O)N)C=C2Cl)CC1,9.25260985941592E-09,Clc1c(NC(=O)CCN2C(=O)NC(=O)CC2)cc(cc1)C(=O)N,1.4247297425566048e-07,0.457
NC(=O)C1=CC=CC=C1CCCC2=CN(C(=O)O)CC=C2C3=CC=CS3,9.25260985941592E-09,S1C(C2=CCN(C(=O)CCc3c(cccc3)C(=O)N)CC2)=CC=C1,5.824247135708563e-08,0.478
CC(N)CCNC1=CC(N)=CC=C1CCN(C)C(=O)C2=CC=CC=C2CC,9.25260985941592E-09,O=C(N(CCN(C(=O)c1c(cccc1)CC)C)C)c2c(cc(N)cc2)CC,5.444018486747391e-08,0.561
CN(CC1=CC=CC=C1)CCC2=CC=CC=C2NC=CC3=CCC(=O)C(N)=C3,9.25260985941592E-09,O=C(Nc1c(cccc1)CC[NH+](C)C)C(=O)NCc2ccccc2,1.0875561204824821e-07,0.324
O=C(CC1=CC=CC=C1N)CCC=CC=C(N)C(N)=CC2=CC=CC=C2,9.25260985941592E-09,O=C(N(CC(=Cc1ccccc1)C)C)Cc2c(N)cccc2,2.6603842787697305e-07,0.429
CN(CC1=CC=CC=C1CCCC)CC(=O)CC2=CCCC(C(=O)N)=C2Cl,9.25260985941592E-09,Clc1c(cccc1)CC(=O)COc2c(cccc2)CCCC,4.2676205429835293e-07,0.343
O=C(CSC1=CC(C(=O)N)=C(N)C=C1)NC(=O)CCC2(C)C=CC=C2,9.25260985941592E-09,S(c1cc(c(cc1)C)C)CC(=O)NCCNC(=O)CCC2(CC2)C,1.377439043709943e-07,0.375
CC(N)(C)C1=CC=CC=C1CC(C)=CCCC2=CC=C(N)N=N2,9.25260985941592E-09,O=C(NCc1c(cccc1)C(C)(C)C)c2nnc(N)cc2,5.052267137144056e-07,0.361
CC(N)(C)C1=CC=CC=C1NC(=O)CCCCCC2=C(N)C(=O)CC=C2F,9.25260985941592E-09,Fc1ccc(cc1)CCCCCC(=O)Nc2c(cccc2)C(C)(C)C,1.5242376825949801e-07,0.492
O=C(NC(=O)C1=CC=CC=C1)CCC2C(=C)C=CC3=CC=CC=C23,9.25260985941592E-09,O=C(NC(=O)CN1c2c(cccc2)C=Cc3c1cccc3)c4ccccc4,1.787048067207503e-08,0.46
O=C(NCC1=CC=CC=C1)C(=O)CCN2NC3=CC=C(C(=O)N)C=C3S2,9.25260985941592E-09,O=C(N)c1cc(ccc1)CNC(=O)C(=O)NCc2ccccc2,4.7564089142431674e-08,0.481
NCCCCC1=CC=CC(C(=O)O)=C1NCCC=CC2=CC=CC(Cl)=C2,9.25260985941592E-09,Clc1cc(ccc1)C=CC(=O)NCCCCNC(=O)c2c(cccc2)CCC,1.5765683215060107e-07,0.403
O=C(NCC1=CC=CC=C1)CCC=2C=CC3=CC=CC(C(=O)O)=C3S=2,9.41010135519509E-09,[O-]C(=O)c1c(cccc1)CCC(=O)NCCC(=O)NCc2ccccc2,1.5501821972997198e-07,0.537
O=C(NCC1=CC=CC=C1)CCC2C(C(=O)N)CCC3=CC=CC=C23,9.41010135519509E-09,O=C(NCc1ccccc1)CCC2c3c(cccc3)CC2,7.012459310633414e-08,0.673
O=C(CC1=CC=CC(C(=O)O)=C1)C(=O)CSC=CC2=CC3=CC=CC=C3C2,9.41010135519509E-09,O=C(N)c1cc(ccc1)CC(=O)NCC=CCNC(=O)CC2=Cc3c(cccc3)C2,4.402932345129126e-09,0.4
CC1=CC=CC=C1CCCC(C(=O)C(=O)C2CNC3=CC=CC=C3)=C2C,9.41010135519509E-09,O=C(NCCCNc1ccccc1)NCCCc2c(cccc2)C,1.9305160040558177e-07,0.453
O=C(CCC1=CC=CC=C(C(=O)N)1)C(=O)CC2=CNC3=CC=CC=C3S2,9.41010135519509E-09,O=C(N)c1c(cccc1)CCC(=O)NCCNC(=O)C=2C(=O)c3c(NC2)cccc3,2.341084275815843e-08,0.431
NC(=C)C1=CC=CC=C1CCCCC2CCC3=CC=CC=C3C2,9.41010135519509E-09,O=C(N)c1c(cccc1)CCC(=O)NCCC2Cc3c(cccc3)CC2,1.670382881752545e-08,0.536
C(=O)=C(CCC1=CC=CC=C1C(N)(N)C)CCC(=O)NC2=CC=CC=C2,9.41010135519509E-09,O=C(Nc1ccccc1)CC[NH2+]Cc2c(cccc2)C(C)(C)C,4.837369201753731e-08,0.481
O=C(NCC1=CC=CC=C1)CC(=O)N(C(=O)C)CC(=O)C2=CC=CC(=O)C2,9.41010135519509E-09,O=C1OC(C(=O)N(CC(=O)NCc2ccccc2)C)=CC=C1,8.525461206123696e-07,0.415
O=C(CCC1=CC=CC=C1)NC=C(C(C(=O)C(=N)))CC2=CC=CC(C(=O)O)=C2,9.41010135519509E-09,[O-]C(=O)c1cc(ccc1)CC(=O)NNC(=O)CCc2ccccc2,1.898206059494335e-07,0.585
CC1=CC(=O)CC=C1C(=O)NC(=O)CCCN2CCNC3=CC=CC=C32,9.41010135519509E-09,O=C(N1c2c(NCC1)cccc2)CCCN3C(=CC(=O)C=C3C)C,2.3243630655657437e-07,0.435
O=C(CSC(=O)C1=CCCC(C(=O)(N))=C1)CCCCNC2=CC=CC=C2,9.41010135519509E-09,O=C(N1CC=C(C(=O)N)CC1)CCNc2ccccc2,2.798559374393035e-07,0.419
CC(C(=O)N)CC1=CC=CC=C1C(=O)CCCC(N)C2=CC=CC=C2,9.41010135519509E-09,O=C(NCC([NH3+])c1ccccc1)c2c(cccc2)CC(C)C,9.18652303100925e-08,0.463
C(=O)(CC1=CC=CC=C1)NCCC(C(C(N)))=C=CC2=CC=CC=C2Br,9.41010135519509E-09,Brc1c(cccc1)C=CC(=O)NCCNC(=O)CCNC(=O)Cc2ccccc2,5.6309243537968836e-08,0.554
CC(N)(C)C1=CC=CC=C1NC(=O)CCCC(N)C2=CC=C(N)N=C2,9.41010135519509E-09,O=C(Nc1c(cccc1)C)CCCC(=O)Nc2cnc(N)cc2,4.125966479155306e-07,0.475
CC(C)C1=CC=CC=C1C2CC(=O)C(CC3=CC(C(=O)C)=CC=C3)=C2,9.41010135519509E-09,O=C(NCc1cc(ccc1)C(=O)C)c2c(cccc2)C(C)C,1.4247297425566048e-07,0.458
CC1=CC=CC(C)=C1C(N)(N)C(=O)NCC=CC2=CC=CC=C(C(=O)N)2,9.41010135519509E-09,FC(F)(F)c1c(cccc1C)C(=O)NCC=CCNC(=O)c2c(c(ccc2)C(=O)N)C,4.521567637491066e-08,0.483
CC(CC1=CC=CC=C1N)CCCC(=O)C(N)=C(C)C2=CC=CC=C2,9.41010135519509E-09,FC(F)(F)c1c(cccc1C)C(=O)NCC=CCNC(=O)c2c(c(ccc2)C(=O)N)C,4.521567637491066e-08,0.483
