LIMO compound,LIMO docked affinity,Closest REAL compound,REAL docked affinity,Compound similarity,Similarity
CC(N)(C)C1=CC=C(C(=O)N)C=C1N2CCCC(C3=CC(C(=O)C(C(C(=O)N)))=CC=C3)=C2,1.00417780505609e-10,Brc1cc(ccc1)C(=O)CCC(=O)Nc2c(N3CCCC3)ccc(c2)C(=O)N,7.556203401040325e-09,0.359,0.3815789473684211
CC1=CC=CC=C1CC(=O)NCC(=O)C2=CC(=O)CC=C2C3=CC=CC(C(=O)C(N))=C3,1.021270221893e-10,O=C(NCCNC(=O)Cc1c(cccc1)C)c2cc(c3ccccc3)ccc2,6.601813219781305e-09,0.462,0.46153846153846156
CC1=C(C(N))CCC=C1CCC=CC2=CC=CC=C2C=CC3=CC=C(C(=O)N)C=C3,1.27183663395464e-10,O=C(N)c1ccc(cc1)C=CC(=O)N(CCN(C(=O)C2=CCC2)C)C,3.485179787238657e-07,0.362,0.36764705882352944
O=C(CC1=CC=CC(=C(N))C(=O)1)CC2=CC=CC=C2C=CC3=CC=C(C(=O)N)C=C3,1.337893312276e-10,Fc1c(O)c(ccc1)CC(=O)NCCNC(=O)C=Cc2ccc(cc2)C(=O)N,1.9967951264484666e-07,0.438,0.3287671232876712
CC(N)(C)C1=CC=CC=C1NCC2=CC(N)=CC=C2CC3CCC(N)(C)CC3,1.53130566707913e-10,FC(F)(c1c(NCc2ccc(cc2)CC3CC3)cccc1)C,4.125966479155306e-07,0.377,0.4
O=C(CC1=CC(C(=C)N)=CC=C1)N2CCN(CC3=CC=C(C(=C(C(=O)N))N)C=C3)C(=O)2,1.5573704881045e-10,O=C(N)c1cc(ccc1)CC(=O)N2CC(=O)N(Cc3ccccc3)CC2,4.01771083005885e-08,0.455,0.47692307692307695
O=C(CCC1=CC=CC(C(=C(N))(C(=O)N))=C1)N(C(=O)(N))C(=O)C=CCC2=CC=CC=C2,1.63825722985531e-10,O=C(N)c1cc(ccc1)CCNC(=O)CC=CCc2ccccc2,6.44495812539366e-08,0.406,0.40625
O=C(CC1=CC=C(C(=O)C)C=C1)NCC2=CC(C(C(N)))=CC=C2[CH1]C=CC3CCCCC3,1.72334506893076e-10,O=C(NCC=CCNC(=O)Cc1ccc(cc1)C(=O)C)C=CC2CCCCC2,1.7571392636239635e-08,0.538,0.5230769230769231
C(C(=O)N)=1C2=CC=CC(C(=O)N)=C2C=CC=1C=CC3=CC(C(=C(N))N)=CC=C3C,1.87509165132388e-10,O=C(N)c1c(c2c(ccc(c2)C(=O)N)C)cccc1C(=O)N,2.615858945450191e-07,0.407,0.4339622641509434
C(C(C(=O)N))CC1=CC=CC=C1CCNC2=CC=CC=C2C3=CCC(=C)C(=O)S3,2.0402000529389001e-10,O=C(Nc1c(cccc1)CCC(=O)N)C=2c3c(cccc3)CC2,2.6346771447493833e-08,0.373,0.3787878787878788
CN(CC1=CC=CC(N)=C1)C(=O)CC=CC2=C(C(=C)N)C=CC=C2CC3=CC=CC=C3,2.14616400696432e-10,O=C(N(Cc1cc(N)ccc1)C)c2c(cccc2)Cc3ccccc3,1.5613340361974413e-08,0.586,0.5862068965517241
O=C(NCC1=CC=CC=C1)CC2CC(=O)C3=CC=C(C(C(C(C(C(=O)N)))))C=C3S2,2.18269451941213e-10,S1C(=NCCC(=O)N)N(C(=O)C1CC(=O)NCc2ccccc2)CCCCc3cc(F)c(F)cc3,1.7571392636239635e-08,0.457,0.4625
O=C(CC1=CC=CC=C1)NCC(C(=O)N)=CC2=CC=C3C(=C2)C(=C(C(C(N)))(N))CC3,2.25763151910234e-10,O=C(Oc1cc2c(cc1)CCC2=O)CCNC(=O)Cc3ccccc3,7.131820520357163e-08,0.389,0.4057971014492754
O=C(C1=CC(C(C))=CC=C1)NCC2=CC=CC(C(=C))=C2CCC(=C(N)(C))C(=O)N,2.3351412809783004e-10,O=C(NCc1c(cccc1)CCC(=O)OC)c2cc(ccc2)CC,1.9967951264484666e-07,0.492,0.5
O=C(CC1=CC(C(=C)N)=C(N)C=C1)N2CC(C(=O)N)=C(C3=CC=CC(C(=O)N)=C3)C2,2.3351412809783004e-10,O=C(N1CC2=C(C1)CN(C(=O)Cc3cc(ccc3)C(=O)N)C2)c4c(N)ccc(c4)CC,2.241506370730649e-09,0.538,0.5384615384615384
CC1=CC=C(C(=O)(N))C=C1C(=O)CN(C)C2CC3=CC(C(C(C(C(=O)N))))=CC=C3CC2,2.49823543956009e-10,O=C(NC1C(NC(=O)CCCc2cc3c(cc2)CCCC3)CC1)c4c(ccc(c4)C(=O)N)C,1.7401601321116975e-09,0.514,0.5277777777777778
N#CC1=C(C(=O)N)C=CC=C1CCC(=N)C=CC2=CC3=CC(C(=O)N)=CC=C3C=C2,2.54075866729398e-10,O=C(OC)c1c(C#N)c(ccc1)COC(=O)C=Cc2cc3c(cc2)cccc3,5.7267700354556634e-08,0.451,0.4444444444444444
C=C(CC1=CC=CC2=C1C=C(C(=O)N)C=C2)C=C(N)C3(C(=O)O)CC4=CC=CC=C4C3,2.6279888453013004e-10,[O-]C(=O)c1cc2c(cc1)cccc2CNC(=O)C3(Cc4c(cccc4)C3)C,2.060106741048205e-09,0.441,0.417910447761194
O=C(CC1=C(C(=O)O)C=CC2=C1C=C(C(=O)N)C=C2)C=CC3(N)CC4=CC=CC=C4C3,2.67272064534754e-10,Fc1c(cc(cc1)C(=O)N)C(=O)NCC2(C([O-])=O)Cc3c(cccc3)C2,8.026214485119953e-08,0.366,0.34285714285714286
CC1=CC=C(C(=O)O)C=C1NC(=O)NC(=O)C2=CC3=CC(Cl)=C(C(=C)C(N))C=C3C(=O)2,3.00790367580552e-10,Clc1c(Cl)cc2c(NC=C(C(=O)Nc3c(ccc(c3)C(=O)C)C)C2=O)c1,8.44308018487042e-08,0.364,0.31645569620253167
O=C(NC1=CC=CC(C(=O)C)=C1)N2CCC(=O)C(C3=CC=CC(C(=O)C(=N)(C(C)))=C3)=C2,3.1111720327915203e-10,O=C(N1CC=C(c2ccc(cc2)CC)CC1)Nc3cc(ccc3)C(=O)C,1.6034035719839377e-07,0.425,0.4225352112676056
O=C(NC1=C(C(=O)N)C=CC2=C1C=C(C(=O)N)CC2)C(=O)C=CC3=CC=CC(C)=C3,3.16412824131163e-10,O=C(N)c1c(NC(=O)C=Cc2cc(ccc2)C)cc(cc1)C,4.2676205429835293e-07,0.484,0.4838709677419355
C=C(C(N)C1=CC=CC=C1)C(N)=CC2=CC=CC(=C2)CC3=CC=CC(C(=O)N)=C3,3.21798583361615e-10,O=C(N)c1cc(ccc1)CNC(=O)C([NH3+])c2ccccc2,2.1005047144726285e-07,0.527,0.43103448275862066
CC(C)(C(=O)C1CCC(C(C(=O)(N)))CC1)CCCCC2=CC=CC(C(=C)N)=C2C,3.21798583361615e-10,O=C(N1CCC(CC(=O)N)CC1)c2c(c(ccc2)CO)C,1.463118529005241e-06,0.431,0.4375
CC1=CC=C(C(=O)(N))C=C1CC2=CC(N)=CC=C2CCNC3=C(N)C=CC(=O)C3,3.38512165073199e-10,O=C(N)c1cc(c2c(ccc(N)c2)C[NH+]3CCOCC3)c(cc1)C,9.995428629292189e-08,0.366,0.38571428571428573
CC1=CC=CC=C1C(=O)NC=CC2=CC(=O)CC=C2C3=CC=CC(C(=O)N)=C3,3.50134078164389e-10,O=C(NNC(=O)c1cc(c2ccc(cc2)C(=O)N)ccc1)c3c(cccc3)C,1.069354314392057e-07,0.468,0.4603174603174603
O=C(CC1=CC(C(=O)C(=O)(N))=CC=C1)N2CCC(CC3=CC=C(C(=O)(N))C=C3)C2(=O),3.50134078164389e-10,O=C(N)c1cc(ccc1)CC(=O)N2CCN(C(=O)Cc3ccc(cc3)C(=O)N)CC2,3.9122955543925884e-09,0.527,0.5370370370370371
CC1=C(C(=O)N)C=CC=C1CSC2=CC=CC=C2C=C3C=C(C(=O)N)C4=CC=CN=C34,3.62154998670482e-10,O=C(NCC=CCNC(=O)c1c(c(ccc1)C(=O)N)C)c2c(c(c3ncccc3)ccc2)C,1.6823994310505976e-09,0.37,0.375
CC1=C(C(=O)N)C=CC=C1CCCCC=CC2=C(C(=O)N)C(=C)C3=CC=CC=C3C2,3.62154998670482e-10,O=C(NCC=CCNC(=O)c1cc2c3c(cccc3)Cc2cc1)c4c(c(ccc4)C(=O)N)C,8.859050551923627e-10,0.397,0.4027777777777778
C(N)C1=CC=CC=C1CCC2=CC=CC=C2C=CC=CC3=CC(C)=CN=C(N)3,3.62154998670482e-10,O=C(Nc1c(ncc(c1)C)C)CCc2c(cccc2)C[NH3+],1.715390696090709e-07,0.414,0.3064516129032258
C(N)CCCCC1=CC=C(C(=O)N)C=C1N2CCCC(C3=CC=CC(C(=O)N)=C3)C(=O)2,3.7458862544776e-10,Fc1c(N2C(=O)C(N(C=O)Cc3cc(ccc3)C(=O)N)CCC2)ccc(F)c1,1.2537333137184442e-08,0.37,0.3924050632911392
CC(=C(C(=O)N))C1=CC=CC=C1CCNC2=CC=CC=C2C3=C(N)NC(=O)CS3,3.80964612744314e-10,S1c2c(NC(=O)C1)cc(cc2)C(=O)NCCNC(=O)C=C(c3c(cccc3)C)C,1.7277310266162335e-08,0.35,0.37037037037037035
O=C(CC1=CC=CC(C(C)C)=C1)N2C(C(=C)C)=CCC(C3=CC=C(C(=O)N)C=C3)=C2,3.80964612744314e-10,O=C(OCc1cc(ccc1)C(C)C)c2cc(c3ccc(cc3)C(=O)N)ccc2,8.083954182461677e-09,0.435,0.43478260869565216
CC1=CC=CC=C1NC=CC=CC2=CC=CC3=C2C=CC(C(=C(C(N)))(N))=C3,3.87449127666227e-10,O=C(Nc1c(cccc1)C)C=Cc2c3c(ccc2)cccc3,1.1440416335501129e-07,0.381,0.4098360655737705
CN(CC1=CC(C(=O)N)=CC=C1)C(=O)CC(=O)C2=CCC(=C)C(C)=C2NC3=CC=CC=C3,3.87449127666227e-10,O=C(N(Cc1cc(ccc1)C(=O)N)C)CNc2ccccc2,1.354385632577588e-07,0.531,0.5396825396825397
O=C(CC1=CC=CC=C1)NCCCC2=C(C(=O)N)CCC3=C2C=C(C(=O)N)CC3,3.94044017495324e-10,O=C(N)c1ccc(cc1)CC(=O)NCCCCNC(=O)CCNC(=O)Cc2ccccc2,3.69256731663388e-08,0.448,0.4482758620689655
C(N)C1=CC=CC=C1CCC2=CC=CC=C2C=CC=C(N)C(Cl)=C(N)C,3.94044017495324e-10,Clc1c(cccc1)C=C(C(=O)NCc2c(cccc2)C[NH3+])C,4.6768036128584304e-08,0.339,0.24193548387096775
C(C(=O)(N))=CC1=CC(C(=O)O)=CC=C1CC(=O)C2=C(C)C3=CC=C(C(=C)(C))C=C3C2=O,3.94044017495324e-10,[O-]C(=O)c1cc(c(cc1)CNC(=O)c2cc3c(c4c(cccc4)C3=O)cc2)C,3.5700008510608346e-08,0.347,0.2631578947368421
O=C(NCC1=CC=C(N)C=C1)CC2=C(C(=O)C)CC3=CC=CC(C(=O)N)=C3S2,3.94044017495324e-10,O=C(N)c1c(cccc1)CC(=O)NCc2ccc(N)cc2,3.36949708418157e-07,0.509,0.5370370370370371
C(CC1=CC=C(C(=N)C)C=C1)C(O)C2=CC=CC=C2CC3=CC=CC(C(=O)N)=C3,4.00751160956583e-10,O=C(N)c1cc(ccc1)CNc2ccc(cc2)CCC(O)c3ccccc3,1.3873481875084242e-08,0.5,0.4918032786885246
C(C(=O)C)=C(CC1=CC(C(=O)N)=CC=C1)CCC=C2CCC=C2[NH1]C3=CC=CC=C3,4.07572468753327e-10,O=C(N)c1cc(ccc1)CC(=O)Nc2ccc(Nc3ccccc3)cc2,7.629930967206321e-08,0.446,0.453125
NC(=O)C1=CC=C(C(=O)N)C=C1CC(=C)C2=C(C(=O)N)C3=CC=CC(C(=O)C)=C3S2,4.07572468753327e-10,S1c2c(cccc2)C(C(=O)NCCNC(=O)c3c(ccc(c3)C(=O)N)C)=C1C(=O)C,3.0668876159758165e-08,0.366,0.38028169014084506
O=C(NC1=CC=CC=C1C)N2CC(C(=C)C(C(=O)C))=CC3=CC=C(C(=O)C(C(N)))C=C32,4.07572468753327e-10,O=C(Nc1c(cccc1)C)CCC(=O)c2cc3c(cc2)CCCC3,5.824247135708563e-08,0.37,0.38028169014084506
C(C(=O)N)=C(CC1=CC=CC(C(=O)C)=C1)N2CCCC(C3=CC=CC(C(=O)N)=C3)=C2,4.1450988411155e-10,O=C(N1CCN(C(=O)Cc2cc(ccc2)C(=O)N)CCC1)c3cc(ccc3)C(=O)C,6.82846888359762e-09,0.47,0.4696969696969697
CC1=CC(C(C(C(=O)(N))))=CC=C1C2=CC=C(C=C2CC(=O)CC=CC(=C(N))C)C,4.21565383333484e-10,O=C(Nc1ccc(cc1)CCC(=O)N)CCCc2c(ccc(c2)C)C,3.451502703596816e-08,0.388,0.3880597014925373
CC1=CC=CC=C1CCCC(=O)NC=CC2=CC3=CC=C(C(=O)C(=O)(N))C=C3C2,4.28740976360603e-10,O=C(NCCCCNC(=O)CCc1c(cccc1)C)C(=O)c2cc3c(cc2)CCCC3,2.0802076631645675e-08,0.4,0.40540540540540543
CCC1=C(N)C=C(C(=O)N)C=C1CCCC2=CC=CC=C2C3=CCCCC(=N)3,4.28740976360603e-10,O=C(N1CCN(C(=O)C2=CCCC2)CC1)c3cc(N)c(cc3)CCCC,3.0668876159758165e-08,0.356,0.3561643835616438
O=C(CC1=CC=CC(=O)C1)CC2=CC(C(=O)N)=CC=C2C(=O)ONC(=O)C3=CC=CC=C3,4.43460655237778e-10,O=C1N(C(=O)CN1C)Cc2c(NC(=O)c3ccccc3)cc(cc2)C(=O)N,3.33693783557396e-08,0.325,0.32894736842105265
C(C(=O)N)C1=CC=CC=C1NC(=O)NCC2=CC3=CC(C)=C(C(=O)C(N))C=C3C2,4.58685695062923e-10,O=C(Nc1c(cccc1)CC(=O)N)NCc2c(cc(c(c2)C)C)C,9.663652860855617e-08,0.532,0.5409836065573771
O=C(CC1CCCCC1)NCC2CC3=C(C(=O)C(C(C(=O)N)))C=CC=C3CC2,4.58685695062923e-10,O=C(NCCNC(=O)CC1CCCCC1)c2c3c(ccc2)CCCC3,1.4594043073710918e-08,0.508,0.5081967213114754
O=C(C1=CC(N)=CC=C1NC(=O)C2=CC=CC=C2)C3CCCC(C(C(=O)(N)))=3,4.66493124242965e-10,O=C(Nc1c(NC(=O)c2ccccc2)cccc1)c3ccc(cc3)CC(=O)N,2.5905820570601723e-08,0.444,0.4807692307692308
O=C(CC1=CC=CC=C1)NCC=CC2=C(C(=O)N)C(=O)CC(=C2)CCCC(=O)(N),4.8250892251248e-10,O=C(NCCC(=O)NCC=CCNC(=O)CCCCC(=O)N)Cc1ccccc1,9.828140844988805e-08,0.508,0.5172413793103449
C=C(N)C1=CC=CC=C1CCC2=CC=CC=C2CCC(N)C3CCCCC3,4.90721854116415e-10,O=C(N)c1c(cccc1)CCC(=O)NC(C2CCCCC2)C3CCCCC3,3.2493844409427557e-09,0.436,0.4444444444444444
CCC1=CC=C(C(=C(=N))C(C(=O)(N)))C(O)=C1CC(=O)NC(=O)C2=CC=CC=C2,4.90721854116415e-10,O=C(OCC(=O)NC(=O)c1ccccc1)c2c(O)c(ccc2)CC,3.604834147623914e-07,0.438,0.4262295081967213
C(=O)(CC1=CC=C(C)C=C1)NCC=CC2=C(C(=O)N)C=CC=C2NC(=C)C(=O)CC,5.07569481259313e-10,O=C(N)c1c(NCC(=O)NCC=CCNC(=O)Cc2ccc(cc2)C)cccc1,1.424729742556605e-07,0.565,0.5737704918032787
O=C(CC1=CC=CC=C1)NC(=C)C=CC2=CC3=CC=C(C(C(CC))N)C=C3C=C2,5.07569481259313e-10,O=C(OCC(=O)NC(=O)Cc1ccccc1)C=Cc2cc3c(cc2)cccc3,3.3937368727139225e-08,0.492,0.49206349206349204
O=C(CC1=CC=C(C(=O)N)C=C1)C(=C)C2=CN=NN=C2CC3=CC=CC(C(=O)N)=C3,5.07569481259313e-10,O=C(N)c1cc(ccc1)CC(=O)NCCNC(=O)Cc2ccc(cc2)C(=O)N,5.263316539506193e-08,0.439,0.44642857142857145
O=C(CC1=CC(C(=O)N)=CC=C1)CCC2=CC=CC=C2CC=C(C(=O)O)C3=CCCC=C3,5.07569481259313e-10,O=C(N)c1c(cccc1)CCC(=O)NCC=CCNC(=O)Cc2cc(ccc2)C(=O)N,3.33693783557396e-08,0.392,0.4027777777777778
CC(C(=O)C1=CC=CC=C1)C(=N)CCC(=O)N2CCC3=CC=C(C(=O)N)C=C3C2,5.07569481259313e-10,O=C(OC(C(=O)c1ccccc1)C)CCC(=O)N2Cc3c(cc(OC)c(OC)c3)CC2,7.012459310633414e-08,0.507,0.5074626865671642
O=C(CC1=CC=C(C(=O)C)C=C1)NCC2=CC(N)=CC(C)=C2N3CCCC(C)C3,5.16208976280712e-10,Clc1c(N2CC(CCC2)C)ccc(c1)CNC(=O)Cc3ccc(cc3)C(=O)C,1.8484016003142757e-08,0.612,0.6212121212121212
C1=CC=C(C(=O)(N))C=C1CC(=O)NC(=O)C2=CC3=CC(C(=O)(N))=CC=C3C(=C(N))2,5.16208976280712e-10,O=C(NCC=CCNC(=O)Cc1cc(ccc1)C(=O)N)c2ccc(cc2)C(=O)N,1.1329868277338134e-08,0.483,0.49122807017543857
O=C(C(=C)CC1=CC=CC(C(=C)N)=C1)CCC(C)=C(C(=O)N)C2=CC=C(C(=O)O)C=C2,5.16208976280712e-10,O=C(N)c1cc(ccc1)CC(=O)Nc2ccc(cc2)C(=O)C,3.203132708971498e-07,0.355,0.36065573770491804
C=C(C1=CC=CC=C1)CC2=CC=CC=C2C(C(=O)C)CC3=CC=CC(C(=O)(C(N)))=C3,5.24995526783143e-10,Fc1cc(ccc1)CC(C(=O)OCC(c2ccccc2)=C)C,7.448648416157136e-07,0.375,0.375
CC1=CC=CC=C1C(=O)NC=CC2=CC=C(C)N=C2CC(=O)CC3=CC(C(=O)O)=CC=C3,5.61662988575448e-10,O=C(NNC(=O)c1cc(ccc1)CNc2nc(cc(n2)C)C)c3c(cccc3)C,5.352905056385263e-08,0.414,0.42028985507246375
C(C(=O)(N))=CC1=CC=CC=C1CC(=C)C2=C(C)C3=CC=C(C(=O)(N))C=C3C(=O)2,5.61662988575448e-10,[O-]C(=O)C=Cc1c(c2c(ccc(c2)C(=O)N)C)cccc1,2.3243630655657442e-07,0.419,0.41935483870967744
O=C(CC1=CC(C(N))=CC=C1)C(C)C2=CC=CC=C2CC3=CC=C(N)C(C(=O)N)=C3,5.61662988575448e-10,O=C(N)c1c(cccc1)CC(=O)NC(C(=O)Cc2ccccc2)C,5.9233834234292066e-08,0.375,0.38095238095238093
O=C(C1=CC=C(C(=O)C)C=C1)NC2=NN=C(N)CN2C=CC3=CC=CC(C(C(=O)(N)))=C3,5.71223225691086e-10,O=C(Nc1cc(NC(=O)c2ccc(cc2)CC(=O)N)ccc1)c3ccc(cc3)C(=O)C,6.779696498481721e-08,0.46,0.4918032786885246
C(C(=O)(N))#CC1=CC=C(C(=O)C(C(C(=O)N)))C=C1CC(=O)C2=CC3=CC=CC=C3C2,5.80946190519904e-10,O=C(N1CCN(C(=O)CCC(=O)N)CC1)C2=Cc3c(cccc3)C2,1.0338595034593205e-07,0.429,0.4262295081967213
O=C(CC1=CC=CC=C1)NCC=CC2=C(C(=C(N))N)C=CC=C2CC(=O)CCC,5.90834652899958e-10,O=C(NCC=CCNC(=O)CCNC(=O)Cc1ccccc1)c2c(N)c(ccc2)CC,4.01771083005885e-08,0.485,0.5
O=C(CC1=CC=CC=C1)C(=C)C2=CC=CC=C2CC3=CCCC(C(=O)C(=O)(N))=C3,5.90834652899958e-10,O=C(N1CCN(C(=O)C2=CCC2)CC1)c3c(cccc3)Cc4ccccc4,4.155648224664381e-08,0.393,0.4406779661016949
O=C(C1=CC(N)=CN=C1NC(=O)C2=CC=C(C(=O)O)C2)CCCC3CCCCC3,5.90834652899958e-10,O=C(OC)c1c(ncc(C#N)c1)NC(=O)CCCC2CCCCC2,3.5445020958727777e-07,0.4,0.43661971830985913
CC1=CC=C(N)C=C1CC2=CC=CC=C2CCC(C)CC3=C(N)C(N)=CC=C3,6.00891429815573e-10,Fc1c(cccc1)CCC([NH2+]Cc2c(ccc(N)c2)C)C,1.866436868034807e-07,0.439,0.43859649122807015
O=C(CCC1=CC=CC2=C1C=C(C(=O)N)C=C(N)2)NC3=CC(=N)CCC3,6.11119386199814e-10,O=C(N)c1cncc(c1)C=2N=NN(c3c(cccc3)CCC(=O)Nc4cc5c(cc4)CCC5)C2,1.8616987965412166e-09,0.322,0.3218390804597701
O=C(CC1=C(C)C2=CC=CC=C2C(=O)1)NC=CC3=CC4=CC(C(=O)C)=CC=C4N3,6.11119386199814e-10,O=C1OC(C(=O)NCC=CCNC(=O)C=2Nc3c(cc(cc3)C)C2)=C(c4c1cccc4)C,2.887292219440181e-09,0.329,0.26506024096385544
O=C(CC1=CC(N)=CC=C1)C(C)C2=CC=CC=C2CC3=CC=C(N)C(C(=O)N)=C3,6.11119386199814e-10,O=C(N)c1c(cccc1)CC(=O)N(Cc2cc(N)ccc2)C,1.5242376825949801e-07,0.443,0.4426229508196721
O=C(CCC1=CC=CC=C(N)1)NCC2CC(=O)C3=CC=CC(C(=C)N)=C3C=2,6.21521435750654e-10,O=C(NCc1c(c2ccccc2)cccc1)CCc3c(N)cccc3,1.1718849111824172e-08,0.492,0.5
O=C(CC1=CC=CC=C1)NCC=CC2=C(C(=O)O)C=CC(=C2)CC(=O)CCC(N)C,6.32100541761001e-10,O=C(NCC=CCNC(=O)CCNC(=O)Cc1ccccc1)Cc2ccc(cc2)C(C)C,3.451502703596816e-08,0.446,0.46774193548387094
CCC(N)C1=CC=CC(C(=O)C)=C1CCNC(=O)CC2=CC3=CC=CC=C3S2,6.42859717962888e-10,S1c2c(cccc2)C=C1CC(=O)NCCNC(=O)c3c(cccc3)C(=O)C,1.0514571415418939e-07,0.6,0.6
O=C(N)C1=CC=CC=C1CCC2=CC=CC=C2C(=C)C(C3)CCC(C(=C(C(=O)(N)))N)C3,6.42859717962888e-10,O=C(N)c1c(cccc1)CCC(=O)N2CCN(C(=O)C=C(C3CC3)C4CC4)CC2,1.2537333137184442e-08,0.474,0.48214285714285715
CCC1=CC(N)=C(C(=O)N)C=C1CC(=O)C=C(C(=O)NC)C2=CC=C(C)C=C2,6.42859717962888e-10,Fc1c(cc(N)c(c1)C(=O)NCC=CCNC(=O)c2ccc(cc2)C)CC,1.1833192542966173e-07,0.415,0.40625
CC1=C(C(=C)N)C=CC=C1CCC=C(CCNC(=O)C(N))CC2=CC=CC=C2C,6.42859717962888e-10,O=C(NCCNC(=O)Cc1c(cccc1)C)c2c(c(ccc2)C(=O)N)C,3.1721810293620355e-08,0.446,0.453125
CN(C1=CC=C(C(=C)N)C=C1)C(=O)C2=CC=CC=C2C=CC3=CCCC(C)=C3,6.5380202938598e-10,O=C(N(c1ccc(cc1)C(=O)N)C)c2c(c3c(cccc3)C)cccc2,2.0453924147377183e-08,0.393,0.4032258064516129
O=C(CC1=CC=CC=C1)NCC2=CC=CC=C2CC(=C(=O))CC3=CC(=O)CC=C3,6.5380202938598e-10,O=C(NCCNC(=O)Cc1ccccc1)Cc2c(cccc2)CC#N,9.663652860855617e-08,0.39,0.41379310344827586
CN(CC1=CC(C(=O)(N))=CC=C1)C(=O)CC(C)C2=CC=CC=C2NC3=CC=CC=C3,6.6493059323077e-10,O=C(N)c1cc(ccc1)CN(C(=O)CC(c2c(cccc2)C)C)C,4.298321332126153e-08,0.709,0.7090909090909091
CC(N)(C)C1=CC=CC=C1CCCCC2=CC=CC=C2NC3=C(N)C=CCC3,6.6493059323077e-10,O=C(Nc1c(cccc1)CCC[NH3+])c2c(cccc2)C(C)(C)C,4.4458927405249594e-08,0.333,0.3225806451612903
O=C(NCC1=CC(N)=CC=C1)CC2=C(C(=O)C(N))C(=C)CC3=CC=CC=C23,6.6493059323077e-10,O=C(NCc1cc(N)ccc1)CC2=Cc3c(cccc3)C2,5.7267700354556634e-08,0.516,0.5245901639344263
CC1=CC=CC=C1CC(N)=CC(=O)CC2=CC(N)=NN=C2C3=CC=CC(C(=O)N)=C3,6.6493059323077e-10,O=C(N)c1cc(ccc1)C=2N=NN(C2)Cc3c(cccc3)C,1.6034035719839377e-07,0.462,0.46875
NC1=CC(C(=O)(N))=CC2=C1CC(=C)C(=O)N2CCC(=O)NC3=NC=CC(C)=C3,6.76248579756553e-10,O=C1N(C(c2c1cccc2)=C)CCC(=O)Nc3nccc(c3)C,1.7445888845670109e-07,0.529,0.5373134328358209
O=C(NC1=CC=CC=C1)C=CC(=O)C2=CC=CC3=C2C=CC=C(C(=C)C(=O)(N))3,6.8775921318459e-10,O=C(Nc1ccccc1)c2c3c(c(N)ccc3)ccc2,4.056912532995847e-07,0.438,0.4375
CC(N)(C)C1=CC=CC=C1CCN(C(=O)C(=O)(N))CCC=CC2=CC=CN=C(N)2,6.8775921318459e-10,O=C(N(CCN(C(=O)C(=O)N)CC)CC)c1c(nccc1)N,2.641382466092204e-06,0.388,0.421875
C(C(=O)N)C1=CC=C(C(=C)C(C(=O)N))C=C1CC(=O)C2=CC3=CC=CC=C3C2,6.8775921318459e-10,O=C(Nc1c(cccc1)CC(=O)N)C2=Cc3c(cccc3)C2,7.629930967206321e-08,0.483,0.5087719298245614
C(=O)(CC1=CC=CC(C(=C)N)=C1C)CC=CC=CC2=CC=CC(C(=O)(N))=C2,6.8775921318459e-10,O=C(NCC=CCNC(=O)Cc1cc(ccc1)C(=O)N)c2c(c(ccc2)CO)C,2.6346771447493833e-08,0.394,0.4057971014492754
CC(N)(C)C1=CC=CC=C1CCC(=C(C))CC=C(C)C2=CC=C(C)C=C2,6.8775921318459e-10,FC(F)(F)c1c(cccc1)CCNC(=O)c2ccc(cc2)C,5.782647411208766e-07,0.35,0.3559322033898305
O=C(C(N)=CC1=CC=CC=C1)CC=C(C(=O)N)CC=CC2=CC(C(=O)N)=CC=C2,6.8775921318459e-10,O=C(N)c1cc(NC(=O)C(=Cc2ccccc2)CC)ccc1,7.376672572429296e-08,0.424,0.423728813559322
C(C(=O)N)=C(NC1=CC=CC=C1)C(=O)C2=CCC=C2CC3=CC=CC(C(=O)N)=C3,6.8775921318459e-10,O=C(Nc1ccccc1)NCc2cc(ccc2)C(=O)N,4.125966479155306e-07,0.466,0.47368421052631576
O=C(CCC1=CC=CC=C1)NCC=2C(=O)CC3=CC=CC(C(=C(N))N)=C3C=2,6.99465772616584e-10,O=C(NCC=CCNC(=O)CCc1ccccc1)c2c3c(ccc2)CCC3=O,2.5472249636873493e-08,0.448,0.46153846153846156
O=C(C1=CC=CC(N)=C1)NC2=CC=CC=C2C=CC3=C(C(=O)N)CCC(C(=O))=C3,6.99465772616584e-10,ClC1=C(C(=O)Nc2cc(NC(=O)c3cc(N)ccc3)ccc2)CC1,1.1833192542966173e-07,0.406,0.4126984126984127
O=C(CC1=CC(C(=O)N)=CC=C1)C=CC=C2C=CC=C(C(C(C(=O)N)))C2=C,7.11371592968838e-10,O=C(N)c1cc(ccc1)CC(=O)Nc2cc(ccc2)CCC(=O)N,1.7277310266162335e-08,0.422,0.45
CC1=CC=C(C(=O)N)C=C1NC(=O)CC=C2C(C(=O)C)=C(N)C=C2CCCCC,7.11371592968838e-10,O=C(N)c1cc(NC(=O)CCCCCCCC)c(cc1)C,5.225723265577915e-07,0.533,0.5333333333333333
CC(N)(C)C1=CC=CC=C1CCC=C(C(=O)C)CCC=CC2=CN=C(N)C=C2,7.11371592968838e-10,O=C(NCc1c(cccc1)C(C)(C)C)CCc2cnc(N)cc2,4.6768036128584304e-08,0.38,0.391304347826087
O=C(CC1=CC=C(N)C(C(=O)N)=C1)N2C=C(C(O))CC(C3=CC=C(C(=O)C)C=C3)=C2,7.23480065922273e-10,O=C(N1CCN(C(=O)Cc2ccc(cc2)C(=O)N)CC1)c3ccc(cc3)C(=O)C,5.5366827866102494e-08,0.369,0.375
O=C(CC1=CC=CC=C1)NCCC=C2C=CC3=CC(N)=C(C(=O)N)C=C3C2,7.23480065922273e-10,O=C(NCCNC(=O)Cc1ccccc1)c2c(N)cc3c(c2)CCCC3,7.759802350413329e-08,0.484,0.4918032786885246
C(N)C1=CC=CC=C1CCC2=CC=CC=C2C=CC=CC(C(N))=C(N)C,7.35794640888658e-10,O=C(NCc1c(cccc1)C[NH3+])C=CC=Cc2ccccc2,1.1635147152901845e-07,0.364,0.2807017543859649
NC1=CC=C(N)C=C1CC2=CC=CC=C2CCC(=O)C3=CC=C(C(N))CC3,7.35794640888658e-10,O=C(N1Cc2c(ccc(N)c2)C1)CCc3c(N4N=NC(c5ccc(N)cc5)=C4)cccc3,2.887292219440181e-09,0.266,0.2692307692307692
C(=O)(N)CC1=CC=CC(C(=O)C)=C1CC=C(C)C(=O)C=C(N)C2=CC=CC=C2C,7.35794640888658e-10,O=C(Nc1c(cccc1)CC(=O)N)C=C(c2c(cccc2)C)C,1.6584521607389992e-07,0.458,0.4576271186440678
C(CC(=C(=O)))=C(CC1=CC=CC=C1C)C2=CC(C(=O)N)=CC3=CC(C(=O)N)=CC=C32,7.48318825993242e-10,O=C(NCc1c(cccc1)C)c2c3c(cc(c2)C(=O)N)cccc3,5.444018486747391e-08,0.468,0.48333333333333334
CCC(=O)C=C(N)C1=CC=CC(C(=O)N)=C1C(=O)C(C)=CC(=O)C2=CC=C(C)C=C2,7.48318825993242e-10,O=C(NCCNC(=O)C=CC(=O)c1ccc(cc1)C)c2c(c(ccc2)C(=O)N)C,1.0412969741292451e-08,0.387,0.4098360655737705
O=C(CC1=CC2=CC=CC=C2C(=O)1)NCC3=CC=CC4=C3NC(=C)CC(=O)4,7.48318825993242e-10,O=C(NCCNC(=O)CC=1C(=O)Oc2c(cccc2)C1)c3c4Nc5c(cccc5)C(=O)c4ccc3,2.357925776599026e-09,0.364,0.22093023255813954
CC(N)(C)C1=CC=CC=C1CCC=CC2=CC(=O)CC=C2NC3=CC=CC=C3,7.48318825993242e-10,O=C(NCc1c(cccc1)C(C)(C)C)C2=C(OCC2=O)Nc3ccccc3,9.25260985941592e-09,0.301,0.3013698630136986
O=C(NC1=CC=CC=C1N)CCCC2=CC(=C(=O))C3=CC=C(C(C(N)))C=C32,7.6105618907415e-10,O=C(Nc1c(N)cccc1)CCCc2cc3c(cc2)cccc3,3.451502703596816e-08,0.525,0.543859649122807
C=C(N)C1=CC=CC(C(=O)C)=C1CCNC(=O)CC2=CC3=CC=CC=C3C2=O,7.6105618907415e-10,O=C(NCCNC(=O)CC=1C(=O)Oc2c(cccc2)C1)c3c(cccc3)C(=O)C,6.231032238480951e-08,0.439,0.3194444444444444
O=C(CC1=CC=CC=C1)NCCCC2=CC=CC3=C2CC(=C(=C(N)))CC3,7.6105618907415e-10,O=C(NCCC(=O)NCc1c2c(ccc1)CCCC2)Cc3ccccc3,2.3019028844124836e-08,0.469,0.5161290322580645
NC(=O)C1=CC=CC(C(=O)C)=C1CC=CC2=C(C(=O)C)C=CC=C2C=CC3=CC=CO3,7.74010358698762e-10,O=C(N)c1c(c(NC(=O)CCNC(=O)C=CC=2OC=CC2)ccc1)C,2.705667491374261e-07,0.386,0.391304347826087
CC1=CC=CC=C1CNC(=O)CC(C(=O)O)=C2C(=O)CC3=CC=C(C(=O)N)C=C3[CH1]2,7.74010358698762e-10,O=C(OCC(=O)NCc1c(cccc1)C)c2c(ccc(c2)C(=O)N)C,4.919707539022398e-08,0.47,0.4696969696969697
O=C(CC1=CC=C(C)C=C1)NCC2=CC=CC=C2C3CC(=O)NC(N)=C3,7.74010358698762e-10,O=C(NCc1c(cccc1)C2CC2)Cc3ccc(cc3)C,6.126747008126378e-08,0.6,0.6
CC(CC1=CC(C(=O)N)=CC=C1)=C(C)CC(=O)NC=CC2=CC=CC(N)=C2,7.74010358698762e-10,O=C(N)c1cc(ccc1)CNC(=O)C=Cc2cc(N)ccc2,9.663652860855617e-08,0.534,0.543859649122807
O=C(CC1=CC=CC=C1)NCC2=CC=CC=C2C3CCCC(C(=O)(N))=C3,7.74010358698762e-10,O=C(NCc1c(cccc1)C2CCC2)NCCNC(=O)Cc3ccccc3,1.2121184566672398e-08,0.517,0.5172413793103449
CC1=C(C(=O)N)C=CC=C1CCCCC=CC2=CN=C(N3CCC(N)C3)C=C2,7.74010358698762e-10,O=C(Nc1cnc(N2CCC([NH3+])CC2)cc1)c3c(c(ccc3)C(=O)N)C,5.0034473822546355e-08,0.486,0.42105263157894735
O=C(CC1=CC=CC=C1)NCC2=CC=CC(=C2)CC3=CCCC(C(=C(N))N)=C3,7.87185025197419e-10,O=C(NCCNC(=O)Cc1ccccc1)C2=CCC2,7.323984638763735e-07,0.431,0.45614035087719296
CC1=C(C(=O)N)C=CC=C1CCCC(=C(N))C=CC2=CC3=CC=CC=C3S2,7.87185025197419e-10,S1c2c(cccc2)C=C1CCNC(=O)c3c(c(ccc3)C(=O)N)C,4.5985306199700256e-08,0.448,0.44776119402985076
O=C(C(N)(N)C1=CC=CC=C1)NCC=CC2=CC=CC=C2C=C(N)CC,7.87185025197419e-10,O=C(NCC=CCNC(=O)C(c1ccccc1)(CC)CC)C=Cc2c(cccc2)C,5.0886125869110914e-08,0.419,0.4262295081967213
O=C(CC1=CC=CC=C1)NC(=O)CCC(C(=O)O)=CCC(=O)CC2=CN=CC3=C2CCC3,7.87185025197419e-10,O=C(NCCC(=O)NCc1c2c(cnc1)CCC2)Cc3ccccc3,7.502233167218944e-08,0.522,0.5384615384615384
NC1=CC=C(N)C=C1CC2=CC=CC=C2CCC(C)CC3=CC=CC(N)=C3,7.87185025197419e-10,[NH+](Cc1c(N)cccc1)(Cc2cc(N)ccc2)C,7.8355164770535e-07,0.42,0.42
ClC1=C(C(=O)N)C=CC=C1CCC(=O)CCC=CC2=C(C(=O)N)C3=CC=CC=C3C2,7.87185025197419e-10,O=C(NCC=CCNC(=O)CCc1c(cccc1)C(=O)N)c2cc3c4c(cccc4)Cc3cc2,5.301180255280092e-09,0.392,0.4084507042253521
C(=O)=C(CC1=CC=CC=C1)C(=O)NC=CC2=CC3=CC=CC(C(=C)N)=C3C=C2,8.005839417147e-10,Brc1c2c(cc(cc2)C=NNC(=O)Cc3ccccc3)ccc1,3.01555886830405e-08,0.377,0.37681159420289856
O=C(CC1=CC=CC=C(C(=O)N)1)N2CCC(=C(C(=O)O))C(C3=CC=CC(N)=C3)=C2,8.005839417147e-10,O=C(N)c1c(cccc1)CC(=O)N2C3=NC(c4cc(N)ccc4)=CN3CCC2,1.0412969741292451e-08,0.466,0.4788732394366197
C(C(=O)C)=C(CC1=CC(C(=O)N)=CC=C1)N2CCC(C(=O)O)=C(C3=CC=C(C(=O)O)C=C3)C2,8.005839417147e-10,O=C(N)c1cc(ccc1)CC(=O)N2CC(c3ccccc3)=C(CC2)C,2.6346771447493833e-08,0.5,0.5303030303030303
C=C(CC1=CC=C(C(=C(N))C(N))C=C1)NC2CCC(C3=CC=CC(C(=O)C(C))=C3)CC2,8.14210925278593e-10,O=C(NC1CC(NC(=O)c2ccc(cc2)CC(=O)N)C1)c3cc(ccc3)C4CC4,5.0034473822546355e-08,0.449,0.45588235294117646
CN(CC1=CC(C(=O)N)=CC=C1)C(=O)C2=CC=NC=C2CC3=CC(N)=CC(=O)C(=O)3,8.14210925278593e-10,O=C(N(Cc1cc(ccc1)C(=O)N)C)c2c(N(C)C)cncc2,1.774284064318968e-07,0.603,0.6031746031746031
CC(N)(C)C1=CC=CC=C1NSC2=CC=CC=C2C3=CC(C(=O)N)=CC(F)=C3,8.14210925278593e-10,S(c1c(NC(=O)Nc2c(c3cc(F)cc(F)c3)cccc2)cccc1)C,1.1635147152901845e-07,0.417,0.423728813559322
C(C(=O)N)=C(CC1=CC(C(=O)C)=CC=C1)N2CCC(C(=O)N)=C(C3=CC=CC=C3)C2,8.280698578878991e-10,O=C(N)c1cc(ccc1)CC(=O)N2CC(c3ccccc3)=C(CC2)C,2.6346771447493833e-08,0.547,0.5555555555555556
O=C(CC1=CC=CC=C1)N2CCCN(C3=CC=CC(C(=C(C(=O)C(N)))C(N))=C3)C(=O)2,8.280698578878991e-10,O=C(OCC(=O)Cc1ccccc1)c2cc(N3C(=O)NCCC3)ccc2,7.502233167218944e-08,0.408,0.4084507042253521
CC1=C(C(=O)N)C=CC=C1CCC2=CC=CC=C2C=CC=CC(Cl)=CCNC,8.280698578878991e-10,O=C(NCCNC(=O)C=CC=Cc1ccccc1)c2c(c(ccc2)C(=O)N)C,6.275857593726992e-09,0.382,0.40298507462686567
O=C(NCC1=CC=CC=C1)CCC2CCC3=C(N(C(=O)C(C(C))))C=CC=C3S2,8.280698578878991e-10,O=C(Nc1c(NC(=O)CCC)cccc1)CCCC(=O)NCc2ccccc2,5.9233834234292066e-08,0.554,0.5535714285714286
O=C(CC1=CC=CC=C1)NCCC=CC2=CC3=CC=C(C(=O)C(C(C)))C=C3C2=O,8.280698578878991e-10,O=C(Nc1cc(ccc1)C(=O)CCC)CCNC(=O)Cc2ccccc2,3.8843519569743744e-08,0.492,0.49230769230769234
CN(CC1=CC=CC(C(=O)N)=C1)C(=O)CNC2=CC=CC=C2C(N)C3=CC=CC=C3,8.280698578878991e-10,O=C(N(Cc1cc(ccc1)C(=O)N)C)CNc2c(cccc2)C(=O)N,4.919707539022398e-08,0.679,0.6909090909090909
CC1=CC=CC=C1CC(=O)NC(=O)CNC2CC(=O)C3=CC=CC(C(=O)N)=C3C2,8.4216468761809e-10,O=C(NC1C(NC(=O)Cc2c(cccc2)C)CC1)c3c4c(ccc3)C(=O)CC4,1.2121184566672398e-08,0.464,0.48484848484848486
CC1=C(C(=O)O)C=CC=C1CCCC(=C(N))C=CC2=CN=C(C3CCCC3)C=C2,8.4216468761809e-10,[O-]C(=O)c1c(c(NN=Cc2cnc(cc2)C3CCC3)ccc1)C,2.2854615275150829e-07,0.493,0.4189189189189189
CC1=CC=CC=C1CNC(=O)CNCC2CC(=O)[NH1]C3=CC=C(C(=O)N)C=C32,8.4216468761809e-10,O=C1Nc2c(cccc2)C(C1)CC(=O)NCc3c(cccc3)C,1.6034035719839377e-07,0.578,0.639344262295082
CCCCCC1=CC=CC=C1N2CCCC(C3=CC=CC(C(=O)C(N))=C3)C2=O,8.56499429746053e-10,O=C1N(c2c(cccc2)C)CCCC1Nc3cc(ccc3)C(=O)CC,6.337092539563196e-08,0.419,0.4246575342465753
O=C(CC1=CC=CC=C1)NCC2=CC(C(N))=CC(N)=C2[CH1]C=CC3=CC=CC=C3,8.56499429746053e-10,O=C(NCC=Cc1ccccc1)C(=O)NCCNC(=O)Cc2ccccc2,6.231032238480951e-08,0.448,0.4067796610169492
CC1=C(C(=O)N)C=CC=C1CCCCC(=N)C=CC2=CC3=CC=CC=C3C2,8.56499429746053e-10,O=C(NCCCCNC(=O)C1=Cc2c(cccc2)C1)c3c(c(ccc3)C(=O)N)C,5.965995587201039e-09,0.441,0.44776119402985076
O=C(CC1=CC=CC=C1)NC(=O)NCC2=CC=CC(=C2)C3CCC=C(C(C(=O)N))3,8.56499429746053e-10,O=C(NNC(=O)Cc1ccccc1)NCc2cc(ccc2)C3CC3,1.8798638079786135e-08,0.525,0.5344827586206896
CC(C(=O)NCC1=CC=CC=C1CCC(C(C(=O)N))C)C2=CC=C(N)C=C2,8.56499429746053e-10,O=C(OC)CCc1c(cccc1)CNC(=O)C(c2ccc(cc2)C)C,6.231032238480951e-08,0.509,0.5178571428571429
CC(C)C1=CC=C(C(=O)N)C=C1N2CCCC(C3=CC(C(CC(N)(N)))=CC=C3)=C2,8.56499429746053e-10,Fc1cc(ccc1)CCC(C(=O)Nc2c(N3CCCC3)ccc(c2)C(=O)N)C,2.2254963963401058e-08,0.388,0.3924050632911392
C(N)C1=CC=CC=C1CCC2=CC=CC=C2C=CC=C(N)C(F)=C(N)C,8.56499429746053e-10,FC(C(=O)OCc1c(cccc1)CCC=C)=C(C)C,3.234386391039756e-06,0.283,0.34545454545454546
C(=O)(N)CC1=CC=CC(C(=C(=O))C)=C1CC=CC(=O)NC(=O)C2=CC=CC=C2F,8.71078167893905e-10,Fc1c(cccc1)C(=O)NNC(=O)Nc2c(cccc2)CC(=O)N,3.313103734547974e-07,0.422,0.42857142857142855
C(N)N(CC1=CC=CC(C(=O)N)=C1)C(=O)C2=CC=CC=C2NC3=CCC(C(N))=C3,8.71078167893905e-10,O=C(N(Cc1cc(ccc1)C(=O)N)C)c2c(Nc3ccccc3)cccc2,3.088950465536578e-09,0.5,0.5076923076923077
CC(N)(C)C1=CC=CC=C1NCCNC2=NC(=O)CC=C2NC3=CC=CC=C3,8.71078167893905e-10,O=C(Nc1c(cccc1)C(C)(C)C)CCNc2ccccc2,3.666193129637751e-07,0.323,0.3442622950819672
CC1=CC=CC=C1CSC2=CC(C(=O)O)=CC=C2C3=CC4=CCCC=C4C(=O)C3,8.85905055192363e-10,S(Cc1c(cccc1)C)CC(=O)Nc2cc(cc(c2)C([O-])=O)C([O-])=O,2.994020218722163e-07,0.362,0.30985915492957744
O=C(CC1=CC=CC=C1)NCC(C(=O)N)=CC2=CC=CC(=C2)C(N)3CCCC3,8.85905055192363e-10,O=C(Nc1cc(ccc1)C2([NH3+])CCOCC2)C(=O)NCCNC(=O)Cc3ccccc3,1.1329868277338134e-08,0.463,0.3611111111111111
O=C(C=CC=C(C(=O)N)C=C(N)C1=CC=CC=C1)CCC2CC3=CC=CC=C3C2,8.85905055192363e-10,O=C(NCCC1Cc2c(cccc2)C1)C=CC(=O)c3ccccc3,6.895095781354073e-08,0.414,0.41379310344827586
O=C(CC1=CC=CC=C1)CCC(=O)C=C(C(=O)N)C2=CC=CC(C(C(C(C(=C)N))))=C2,8.85905055192363e-10,O=C(N)c1cc(ccc1)CCNC(=O)CCCc2ccccc2,1.0514571415418939e-07,0.417,0.4166666666666667
O=C(CC1=CC=C(N)C=C1)C(C)C2=CC=CC(N)=C2CC3=CC=CC(C(=O)N)=C3,8.85905055192363e-10,O=C(N)c1cc(ccc1)CN(C(=O)Cc2ccc(N)cc2)C,1.5501821972997198e-07,0.5,0.5
N#CC1=CC=CC(C(=O)N)=C1CC(=O)NC=C2C(=O)CCC3=CC=C(C(=O)(N))C=C32,8.85905055192363e-10,Fc1c(cc(cc1)C(=O)N)C(=O)NCC=CCNC(=O)Cc2c(F)cccc2C#N,5.630924353796884e-08,0.427,0.42105263157894735
N(C(=O))(CC1=CC(C(=O)N)=CC=C1)N2CCCN(C3=CC=C(C(=C)N)C=C3)C2,8.85905055192363e-10,O=C(N(Cc1cc(ccc1)C(=O)N)C)c2ccc(N3CCCC3)cc2,7.131820520357163e-08,0.532,0.532258064516129
O=C(CC1=CC=CC(C(=C(N))C(C(=O)O))=C1)N2CCCC(C3=CC=C(N)C=C3)=C2O,9.00984315463834e-10,[O-]C(=O)c1cc(ccc1)CC(=O)N2c3c(cc(N)cc3)CCC2,9.828140844988805e-08,0.493,0.463768115942029
O=C(CN)CNC(=O)CCCC1=CC=C(C(=O)N)C=C1C=CC2=CC3=CC=CC=C3C2,9.00984315463834e-10,O=C(NCC=CCNC(=O)CCCc1c(OC)cc(OC)cc1)C2=Cc3c(cccc3)C2,6.44495812539366e-08,0.386,0.37037037037037035
C(CC1=CC=C(C)C=C1)C(C)C2=CC=CN2C(=O)CC3=CC=CC(C(=O)N)=C3,9.16320244425709e-10,O=C(N)c1cc(ccc1)CC(=O)NC(CCc2ccc(cc2)C)C,3.3937368727139225e-08,0.586,0.5862068965517241
C(C)CC1=CC=CC=C1CC=CC2=C(C(=O)N)C=CN=C2CC(=O)CC3=CC=CS3,9.16320244425709e-10,S1C(=CC=C1)CC(=O)NCC=CCNC(=O)c2c(cccc2)CCC,5.5366827866102494e-08,0.423,0.42857142857142855
O=C(N)C1=CC=CC=C1CCC2=CC=CC=C2C=CC(C(C(=C(N))C)(N)N),9.16320244425709e-10,O=C(N)c1c(cccc1)CCC(=O)NCC=CCNC(=O)C,1.1440416335501129e-07,0.414,0.42105263157894735
N(C(=O)C1CCCCC1)CCC2CC3=C(C(=C)N)C=CC=C3CC2,9.3191721091408e-10,O=C(NCCC1Cc2c(cccc2)CC1)C3CCCCC3,3.1721810293620355e-08,0.654,0.6538461538461539
O=C(CC1=CC(C(N))=CC=C1)CCC=CC2=CC=CC=C2NC3=CC=C(N)CC3,9.3191721091408e-10,FC(F)(F)C=Cc1c(NC(=O)CCc2cc(ccc2)C[NH3+])cccc1,3.1190900459242615e-08,0.389,0.3026315789473684
CN(CC1=CCCC(C(=O)N)=C1C)C(=O)CCC(=O)C(=O)NCC2=CC=CC=C2F,9.47779658128346e-10,Fc1c(cccc1)CN(C(=O)C(=O)NCc2c(F)cccc2)C,5.685866541802747e-07,0.452,0.45901639344262296
CNC1=CN=C(N)N=C1CCCCC=C2CCCC3=CC=C(C(=O)N)C=C23,9.47779658128346e-10,O=C(NCCCCNC(=O)c1cc2c(cc1)CCC2)c3c(nc(nc3)N)CC,1.0514571415418939e-07,0.403,0.4025974025974026
O=C(NC(=O)CC(=O)CC1=CC(C(=O)N)=CC=C1)C=CC2=CC3=CC=CC=C3C(=O)2,9.47779658128346e-10,O=C(N)c1cc(ccc1)CC(=O)NCCNC(=O)C=Cc2ccccc2,6.554659724274869e-08,0.455,0.46875
O=C(CNC=C1CC(=O)CC2=C1C=C(C(=O)N)C=C2)C3=CC(N)=CC=C3,9.63912104896945e-10,O=C(NCC=CCNC(=O)c1cc(N)ccc1)c2cc3c4c(cccc4)Cc3cc2,2.887292219440181e-09,0.484,0.4375
CC(C)(N)C1=CC=CC=C1CCC(=C(C(=N)C))C2=CC(C(=O)N)=CC=C2C,9.63912104896945e-10,FC(F)(F)c1c(cccc1)CCNC(=O)c2c(ccc(c2)C(=O)N)C,1.1833192542966173e-07,0.477,0.484375
CCC1=CC(N)=C(C(=O)N)C=C1CC(=O)CC=C(C)C2=NC3=CC=CC=C3S2,9.63912104896945e-10,S1c2c(N=C1C(=O)Nc3cc(N)c(cc3)CC)cccc2,7.448648416157136e-07,0.463,0.46153846153846156
O=C(CC1=CC=CC=C1)NC(=O)CCC(C(=O)C(N))CC2=CC(C(=O)N)=CC=C2,9.63912104896945e-10,O=C(OCC(=O)NC(=O)Cc1ccccc1)Cc2cc(ccc2)C(=O)N,4.919707539022398e-08,0.536,0.5357142857142857
C=C(CC1=CC=CC2=C1C=CC=C2)NCC3=CC4=CC=CC=C4C(N)(N)3,9.8031914696469e-10,O=C(NCC1(c2c3c(ccc2)cccc3)CC1)Cc4c5c(ccc4)cccc5,5.866146124015276e-09,0.397,0.44642857142857145
C(=O)(C(N))C1=CC=CC=C1CCC2=CC=CC=C2C=CC=CC(Cl)=C(N)C,9.8031914696469e-10,ClC(=CCOC(=O)c1c(cccc1)CCc2ccccc2)C,1.3094298482212224e-07,0.339,0.3442622950819672
CCC1=CC(=O)C(=C(C(=O)O))C=C1CCNC(=O)CC2CC3=CC=CC=C3C2,9.8031914696469e-10,O=C(NCCNC(=O)CCc1ccc(cc1)CC)CC2Cc3c(cccc3)CC2,1.1522717422507956e-08,0.433,0.4393939393939394
NC1=CC=CC=C1C(=O)NC(C)CC2=CC(C(C(C(=O)(N))))=C(N)C(C)=C2,9.97005458301945e-10,O=C(NC(Cc1cc(cc(c1)C)C)C)c2c(N)cccc2,1.4736440415238078e-07,0.635,0.6346153846153846
NC(=O)N1C=CC=C1CNC(=O)CCC=C2CC(=O)[NH1]C3=CC=C(C(=O)N)C=C32,9.97005458301945e-10,O=C1NCC(=O)Nc2c1cc(cc2)C(=O)NCCC(=O)NCc3ccccc3,8.16283113100815e-08,0.372,0.3717948717948718
CC1=C(C(=C)N)C=CC=C1CCCCC(=O)C=CC2=CC3=CC=CC=C3C2,9.97005458301945e-10,O=C(NCCCCNC(=O)C1=Cc2c(cccc2)C1)c3c(c(ccc3)CO)C,3.3937368727139225e-08,0.389,0.4
CC1=CC=CC=C1NCCCC=C2C(C(=O)C)=C(N)C=C2CCCCC(=O)(N),1.01397579243617e-09,O=C(Nc1c(NCCC(=O)N)cccc1)CCNc2c(cccc2)C,1.400884853987751e-07,0.419,0.4262295081967213
O=C(CC1=CC=CC(C(=C(N))N)=C1C)CCC=CC=CC2=CC=CC=C2Cl,1.01397579243617e-09,Clc1c(cccc1)C=CC(=O)OCc2c(c(ccc2)C(=O)OC)C,3.922252447567377e-07,0.412,0.4117647058823529
NC1=C(N)C(C(=O)N)=CC2=C1CC(=O)N2CC(=C)NC(=O)C3=CC=CC(C)=C3,1.01397579243617e-09,O=C(NNC(=O)CN1c2c(cccc2)CC1=O)c3cc(ccc3)C,1.3094298482212224e-07,0.456,0.4626865671641791
O=C(CCC1=CC=CC=C1)NCCC2=CC(C(=C(N)(C(C(=O)N)))N)=CCC2,1.03123498380606e-09,O=C(NCCNC(=O)CCC(=O)N)CCc1ccccc1,6.29182981330297e-07,0.5,0.5098039215686274
NC1=CC=C(N)C=C1CC2=CC=CC=C2CNCC3=CC(N)=CC(=O)C3,1.03123498380606e-09,O=C(N1Cc2c(ccc(N)c2)C1)c3c(cccc3)CN4N=NC(c5ccc(N)cc5)=C4,1.991726132029637e-09,0.205,0.21052631578947367
CSC1=CC(C(=O)N)=CC=C1CC=CCCC2=CC3=CC=C(C(=O)N)C=C3C(=O)2,1.0487879491387702e-09,S(c1c(N)ccc(c1)C(=O)NCC=CCNC(=O)c2ccc(cc2)C(=O)N)C,1.2327502947867038e-08,0.354,0.375
C(=O)(CC1=CC(C(=O)C(N))=CC=C1)N(C)C(=O)CCC2=CC=C(C(=C)C(C(=O)N))C=N2,1.0487879491387702e-09,Brc1cnc(cc1)CCC(=O)N(CCN(C(=O)Cc2cc(ccc2)C(=O)N)C)C,4.955099369734089e-09,0.486,0.49295774647887325
CC1=C(C(=O)N)C=CC=C1C(=O)CCCC(=C(N))CC(=O)CC=CC2=CC=CC(F)=C2,1.0487879491387702e-09,Fc1cc(ccc1)C=CCOC(=O)c2c(c(ccc2)C(=O)N)C,2.2854615275150829e-07,0.54,0.5483870967741935
CC(CC1=CC(C(=C(N))O)=CC=C1)N2CCC(CC3=CC=C(N)C=C3)CC2,1.0487879491387702e-09,O=C(N)c1cc(ccc1)C[NH+]2CCC(Cc3ccc(cc3)C(C)C)CC2,8.083954182461677e-09,0.433,0.39705882352941174
C=C(CC1=CC=CC2=C1C=CC(N)=C(N)2)C=CC3=CC4=CC=CC=C4C3,1.0487879491387702e-09,O=C(NNC(=O)CC1=Cc2c(cccc2)C1)Cc3c4c(ccc3)cccc4,2.838969257420217e-09,0.359,0.359375
N(=O)C1=C(C)C=C(N)C=C1CC2=CC=CC=C2CC(=O)NC3=NC=CC=C3,1.06663968885055e-09,O=C(Nc1ncccc1)CNC(=O)Cc2c(cccc2)C,3.426850322227279e-07,0.518,0.5
C=C(CCC(=O)NCC1=CC=CC=C1)C(=O)C=CC2=CC=C3C(C(=O)(N))=CSC3=C2,1.06663968885055e-09,S1c2c(ccc(c2)C)C(C(=O)NCCC(=O)NCc3ccccc3)=C1,5.352905056385263e-08,0.485,0.4852941176470588
CC1=C(C(=O)N)C=CC=C1CC(=C(=O))CCC2=NC3=CC(C(C(=O)(N)))=CC=C3S2,1.06663968885055e-09,Brc1cc2N=C(Sc2cc1)CCC(=O)Nc3c(c(ccc3)C(=O)N)C,1.5352028795297333e-08,0.5,0.5
C(C(=O)N)#CC1=CC=C(C(=O)N)C=C1CCCCC(=O)C2=CC3=CC=CC=C3C2,1.06663968885055e-09,O=C(NCCCCNC(=O)C1=Cc2c(cccc2)C1)c3ccc(cc3)C(=O)N,3.5102517843139754e-08,0.438,0.45161290322580644
O=C(NCC1=CC=CC=C1)CCC=2CCC3=CC=CC(C(=C(N))N)=C3C=2,1.06663968885055e-09,O=C(N)c1c(cccc1)CCC(=O)NCC(=O)NCc2ccccc2,5.444018486747391e-08,0.466,0.45
O=C(CC1=CC=CC=C1)C(=C)C2=CC=CC=C2C(=O)C3=CC(=O)CC(C(=O)N)=C3,1.06663968885055e-09,O=C(N)c1ccc(cc1)COC(=O)C(=C)Cc2ccccc2,3.5445020958727777e-07,0.339,0.31666666666666665
CC(C(C(=O)N))CC1=C(N)C=CC=C1CCCC(=O)NC2=CC=CC(N)=C2,1.06663968885055e-09,O=C(Nc1cc(N)ccc1)CCCc2ccc(cc2)CC(C)C,2.72513176339802e-08,0.569,0.5689655172413793
CCC1=CC=CC(C(=C)C)=C1CCNC(=O)CC2CCC3=CC=CC=C3C2(=O),1.0847952884712901e-09,O=C(NCCc1c(cccc1)CC)CC2C(=O)c3c(cccc3)CC2,3.226175690629193e-08,0.724,0.7192982456140351
CN(CC1=CC=C(C(=O)N)C=C1)C(=O)C2CCC(C3=CC(C(=O)N)=CC=C3)=C2,1.0847952884712901e-09,O=C(N(C1CC1)Cc2ccc(cc2)C(=O)N)c3cc(c4ccc(cc4)C(=O)N)ccc3,4.256786910415247e-09,0.492,0.4915254237288136
O=C(CC1=CC(C(=O)C(C(=O)N))=CC=C1)NC2CCC(C3=CC=CC=C3)=C(O)2,1.0847952884712901e-09,O=C(N)c1cc(ccc1)CC(=O)NC2c3c(ccc(c4ccccc4)c3)CC2,3.5355041465571342e-09,0.538,0.5483870967741935
C(N)=C(CCC=C1C=CC=C(C(=O)N)1)CCCCCC(=O)NC2=CC=CC=C2,1.10325992009321e-09,O=C(N)c1ccc(NC(=O)CCCCCC(=O)Nc2ccccc2)cc1,1.331718053230139e-07,0.481,0.48148148148148145
NC=CC=CCCC1=CC=C(C(=O)O)C=C1CC(=O)CC2=CC=CC(C(=C)N)=C2,1.10325992009321e-09,Clc1c(ccc(c1)C([O-])=O)CCNC(=O)Cc2cc(ccc2)C(=O)N,5.0886125869110914e-08,0.4,0.3108108108108108
O=C(NC1=CC=CC(C(=O)O)=C1)NCC2=CC(=O)CC=C2CCC3CCCCC3,1.10325992009321e-09,O=C(Nc1cc(ccc1)C(=O)NCc2ccccc2)NCCC3CCCCC3,3.595683041467308e-09,0.478,0.5074626865671642
CC(C)C1=CC=C(C(=O)N)C=C1N2CCNN(CCC3=CC=CC(C(=O)N)=C3C)C2,1.10325992009321e-09,Clc1cc(c(cc1)C(C)C)C(=O)N2CCN(C(=O)c3c(c(ccc3)C(=O)N)C)CC2,7.376672572429296e-08,0.394,0.39436619718309857
O=C(CC1=CC(N)=NC=C1)NCC=CC2=C(C(=O)N)C=CC=C2SC(=O)CCC,1.12203884384431e-09,O=C(NCC=CCNC(=O)Cc1cc(ncc1)N)c2c(c(ccc2)C(=O)N)C,1.4349790904006652e-08,0.588,0.6153846153846154
O=C(CCC1=CC=CC=C1)NCCC(C(=C(=O))C)CC2=CC(C(=O)N)=CC=C2,1.12203884384431e-09,O=C(N)c1cc(ccc1)CC(=O)NC(CCNC(=O)CCc2ccccc2)C,2.1516260497613893e-08,0.617,0.6166666666666667
O=C(CC1=CC(C(=C(N)(N))N)=C(N)C=C1)N2CCCC(C3=CC=CC=C3)=C(N)2,1.12203884384431e-09,O=C(N1CCN(C(=O)C2=C(c3ccccc3)CCC2)CC1)c4c(N)ccc(c4)CC,5.444018486747391e-08,0.462,0.46153846153846156
C#CC1=CC=C(C(=O)N)C=C1CC(=C)C2=CC3=C(C(=O)O)C=C(C(C)C)C=C3[NH1]2,1.12203884384431e-09,O=C(NCCNC(=O)C=1Nc2c(ccc(c2)C(C)C)C1)c3cc(c(C#C)cc3)C,3.755419631688537e-08,0.367,0.38961038961038963
NC(=O)CCC(=O)CC=CC=CC1=CC=CC=C1N(C(=O)C2=CC=C(C(=O)O)C=C2C)C,1.12203884384431e-09,O=C(OC)c1cc(c(cc1)C(=O)N(CCN(C(=O)CCC(=O)N)C)C)C,4.565685583961553e-07,0.375,0.37142857142857144
C(=O)=C(C)C1=CCCC=C1C(=O)C2=CC=CC=C2CC3=CC(C(=O)N)=CC=C3,1.12203884384431e-09,O=C(OCc1cc(ccc1)C(=O)N)c2c(cccc2)Cc3ccccc3,2.504593513241216e-08,0.475,0.4827586206896552
O=C(CC1=CC=C(C)C=C1)NCC2=CC(N)=CC=C2C3CC(C)CCC3,1.12203884384431e-09,O=C(NCc1c(ccc(c1)C)C2CC2)Cc3ccc(cc3)C,2.1516260497613893e-08,0.63,0.6296296296296297
CCC1=CC=CC(C(=O)N)=C1C(=O)C=CC2=CC=CC=C2C=CC3=CC=CC(=O)3,1.12203884384431e-09,O=C(NC=1C(=O)C=CC=CC1)c2c(cccc2CC)CC,4.196195813603635e-07,0.371,0.3
CC(N)(C)C(N)=CCC(=O)CC1=CC=CC=C1C(=C)C2=CC=CC(C(C(=O)(N)))=C2,1.12203884384431e-09,O=C(OC(C)(C)C)c1c(cccc1)CC(=O)OCc2cc(ccc2)C(=O)N,3.69256731663388e-08,0.386,0.39705882352941174
O=C(CC1=CC=CC=C1)CCC=CC2=C(C(=O)N)C=CC(=C2)C(=O)CCC(C)N,1.12203884384431e-09,Clc1c(ccc(c1)C(=O)OCC(=O)Cc2ccccc2)C(=O)N,3.922252447567377e-07,0.379,0.4
O=C(CC1=CC=CC=C1)NC2C=C(C(=O)C(C(C(=O)N)))C3=CC=CC=C32,1.14113740938682e-09,O=C(N1CCC(NC(=O)Cc2ccccc2)CC1)CCC(=O)N,1.106067745068516e-07,0.464,0.4727272727272727
C(=O)=C(C(=C)C1=CC(C(=O)N)=CC=C1)N2CCCC(C3=CC=CC(C(=O)(O))=C3)=N2,1.14113740938682e-09,[O-]C(=O)c1cc(N2N=CC(c3cc(ccc3)C(=O)N)=C2)ccc1,1.377439043709943e-07,0.394,0.3283582089552239
O=C(NCCCC(C(=O)C)CC1=CC(C(=O)N)=CC=C1)C(N)C2=CC=CC=C2,1.14113740938682e-09,O=C(N)c1cc(ccc1)CC(=O)NC(CCCNC(=O)C(c2ccccc2)C)C,1.5352028795297333e-08,0.538,0.5555555555555556
CC1=C(C(=O)N)C=CC=C1CC(=O)CC(=C)C=CC2=CC3=CC=CC=C3N2C,1.14113740938682e-09,O=C(N)c1c(c(NC(=O)C=CC=2N(c3c(cccc3)C2)C)ccc1)C,8.88159706425867e-08,0.587,0.6129032258064516
O=C(CC1=CC=CC=C1)NCCCC2=C(C(=O)C)C=CC3=C2CC(=N)C=C3Cl,1.1605610574412102e-09,O=C(NCCCCNC(=O)CCNC(=O)Cc1ccccc1)c2c(cccc2)C(=O)C,1.016556387001877e-07,0.438,0.4603174603174603
CC(CC1=CC=C(N)C(C(=O)N)=C1)C(C)C2=CC=CC=C2NC3=CC=CC=C3,1.1605610574412102e-09,O=C(Nc1c(Nc2ccccc2)cccc1)c3c(N)ccc(c3)C[NH3+],2.3809325856381848e-08,0.483,0.4827586206896552
O=C(NCC1=CC=CC=C1)N(C)C(=O)CC(C(=O)C(C))CC2=CC(C(C(N)))=CC=C2,1.18031532133611e-09,O=C(N(CC(=O)NCc1ccccc1)C)c2cc(ccc2)CC[NH3+],1.2750734910182224e-08,0.46,0.3582089552238806
CC(N)C(N)(N)C1=CC=CN=C1NC(=O)CC2=CC=CC3=C2C=CC=C3,1.18031532133611e-09,FC(F)(c1c(nccc1)NC(=O)Cc2c3c(ccc2)cccc3)C,5.352905056385263e-08,0.704,0.7037037037037037
O=C(NC1=CC=CC=C1)C(=C)C2=CC=CC=C2CC3=CC(=O)CC(C(=O)N)=C3,1.18031532133611e-09,O=C(Nc1ccccc1)c2c(cccc2)Cc3ccccc3,1.1440416335501129e-07,0.382,0.38181818181818183
O=C(C1=CC(N)=CC=C1)NC=C(C)C2=CC=CC=C2C3=C(N)C=C(C(O))S3,1.18031532133611e-09,S1C(C(=O)NCC=CCNC(=O)c2cc(N)ccc2)=CC=C1CO,1.1440416335501129e-07,0.439,0.4307692307692308
CCC1=CC=CC(C(=O)O)=C1CC(=O)NC2=CC=CC=C2C3=CCC(=N)C(=O)S3,1.20040582858461e-09,[O-]C(=O)c1c(NC(=O)CN(C(=O)c2c(cccc2)CC)C)cccc1,4.4892723101046985e-07,0.391,0.3188405797101449
C(C)(C(=O)N)=CC1=CC=CC(C(=C(=N))C)=C1CC(=O)NC(=O)C2=CC=CC=C2C,1.20040582858461e-09,Clc1c(cccc1)C=C(C(=O)NCCNC(=O)c2c(cccc2)C)C,1.715390696090709e-07,0.4,0.4
CC(=C(C(CN)))C1=CC=CC=C1C(=O)NC(=O)CC2=CC3=CC=CC=C3C(=N)2,1.20040582858461e-09,O=C(NCC=CCNC(=O)CC=1C(=O)Oc2c(cccc2)C1)c3c(cccc3)C(=O)C,2.4626755610502637e-08,0.347,0.24358974358974358
NC1=CC=CC=C1C(=O)NC2=CC(C(=C)N)=CC=C2C=C3C=CC=CC3=O,1.20040582858461e-09,O=C(Nc1cc(cc(c1)C(=O)N)C(=O)N)c2c(N)cccc2,5.405134547940605e-07,0.411,0.4107142857142857
O=C(CC1NC(=O)C2=CC=C(C(=O)O)C=C2)CCC1C3=CC(C(=O)N)=CC=C3,1.20040582858461e-09,O=C(NC1C(NC(=O)Cc2cc(ccc2)C(=O)N)CC1)c3ccc(cc3)C(=O)N,1.4842452734127424e-08,0.45,0.46551724137931033
O=C(CCC1=CC=CC=C1)NC(=O)CCCCCC2=CC(N)=C(C(=C)N)C(=C)2,1.20040582858461e-09,O=C(NNC(=O)CCCCCCc1ccccc1)CCc2ccccc2,2.1882495333063525e-08,0.48,0.48
C(N)C1=CC=CC=C1CCC(=N)CCCC2=CC3=CC(C)=C(C(=O)N)C=C3CC2,1.22083830248747e-09,O=C(N)c1c(cc(NC(=O)CCc2c(cccc2)C[NH3+])cc1)C,2.0307831856022635e-07,0.455,0.35714285714285715
CC(C(N))(C)C(N)=CC=CC1=CC=CC=C1CCC2=C(C(N))C=CC(F)=C2,1.22083830248747e-09,Brc1c(cccc1)CC(C(=O)Nc2c(cc(F)cc2)C[NH3+])(C)C,3.989014303322279e-07,0.358,0.2857142857142857
CCC1=CC=CC=C1CCC(=C(C(=O)N))CNCC2(O)CC3=CC=CC=C3C2,1.22083830248747e-09,OC1(C[NH2+]Cc2c(cccc2)CC)Cc3c(cccc3)CC1,1.96337590604281e-07,0.466,0.38333333333333336
O=C(CC1=CC2=CC=CC=C2[NH1]1)NCC3=CC=C(N)C4=C3NC(=C)CC4,1.22083830248747e-09,O=C(NCc1c(N)cccc1)CCC=2Nc3c(cccc3)C2,2.3639267585660757e-07,0.492,0.49206349206349204
CC1=C(C(=O)N)C=CC=C1CC(=O)CCCCSC2=CC3=CC=CC=C3C(=N)2,1.22083830248747e-09,S(Cc1c(cccc1)C(=O)NCCCCNC(=O)c2c(c(ccc2)C(=O)N)C)CC,6.601813219781305e-09,0.377,0.3380281690140845
CC1=CC=CC=C1CNC(=O)CCCC2CC[NH1]C3=CC=C(C(=O)(N))C=C32,1.22083830248747e-09,O=C(NCc1c(cccc1)C)CC2c3c(NCC2)cccc3,2.172619946236769e-07,0.581,0.6065573770491803
CC(=C(N))C(CC1=CC=CC(C(=O)N)=C1)CC2CCC(C3=CC=CC=C3)CC2,1.2416185637634301e-09,O=C(N)c1cc(ccc1)C[NH+](CC2CCC(c3ccccc3)CC2)C,1.4594043073710918e-08,0.567,0.576271186440678
CC1=CC=CC=C1NCC=CC=CC2=CC=CC3=C2C=CC(C(=C(N))N)=C3F,1.2416185637634301e-09,Brc1c2c(c(F)c(cc2)C(=O)Nc3c(cccc3)C)ccc1,2.798559374393035e-07,0.385,0.38461538461538464
CC(N)(C)C1=CC=CC=C1NC(=O)CCC(C2)=CC3=CC(C(N))=CC=C3[NH1]2,1.2416185637634301e-09,O=C1Nc2c(cc(cc2)CCCC(=O)Nc3c(cccc3)C(C)(C)C)C1,4.6768036128584304e-08,0.431,0.43661971830985913
O=C(OC1=CC(C(=C(N))O)=CC=C1)N2CCCC(C3=CC(C(=O)C(C))=CC=C3)=C2,1.2416185637634301e-09,O=C(OC(C)(C)C)N1C=C(C(=O)Nc2cc(ccc2)C(=O)CC)CCC1,1.069354314392057e-07,0.408,0.4189189189189189
CN(CC1=CC=CC(=O)C1)C(=O)CCNC2=C(C(=O)N)C=CC=C2CC3=CC=CC(C)=C3,1.2416185637634301e-09,O=C(NCc1cc(ccc1)C)c2ccc(cc2)C(=O)NCCC(=O)N(Cc3ccccc3)C,8.16283113100815e-08,0.408,0.3815789473684211
O=C(CC1=CC=C(C(=O)O)C=C1)NCC2=CC=CC=C2C(=N)C=CC3=CC=CC(=O)C3,1.2627525322075e-09,O=C(N)c1ccc(cc1)CC(=O)NCCNC(=O)C=CC2=Cc3c(OC2)cccc3,3.630766924904767e-08,0.321,0.3375
NC1=CC=CC=C1CCNC(C)CN2C(=O)CCC3=CC=C(C(C(N)))C=C32,1.2627525322075e-09,Fc1c(cccc1)CCC([NH2+]CCN2c3c(cccc3)CCC2=O)C,5.263316539506193e-08,0.423,0.3698630136986301
O=C(NC1=CC=CC=C1)NC(=O)CCC(=O)C(C)=CC2=CN=CC3=C2CCCC(=C)3,1.2627525322075e-09,O=C(OCC(=O)NC(=O)Nc1ccccc1)c2c3c(cnc2)CCC3,1.400884853987751e-07,0.437,0.43661971830985913
CCC1=CC(C)=C(C(=O)N)C=C1CC=CC2=C(N)C=CC=C2C=CC3=CC=CO3,1.2627525322075e-09,O=C(N)c1c(cc(NC(=O)C=CC=2OC=CC2)cc1)C,1.2152033294281094e-06,0.406,0.417910447761194
O=C(CC1=CC=C(N(C))C=C1)NCC2=CC=CC=C2C3CC=CC(C)=C3,1.2627525322075e-09,O=C(NCc1c(cccc1)C2CC2)Cc3ccc(NC(=O)C)cc3,2.0802076631645675e-08,0.517,0.5517241379310345
O=C(CC1=CC=CC(C(=O)(N))=C1)C(C)C2=CC=CN=C2CC3=CC=CC(C(=O)N)=C3,1.2627525322075e-09,O=C(OCc1ncccc1C(=O)N)Cc2cc(ccc2)C(=O)N,2.172619946236769e-07,0.509,0.5087719298245614
CC(C)C1=CC=C(C(=O)(C(=O)O))C=C1N2CCC(=O)C(C3=CC(C(=O)C(N))=CC=C3)=C2,1.2627525322075e-09,[O-][N+](=O)c1c(ccc(c1)C(=O)N2CCN(C(=O)c3cc(c4ccccc4)ccc3)CC2)C(C)C,3.037252464543587e-09,0.342,0.35135135135135137
C(C(=O)N)=C(CC1=CC(C(=O)N)=CC=C1)N2CCC(C(=O)O)=C(C3=CC=CC=C3)C2,1.2627525322075e-09,O=C(N)c1cc(ccc1)CC(=O)N2CC(c3ccccc3)=C(CC2)C,2.6346771447493833e-08,0.571,0.5901639344262295
NC(=O)C1=CC=CC=C1CC=CC2=C(C(=C)C)C=CC=C2C=CC3=CC=C[NH1]3,1.2627525322075e-09,O=C(N(CCN(C(=O)CCc1c(cccc1)C(=O)N)C)C)C=CC=2NC=CC2,2.7715170626955952e-08,0.435,0.4411764705882353
CN(CC1=CC=CC=C1CCC(N)(C)C)C(=O)CC(=O)CC2=CC=CC(C(=O)N)=C2F,1.28424622837733e-09,Fc1c(cccc1C(=O)N)C(=O)N(Cc2c(cccc2)C(C)(C)C)C,1.28751466817905e-07,0.484,0.4918032786885246
CN(CC1=CC=C(C(=C(N))C(=O)(N))C=C(C(=O)(N))1)C(=O)CC=CC2=CC=CC(C)=C2,1.28424622837733e-09,O=C(N(CCN(C(=O)CC=Cc1ccccc1)C)C)c2c(ccc(c2)C(=O)N)C,2.8186919003266384e-08,0.464,0.47058823529411764
O=C(CC1=CC=CC=C1)NCCCC2(C3=CC=C(N(C(=O)C(C(C))))C=C3)CCOC2,1.28424622837733e-09,O=C(NCc1ccc(NC(=O)CCC)cc1)C(=O)NCC2(c3ccccc3)COCC2,2.172619946236769e-07,0.6,0.6060606060606061
CC=C1CCC(NC(=O)NC(=O)C(=C)CC2=CC(C(=O)(N))=CC=C2)CC1,1.28424622837733e-09,O=C(NC(=O)COC(=O)Cc1cc(ccc1)C(=O)N)NC2CC2,2.404163877257511e-07,0.532,0.5238095238095238
O=C(C=C(C(=O)C(N))CC1=CC=CC(C(=O)(N))=C1)CC2=CC=C3C=CSC3=C2,1.28424622837733e-09,S1c2c(ccc(NC(=O)Cc3cc(ccc3)C(=O)N)c2)C=C1,1.354385632577588e-07,0.55,0.559322033898305
O=C(CC1=CC=CC=C1)NCC(=O)CC2=CC=C3C(=C2)CCCC(C(=O)C(=O)(N))3,1.28424622837733e-09,O=C(NCCNC(=O)Cc1ccccc1)C2c3c(cc(O)cc3)CCC2,6.337092539563196e-08,0.548,0.5483870967741935
N#CC1=CC=C(C(=O)C)C=C1CC(=C)C=CC2=CC3=CC=CC(C(=O)N)=C3[NH1]2,1.28424622837733e-09,O=C(c1cc(N(Cc2c3NC=Cc3ccc2)C)c(C#N)cc1)C,1.377439043709943e-07,0.387,0.38666666666666666
O=C(C(N)C1=CC=CC=C1)NC(=O)CCC=CCC2=CC=CC3=C2CCCC3,1.3061057753083e-09,O=C(NCc1c2c(ccc1)CCCC2)C([NH3+])c3ccccc3,2.6346771447493833e-08,0.607,0.47540983606557374
CCC1=CC=CC(C(=O)O)=C1CCCCC2=CC=CC=C2C3=C(N)NC(=O)CS3,1.3061057753083e-09,S1c2c(NC(=O)C1)cc(cc2)C(=O)NCCCCNC(=O)c3c(N)c(ccc3)CC,1.0770471307974204e-08,0.382,0.38666666666666666
CNC(C(=O)N)=CCC(C)=CC1=CC=CC2=C1C=CC=C2CCC(C(=O)(N)),1.3283374002578502e-09,O=C(OC)CCC(=Cc1c(cccc1)CCC(=O)N)C,1.916727280459466e-06,0.387,0.4166666666666667
C(=O)=C(CC1=CC=CC(C(=O)N)=C1C)CCC=CC=CC2=CC=C(O)C=C2,1.3283374002578502e-09,O=C(NCC=CCNC(=O)C=Cc1ccc(O)cc1)c2c(c(ccc2)C(=O)N)C,2.203991557892852e-09,0.448,0.4393939393939394
CC1=CC=CC=C1NC(=O)C(=O)C2=CC=CC=C2CC(=O)CC3=CC(=C)C(=N)C(=O)3,1.3283374002578502e-09,O=C(OC)Cc1c(c(NC(=O)C(=O)Nc2c(cccc2)C)ccc1)C,4.056912532995847e-07,0.381,0.3870967741935484
CC(N)(C)C1=CC=CC=C1CCC(=C(C(=O)N)(N))C2=C(C)C=C(C(=O)N)C=C2F,1.3283374002578502e-09,Fc1c(c(NCCc2c(cccc2)C(F)(F)F)cc(c1)C(=O)N)C,6.29182981330297e-07,0.439,0.453125
C(N)=C(CCCCCCC1=CC=CC(C(=O)N)=C1C)C(N)CC2=CC=CC=C2,1.3509474364794802e-09,O=C(NCC=CCNC(=O)CCCCCCc1ccccc1)c2c(c(ccc2)C(=O)N)C,9.097754208916957e-09,0.455,0.46875
CC1=C(C(=N)(N))C=CC=C1CC(=O)NC(=O)CCC2=CCC3=CC=CC=C3S2,1.3509474364794802e-09,O=C(NCCNC(=O)Cc1c(c(ccc1)C)C)C=2c3c(cccc3)CC2,5.630924353796884e-08,0.356,0.3561643835616438
C(C)(=N)C(=C(N)(C))CC1=CC(O)=CC=C1CC(=O)NC(=C)C2=CC=C(C)C=C2,1.3509474364794802e-09,Brc1c(cc(O)cc1)CC(=O)NCC(=O)c2ccc(cc2)C,1.400884853987751e-07,0.419,0.4032258064516129
C(=O)=C(CC1=CC(C(=O)N)=CC=C1)N2CCCC(C3=CC=CC=C(C(N))3)=C2,1.3509474364794802e-09,O=C(N)c1cc(ccc1)CC(=O)N2CCc3c(cccc3)CCC2,2.7715170626955952e-08,0.439,0.4461538461538462
O=C(CNC1=CC=C(C)C2=C1C=C(C(=O)N)C=C2)NC3=C(N)CCC(N)=C3,1.3509474364794802e-09,O=C(N)c1cc(NCC(=O)Nc2c(cc(cc2)C)C)c(cc1)C,1.715390696090709e-07,0.483,0.48333333333333334
C(C(=O)N)C(=O)NCC1=CC=C(Cl)C=C1CC2CC(=O)C3=CC=CC=C3C2,1.37394232502691e-09,Clc1c(cc(Cl)cc1)CNC(=O)C2Cc3c(cccc3)C(=O)C2,8.88159706425867e-08,0.532,0.5409836065573771
C(=O)=C(CC1=CC(C(=O)N)=CC=C1)N2CCCC(C3=CC=CC=C(N)3)=C2,1.37394232502691e-09,O=C(N)c1cc(ccc1)CC(=O)N2c3c(c(N)ccc3)CCC2,5.352905056385263e-08,0.484,0.5
CC(N)(C)C1=CC=CC=C1NCCCC2=CC=CC=C2NC3=CC=CCC3,1.37394232502691e-09,O=C(Nc1c(cccc1)C(C)(C)C)Nc2c(cccc2)CCCO,1.80448469478674e-07,0.313,0.31746031746031744
NC(=O)C1=CC=CC=C1CC=CC2=CC=CC=C2C=C(N)C3=CC(C(=O)C)=CN3,1.37394232502691e-09,O=C(N)c1c(cccc1)CCC(=O)NCC=CCNC(=O)C=2NC=C(C(=O)C)C2,8.88159706425867e-08,0.515,0.5151515151515151
C(=O)=C(CC1=CC(N)=CN=C1N)CCC2=CC=CC3=CC=C(C(=O)N)C=C32,1.37394232502691e-09,Brc1cnc(N)c(c1)CNC(=O)CCc2c3c(ccc2)cccc3,9.828140844988805e-08,0.406,0.4057971014492754
O=C(CC1=CC(N)=CN=C1N)CCC2=CC=CC3=CC=C(C(=C(N))N)C=C23,1.39732861658902e-09,Brc1cnc(N)c(c1)CNC(=O)CCc2c3c(ccc2)cccc3,9.828140844988805e-08,0.406,0.4117647058823529
C(C(=C(N)(N))C(N)(=O))C1=CC=CC=C1C(C)C2=CC=CC=C2C3=CC=CC=C3,1.39732861658902e-09,O=C(OC(c1c(c2ccccc2)cccc1)C)Cc3c(cccc3)C(C)C,2.915464175229528e-08,0.5,0.5
C=C(CCC=CC1=CC=CC=C1)CCC2CC3=CC=C(C(=O)N)C=C3C2,1.39732861658902e-09,[O-]C(=O)c1cc2c(cc1)CC(NC(=O)CCC=Cc3ccccc3)C2,9.501917818235033e-08,0.516,0.5081967213114754
O=C(NC(=O)NC)CCCC1=CC(C(=O)C(C(C(C))))=CC=C1C=CC2=CC=C[NH1]2,1.39732861658902e-09,O=C(Oc1ccc(cc1)C(=O)CCCCCCCCCCC)C=CC=2NC=CC2,1.1833192542966173e-07,0.429,0.45588235294117646
CCC1=CC(=C)C(=N)C=C1CC(=O)NC2=CC=CC3=CC=C(C(=O)(O))C=C32,1.39732861658902e-09,O=C(NCC(=O)Nc1c2c(ccc1)cccc2)c3ccc(cc3)CC,5.7267700354556634e-08,0.379,0.3787878787878788
CC(CC1=CC=CC(C(=O)O)=C1)=CC=CC2=CC=CC=C2C(N)C3=CC=CC=C3,1.4211129733559502e-09,[O-]C(=O)c1cc(ccc1)CC(=O)N(C(c2ccccc2)c3ccccc3)C,2.8186919003266384e-08,0.467,0.3870967741935484
O=C(C1=CC(N)=CC=C1NC(=O)C2=CC(N)=CC=C2)C3CCCC(C)C3,1.4211129733559502e-09,O=C(Nc1cc(NC(=O)C2CC(CCC2)C)ccc1)c3cc(N)ccc3,2.6346771447493833e-08,0.643,0.6428571428571429
CCCCC=CC1=CC(=O)CC=C1C(=O)C(=O)NC(=O)C2=CC=C(C)C=C2,1.4211129733559502e-09,O=C(NCCNC(=O)C=CCCCCCCCCC)c1ccc(cc1)C,9.663652860855617e-08,0.391,0.390625
NCC1=CC(N)=C(C(=O)N)C=C1CCCC=CC2=CC3=CC=CC=C3C2,1.4453021709170202e-09,O=C(NCC=CCNC(=O)C1=Cc2c(cccc2)C1)c3c(cccc3)C(=O)N,2.4626755610502637e-08,0.368,0.3787878787878788
CC(N)(C)C1=CC=CC=C1NC(=C(N))CCC(C)=CC2=CC(C(=O)(N))=CC=C2,1.4453021709170202e-09,O=C(N)c1cc(ccc1)CC(=O)Nc2c(cccc2)C(C)(C)C,1.5242376825949801e-07,0.438,0.45161290322580644
NC1=CC=CC=C1CCNC(C)CC2=CC(C(C(C(=O)N)))=C(N)C(C)=C2,1.4453021709170202e-09,O=C(NC(Cc1cc(cc(c1)C)C)C)CCc2c(N)cccc2,1.016556387001877e-07,0.459,0.5344827586206896
C=C(CC1=CC=CC=C1)C(=O)C2=CC=CN=C2CC3=CCCC(C(=O)N)=C3,1.4453021709170202e-09,O=C(N)c1c(nccc1)N2CCN(C(=O)C(=C)Cc3ccccc3)CC2,5.824247135708563e-08,0.433,0.46875
CC1=CC=C(C(=O)N)C=C1C=C(N)C2=NC=CC=C2CC(=C)C=CC3=CC=CC=C3,1.4453021709170202e-09,O=C(N)c1cc(c2ccc(cc2)C(=O)C=Cc3ccccc3)c(cc1)C,2.1156155125584927e-08,0.424,0.42424242424242425
O=C(NC1CCCCC1)CCC2CC3=C(C(=C)N)C=CC=C3CC2,1.4453021709170202e-09,O=C(NCCC(=O)NC1CCCCC1)C(=O)NCCC2Cc3c(cccc3)CC2,2.5472249636873493e-08,0.525,0.5245901639344263
C(C(=C(C(N(C(=O)C))))C)#CC1=CC=CC(N)=C1CC(=N2)C=CC3=CC=CC=C32,1.4453021709170202e-09,O=C(NCC=C(C)C)C(=O)NCCc1nc2c(cc1)cccc2,1.4736440415238078e-07,0.439,0.4375
O=C(NC(=O)C1CCCC1)CCC2CC3=C(C(=O)N)C=CC=C3C2=O,1.4453021709170202e-09,O=C(N)c1c2c(N(CC(=O)NC(=O)C3CCCCC3)CCC2)ccc1,4.5985306199700256e-08,0.492,0.49206349206349204
C=C(CC1=CC(C(=O)N)=CC=C1)N2NC(=N)C=C(C3=CC=CC=C3)C2,1.4699031001909201e-09,O=C(N)c1cc(ccc1)CC(=O)N2CC(c3ccccc3)=CCC2,3.281089411501842e-08,0.508,0.5
CC(=O)C1=CC=CC=C1CCC(=C(C(=O)N))CNCC2=CC3=CC=CC=C3C(=O)2,1.4699031001909201e-09,O=C1OC(C(=O)N(CCN(C(=O)CCc2c(cccc2)C(=O)N)C)C)=Cc3c1cccc3,1.5613340361974413e-08,0.355,0.25609756097560976
NCC1=CC=CC(C(=O)N)=C1CC=CC2=C(C(C(N)))C=CC=C2C=CC3=CC=CO3,1.4699031001909201e-09,O=C(N)c1c(cccc1)CCC(=O)NCC=CCNC(=O)C=CC=2OC=CC2,1.6034035719839377e-07,0.397,0.4142857142857143
CC(C)C1=CC(=O)C(=N)C=C1CNC(=O)C(=O)NC(=O)CC2=CC=CC=C2,1.4699031001909201e-09,O=C(NCc1ccc(cc1)C(C)C)C(=O)NCCNC(=O)Cc2ccccc2,7.012459310633414e-08,0.448,0.4482758620689655
O=C(NCC1=CC=CC=C1)NCC=CC(=C(C))CC(=O)CC2=CC=C(C(N))C=C2F,1.4699031001909201e-09,Fc1c(ccc(c1)CC)CNC(=O)NCC(=O)NCc2ccccc2,1.576568321506011e-07,0.455,0.46153846153846156
C(C(=O)N(C))=C(CC1=CC=CC(C(=O)N)=C1)C=CC2=CC(C(=C)N)=CC=C2,1.4699031001909201e-09,O=C(NC)c1ccc(cc1)C=CC(=O)NCc2cc(ccc2)C(=O)N,6.779696498481721e-08,0.484,0.4918032786885246
N(C(=O)CC1CCCC1)CCC2C(=O)C3=C(C(=O)N)C=CC=C3CC2,1.4949227693887902e-09,O=C(NCCNC(=O)CCC1C(=O)c2c(cccc2)CC1)CC3CCCC3,8.795774723528521e-09,0.576,0.576271186440678
O=C(NCCC(C(=O)N)=CCC1=CC=CC(C(=C)N)=C1F)CCC2=CC=CC=C2,1.4949227693887902e-09,Fc1c(cccc1CC)C(=O)NCCNC(=O)CCc2ccccc2,1.331718053230139e-07,0.525,0.559322033898305
CNC1=CC=CC=C1CCC(=C)C=2C=CC=C3C2C=CC=C(C(=C(N))N)3,1.4949227693887902e-09,O=C(N)c1c(cccc1)CCC(=O)NCc2c(NC)cccc2,1.5242376825949801e-07,0.429,0.42857142857142855
O=C(CC1=CC=CC=C1)NCCC(C(=C(C(=O)O))C2=CC)=NC3=C2C(=O)CCC3,1.4949227693887902e-09,O=C(NCCNC(=O)Cc1ccccc1)c2c3c(nc(c2)C)CCCC3=O,1.6988149784872092e-08,0.4,0.5373134328358209
CC1=C(C(=O)N)C=CC=C1CCCC(=N)CCSC2=CC3=CC=CC=C3C2,1.4949227693887902e-09,O=C(NCCCCNC(=O)C1=Cc2c(cccc2)C1)c3c(c(ccc3)C(=O)N)C,5.965995587201039e-09,0.441,0.4696969696969697
CC1=CCCC=C1NCC2=CC=CC=C2C=CC3=CC(Cl)=CC=C3C(C(=O)(N)),1.4949227693887902e-09,Brc1c(cc(Cl)cc1)C=CC(=O)Nc2c(NCc3c(cccc3)C)cccc2,2.011159849253765e-08,0.361,0.3698630136986301
O=C(CNC1CCCC1)NCC2CC3=C(C(=O)C(=O)(N))C=CC=C3CC2,1.5203683060106201e-09,O=C(NCC1Cc2c(cccc2)CC1)NCCC[NH2+]C3CCCCC3,2.915464175229528e-08,0.455,0.35714285714285715
C(C(=O)C(N))=CC1=C(C(=O)N)C=CC=C1CC(=O)C=CC2=CC=CC(C(=O)N)=C2,1.5203683060106201e-09,Clc1cc(ccc1)C=CC(=O)OCc2c(cccc2)C(=O)N,1.5501821972997198e-07,0.403,0.4098360655737705
CN(CC1=CC(C(=O)N)=CC=C1)C(=C(C(=O)O))CCCC2(O)CC3=CC=CC=C3C2,1.5203683060106201e-09,O=C(N)c1cc(ccc1)CN(C(=O)C2(O)Cc3c(cccc3)C2)C,4.756408914243168e-08,0.59,0.603448275862069
O=C(NC(=N)C1=CC=CC=C1)CC=2C(=O)CC3=CC=CC(C(=O)N)=C3C2,1.5203683060106201e-09,O=C(N)c1c2c(ccc1)C[NH+](CC(=O)c3ccccc3)CC2,4.521567637491066e-08,0.349,0.3384615384615385
C(=O)=C(CC1=CC=CC=C1)CCC=CC2=C(C(=O)O)C=CC(=C2)CCCC(N)(=O),1.5203683060106201e-09,O=C(Nc1cc(NC(=O)CCCCC(=O)N)ccc1)CCC=Cc2ccccc2,1.5879099792565044e-08,0.348,0.3484848484848485
O=C(CC1=CC=CC(C(=O)C(=O)(N))=C1)N2CCC(=O)C(C3=CC=C(C(=O)N)C=N3)=C2,1.5203683060106201e-09,O=C(N)c1cnc(N2CCN(C(=O)Cc3cc(ccc3)C(=O)N)CC2)cc1,3.281089411501842e-08,0.485,0.48484848484848486
O=C(CC1=CC=CC=C1)NCC2=CC=CC=C2C3CCC(C(=O)(N))=C3,1.5203683060106201e-09,O=C(NCc1c(cccc1)C2CC2)NCCNC(=O)Cc3ccccc3,3.3937368727139225e-08,0.527,0.5272727272727272
C(C(=O)(N))1=CC=CC=C1CC(=O)NC(=O)C2=CC3=CC(Br)=CC=C3C(=C(=N))2,1.5462469588758e-09,Brc1cc(c(NC(=O)Cc2c(cccc2)C(=O)N)cc1)C(=O)N,1.5242376825949801e-07,0.492,0.4915254237288136
CC1=CC=CC=C1NCCCC=C2C(C(=O)N)=C(N)C=C2CCCCC,1.5462469588758e-09,O=C(Nc1ccc(cc1)CCCCC)CCNc2c(cccc2)C,6.231032238480951e-08,0.431,0.4307692307692308
O=C(CC1=CC=C(C(=O)O)C=C1)NC2C3=CC=CC=C3C=C2CCCC(C(C(=O)(N))),1.5462469588758e-09,O=C(N)c1ccc(cc1)CC(=O)NC2C(NC(=O)CCCCC(=O)N)CC2,1.2967769059876142e-08,0.435,0.4406779661016949
C(=O)=C(CC1=CC(C(=O)N)=CC=C1)C(=O)C2=CC=CC3=C2CC(C)(C)C(=O)3,1.5462469588758e-09,O=C(N)c1cc(ccc1)CC(=O)N2c3c(cccc3)C(=O)C(C2)(C)C,7.253213413653791e-08,0.5,0.5079365079365079
C(C(=O)(N))C1=CC=CC=C1CC=CC2=C(C(=C)C)C=CC=C2C(=C)CCCC(N),1.5462469588758e-09,O=C(Nc1c(cccc1)CC(=O)N)CCCCCCC(=O)C,2.404163877257511e-07,0.344,0.3492063492063492
CC(=O)C1=CC=CC=C1CC(=C)C2=C(C(=O)C)C3=CC=CC(C(=O)C(=O)(N))=C3C2,1.5462469588758e-09,O=C(OC)c1c(cccc1)CC(=O)Nc2cc(NC(=O)C(=O)N)ccc2,2.798559374393035e-07,0.294,0.3181818181818182
C(=O)=C(CC1=CC=CC(C(=O)N)=C1)N2CCCC(C3=CC(C(=O)O)=CC=C(C(=O)O)3)=C2,1.5462469588758e-09,O=C(N1CCN(C(=O)Cc2cc(ccc2)C(=O)N)CCC1)c3c(cccc3)C(=O)N,1.0953798786632844e-08,0.394,0.38571428571428573
CCC1=CC=C(C(=C(C(=O)(N)))C)C=C1CNC(=O)CC2=CC3=CN=CC=C3C2,1.5725661001880701e-09,O=C(NCC=CCNC(=O)CC1=Cc2c(cccc2)C1)c3cc(c(cc3)CC)CC,1.4842452734127424e-08,0.479,0.4722222222222222
C(N)=C(N)C1=CC=CC=C1NCC2=CC=NN=C2NCCCC3CCCC3,1.5725661001880701e-09,O=C(NCCC(=O)N)c1c(NCCCC2CCCC2)cccc1,1.4987273864256132e-07,0.462,0.45454545454545453
CN(CC1=CC(C(=C)N)=CC=C1)C(=O)C2=CC=CC=C2NC3=CC=CC(N)=C3,1.5725661001880701e-09,O=C(N(Cc1cc(N)ccc1)C)c2c(Nc3ccccc3)cccc2,1.7571392636239635e-08,0.736,0.7358490566037735
CC(N)(C)C1=CC=CC=C1CC=C(N)N(C)CC2=CC=C(C(=C)C)C=C2CC,1.5725661001880701e-09,O=C(N(Cc1c(cccc1)C(C)(C)C)C)c2cc(c(cc2)CC)CC,7.131820520357163e-08,0.452,0.4666666666666667
NC(=O)C1=CC=CC=C1CCCC2=CC=CC=C2C3=CC(=O)C(=C(=O))NC(=O)3,1.5725661001880701e-09,O=C(N)c1c(cccc1)CCC(=O)NCCCCNC(=O)C=2Nc3c(cccc3)C(=O)C2,6.231032238480951e-08,0.412,0.3150684931506849
NC1=CC=CC=C1CC2=CC=CC=C2CCC(N)CC3=CC=CC(N)=N3,1.5725661001880701e-09,S(Cc1nc(N)ccc1)Cc2c(N)cccc2,1.367600676037962e-06,0.468,0.4782608695652174
CC(C)(CC1=CC(C(=C(=O))N)=CC=C1NC(C)=O)CCC2=CC(C(=O)N)=CC=C2F,1.5993332276357e-09,Fc1c(NC(=O)C)cc(cc1)C(=O)NCC(CNC(=O)c2ccc(cc2)C(=O)N)(C)C,3.8193417751766345e-08,0.453,0.4603174603174603
C(C(=C(N))C(C(N)))#CC1=CC=CC=C1NC(=O)C2=CC3=CC=CC=C3S2,1.5993332276357e-09,S1c2c(cccc2)C=C1C(=O)Nc3c(C#Cc4ccc(cc4)C([O-])=O)cccc3,7.684819844846174e-09,0.548,0.5573770491803278
O=C(CC(N)=C1C=CC(=O)C1)NCC2=CC=CC=C2SC(=O)CC3=CC=CC=C3,1.5993332276357e-09,S(c1c(cccc1)CNC(=O)NNC(=O)Cc2ccccc2)c3ccccc3,1.0590212076695778e-08,0.391,0.3968253968253968
FC1=C(C(=O)N)C=CC=C1CC(=O)N(C)CCCC2=CC(C(C(=O)(N)))=CN=C(C(C))2,1.5993332276357e-09,Fc1c(cccc1C(=O)N)C(=O)N(CCCCN(C(=O)Cc2c(cccc2)CC)C)C,6.126747008126378e-08,0.53,0.5384615384615384
O=C(C(=O)NC1CCCC1)NCN2CC3=C(C(=C(N))N)C=CC=C3CC2,1.5993332276357e-09,[O-]C(=O)c1c2c(ccc1)CC[NH+](C2)CC(=O)NC3CCCC3,8.301773170513547e-08,0.54,0.36619718309859156
C(N)(=O)C1=CC=C(C(=O)C(N))C=C1CCCC=C2CCC3=CC=CC=C3[NH1]2,1.5993332276357e-09,O=C(N)c1c(cccc1)CCC(=O)NC2C(=O)Nc3c(cccc3)CC2,9.25260985941592e-09,0.384,0.3698630136986301
NC(=O)C1=CC=CC=C1CCC(=O)C=C2CC(=N(C(=O)N))CC3=CC=CC=C32,1.5993332276357e-09,O=C(N)c1c(cccc1)CCC(=O)N2Cc3c(c4c(cccc4)C2)cccc3,3.595683041467308e-09,0.474,0.509090909090909
C(=O)=C(CC1=CC=CC(C(=O)N)=C1C)CCC=CC=CC2=CC=CC=C2,1.5993332276357e-09,O=C(N)c1c(c(NC(=O)CCC=Cc2ccccc2)ccc1)C,1.4987273864256132e-07,0.5,0.5
CC1=CC=CC=C1NC(=O)NC2CCC3=C(N)C(C(C(=O)N))=CC=C3C2,1.5993332276357e-09,O=C(Nc1c(cccc1)C)NC2Cc3c(cccc3)CC2,3.989014303322279e-07,0.6,0.6
O=C(CCC1=CC=CC(N)=C1)CCCC(C)CC=CC2=CC=CC(C(=O)(N))=C2,1.5993332276357e-09,O=C(NCCCc1cc(N)ccc1)C(CC=Cc2ccccc2)C,6.779696498481721e-08,0.478,0.47761194029850745
O=C(CCC1=CC(C(=O)N)=CC=C1)CC(=N)C=CC(=N)C=CC2=CC=CC=C2,1.5993332276357e-09,O=C(N)c1cc(ccc1)CCNC(=O)C=Cc2ccccc2,9.342889642716197e-08,0.554,0.5818181818181818
CCC(=O)NC1=CC(C(=O)O)=CC=C1C(=O)CCC2CCC3=CC=C(C(=O)N)C=C32,1.5993332276357e-09,[O-]C(=O)c1cc(NC(=O)CCC2c3c(cccc3)CC2)c(cc1)CC,5.5366827866102494e-08,0.544,0.4507042253521127
O=C(CNC1CCCC1)NCN2CC3=C(C(=C(N))N)C=CC=C3CC2,1.6265559665274e-09,O=C(N)c1c2c(ccc1)C[NH+](CC(=O)NCC3CCCCC3)CC2,1.8484016003142757e-08,0.417,0.3333333333333333
CC1=CC(C(=O)N)=CC=C1C2=CC=CC=C2CCCCCC3CCC(N)C3,1.6265559665274e-09,O=C(N)c1cc(c(NC(=O)CCC2CC([NH3+])CC2)cc1)C,4.4892723101046985e-07,0.524,0.39705882352941174
O=C(CC1=CC=C(N)C=C1)CCC=C2C=CC=C2[NH1]C(=O)CC3=CC(N)=NC=C3,1.6265559665274e-09,Brc1ccc(cc1)CC(=O)Nc2cc(NC(=O)Cc3cc(ncc3)N)ccc2,1.0770471307974204e-08,0.446,0.4461538461538462
CC1=CC=C(N)C=C1CC2=CC=CC=C2CCC(O)C3=CC=CC(N)=C3,1.6265559665274e-09,O=C(NCc1c(ccc(N)c1)C)CCCC(O)c2ccccc2,1.898206059494335e-07,0.466,0.4909090909090909
C(=O)(CC1=CC=CC=C1)NCCC(=O)C2=CC(C(=O)C(N)(C))=C(C)C=C2C,1.6265559665274e-09,O=C(OC(C(=O)c1c(cc(c(c1)C)C)C)C)CCNC(=O)Cc2ccccc2,6.554659724274869e-08,0.618,0.6181818181818182
CC1=CC=CC=C1CCC(=O)NC=CC2=CC(C(=O)N)=CC=C2C3=CC=CCC(=O)3,1.6265559665274e-09,O=C(NCC=CCNC(=O)CCc1c(cccc1)C)c2c(ccc(c2)C(=O)N)C,1.4842452734127424e-08,0.432,0.4383561643835616
C=C(CC1=CC=CC(C(=O)N)=C1)C(=C(N))CCCC(=O)NCC2=CC=CC=N2,1.6265559665274e-09,O=C(N)c1cc(ccc1)CC(=O)NCc2ncccc2,3.5445020958727777e-07,0.667,0.6666666666666666
C(C(=C)C(N))=CC1=CC=C(C(=O)C(N))C=C1NC(=O)C2=CC3=CC=CC=C3C2,1.6265559665274e-09,Clc1c(NC(=O)C2=Cc3c(cccc3)C2)cc(cc1)C(=O)CC,1.106067745068516e-07,0.531,0.5396825396825397
O=C(CC1=CC=CC=C1)NCC=CC(C2=CC(C(=C(C(C)))N(C(=O)C))=CC=C2)=C,1.6265559665274e-09,O=C(NCC=CCNC(=O)CCNC(=O)Cc1ccccc1)c2cc(ccc2)C(=O)C,4.521567637491066e-08,0.477,0.484375
CC(C(=O)C1=CC=CC(C(=O)N)=C1C)CCC=CC=CC2=CC=CC=C2,1.6265559665274e-09,O=C(NCC(CNC(=O)C=CC=Cc1ccccc1)C)c2c(c(ccc2)C(=O)N)C,1.191831921847226e-08,0.533,0.5333333333333333
CC1=CC=C(N)C=C1CNC(=O)CC2=CC=CC=C2C3=CC(C(=O)N)=CC=C3,1.65424207196457e-09,O=C(N)c1cc(ccc1)CC(=O)NCc2c(ccc(N)c2)C,1.0338595034593205e-07,0.698,0.7115384615384616
CCC1=CC(N)=C(C(=O)N)C=C1CC(=C(C(=O)O))C2=CC3=CC=CC=C3C(=O)2,1.65424207196457e-09,Fc1c(cc(N)c(c1)C(=O)NCC=CCNC(=O)C=2OC(=O)c3c(cccc3)C2)CC,1.0875561204824821e-07,0.372,0.275
O=C(CCC1CCCC1)NCC2CC3=C(C(=O)C(=O)(N))C=CC=C3CC2,1.65424207196457e-09,O=C(NCC1Cc2c(cccc2)CC1)CCC3CCCC3,4.6768036128584304e-08,0.654,0.6538461538461539
CC(C)C1=CC=C(C(=O)N)C=C1N2C(=O)CCN(C3=CC=CC(C(=O)C)=C3)S2,1.65424207196457e-09,O=C(N1CCN(C(=O)c2ccc(cc2)C(=O)N)CC1)c3cc(ccc3)C(=O)C,5.352905056385263e-08,0.393,0.4
O=C(CC1=CC(C(=O)C(C(=O)C))=CC=C1)N2CCCC(C3=CC=CCC3)=C(N)2,1.65424207196457e-09,O=C(N)c1cc(ccc1)CC(=O)N2c3c(c(N)ccc3)CCC2,5.352905056385263e-08,0.429,0.4696969696969697
CC1=CC=CC=C1NCCCC=C2C(C(=O)C)=C(N)C=C2CCCCC,1.65424207196457e-09,O=C(Nc1ccc(cc1)CCCCC)CCNc2c(cccc2)C,6.231032238480951e-08,0.431,0.4307692307692308
CCC1=CC=CC=C1CC(=C)C2=CC3=CC=CC(C(=C(N)(C))N)=C3S2,1.65424207196457e-09,S1c2c(NC(=O)Cc3c(cccc3)CC)cccc2C=C1C(=O)OC,6.895095781354073e-08,0.429,0.4426229508196721
O=C(NC1=CC(=O)CC=C(N)1)N2CCN(C(=O)C3=CC(C(=O)N)=CC=C3)C2,1.6823994310506e-09,O=C(N1CCN(C(=O)Cc2cc(ccc2)C(=O)N)CC1)c3cc(N)ccc3,1.7277310266162335e-08,0.397,0.4032258064516129
NC(=O)C1=CC=CC=C1N2CCCC(C3=CC(C(=O)C(C(=C)C(=O)(N)))=CC=C3)C2,1.6823994310506e-09,O=C(OC)c1cc(ccc1)C2CN(C(=O)c3c(cccc3)C(=O)N)CCC2,8.301773170513547e-08,0.478,0.5151515151515151
O=C(NC1=CC=CC=C1)NC(=O)CC=CCC2=CC=C(O)C3=C2CCC=C(N)3,1.6823994310506e-09,O=C(Nc1ccccc1)NC(=O)COC(=O)CC=CCc2ccccc2,4.756408914243168e-08,0.415,0.4153846153846154
O=C(NC1=CC=CC=C1)NC=CCC=CC2=C(C(=O)C)C=CN=C2CC(=O)C,1.6823994310506e-09,O=C(Nc1ccc(NC(=O)Cc2ncccc2C)cc1)Nc3ccccc3,1.96337590604281e-07,0.381,0.3870967741935484
O=C(NCC1=CC=CC=C1)CCC(=C(C(=C)N))CCCC(N)C2=CC=CC=C2,1.6823994310506e-09,O=C(NCc1ccccc1)CNC(=O)CCC([NH3+])c2ccccc2,1.5242376825949801e-07,0.588,0.43859649122807015
C(C(=O)C)=C(C(=O)C1=CC=CC(C(=O)N)=C1)N2CCC(CC3=CC=CC=C3)C2,1.6823994310506e-09,O=C(N)c1cc(ccc1)CC(=O)N2CC(Cc3ccccc3)CC2,1.4349790904006652e-08,0.632,0.631578947368421
O=C(CC1=CC=CC(C(=O)C)=C1C)CC2=CC=CC=C2CC=CC3=CCCC(=O)3,1.7110360651376202e-09,O=C(NCC=CCNC(=O)C1=CCC1)c2c(c(ccc2)CO)C,3.044982350467039e-07,0.364,0.36923076923076925
CC(N)(C)C1=CC=CC=C1CC(=O)NCCC(C)C2=C(N)C=C(N)C=C2,1.7110360651376202e-09,FC(F)(F)c1c(cc(N)cc1)C(=O)NC(CCNC(=O)Cc2c(cccc2)C(C)C)C,9.032773438039765e-08,0.471,0.4782608695652174
O=C(NC1=CC(C(=O)O)=CC=C(C(=O)O)1)NCC2=CC=CC=C2C3CCCC(C)C3,1.7110360651376202e-09,[O-]C(=O)c1cc(c(cc1)C(=O)NCc2c(cccc2)C3CCC3)C,1.0875561204824821e-07,0.587,0.48484848484848486
CC(CC1=CC(C(=O)O)=CC=C1)C(=C(N))CCNC(=O)C2=CC=CC(N)=C2,1.7110360651376202e-09,O=C(NCCNC(=O)c1cc(ccc1)CC(C)C)c2cc(N)ccc2,1.9444039222013203e-08,0.611,0.6346153846153846
C(C(=O)N)=C(C)C1=CC=CC=C1N2CCCC(C3=CC(C(=O)C(C(C(N))))=CC=C3)=C2,1.7110360651376202e-09,O=C(N)c1c2c(N(C(=O)CCCC(=O)c3ccccc3)CCC2)ccc1,1.642426636793946e-08,0.387,0.3972602739726027
O=C(CC1=CC=CC(N)=N1)C(C)C2=CC=CC=C2CC3=CC=CC(C(=O)C)=C3,1.7110360651376202e-09,O=C(NCc1nc(N)ccc1)c2cc(ccc2)Cc3ccccc3,2.26337724959514e-08,0.459,0.45901639344262296
NC1=NC=C(N)C=C1CC2=C(C(=O)O)C=CC=C2CCCC3=CCCC=C3,1.7401601321117e-09,O=C(N1CC=CC1)c2c(cccc2)CN3N=NC(c4ncc(N)cc4)=C3,1.1635147152901845e-07,0.256,0.25925925925925924
O=C(CCC1=CC=CC(=C(N))C(=N)1)CCC(=O)NC(=O)C2=CC=CC=C2,1.7401601321117e-09,O=C(NNC(=O)CCc1c(N)cccc1)c2ccccc2,8.968256792757364e-07,0.426,0.3114754098360656
O=C(CC1=CC(C(=O)(N))=CC=C1)N2CC=CC(C3=CC(C(=O)O)=CC=C(C(=C)C)3)=C(C(=O)O)2,1.7401601321117e-09,O=C(N1CCN(C(=O)Cc2cc(ccc2)C(=O)N)CC1)c3c(cccc3)C(=O)C,1.9118615434800558e-08,0.423,0.4142857142857143
CC1=C(C(=O)N)C=CC=C1CCCC(=O)C=CC2=CC3=CC=C(N)[NH1]C3=C2,1.7401601321117e-09,O=C(NCCCCNC(=O)C=Cc1cc2c(NC=C2)cc1)c3c(c(ccc3)C(=O)N)C,1.5095090651174104e-08,0.408,0.3375
C(=O)(CC1=CC=CC(C(=O)C(C(=O)N))=C1)N2CC(=O)C(=N)C(C3=CC=CC=C3)=C2,1.7401601321117e-09,O=C(N)c1cc(ccc1)CC(=O)N2CC(c3ccccc3)=CCC2,3.281089411501842e-08,0.418,0.417910447761194
NC(N)=CC(=C(=O))CC1=CC=CC=C1CCC(=O)NC(=O)C2CCCC2,1.7401601321117e-09,O=C(OCC(=O)NC(=O)C1CCCCC1)CCc2c(cccc2)C(=O)N,7.012459310633414e-08,0.484,0.4918032786885246
O=C(NC1=CC=CC=C1)NC(=O)CCC=CCCC2=CC=CC3=C2CC(=N)C(=O)C3,1.7401601321117e-09,O=C(Nc1ccccc1)NC(=O)CC[NH+]2Cc3c(cccc3)C2,1.203460892404676e-07,0.426,0.43333333333333335
CC1=CC=CC=C1CNC(=O)CC=C2C=CC(C(=O)O)=C2CCCCC(=O)(N),1.7401601321117e-09,O=C(NCC=CCNC(=O)CCCCC(=O)N)CCc1c(cccc1)C,7.759802350413329e-08,0.46,0.45901639344262296
O=C(CC1=CC=CC(C(=O)N)=C1)N(C(=O)C(N))C(=O)CC=CC2=CC=CC(N)=N2,1.7401601321117e-09,O=C(N(CCN(C(=O)Cc1cc(ccc1)C(=O)N)C)C)c2nc(N)ccc2,1.2750734910182224e-08,0.477,0.5079365079365079
C(N)(=O)C1=CC(C(C(=O)(N)))=CC=C1CC(=O)CC=CC2=CC3=CC=CC=C3[NH1]2,1.76977992871671e-09,O=C(N)Cc1ccc(cc1)C=2Nc3c(cccc3)C2,4.2676205429835293e-07,0.456,0.4642857142857143
O=C(CC1=CC(C(=O)N)=CC=C1)N2CC=CC(C3=CC=CC(C(=O)N(C))=C(N)3)=C2,1.76977992871671e-09,O=C(NC)c1ccc(cc1)CC(=O)N2CCN(C(=O)Cc3cc(ccc3)C(=O)N)CC2,2.6536307200884198e-09,0.516,0.49230769230769234
CN(CC1=CC=CC=C1N)C(=O)C=CC2=CC=CC(C(=C(C(=O)N))N)=C2,1.76977992871671e-09,O=C(N(Cc1c(N)cccc1)C)C=Cc2cc(ccc2)C,1.898206059494335e-07,0.692,0.6923076923076923
CC(=O)C1=C(N)C=CC=C1CC(=O)NC2=CC=CC=C2C=CC3=CC=CC(=N)3,1.76977992871671e-09,FC(F)(F)C=Cc1c(NC(=O)Cc2c(N)cccc2)cccc1,2.751721483358364e-07,0.476,0.47619047619047616
NC1=CC=C(N)C=C1CC2=CC=CC=C2CCC(C(=O)C(C))C3=CC=CC=C3,1.76977992871671e-09,O=C(NCc1c(ccc(N)c1)C)C(c2ccccc2)CCc3ccccc3,1.1329868277338134e-08,0.45,0.4745762711864407
O=C(NCCC(C(=O)N)C(=O)CC1=CC=CC(C(=O)N)=C1F)CC2=CC=CC=C2,1.76977992871671e-09,Fc1c(cccc1C(=O)N)C(=O)NCCNC(=O)Cc2ccccc2,1.400884853987751e-07,0.604,0.6037735849056604
O=C(CC1=CC=CC=C(C(=C)N)1)N2CCC(=O)C(C3=CC=CC(N)=C3)=C2,1.76977992871671e-09,O=C(N)c1c(cccc1)CC(=O)N2C3=NC(c4cc(N)ccc4)=CN3CCC2,1.0412969741292451e-08,0.431,0.43661971830985913
O=C(CC1=CC=C(C(=O)C(C(C(N))))C=C1)C2CCC(C3=CC=CC=C(N)3)=CC2,1.76977992871671e-09,O=C(OCCCC(=O)c1ccccc1)C2CC=C(CC2)C,6.186527048637454e-07,0.368,0.3787878787878788
O=C(NCC1=CC=CC=C1)C(=O)CCC(C(N))CC=CC2=CC(C(=O)N)=CC=C2,1.7999038929179902e-09,O=C(N)c1cc(ccc1)CNC(=O)C(=O)NCc2ccccc2,4.756408914243168e-08,0.5,0.509090909090909
O=C(C1=CC=CC=C1)NCCCC2=CCCC3=C2C=C(C(=O)N)C(=N)3,1.7999038929179902e-09,O=C(NCCCCNC(=O)c1ccccc1)c2ccc(cc2)C(=O)N,2.0307831856022635e-07,0.453,0.4528301886792453
CC(C(N)(N))(C)C1=CC=CC=C1NC(=O)CCC(C(=O)C)CCC2=CC=CC=C2,1.7999038929179902e-09,O=C(Nc1c(cccc1)C(C)(C)C)C([NH3+])CCc2ccccc2,1.6034035719839377e-07,0.527,0.5
CCC1=CC=CC(C(=O)N)=C1CCNC2=NC=CC=C2C=CC3=CC=CC3,1.7999038929179902e-09,O=C(NCCNC(=O)c1c(nccc1)NC)c2c(cccc2CC)CC,3.226175690629193e-08,0.361,0.35714285714285715
CC1=CC=C(C(=O)C(=O)(N))C=C1CCC(=O)C=C2C=CC3=CC=CC=C3C2=C,1.83054060630604e-09,O=C(N)c1cc(c2c(cccc2)CCC(=O)N)c(cc1)C,1.96337590604281e-07,0.381,0.34375
O=C(CCC(=O)CC1=CC=CC(C(=C(N))N)=C1C)CCCCC2=CC=CC=C2,1.83054060630604e-09,O=C(N)c1c(c(NC(=O)CCCCc2ccccc2)ccc1)C,2.0653497658821166e-07,0.466,0.46551724137931033
CCC(N)(N)C=C(N)C1=CC=CC=C1NC(=O)CC2=CC=C(C)C=C2CC,1.83054060630604e-09,O=C(N)c1c(NC(=O)Cc2c(cc(cc2)C)C)cccc1,1.5242376825949801e-07,0.544,0.5740740740740741
CCC1=CC=CC(C(=O)N)=C1CC=CCC(=O)CC2=C(N)C3=CC=CC=C3S2,1.83054060630604e-09,S1c2c(cccc2)C(=C1CC(=O)NCC=CCNC(=O)c3c(N)c(ccc3)CC)C,6.067544618567995e-09,0.458,0.4507042253521127
C(C(=O)N)=C(CCC1=CC=CC=C(C(=C)N)1)CCC=CC2=CC=CC=C2F,1.83054060630604e-09,Fc1c(cccc1)C=CC(=O)NCC=CCNC(=O)CCc2c(cccc2)C(=O)N,1.4109626643465221e-08,0.462,0.46153846153846156
C=CC1=C(N)C=C(C(=O)N)C=C1CC(=C)C2=CC3=CC=C(C(=O)O)C=C3N2,1.83054060630604e-09,[O-]C(=O)C=1Nc2c(ccc(c3ccc(cc3)C(=O)N)c2)C1,7.448648416157136e-07,0.441,0.3770491803278688
ClC1=CC=CC=C1CCCCC=C2C(C(=O)N)=C(N)C(N)=C2C(=O)CCCC,1.83054060630604e-09,Clc1c(cccc1)CCCC(=O)NCC=CCNC(=O)CCCC,1.3094298482212224e-07,0.458,0.4576271186440678
O=C(NC(=O)C1CCCC1)NCC2CC3=C(C(=O)N)C=CC=C3CC2,1.83054060630604e-09,O=C(NNC(=O)C1CCCC1)NCC2Cc3c(cccc3)CC2,4.226382781160167e-08,0.554,0.5636363636363636
CC(CC1=CC(C(=O)N)=CC=C1)N2CCCC(C3=CC=C(C(=O)C)C=C3)=C(N)2,1.83054060630604e-09,O=C(N)c1cc(ccc1)CC(=O)N2CCN(C(=O)Cc3ccc(cc3)C(=O)C)CCC2,4.3714843711196514e-08,0.476,0.4838709677419355
CN(C(=O)C=CC=CC=C(C(N))C1=CC=CC=C1)CCC2CC3=CC=CC=C3C2,1.83054060630604e-09,O=C(N(CCN(C(=O)C1Cc2c(cccc2)C1)C)C)C=CC=Cc3ccccc3,1.2537333137184442e-08,0.475,0.47540983606557374
NC1=CC=CC=C1C(=O)NC(=O)CCC2=CC(=O)CC(C)=C2C(C(=O)N),1.83054060630604e-09,O=C(NCc1ccc(cc1)CC(=O)N)c2c(N)cccc2,4.802818259561917e-07,0.39,0.39655172413793105
O=C(NCC1=CC=CC=C1)CCC2CC(=O)CC3=CC=C(C(=O)C(N))C=C23,1.83054060630604e-09,O=C(NCCC(=O)NCc1ccccc1)c2cc3c(cc2)CCCC3C[NH3+],5.5765130688645855e-09,0.5,0.463768115942029
C=C(C(N)(N)C1=CC=CC=C1)NCCCC2=CC=CC3=C2CCCC3,1.83054060630604e-09,O=C(NCc1c2c(ccc1)CCCC2)C([NH3+])(c3ccccc3)C,2.1156155125584927e-08,0.509,0.4576271186440678
NC(CC1=CC=CC(C(C(C(N))))=C1C)=CCC(=O)CC2=CC=CC(C(=O)N)=C2,1.83054060630604e-09,O=C(N)c1cc(ccc1)CC(=O)NCCc2c(c(ccc2)C)C,9.501917818235033e-08,0.468,0.47540983606557374
C(=O)=C(CC1=CC(C(=O)N)=CC=C1)C(=C)C=CC=CC2=CC=CC=C2F,1.86169879654122e-09,Fc1c(cccc1)C=CC(=O)NCCNC(=O)Cc2cc(ccc2)C(=O)N,4.298321332126153e-08,0.54,0.5396825396825397
O=C(NC1=CC=CC=C1)CCC=CC2=C(C(=C(N))O)C=CC=C2CCC(=O)CC,1.86169879654122e-09,O=C(N)c1c(cccc1)CCC(=O)NCC=CCNC(=O)CCCCCC(=O)Nc2ccccc2,3.5102517843139754e-08,0.406,0.4603174603174603
O=C(CCC1=CC=C(C(C(N)))C=C1)CC(C(=O)C)CC=CC2=CC(C(=O)N)=CC=C2,1.86169879654122e-09,O=C(N)c1cc(ccc1)C[NH+](CC(=O)CCc2ccccc2)C,9.18652303100925e-08,0.385,0.390625
O=C(CCC(=O)C(=C)C1=CC(C(=O)N)=CC=C1)CCC2(C(=O)O)CC3=CC=CC=C3C2,1.86169879654122e-09,[O-]C(=O)C1(C[NH2+]Cc2cc(ccc2)C(=O)N)Cc3c(cccc3)C1,4.5985306199700256e-08,0.508,0.4426229508196721
CC(N)C1=CC=CC(C(=O)N)=C1CCNC(=O)CC2=CC3=CC=CC=C3S2,1.86169879654122e-09,S1c2c(cccc2)C=C1CC(=O)NCCNC(=O)c3c(c(ccc3)C(=O)N)C,2.0453924147377183e-08,0.613,0.6229508196721312
O=C(CNC1CCCC1)NCC2CC3=C(C(=O)C(N))C=CC=C3CC2,1.86169879654122e-09,O=C(NCC1Cc2c(cccc2)CC1)NCCC[NH2+]C3CCCCC3,2.915464175229528e-08,0.455,0.35714285714285715
O=C(CC1=CC=CC=C1)NCC2=CC=CC=C2C3C(=O)C=CC(N)=C3,1.86169879654122e-09,[O-]C(=O)Cc1c(cccc1)CNC(=O)Cc2ccccc2,3.0968119242070426e-07,0.48,0.48
NC1=CC=C(N)C=C1CC2=CC=C(C(N))C=C2CC=CC3=CC=CC(=O)N3,1.86169879654122e-09,O=C(NCC=CCNC(=O)C=1NC(=O)C=CC1)c2c(cc(N)cc2)CC,2.915464175229528e-08,0.319,0.3382352941176471
O=C(NCC1=CC=CC=C1)CCC2CC(=O)CC3=CC(C(=O)O)=C(C(=O)C)C=C23,1.86169879654122e-09,O=C1Nc2c(cccc2)CC1CCC(=O)NCC(=O)NCc3ccccc3,1.9118615434800558e-08,0.448,0.46875
CC(C)(N)C1=CC=CC=C1CC(=O)NCC(=O)C2=CC3=CC=CC=C3C(=N)2,1.89338733984006e-09,O=C1OC(C(=O)NCC(CNC(=O)Cc2c(cccc2)C)(C)C)=Cc3c1cccc3,2.504593513241216e-08,0.377,0.2631578947368421
O=C(C1=C(C(=O)N)C=CC(C(O)O)=C1)NC2=CC=CC=C2C=C3C=CC(C)C=C3,1.89338733984006e-09,O=C(Nc1c(cccc1)C=C)NC(c2cc(c(O)cc2)C(=O)N)C,1.016556387001877e-07,0.4,0.42424242424242425
C=C(CC1=CC=CC=C1N)C2=C(C(=O)N)CC(C3=CC(C(=O)N)=CC=C3)=C2,1.89338733984006e-09,O=C(N)c1cc(NC(=O)CNC(=O)Cc2c(N)cccc2)ccc1,9.828140844988805e-08,0.433,0.4426229508196721
CC1=C(C(=O)N)C=CC=C1CC(=O)C=C(C)C(=O)CCCC2=CC(C(N))=CC=C2C,1.89338733984006e-09,O=C(N)c1c(c(NC(=O)CCCc2c(ccc(c2)C)C)ccc1)C,1.2659662699976492e-07,0.441,0.44776119402985076
O=C(CC1=CC=CC=C1)NCCCC(C)=C2C=CC=C2CC(=C(C(=O)N))C,1.89338733984006e-09,O=C(NCCCCNC(=O)CCNC(=O)Cc1ccccc1)C=C(CC)C,1.866436868034807e-07,0.468,0.46774193548387094
O=C(NCC1=CC=C(N)C=C1)CCC2=CCC3=CC=CC(C(=C)N)=C3S2,1.89338733984006e-09,O=C(N)c1c(cccc1)CCC(=O)NCc2ccc(N)cc2,5.263316539506193e-08,0.492,0.4915254237288136
O=C(C(=N)C1=CC=CC=C1)NC(=O)CCC(C2=CC(C(=O)N)=CC=C2)C,1.89338733984006e-09,O=C(NCCNC(=O)CCC(c1ccccc1)C)C(=O)c2ccccc2,7.253213413653791e-08,0.473,0.4727272727272727
C(=O)(CC1=CC=CC=N1)CCCCC2=C(C(=O)O)C=CC3=C2CC(C(=O)N)=CC3,1.89338733984006e-09,O=C(N)c1c2c(ccc1)CN(C(=O)Cc3ncccc3)CC2,1.576568321506011e-07,0.347,0.3561643835616438
NC(=O)C(CC1=CC(C(=O)N)=CC=C1)CCCCCC(N)C2=CC=CC=C2,1.89338733984006e-09,O=C(N)c1cc(ccc1)CNC(=O)CCC([NH3+])c2ccccc2,4.4458927405249594e-08,0.574,0.4482758620689655
O=C(CC1=CC=CC=C1)NCC2=CC=CC=C2CC3(C)CCC=C(N)3,1.9256152635039203e-09,O=C(NCCNC(=O)CC1(CC1)C)Cc2ccccc2,6.845847513170984e-07,0.453,0.4528301886792453
O=C(CC1=CC=CC=C1)NCCCC2=C(C(=O)O)C=CC3=C2CC(=O)CC(N)3,1.9256152635039203e-09,O=C(NCCNC(=O)Cc1ccccc1)C2CC(=O)CC(=O)C2,4.565685583961553e-07,0.459,0.4745762711864407
O=C(CCC1=CC=CC(N)=C1)NC2CCC(=N)C3=CC=C(C(=O)N)C=C23,1.9256152635039203e-09,O=C(NC1c2c(cccc2)CC1)CCc3cc(N)ccc3,1.0338595034593205e-07,0.61,0.6101694915254238
O=C(CC1=CC(C(=O)C)=CC=C1)N2CC=CC(C3=CC=CC(C(=O)N)=C3)C2,1.9256152635039203e-09,O=C(N1CC(C2CN(C(=O)Cc3cc(ccc3)C(=O)N)C2)C1)c4cc(ccc4)C(=O)C,1.546246958875802e-09,0.603,0.603448275862069
NC(C(=O)(N))C(C)C1=CC=CC=C1NCCC2=CC=CC3=CC=CC=C32,1.9256152635039203e-09,N(c1c(cccc1)C(C)C)CCCc2c3c(ccc2)cccc3,5.0886125869110914e-08,0.558,0.5686274509803921
CC(CC1=CC(C(=O)N)=CC=C1)=CC(=C(C(=O)N))C=CC2=CC=CC(F)=C(C)2,1.9256152635039203e-09,Fc1c(cccc1)C=CC(=O)N(CCN(C(=O)Cc2cc(ccc2)C(=O)N)C)C,6.714184697087197e-09,0.5,0.5
CC(N)(C)C1=CC=CC=C1NCC(=C(=C(=C)))CC2=CC=C(C(=O)N)C=C2,1.9256152635039203e-09,FC(F)(c1c(NCc2ccc(cc2)C(=O)N)cccc1)C,7.448648416157136e-07,0.5,0.5
O=C(CCC(C(=O)C(C(=O)N))CCCC1=CC=CC=C1)NC(=O)CC2=CC=CC=C2,1.9256152635039203e-09,O=C(OCC(=O)NC(=O)Cc1ccccc1)C(CCCc2ccccc2)C,4.5985306199700256e-08,0.5,0.5094339622641509
O=C(CC1=CC=C(C(=O)O)CC1)CSC2=CC=C(C3=CC(C(=O)N)=CC=C3C)C=C2,1.95839174849055e-09,O=C(NCCNC(=O)C1=CCC1)c2cc(c3ccccc3)c(cc2)C,5.263316539506193e-08,0.324,0.34782608695652173
CC1=CC=CC=C1CCNC(=O)CC2=CC3=CC=C(C(=C(N))C(=O)(C(N)))C=C3C2,1.95839174849055e-09,O=C(OCC(=O)NCCc1c(cccc1)C)CC2=Cc3c(cccc3)C2,1.1635147152901845e-07,0.522,0.5373134328358209
O=C(CC1=CC=NC=C1)NCCCC2=C(C(=O)O)C=CC3=C2C=C(C(=O)N)CC3,1.95839174849055e-09,O=C(NCCCCNC(=O)CCc1ccncc1)Cc2cc3c(cc2)CCC3,4.155648224664381e-08,0.42,0.4264705882352941
C(C(=O)O)=C(CCC1=CC=C(C(=O)N)C=C1)NCC=C2C=CC3=CC=CC=C3C(=O)2,1.95839174849055e-09,O=C1OC(C(=O)NCC=CCNC(=O)CCc2ccc(cc2)C(=O)N)=Cc3c1cccc3,1.1718849111824172e-08,0.419,0.36486486486486486
CC(C(=O)N)=CCC(=O)NC(C)C1=CC=CC=C1CCCC2=CC=CC=C2,1.95839174849055e-09,O=C(NC(c1c(cccc1)CC)C)NCCCc2ccccc2,2.994020218722163e-07,0.483,0.49122807017543857
O=C(CC1=CC=CC=C1)NCC=CC2=CC=CC(=C2)CC(=N)CC(N)C,1.95839174849055e-09,O=C(NCC=CCNC(=O)CCNC(=O)Cc1ccccc1)Cc2cc(OC(C)C)ccc2,5.0034473822546355e-08,0.469,0.4838709677419355
C=C(CCC(=O)NCC1=CC=CC=C1F)CC2CCC3=CC=CC(C(=O)N)=C3C2,1.95839174849055e-09,Fc1c(cccc1)CNC(=O)CC2Cc3c(cccc3)CC2,6.024207140153832e-08,0.574,0.5737704918032787
O=C(C(N)C1=CC=CC=C1)NCC2=CC=CC=C2CCCCC3CCCCC3,1.95839174849055e-09,O=C(NCCCC1CCCCC1)C(c2ccccc2)c3ccccc3,2.8666697152640347e-08,0.528,0.5283018867924528
C=C(N)C1=CC=CC=C1CC(=O)NCC(=C(=N))C2=CC3=CC=CC=C3S2,1.95839174849055e-09,S1c2c(cccc2)C=C1C(=O)CNC(=O)Cc3c(cccc3)C(=O)N,8.083954182461677e-09,0.625,0.631578947368421
C(CC)=C(CNC1=CC=CC=C1Cl)C(=O)NC(=O)C(N)=CC2=CC=CC=C2,1.9917261320296403e-09,Clc1c(NCC(=O)NCCNC(=O)C(=Cc2ccccc2)CC)cccc1,6.126747008126378e-08,0.534,0.5254237288135594
O=C(NC(=O)C1=CC=CC=C1)NCCC(CN)CC=CC2=CC=CC(C(=O)N)=C2,1.9917261320296403e-09,O=C(NC(CCNC(=O)C(CC=Cc1ccccc1)C)C)c2ccccc2,5.5366827866102494e-08,0.424,0.4307692307692308
O=C(CC1=CC=CC=C1)NCC=C(C(CO)C)CCC2=CC(C(=O)N)=CC=C2,1.9917261320296403e-09,O=C(N)c1cc(ccc1)CC(=O)NCC=CCNC(=O)CCc2ccccc2,2.72513176339802e-08,0.586,0.6181818181818182
C(=N)=C(CCC1=CC=CC(C(=O)N)=C1Cl)CCC(=O)CCCC2=CC=CC=C2F,1.9917261320296403e-09,Fc1c(cccc1)CCCNC(=O)CCc2c(cccc2)C(=O)N,4.5985306199700256e-08,0.467,0.4915254237288136
CC1=CC=C(CCC(=O)C=C(C(=O)(C))CC2=CC=CC(C(=C)N)=C2Cl)C=C1Cl,2.02562791028267e-09,Clc1c(cccc1COC(=O)CCc2cc(Cl)c(cc2)C)C(=O)OC,2.0653497658821166e-07,0.471,0.47058823529411764
CC1=C(N)C(N)=C(C(=O)N)N=C1CC=C(C)C(=O)NC2=CC=CC(C)=C2,2.02562791028267e-09,O=C(Nc1cc(ccc1)C)C(=O)NC=2C(=NNC2C)C(=O)N,1.1552043035786423e-06,0.459,0.45901639344262296
O=C(CCC1=CC=CC(C(=C)N)=C1F)C(N)CCCCC(=O)NC2=CC=CC=C2,2.02562791028267e-09,Fc1c(F)cccc1CCC(=O)Nc2cc(NC(=O)CCCCCC(=O)Nc3ccccc3)ccc2,2.6346771447493833e-08,0.508,0.5166666666666667
O=C(CC1=CCCC=C1)CCC2=CC=CC=C2C(=N)C=CC3=CC(C(=O)O)=CC=C3,2.02562791028267e-09,Clc1cc(ccc1)C=CC(=O)NCc2c(cccc2)CCC([O-])=O,5.9233834234292066e-08,0.329,0.2987012987012987
CC(CC1=CC(C(=O)N)=CC=C1)N2CCCC(C3=CC=C(C(=O)N)C=C3)C2,2.02562791028267e-09,O=C(NCC(CNC(=O)Cc1cc(ccc1)C(=O)N)C)c2ccc(cc2)C3CCC3,6.491322439757576e-09,0.5,0.5
O=C(CC1=CC(C(=O)N)=CC=C1)CC(N)C=CC2=CC=CC(=C2)CCC,2.02562791028267e-09,O=C(N)c1cc(ccc1)CC(=O)Nc2cc(ccc2)CCC,9.663652860855617e-08,0.5,0.5087719298245614
CC1=C(C(=O)O)C=CC=C1CCC(=N)CCC=CC2=CC3=CC=CC=C3C2,2.02562791028267e-09,O=C(NCC=CCNC(=O)C1=Cc2c(cccc2)C1)c3c(c(ccc3)CO)C,8.795774723528521e-09,0.403,0.4264705882352941
CC1=CC=CC=C1C(=O)C2=CN=C(N)C=C2C=CC(N)CC3=CC=CC=C3,2.02562791028267e-09,O=C(NNC(=O)C([NH3+])Cc1ccccc1)c2c(cccc2)C,1.043947101807607e-06,0.393,0.3548387096774194
CC=CC=CC1=CC=CC(C(=O)N)=C1NC(=O)N=CCC2=CC=C(C)C=C2,2.02562791028267e-09,O=C(N)c1c(NCCc2ccc(cc2)C)c(ccc1)C,3.313103734547974e-07,0.41,0.4098360655737705
CN(CC1=CC=C(N)C(C(=O)N)=C1)C(C)C2=CC=CC=C2NC3=NC=CC=C3,2.02562791028267e-09,O=C(Nc1ccc(Nc2ncccc2)cc1)C([NH+](Cc3ccccc3)C)C,7.012459310633414e-08,0.426,0.3472222222222222
O=C(CC1=CC=CC=C1)NCCC(CC2=C(N)C(C(N)))=CC=C(N)2,2.02562791028267e-09,O=C(NCCNC(=O)Cc1ccccc1)Cc2ccc(cc2)CC[NH3+],3.1190900459242615e-08,0.481,0.43137254901960786
O=C(C(=O)NC1=CC=CC=C1)NCC2C(=O)CC3=CC=CC(C(=O)N)=C3C2,2.02562791028267e-09,O=C(Nc1ccccc1)C(=O)NCC2Cc3c(cccc3)C2,1.2659662699976492e-07,0.519,0.5490196078431373
CC(N)(C)C1=CC=CC=C1NC=C(C)CC2=CC=C(C(=O)N)C=C2C(=O)CC,2.02562791028267e-09,Fc1c(ccc(c1)C(=O)N)CNc2c(cccc2)C(C)(C)C,2.615858945450191e-07,0.415,0.421875
CC(CC1=CC=C(C(=O)C(C(N)))C=C1C)C(=O)CCC2=CC=C(C(=O)C)C(C)=C2,2.02562791028267e-09,O=C(NCCNC(=O)C(Cc1c(cccc1)C)C)c2cc(c(cc2)C(=O)C)C,7.131820520357163e-08,0.424,0.4603174603174603
C(=O)(N)C(CC1=CC=C(C(=O)O)C=C1C)CCC2=CC3=C(C(=O)N)C=CC=C3S2,2.02562791028267e-09,[O-]C(=O)c1cc(c(cc1)CNC(=O)c2c(c(ccc2)C(=O)N)C)C,1.96337590604281e-07,0.446,0.37681159420289856
C=C(N)C1=CC=CC=C1CCC(=C(C(N)))CCC2=CC3=CC=CC=C3N2,2.06010674104821e-09,O=C(N)c1c(cccc1)CCC(=O)NCCNC(=O)CCC=2Nc3c(cccc3)C2,3.0668876159758165e-08,0.525,0.5535714285714286
CC(N)(C)C1=CC=CC=C1NCC=CC(=O)CC=CC2=CC=CC(C(=O)N)=C2,2.06010674104821e-09,O=C(N)c1cc(ccc1)CNc2c(cccc2)C(C)(C)C,1.576568321506011e-07,0.459,0.45901639344262296
O=C(CC1=CC=C(N)C=C1)NCC2=CC=CC=C2C3=C(N)CNC(O)=C3,2.06010674104821e-09,O=C(NCc1c(c2ccccc2)cccc1)Cc3ccc(N)cc3,1.3873481875084242e-08,0.596,0.6078431372549019
CC(=C(C(=O)C))CC1=CC=CC=C1CCC(=O)C2=NC3=CC=CC=C3C(=N)2,2.06010674104821e-09,O=C(OCC(=O)c1ccccc1)C=C(Cc2c(OC)cccc2)C,4.6433995114696347e-07,0.313,0.3125
CC(=O)C1=CC=CC=C1CC=CC2=C(C(=O)O)C=CC=C2C=CC3=CC=C(N)N3,2.06010674104821e-09,O=C(NCC=CCNC(=O)C=1Nc2c(c(ccc2)CC)C1)c3c(cccc3)C(=O)C,7.131820520357163e-08,0.293,0.3013698630136986
O=C(CC1CCC(C(C(=O)N))CC1)CC2CCC3=CC=C(C(=O)O)C=C3C2,2.06010674104821e-09,O=C(N1CCC(CC(=O)N)CC1)c2cc3c(cc2)CC3,3.0968119242070426e-07,0.5,0.5098039215686274
CN(CC1=CC=CC(C(=O)N)=C1C)C(=C)C=CC2=CC(C(=O)C(N))=CC=C2F,2.09517244651316e-09,Brc1cc(c(F)cc1)C=CC(=O)N(CCN(C(=O)c2c(c(ccc2)C(=O)N)C)C)C,2.3410842758158432e-08,0.472,0.4722222222222222
C=C(CCCC(=C)CC1=CC=CC(C(=O)N)=C1)C2(C)CC3=CC=CC=C3C2,2.09517244651316e-09,O=C(N)c1cc(ccc1)CC(=O)NCCCCNC(=O)C2(Cc3c(cccc3)C2)C,1.4594043073710918e-08,0.576,0.576271186440678
O=C(NCC1=CC=CC=C1)CCN2C(C(=O)O)=CC3=CC=CC(C(=O)C(N))=C3[NH1]2,2.09517244651316e-09,[O-]C(=O)c1c(O)c(ccc1)C(=O)NCCC(=O)NCc2ccccc2,2.2854615275150829e-07,0.409,0.36923076923076925
CCC1=CC(C(=O)O)=C(C(=O)N)C=C1CCC(=O)NC(=O)CC2=CC=C(C)CC2,2.09517244651316e-09,O=C(N)c1c(cccc1)CCC(=O)NCCNC(=O)CC2=CCCC2,3.5700008510608346e-08,0.324,0.3333333333333333
CC(=O)C(C(N)(N)C1=CC=CC=N1)NC(=O)CCC2=CC=CC3=C2C=CC=C3,2.09517244651316e-09,O=C(NC(c1ncccc1)(C)C)CCc2c3c(ccc2)cccc3,2.2254963963401058e-08,0.625,0.625
CC1=CC=C(C(=O)N)C=C1CNC(=O)NC=C2C=CC3=CC=C(C(=O)O)C=C3[NH1]2,2.09517244651316e-09,O=C(NCC=CCNC(=O)c1cc2NC(=O)C(=O)Nc2cc1)c3c(ccc(c3)C(=O)N)C,6.067544618567995e-09,0.351,0.3150684931506849
CCC1=CC=CC=C1NCC(C(=O)C(C(C)(C)))NCC(=O)NC2=NC(C)=CC=C2,2.09517244651316e-09,O=C(Nc1c(cccc1)CC)CC([NH2+]CCNc2nc(ccc2)C)C,3.36949708418157e-07,0.552,0.5303030303030303
C(C(=O)C)=C(CC1=CC=CC(C(=O)N)=C1)CSC=CC2=CC=CC(N)=C2,2.09517244651316e-09,O=C(N)c1cc(ccc1)CN(C(=O)C=Cc2cc(N)ccc2)C,7.502233167218944e-08,0.508,0.5166666666666667
O=C(C(=C)C=CC1=CC=CC=C1)C=C(C(=O)N)CCC2=CC=CC=C2C(=O)N,2.09517244651316e-09,O=C(N)c1c(cccc1)CCC(=O)NCCNC(=O)C=Cc2ccccc2,3.1721810293620355e-08,0.536,0.5357142857142857
CC(C)C1=CC(=C)C(=N)C=C1C(=O)NC(=O)CCC(=O)NC2=CC=CC=C2,2.13083501605084e-09,O=C(NCCC(=O)Nc1ccccc1)c2c(cccc2)C(C)C,7.629930967206321e-08,0.414,0.42857142857142855
N=C(CCC1=CC=CC=C1)C(=O)C(C)=CC2=CC=CC=C2C(C(=C(C(=O)N))C),2.13083501605084e-09,O=C(OCC(=Cc1c(cccc1)COC)C)CCc2ccccc2,5.590705438572481e-07,0.426,0.41935483870967744
O=C(NCC1=CC=CC=C1)C(N)CC2=CC(=N)C3=CC(C(=O)(N))=CC=C3S2,2.13083501605084e-09,O=C(N)c1cc(NC(C(=O)NCc2ccccc2)C)ccc1,1.0338595034593205e-07,0.415,0.42857142857142855
NC(=C)C1=CC=CC(C(=O)N)=C1CC=CCCC=C(N)C2=CC=CC=C2,2.13083501605084e-09,O=C(NCC=CCNC(=O)c1ccccc1)c2c(cccc2)C(=O)N,9.18652303100925e-08,0.377,0.37735849056603776
O=C(CC1=CC=C(N)CC1)NCC2=CC=CC=C2C=CCCC(N)(=O),2.13083501605084e-09,O=C(NCCNC(=O)CCC=Cc1ccccc1)CC2=CCCC2,8.16283113100815e-08,0.373,0.3787878787878788
CC1=CC=CC=C1CNC(=O)CCC(C(C(=O)N))SC2=CC(C(=O)N)=CC=C2,2.13083501605084e-09,S(c1cc(ccc1)C(=O)N)C(C(=O)NCc2c(cccc2)C)C,3.281089411501842e-08,0.638,0.6379310344827587
NC(=O)CC(C)CC1=CC=C(CCCC(=O)NC(=O)C2=CC=CC=C(N)2)S1,2.1671046090668e-09,S1C(=CC=C1C)CC(NC(=O)c2c(N)cccc2)C,7.968887193956398e-07,0.467,0.4666666666666667
O=C(NCC1=CC=CC=C1)N(C)C(=C(C(=C(=O))C))CCC2=C(C(=O)N)C=CC=C2,2.1671046090668e-09,O=C(N)c1c(cccc1)CCC(=O)NCc2ccccc2,8.301773170513547e-08,0.545,0.5660377358490566
O=C(NC1=CC=CC=C1C)C=CCC(C(=O)C(N))CC2=CC(C(=O)N)=CC=C2,2.1671046090668e-09,O=C(N)c1cc(ccc1)CC(=O)Nc2c(cccc2)C,4.340261014476901e-07,0.525,0.5344827586206896
CC(CC1=C(C(=O)N)C=CC=C1C(=O)CCC)NC(=O)CC2=CC=C(O)C=C2,2.1671046090668e-09,O=C(NCC(NC(=O)Cc1ccc(O)cc1)C)c2c(cccc2)C(=O)N,6.44495812539366e-08,0.569,0.5614035087719298
O=C(NCC1=CC(N)=CC=C1)CC2C(=O)C=CC3=CC=C(C(=O)C)C=23,2.1671046090668e-09,O=C(NCc1cc(N)ccc1)Cc2ccc(cc2)C(=O)C,1.9305160040558177e-07,0.536,0.5454545454545454
NC(=O)C1=CC=C(C(=O)C(C(=O)O))C=C1N2CCCC(C3=CC(C(=O)C)=CC=C3)C(=O)2,2.1671046090668e-09,O=C(N1C(CNC(=O)c2cc(ccc2)C(=O)C)CCC1)c3c(cccc3)C(=O)N,6.382680880859011e-09,0.39,0.39473684210526316
ClC1=CC=CC2=C1CCN2CC(=O)CC(=N)C3=CC(C(=N)N)=CC(C)=C3,2.1671046090668e-09,Clc1c2c(N(CC(=O)c3cc(ccc3)C)CC2)ccc1,2.0653497658821166e-07,0.567,0.5862068965517241
O=C(C(N)(N)C1=CC=CC=C1)NCCCC2C(=O)C3=CC=CC=C3CC2,2.1671046090668e-09,FC(F)(c1ccccc1)C(=O)NCCCCNC(=O)CCC2C(=O)c3c(cccc3)CC2,1.3188497414058236e-08,0.644,0.6440677966101694
O=C(CC1=CC=CC=C1)NCC2=CC(C(=C)N)=CC=C2CC(=O)CCCC(N)C,2.1671046090668e-09,O=C(NCCC(=O)NCCNC(=O)CCCC(C)C)Cc1ccccc1,2.798559374393035e-07,0.413,0.4426229508196721
NC1=CC=C(N)C=C1CC2=CC=CC=C2CCCC3=NC(N)=CC(N)=C3,2.1671046090668e-09,S(c1nc(N)cc(n1)N)CCCc2c3c(ccc2)cccc3,2.504593513241216e-08,0.321,0.32727272727272727
C1C=CC=C(CNC(=O)N(C)CC2=CC=C(C(=C(C(=O)O))C(C(=O)N))C=C2)C1,2.1671046090668e-09,O=C(N(Cc1ccc(cc1)C(=O)NC)C)NCC2=CCCCC2,1.4594043073710918e-08,0.435,0.4603174603174603
CNC1=CC=CC=C1CC(=O)C(N)=C2C=CC3=CC=C(C(=O)C)C=C3C2,2.1671046090668e-09,O=C(NCc1c(NC)cccc1)c2cc(ccc2)C(=O)C,2.0653497658821166e-07,0.417,0.4166666666666667
CC(N)(C)C1=CC=CCN1CCSC2=CC=CC=C2CC3=CC=CC(N)=C3,2.1671046090668e-09,S(c1c(cccc1)CSc2cc(N)ccc2)Cc3ccccc3,3.5700008510608346e-08,0.344,0.3492063492063492
CC(C(=O)C1CCC(C(N))CC1)=C(C(=O)C)CCC2=CC(C(=O)N)=CC=C2Br,2.1671046090668e-09,Brc1c(cc(OC)cc1)CCC(=O)NCC2CCC(C(=O)N)CC2,1.28751466817905e-07,0.4,0.4057971014492754
O=C(CC1=CC=CC(=C)C1)NCC2=CC(C(=O)N)=CC=C2CCCCCC(N),2.2039915578928503e-09,Fc1c(ccc(c1)C(=O)N)CNc2ccc(cc2)CC(=O)NCC,2.705667491374261e-07,0.311,0.3333333333333333
CCC(CC1=CC(C(=O)N)=CC=C1)C(C(=O)N)CCCC2=CC=C(C)C=C2,2.2039915578928503e-09,O=C(N)c1cc(ccc1)CC[NH2+]CCc2ccc(cc2)C,9.663652860855617e-08,0.538,0.5283018867924528
CN(CC1=CC(C(=O)N)=C(N)C(N)=C1CCCC)CC=CC2=CC=CC=C2C,2.2039915578928503e-09,O=C(NCC=CCNC(=O)C=Cc1c(cccc1)C)c2cc(N)c(cc2)CCCC,8.361495206493742e-09,0.395,0.4
O=C(CC1=CC=CC=C1)NC(=O)CCC=CC(=O)C2=NC=CC3=C2C(=N)C(=O)C=C3,2.2039915578928503e-09,Clc1c(Cl)ccnc1C(=O)OCC(=O)NC(=O)Cc2ccccc2,1.80448469478674e-07,0.377,0.37681159420289856
O=C(CCC1=CC=CC=C1)NCCN2C(=O)C(=C)C(=O)C3=CCC(=O)C=C32,2.2039915578928503e-09,O=C1N(C(c2c1cccc2)=C)CCC(=O)NCCNC(=O)CCc3ccccc3,2.6346771447493833e-08,0.484,0.4838709677419355
O=C(CC=CC=C1C=CC(=O)CC1=O)C2=CC=CC3=CC=C(C(=O)N)C=C32,2.2039915578928503e-09,Brc1cc2c(cc1)cccc2C(=O)NCC=CCNC(=O)C=Cc3ccc(cc3)C(=O)N,2.4626755610502637e-08,0.329,0.36486486486486486
NC1=CC=CC=C1CC(=O)NCCC(=C(C(=O)N))C2=CCC3=CC=CC=C3C2,2.2039915578928503e-09,O=C(N1Cc2c(cccc2)C1)CCCNC(=O)Cc3c(N)cccc3,9.828140844988805e-08,0.475,0.5
O=C(CC1=CC=CC=C1)NCC(=O)C2=CC=CC=C2CC(N)CCC(=O)N,2.24150637073065e-09,O=C(N)c1c(cccc1)CC(=O)NCCNC(=O)Cc2ccccc2,1.2239453674810362e-07,0.481,0.4807692307692308
CC(N)(C)C1=CC=CC=C1CC(=C)C(=O)NC(=O)C2=CC=C(C)C=C2C,2.24150637073065e-09,O=C(NCc1c(cccc1)C(C)(C)C)c2c(cc(cc2)C)C,1.4736440415238078e-07,0.527,0.5272727272727272
CC(CC1=CC=CC=C1)C(C(=O)N)CCC2=CC=CN=C2NC3=CC=CC=C3,2.24150637073065e-09,O=C(Nc1ncccc1CC)C(C(C)C)CCc2ccccc2,1.1833192542966173e-07,0.475,0.5
CC1=CC=CC=C1NC(=O)CC=C2C(C(=O)N)=C(N)C=C2C(=O)CCCC,2.24150637073065e-09,O=C(Nc1c(cccc1)C)CCCC(=O)NCC=CCNC(=O)CCCC,1.686681181030728e-07,0.459,0.45901639344262296
O=C(CC1=CC=CC(N)=C1)NCC2=CC=CC=C2C3CCCC(C)C3,2.24150637073065e-09,O=C(NCc1c(cccc1)C2CCC2)Cc3cc(N)ccc3,6.126747008126378e-08,0.824,0.8235294117647058
C(=O)(CC1=CC(C(=O)O)=CC(N)=C1C(C)CCC)NC(=O)CC2=CC=CC=C2,2.24150637073065e-09,O=C(OCC(=O)NC(=O)Cc1ccccc1)c2cc(c(N)cc2)CC(C)C,2.9650891805873545e-08,0.469,0.47619047619047616
CC1=C(C(=O)N)C=CC=C1CC(=O)C(=O)CC=CC=CC2=CC=CC=C2C#N,2.24150637073065e-09,O=C(N)c1c(c(NC(=O)C=Cc2c(C#N)cccc2)ccc1)C,2.172619946236769e-07,0.516,0.5161290322580645
NC(=C(C(=C)C))C1=CC=CC=C1NC(=O)CCC(C2=CC(C(=O)O)=CC=C2)C,2.24150637073065e-09,O=C(N)c1c(NC(=O)CCC(c2ccccc2)C)cccc1,8.88159706425867e-08,0.542,0.5892857142857143
C(=C(=O))(CC1=CC(C(=O)N)=CC=C1)N(C)C(=O)CCCCC2=CC=CC(N)=N2,2.24150637073065e-09,O=C(N)c1cc(ccc1)CC(=O)NCc2nc(N)ccc2,7.629930967206321e-08,0.5,0.5
N#CC1=CC=C(C(=O)N)C=C1CC(C)=CC=CCC(=O)C(=O)NC2=CC=CC=C2,2.24150637073065e-09,O=C(Nc1ccccc1)c2ccc(cc2)C(=O)NCC=CCNC(=O)c3cc(c(C#N)cc3)C,1.331718053230139e-07,0.4,0.4117647058823529
NC1=CC=CC=C1CC(=O)NCCC(=C(=N))C2=CC(=O)C3=CC=CC=C3C2,2.24150637073065e-09,O=C1N(Cc2c1cccc2)CCNC(=O)Cc3c(N)cccc3,9.501917818235033e-08,0.492,0.5
O=C(CC1=CC=CC=C(N)1)ONC2=CC(C(=O)N)=CC=C2C3=CCCC(C)=C3,2.24150637073065e-09,O=C(N)c1cc(NC(=O)Cc2c(N)cccc2)c(cc1)C,3.485179787238657e-07,0.469,0.46875
C(=O)=C(CCC=CC=CC1=CC=CC=C1)C(=C)C2=CC=CC(C(=O)N)=C2,2.24150637073065e-09,O=C(N)c1cc(NC(=O)CCC=Cc2ccccc2)ccc1,1.424729742556605e-07,0.483,0.4827586206896552
C(C(=O)N)N(CC1=CC=CC=C1C(N)C)C(=O)C=CC2=CC=CC(N)=C2,2.2796597346451103e-09,O=C(N(Cc1c(cccc1)C(C)C)C)C=Cc2cc(N)ccc2,1.203460892404676e-07,0.621,0.631578947368421
O=C(NC1=CC=CC=C1Cl)C=CCC(C(=O)C(N))CC2=CC(C(=O)N)=CC=C2,2.2796597346451103e-09,Clc1c(NC(=O)Cc2cc(ccc2)C(=O)N)cccc1,4.340261014476901e-07,0.525,0.5344827586206896
N#CC1=CC(C(=O)O)=CN=C1NCCCCCC2=CC(=O)CC3=CC=C(C(=O)N)C=C23,2.2796597346451103e-09,O=C(NCCCCCCNC(=O)c1cc2c3c(cccc3)Cc2cc1)c4cnc(c(C#N)c4)C,1.3188497414058236e-08,0.402,0.4074074074074074
CC1=CC=CC=C1CNCCCC2=CC=CC=C2CC(=O)CC3=CC=CC(=O)C3,2.2796597346451103e-09,O=C(OC(C)(C)C)Nc1c(cccc1)CCC[NH2+]Cc2c(cccc2)C,5.444018486747391e-08,0.422,0.273972602739726
CC1=CC=CC=C1CCCCNC=CC2=CC3=CC=C(C(=O)C(N))C=C3C2,2.2796597346451103e-09,O=C(NCCCc1c(cccc1)C)c2cc3c(cc2)CC3,1.2239453674810362e-07,0.418,0.42424242424242425
C=C(CC1=CC=CC=C(C(=O)N)1)N2CC(=O)NC(C3=CC=CC(N)=C3)=C2,2.2796597346451103e-09,O=C(N1Cc2c(NC(=O)C1)cccc2)Cc3c(cccc3)C(=O)N,6.337092539563196e-08,0.431,0.4307692307692308
C(=O)=C(CC1=CC=CC(C(=O)N)=C1C)C(=O)CC=CC2=CC=CC(C)=C2,2.2796597346451103e-09,O=C(N)c1c(cccc1)COC(=O)C=Cc2cc(ccc2)C,2.529031392181985e-07,0.475,0.47540983606557374
CCC1=CC(N)=C(C(=O)N)C=C1CNC(=O)C(N)CC2=CC=C(C)C=C2,2.2796597346451103e-09,Fc1c(cc(N)c(c1)C(=O)NCCNC(=O)C(Cc2ccc(cc2)C)C)CC,1.2659662699976492e-07,0.477,0.5
O=C(NC(=O)CCC1=CC=CC=C1)NCC(=O)C=CCC2=CC=CC(=O)C2,2.2796597346451103e-09,O=C1OC(C(=O)NCC=CCNC(=O)CCc2ccccc2)=CC=C1,9.501917818235033e-08,0.403,0.35384615384615387
CC(=O)C1=CC=CC=C1CCNC2=NC=CC=C2C(N)=CC3=CC=CC3,2.2796597346451103e-09,O=C(c1c(NCCNc2ncccc2C#N)cccc1)C,9.276157990347584e-07,0.382,0.3880597014925373
O=C(CCC1=CCCC(C(=C(N))N)=C1C)CCCCCCC2=CC=CC=C2,2.2796597346451103e-09,O=C(N(CCN(C(=O)CCCCCCc1ccccc1)C)C)C2=CCC2,6.44495812539366e-08,0.413,0.4126984126984127
O=C(CC1=CC=CC(C(=O)N)=C1)N(C(=O)N)CCC2CCC3=CC=CC=C3C2,2.2796597346451103e-09,O=C(N)c1cc(ccc1)CC(=O)N(CC2Cc3c(cccc3)CC2)C,7.429739537249499e-09,0.684,0.6842105263157895
O=C(CC1=CC=C(C(N))C=C1)NCC2=CC(C)=CC=C2C3CC(C)CCC3,2.2796597346451103e-09,O=C(NCc1c(ccc(c1)C)C2CC2)Cc3ccc(cc3)C[NH3+],7.429739537249499e-09,0.769,0.625
O=C(CCCC1=CC=CC=C1)N(C(=O)C)CC=CC2=CC=C(C(=O)C(=O)(N))[NH1]2,2.31846251860896e-09,O=C(N(CCN(C(=O)CCCc1ccccc1)C)C)C=2NC(C(=O)C)=CC2,5.5366827866102494e-08,0.422,0.421875
CN(CC1=CC=CC(C(=O)O)=C1NC)C(=O)C=CC2=CC(C(=C(N))N)=CC=C2Cl,2.31846251860896e-09,Clc1c(cc(cc1)C(F)(F)F)C=CC(=O)N(CCN(C(=O)c2c(NC)c(F)ccc2)C)C,2.445085884224233e-07,0.449,0.44871794871794873
C(=O)=C(CC1=CC(C(=O)N)=CC=C1)CSC=CC=CC2=CC=CC=C2,2.31846251860896e-09,O=C(N)c1cc(ccc1)CC(=O)NCCNC(=O)C=CC=Cc2ccccc2,1.8484016003142757e-08,0.525,0.5245901639344263
O=C(NC(=O)C1=CC=CC=C1)CC2CC=CC3=CC=C(C(=O)N)C=C23,2.31846251860896e-09,O=C(OCC(=O)NC(=O)c1ccccc1)c2ccc(cc2)C(=O)N,4.056912532995847e-07,0.444,0.43636363636363634
O=C(CC1=CC=CC=C1)NCC(=O)CC=CC2=CC(C(=C(N))N)=C(N)C=C2Cl,2.31846251860896e-09,Clc1c(Cl)cc(c(N)c1)C(=O)NCCNC(=O)Cc2ccccc2,9.032773438039765e-08,0.483,0.47540983606557374
C=C(N)C1=CC=CC=C1NCC2=CC=CN=C2NCCCC(N)3CCCC3,2.31846251860896e-09,Clc1c(cccc1)CNc2c(cccc2)C(=O)NCCC3([NH3+])CCC3,9.898843400829273e-09,0.433,0.3472222222222222
CCC1=CC=C(C(=O)O)C=C1CC(=C(C(=O)O))C2=C(C(=O)C)C3=CC=C(C(=O)(N))C=C3C2,2.31846251860896e-09,O=C(N1CCN(C(=O)c2ccc(cc2)C(=O)N)CC1)c3cc(c(cc3)CC)CC,9.995428629292189e-08,0.354,0.3492063492063492
O=C(OC1=CC=CC=C1)NCCC=C(C)C=CC2=C(C(=O)N)C=CC3=C2CC(=O)C3,2.31846251860896e-09,O=C(Oc1ccccc1)NCCOC(=O)c2c(c(ccc2)C(=O)N)C,2.6603842787697305e-07,0.394,0.39436619718309857
C(=O)(N)C1=CC=CC=C1C(=O)C2=CC=CC=C2C3=CC(=C(C(N)N))CC3,2.31846251860896e-09,O=C(N1Cc2c(c3c(cccc3)C1)cccc2)c4c(cccc4)C(=O)N,6.895095781354073e-08,0.346,0.35294117647058826
CCCC(=O)NC(=O)C1=C(N)C=C(CNC(=O)CC2=CC=CC=C2C)C(=C(C))1,2.31846251860896e-09,O=C(NCC=CCNC(=O)CCC)Cc1c(cccc1)C,6.08298667624497e-07,0.5,0.5087719298245614
O=C(CC1=CC=CC=C1)NCC2=CC=CC(N)=C2C3CCCC(C(O))=C3,2.35792577659903e-09,O=C(NCCNC(=O)Cc1ccccc1)Cc2c(N)cccc2,4.6433995114696347e-07,0.439,0.4727272727272727
NC1=CC=CC=C1CCN(C)CC=CC2=CC(C(N))=CC(C(=C)C(C(=O)(N)))=C2,2.35792577659903e-09,O=C(N)c1ccc(cc1)CC[NH+](Cc2c(N)cccc2)C,3.922252447567377e-07,0.388,0.29577464788732394
C(C(N))=C(C(=O)CCCC1=CC=CC=C1)CCC(=O)CC2=CC=CC(C(=O)N)=C2,2.35792577659903e-09,O=C(N)c1cc(ccc1)CC(=O)NCCNC(=O)CCCc2ccccc2,5.352905056385263e-08,0.526,0.5357142857142857
CC(C1CCC(N)CC1)CCCCC2=CC=CC=C2CCC(C(=O)(N)),2.35792577659903e-09,O=C(NCC(C1CC1)C)CCCc2c(N)cccc2,6.962372772649842e-07,0.482,0.5
CCC1=CC=CC=C1CCCC2=C(C(=O)C)C=CC=C2C=CC3=CC=CC(=N)3,2.35792577659903e-09,O=C(OCCc1c(cccc1)CC)c2c(cccc2)C(=O)C,7.080881444127068e-07,0.383,0.3728813559322034
NC1=CC(C(=O)N)=CC2=C1CCN2CCC(=O)C3=CCC4=CC=CC=C4C3,2.35792577659903e-09,O=C(N)c1cc(ccc1)C=2N=NN(C2)CCN3c4c(cccc4)CC3,4.226382781160167e-08,0.347,0.3561643835616438
O=C(NCC1=CC=CC(=O)C1)CCC2=CNC3=CC=C(C(C(=C)C(C)))C=C23,2.35792577659903e-09,O=C(NCCNC(=O)CCC=1c2c(NC1)ccc(c2)C)Cc3cc4c(cc3)CCC4,5.483182152299871e-09,0.436,0.4605263157894737
O=C(CC1=CC=CC=C(C(=O)C(N))1)NC2=CC=CC=C2C3=CC(N)=CN=C3,2.35792577659903e-09,O=C(OC)c1c(cccc1)CC(=O)NCCN2N=NC(c3cncc(N)c3)=C2,5.881075617324877e-07,0.413,0.4305555555555556
O=C(CC1=CC=C(N)C(C(=O)N)=C1)NC2CCCC(C3=CC=CC=C3)=C(N)2,2.35792577659903e-09,O=C(NC1C(NC(=O)C2=C(c3ccccc3)CCC2)CC1)c4c(N)ccc(c4)CC,2.279659734645111e-09,0.478,0.48484848484848486
C(=O)(CC1=C(C(=O)(N))C=CC(N)=C1CCC(C(C(=O)(N)))C)CCC2=CC=CC=C2,2.35792577659903e-09,O=C(N)CC([NH+](CC(=O)CCc1ccccc1)C)c2ccccc2,2.0653497658821166e-07,0.417,0.4166666666666667
CCC1=CC(N)=C(C(=O)C(C(N)))C=C1CCCC(C)C2=CC=C(C)C=C2,2.35792577659903e-09,Fc1c(cc(N)c(c1)C(=O)NCC(c2ccc(cc2)C)C)CC,5.49713699241593e-07,0.46,0.48333333333333334
CC(N)(C)C1=CC=CC=C1NCC=C(C)C(=C(C(=O)N))C2=CC=CC=C2,2.39806075074525e-09,O=C(Nc1c(cccc1)C(C)(C)C)C=C(c2ccccc2)C,3.426850322227279e-07,0.386,0.39285714285714285
C(=O)=C(CC1=CC(C(=O)N)=CC=C1)C(=O)CC2=CC=CC3=C2CC(C)(C)C3,2.39806075074525e-09,O=C(N)c1cc(c2c3c(ccc2)CC(C3)(C)C)ccc1,1.4736440415238078e-07,0.509,0.5087719298245614
CCC1=C(N)C(C(N))=C(C(=O)N)C=C1CC(=O)NC(=C)C2=CC=CC=C2C,2.39806075074525e-09,O=C(Nc1cc(NC(=O)c2c(cccc2)C)ccc1)c3c(N)c(ccc3)CC,1.2967769059876142e-08,0.369,0.38095238095238093
O=C(CC1=CC=CC=C1)C(=C)C=CC(=C(C(=O)O))CC2=CC=CC(C(=O)N)=C2,2.39806075074525e-09,O=C(N)c1cc(ccc1)CC(=O)NNC(=O)Cc2ccccc2,1.2447785150583497e-07,0.49,0.5102040816326531
O=C(CCC1=CC=CC=C1)NC(=O)NCC(=N)C=CC2=CC(C(=O)N)=CC=C2,2.39806075074525e-09,O=C(N)c1cc(ccc1)CNC(=O)CNC(=O)CCc2ccccc2,6.779696498481721e-08,0.509,0.5084745762711864
CN(CC1=CCCC(C(=O)N)=C1C)C(=O)CCCNC(=O)C2=CC=CC=C2Br,2.39806075074525e-09,Brc1c(cccc1)C(=O)NCC(=O)N(CCCNC(=O)C2=CCC2)C,1.1833192542966173e-07,0.53,0.5303030303030303
C(=O)(CC1=CC=CC=C1)C(C(=O)C)CC=CC2=CC=CC=C2NC3=NC=CC=C3,2.39806075074525e-09,O=C(NC(C(=O)Cc1ccccc1)C)CNc2ncccc2,5.685866541802747e-07,0.435,0.45901639344262296
N#CC1=CC=C(C(N))C=C1C(=O)CNC=CC2=CC3=CC=CC(C(=O)C(N))=C3C=C2,2.43887887453329e-09,Clc1cc2c(c(ccc2)C(=O)NCc3cc(F)c(C#N)cc3)cc1,3.044982350467039e-07,0.392,0.37333333333333335
CCC1=CC=CC=C1CCC(=O)C=CC2=CC3=CC(N)=CC=C3C(=N)2,2.43887887453329e-09,O=C(NCCc1c(cccc1)CC)C=Cc2cc(N)ccc2,1.0514571415418939e-07,0.406,0.3968253968253968
CC(=C(C(=C)C))CC1=CC=CC=C1NC(=O)C2=CC3=CC=CC(C(C(=O)N))=C3C2,2.43887887453329e-09,O=C(Nc1c(cccc1)CC(=O)N)C=C(Cc2c(OC)cccc2)C,1.3094298482212224e-07,0.469,0.4603174603174603
CC1=CC=CC=C1CC(=O)CCCC=CC2=CC3=C(N)C=C(N)C=C3C2,2.43887887453329e-09,O=C(N1Cc2c(ccc(N)c2)CC1)Cc3c(cccc3)C,1.2659662699976492e-07,0.362,0.373134328358209
C(=O)=C(CC1=CC=CC(C(=O)O)=C1)CCC2=CC=C(C3=CC=CC=C3)C(=O)C2,2.43887887453329e-09,[O-]C(=O)c1cc(ccc1)CC(=O)NCCc2ccc(c3ccccc3)cc2,1.4109626643465221e-08,0.422,0.3384615384615385
O=C(NC(=O)C1CCCC1)CC2CCC3=CC=CC(C(=O)N)=C3C2,2.43887887453329e-09,O=C(N)c1c2c(ccc1)C[NH+](CC(=O)NC(=O)C3CCCCC3)CC2,2.26337724959514e-08,0.576,0.576271186440678
C(N)CC1=CC=C(C(=O)N)C=C1CC(=C)C2=CC3=CC=CC(C(=O)C(N))=C3S2,2.43887887453329e-09,Brc1c2SC(C(=O)OCc3c(F)cc(cc3)C(=O)N)=Cc2ccc1,6.126747008126378e-08,0.394,0.4057971014492754
O=C(CC1CCCCC1)NCCCC2=C(C(=O)O)C=CC3=C2CCC(N)C3,2.43887887453329e-09,O=C(NCCCCNC(=O)CC1CCCCC1)c2c(O)c3c(cc2)CCC3,1.5095090651174104e-08,0.485,0.532258064516129
O=C(N)NC=CC=CC=CC1=CN=CC=C1C(=O)C2=CC(C(=O)N)=CC=C2,2.43887887453329e-09,O=C(N)c1cc(NC(=O)C=Cc2c(ccnc2)C)ccc1,3.666193129637751e-07,0.429,0.42857142857142855
CC(CC1=CC(C(=O)N)=CC=C1)N(C)CC=CC2=CC=C(C(=O)C(C(N)))C=C2,2.43887887453329e-09,O=C(N)c1cc(ccc1)CNC(=O)CC=Cc2ccc(cc2)C(C)C,1.817465957663271e-08,0.448,0.45454545454545453
CC1=C(C(=O)N)C=CC=C1C(=O)C(=O)CC2CCC3=CC(Br)=CC=C3C2,2.43887887453329e-09,Brc1cc2c(cc1)CC(NC(=O)c3c(c(ccc3)C(=O)N)C)CC2,3.451502703596816e-08,0.621,0.6206896551724138
N=C(CC1=CC=CC=C1)CNC=CCCC(=O)CC2=CC=CC(C(=O)N)=C2F,2.4803917760616604e-09,Fc1c(cccc1C(=O)N)C(=O)NCC=CCNC(=O)c2c(cccc2)Cc3ccccc3,8.221553633357176e-09,0.476,0.4375
O=C(CC1=CC=CC(C(=O)N)=C1C)CC2CCCC3=CC=C(N)C=C23,2.4803917760616604e-09,O=C(N)c1c(c(NC(=O)CC2c3c(cccc3)CCC2)ccc1)C,4.01771083005885e-08,0.516,0.515625
C(=O)=C(CC1=CC(C(=O)N)=CC=C1)C(=N)CCC=CC2=CC=CC=C2,2.4803917760616604e-09,O=C(N)c1cc(ccc1)CC(=O)NCCNC(=O)CCC=Cc2ccccc2,9.342889642716197e-08,0.614,0.6140350877192983
O=C(C(N)CC1=CC=CC=C1)NCCC2CCC3=CC=C(C(=O)N)C=C3C2,2.4803917760616604e-09,O=C(NCCC1Cc2c(cccc2)CC1)C([NH3+])Cc3ccccc3,2.0802076631645675e-08,0.759,0.5932203389830508
C=C(CC1=CC(N)=CC=C1)NCC2=CC=CC(N)=C2CC=CC3=CC=NC=C3,2.4803917760616604e-09,O=C(NCc1c(c2ccncc2)cccc1)Cc3cc(N)ccc3,1.1248944616653033e-07,0.446,0.46875
CC(C)C1=CC=C(C(=O)N)C=C1N2CCCN(C3=CC=CC(C(=O)C)=C3)S2,2.4803917760616604e-09,O=C(N1CCN(C(=O)c2ccc(cc2)C(=O)N)CCC1)c3cc(ccc3)C(=O)C,1.9118615434800558e-08,0.448,0.45614035087719296
CC1=CC=CC=C1C(=O)NC(=O)CC=C2C(C(=O)C(=O)(N))=CC=CC2=C,2.4803917760616604e-09,O=C(NCC=CCNC(=O)C(=O)N)c1c(cccc1)C,5.590705438572481e-07,0.383,0.41818181818181815
NC1=CCCC=C1C(=O)C2=CC=CC=C2CNC(=O)CC3=CC=CC(N)=C3,2.52261128135428e-09,O=C(OC)c1c(cccc1)CNC(=O)Cc2cc(N)ccc2,7.448648416157136e-07,0.618,0.6415094339622641
C(C(=O)N)(CC1=CC(C(=O)N)=CC=C1)CCCC(=O)C=C(N)CC2=CC=CC=C2,2.52261128135428e-09,O=C(N)c1cc(ccc1)COC(=O)C(Cc2ccccc2)Cc3ccccc3,2.4214591657014063e-08,0.464,0.4727272727272727
CC(CC1=CC(C(=C(N))N)=CC=C1)N(C)CCNC(=O)CC2=CC=CC=C2,2.52261128135428e-09,O=C(NCCNC(=O)Cc1ccccc1)c2cc(ccc2)CC(C)C,2.915464175229528e-08,0.544,0.5344827586206896
O=C(CCC1=CC=CC=C(C(=C)N)1)N(C(=O)C(N))CCC=CNC2=CC=CC=C2,2.52261128135428e-09,O=C(N)c1c(cccc1)CCC(=O)N(Cc2ccccc2)CCC=C,6.666228587545247e-08,0.403,0.4090909090909091
O=C(NCC1=CC=CC=C1)NCC(=O)C2=CC3=CC=CC(C(CC)C)=C3S2,2.52261128135428e-09,O=C(NCc1ccc(cc1)C(CC)C)NCc2ccccc2,1.1833192542966173e-07,0.509,0.5
O=C(CC1=CC=CC=C1)NCCCC2=CC(N(=O))=CC(=C2)CCC(N)C,2.52261128135428e-09,O=C(NCCNC(=O)Cc1ccccc1)C(CCCc2ccccc2)C,2.0453924147377183e-08,0.509,0.509090909090909
C(C(CC)C(C))=C(NCC1=CC=CC=C1CC(=O)(N))CCNC2=CC=CC=C2,2.52261128135428e-09,O=C(NCc1c(cccc1)CC)CCNc2ccccc2,2.486704437158572e-07,0.5,0.5192307692307693
C(C(=O)O)(CC1=CC(C(=O)N)=CC=C1)CCC=CNC2=CC=CC(N)=C2,2.52261128135428e-09,O=C(N)c1cc(ccc1)CC(=O)Nc2cc(N)ccc2,4.4141379216012366e-07,0.483,0.49122807017543857
O=C(CC1=CC=CC=C1)NCCC(C)C2=CC=C3C(=C2)CCCC(C(C(C)))3,2.52261128135428e-09,O=C(NCCNC(=O)CC1c2c(cc(OC)cc2)CCC1)Cc3ccccc3,4.226382781160167e-08,0.552,0.5757575757575758
N(C(=O)CC1CCCC1)CC2CCC3=CC=CC(C(=O)C(=O)(N))=C3C2,2.52261128135428e-09,O=C(NCC1Cc2c(cccc2)CC1)CC3CCCC3,6.024207140153832e-08,0.64,0.64
O=C(NC=CC(=C)CNC(=O)CC1=CC=CC=C1)C=C2C=CC3=CC=CC=C32,2.52261128135428e-09,O=C(NCC(=O)NCCNC(=O)Cc1ccccc1)C=Cc2ccccc2,7.759802350413329e-08,0.39,0.3770491803278688
C(N)C(C(=O)N)CC1=CC=C(N)C=C1NC(=O)C2CC3=CC=CC=C3C2,2.56554941772945e-09,O=C(N)c1cc(NC(=O)C2Cc3c(cccc3)C2)c(cc1)C[NH+](C)C,4.756408914243168e-08,0.492,0.5084745762711864
NC1=CC(C(=O)N)=CC2=C1CC(=O)N2CCC=CC3=CC(N)=CC(C)=C3,2.56554941772945e-09,O=C(NCCN1c2c(cccc2)CC1=O)c3cc(N)cc(c3)C,3.5102517843139754e-08,0.38,0.4
CC(N)(C)C1=CC=CC=C1NC(=O)CC2=CC=CC3=C2CC(=C(O)(N))C[NH1]3,2.56554941772945e-09,O=C(Nc1c(cccc1)C(C)(C)C)NCc2c3c(NCC3)ccc2,2.3019028844124836e-08,0.414,0.45454545454545453
C(C(=O)O)=C(C)C1=CC=C(C(=O)C)C=C1N2CCCC(C3=CC=CC(C(=O)C(N))=C3)=C2,2.56554941772945e-09,[O-]C(=O)CCC(=O)c1cc(c2c(ccc(c2)C(=O)C)C)ccc1,1.774284064318968e-07,0.347,0.3150684931506849
C(=O)=C(CC1=CC(C(=O)O)=CC=C1)CCCCC(C2)=CC3=CC=CC=C3[NH1]2,2.56554941772945e-09,[O-]C(=O)c1cc(ccc1)CC(=O)N2c3c(NCC2)cccc3,2.0653497658821166e-07,0.418,0.3194444444444444
O=C(CC1=CC(N)=CC=C1)NCC2=CC=CC=C2CC(=O)CC3=CCOC=C3,2.56554941772945e-09,O=C(OC)Cc1c(cccc1)CNC(=O)Cc2cc(N)ccc2,2.247211062304602e-07,0.569,0.5689655172413793
O=C(CC1=CC=CC=C1)NCC=C2C=CCC=C2C(=O)CCC(C(=O)N),2.56554941772945e-09,O=C(NCCC(=O)NCC=CCNC(=O)CCCCC(=O)N)Cc1ccccc1,9.828140844988805e-08,0.492,0.49122807017543857
O=C(CC1=CC=CC=C1)NCCCC2=CC=CC=C2CC(=C(N))C(N)C,2.56554941772945e-09,O=C(NCCCCNC(=O)CCNC(=O)Cc1ccccc1)Cc2c(cccc2)COC(C)C,1.614938279551824e-08,0.492,0.5087719298245614
O=C(CCC1=CN=C(N)C=C1)CC=C(C(O))CC=CC2=CC(C(=O)N)=CC=C2,2.56554941772945e-09,O=C(N)c1cc(ccc1)CC(=O)NCC=CCNC(=O)CCc2cnc(N)cc2,1.016556387001877e-07,0.486,0.5074626865671642
CCC1=CC=CC=C1CCC(=C(=O))CC=CC2=C(C(=O)N)C3=CC=CC=C3[NH1]2,2.56554941772945e-09,O=C(NCCc1c(cccc1)CC)C=2c3c(NC2C)cccc3,9.18652303100925e-08,0.422,0.4126984126984127
O=C(CCC1=CC=CC=C1)NCC2C=CC3=CC=CC(C(=O)N)=C3C2,2.56554941772945e-09,O=C(N)c1c(cccc1)CCC(=O)NCC2C(CNC(=O)CCc3ccccc3)C2,1.977500214680861e-08,0.544,0.543859649122807
C(N)C1=CCCC=C1NCCCC=CC2=CC=CC3=C2C=C(C(=O)N)C=C3,2.56554941772945e-09,O=C(N)c1ccc(cc1)CC(=O)NCCCCNC(=O)C=Cc2c3c(ccc2)cccc3,1.0238693809699677e-08,0.355,0.36486486486486486
CC(C)(N)C1=CC=CC=C1NC(=C)C2=CC3=C(C(=O)N)C=CC(C)=C3[NH1]2,2.56554941772945e-09,O=C(Nc1c(cccc1)C(C)(C)C)C=2Nc3c(c(ccc3C)C)C2,3.5102517843139754e-08,0.525,0.5344827586206896
O=C(NCC1=CC=CC(O)=C1)NCC2CC(=O)CC3=CC=C(C(=O)N)C=C23,2.56554941772945e-09,O=C(NCc1cc(O)ccc1)NCc2cc(ccc2)C(=O)N,1.016556387001877e-07,0.582,0.5740740740740741
O=C(CC1=CC(C(=O)N)=CC=C1)C2CCCC(C3=C(N)C=CC=C3)C2,2.6092184172260802e-09,O=C(N)c1cc(ccc1)CC(=O)Nc2c(cccc2)C3CCC3,4.5985306199700256e-08,0.561,0.5714285714285714
O=C(NC(=O)CC=CC1=CC=CC(C(=O)C)=C1)NC(=O)CC2=CC3=CC=C(C(=O)O)C=C3C2,2.6092184172260802e-09,O=C(Nc1cc(NC(=O)CC=Cc2ccccc2)ccc1)CC3=Cc4c(cccc4)C3,1.4699031001909247e-09,0.465,0.5147058823529411
C(CN)=C(CC1=CC=CC(C(=O)N)=C1F)C(=O)CC2=CC3=CC=CC=C3[NH1]2,2.6092184172260802e-09,Fc1c(cccc1C(=O)N)C(=O)NCC=2Nc3c(cccc3)C2,1.2239453674810362e-07,0.525,0.5689655172413793
O=C(CCC1=CC=CC=C1)NC(=O)C(C(=O)(C))CCC=CC2=CC=C(C(=C))C=C2,2.6092184172260802e-09,O=C(NNC(=O)CCC=Cc1ccccc1)CCc2ccccc2,1.1440416335501129e-07,0.5,0.5094339622641509
O=C(CC1=CC(C(=O)N)=CC=C1)NC=CC2=CC(C(=O)N)=CC=C2C=CC#C,2.6092184172260802e-09,O=C(NCC=CCNC(=O)Cc1cc(ccc1)C(=O)N)c2ccc(cc2)C(=O)N,1.1329868277338134e-08,0.458,0.46551724137931033
O=C(CC1=CC=CC=C1)NCC2CC=CC=C2C=CC3=CC=C(C(=O)O)C=C3,2.6092184172260802e-09,[O-]C(=O)c1ccc(cc1)C=CC(=O)NCCNC(=O)Cc2ccccc2,7.629930967206321e-08,0.525,0.4426229508196721
C(N)CC1=CC=CC=C1CC(=C(C(N)))C2=CC3=CC=CC(C(=O)N)=C3S2,2.6092184172260802e-09,Brc1c2SC(C(=O)Nc3c(cccc3)CCC[NH3+])=Cc2ccc1,9.18652303100925e-08,0.382,0.3333333333333333
CC(C)C1=CC=CC=C1N2CCCC(C3=CC(C(=O)C(=O)(N))=CC=C3)C(=O)2,2.6092184172260802e-09,O=C(OC1C(=O)N(c2c(cccc2)C)CCC1)c3cc(ccc3)C4CC4,5.444018486747391e-08,0.435,0.4411764705882353
C#CC1=CC=CC=C1NC(=O)NC(C(C(=O)N))CC2=CC(C(C(=O)(N)))=CC=C2,2.6092184172260802e-09,O=C(Nc1c(C#C)cccc1)NC(Cc2ccccc2)Cc3ccccc3,8.221553633357176e-09,0.647,0.6470588235294118
NC1=CC(C(=O)N)=CC=C1CCCCCC=CC2=CC3=CC=CC=C3C(=O)2,2.6092184172260802e-09,O=C1OC(C(=O)NCC=CCNC(=O)c2cc(N)c(cc2)CCCC)=Cc3c1cccc3,7.556203401040325e-09,0.432,0.3333333333333333
CC1=CC=CC=C1C2=CC=C(C(=O)N)C=C2CC(=O)NC3CC(=N)NC(=N)C3,2.65363072008842e-09,O=C(N1CCC(NC(=O)Cc2ccccc2)CC1)c3c(ccc(c3)C(=O)N)C,5.212457426876321e-09,0.392,0.4264705882352941
CC(N)(C)C1=CC(C(=O)N)=C(C(=O)N)C=C1C(C)CCCCCC2=CC=CC=C2,2.65363072008842e-09,O=C(N)c1c(cc(NC(CCCCc2ccccc2)C)cc1)C,8.88159706425867e-08,0.467,0.4745762711864407
C(C(=O)N)C(CC1=CC(C(=O)N)=CC=C1)C(=O)CNC(=O)C2=CC=CC(F)=C2,2.65363072008842e-09,Fc1cc(ccc1)C(=O)NCC(=O)NCc2cc(ccc2)C(=O)N,5.175227414503487e-08,0.615,0.6226415094339622
NCC1=CC=CC=C1NCCNC2=NC=CC=C2C(N)=CC3=CC=CC(=O)3,2.65363072008842e-09,O=C(NCc1c(NCCOC)cccc1)c2c(nccc2)NC(C)C,2.1362580461703601e-07,0.342,0.3466666666666667
CCC1=CC=CC=C1C=C(C)CC2=CC=CC=C2CC(C(=O)(N))(N)N,2.65363072008842e-09,O=C(OCC(=Cc1c(cccc1)COC)C)Cc2c(cccc2)CC,3.666193129637751e-07,0.455,0.4444444444444444
C(C(=O)N)=C(C(=O)C1=CC=CC(C(C(N)))=C1)N2CCCC(C3=CC=CC=C3)C2,2.65363072008842e-09,O=C(N1CC(c2ccccc2)CCC1)c3cc(ccc3)CC[NH3+],8.586792429037429e-08,0.707,0.5737704918032787
O=C(CC1=CC(N)=CC=C1)NCC2=CC=CC=C2C3CC(C)CCC3,2.65363072008842e-09,O=C(NCc1c(cccc1)C2CCC2)Cc3cc(N)ccc3,6.126747008126378e-08,0.824,0.8235294117647058
CC(N)(C)C1=CC=CC=C1CCCCCC2=CC(C(=C)N)=CC=C2Br,2.6987989783098403e-09,Brc1c(cc(cc1)C(=O)NCCc2c(cccc2)C(F)(F)F)CC,5.405134547940605e-07,0.387,0.4
O=C(CC1=CC(C(=O)N)=CC=C1)C(=C)C=CC=CCC2=CC=C(N)N=C2,2.6987989783098403e-09,O=C(N)c1cc(ccc1)CC(=O)NCc2cnc(N)cc2,2.0653497658821166e-07,0.542,0.5423728813559322
CC(=C(=N))C1=CC=CC(C(=O)N)=C1CCNC(=O)CC2=CC3=CC=CC=C3S2,2.6987989783098403e-09,S1c2c(cccc2)C=C1CC(=O)NCCNC(=O)c3c(c(ccc3)C(=O)N)C,2.0453924147377183e-08,0.613,0.6129032258064516
CC1=CC=CC(C(=O)N)=C1CC(=O)CCC2=CC3=CC(Cl)=CC=C3C(=N)2,2.6987989783098403e-09,Clc1c(ccc(Cl)c1)CC(=O)COc2c(cccc2C)C(=O)N,1.331718053230139e-07,0.397,0.39705882352941174
CC(N)(C)C1=CC=CC=C1CCCC(=O)C(C2)CC3=CC(N)=CC=C32,2.6987989783098403e-09,Brc1cc2c(cc1)CC(C(=O)NCc3c(cccc3)C(C)(C)C)C2,5.483182152299871e-09,0.4,0.40625
NC(C(N)(=O))C1=CC=CC=C1NC(=O)NCC2=CC=CC3=CC=CC=C32,2.6987989783098403e-09,FC(F)c1c(NC(=O)NCc2c3c(ccc2)cccc3)cccc1,1.0875561204824821e-07,0.708,0.723404255319149
CN(CC1=CC(N)=CC=C1)C(=O)CCSC2=CC=CN=C2NC3=CCC(=O)C=C3,2.6987989783098403e-09,S(c1ncccc1)CCC(=O)N(Cc2cc(N)ccc2)C,2.846194507463227e-07,0.551,0.5507246376811594
O=C(NCC=CC1=CC=C(N)C=C1)CNC2=CC(=O)C3=CC=C(C(=O)O)C=C3C(=C)2,2.6987989783098403e-09,O=C1NNC(=O)c2c1cc(cc2)C(=O)NCC=CCNC(=O)CNC(=O)c3ccc(N)cc3,1.4594043073710918e-08,0.406,0.3611111111111111
O=C(CC1=CC(C(=O)O)=CC(=O)C1)C(=O)C2=CC=CC=C2CC3=CC=CC(C(=O)N)=C3,2.6987989783098403e-09,O=C(OCc1cc(ccc1)C(=O)N)c2c(cccc2)Cc3ccccc3,2.504593513241216e-08,0.438,0.46774193548387094
O=C(CC1=CC(C(=O)O)=CC=C1)CC(=N)C2=CC=CC(=C2)CC3=CC=CC=C3,2.6987989783098403e-09,[O-]C(=O)c1cc(ccc1)CNC(=O)c2cc(ccc2)Cc3ccccc3,1.8484016003142757e-08,0.553,0.4489795918367347
CC(C)(N)C1=CC=CC=C1CCCCCC2=CC3=CC=C(N)C=C3C2,2.6987989783098403e-09,[NH+]1(Cc2c(cccc2)C(C)(C)C)Cc3c(ccc(N)c3)CC1,2.247211062304602e-07,0.355,0.38333333333333336
NC(=O)C1=CC=C(C(=O)N)C=C1CC(=O)NC=CC2=C(C(=O))C3=CC=CC=C3S2,2.6987989783098403e-09,ClC=1c2c(SC1C=CC(=O)OCc3c(cccc3)C(=O)N)cccc2,5.630924353796884e-08,0.4,0.4
CC1=CC=C(N)C=C1NC(=O)CCCC2=CC(C(=O)N)=C(C)C(=O)C2=C,2.6987989783098403e-09,O=C(Nc1c(ccc(N)c1)C)CCCc2cc(c(cc2)C)C,1.203460892404676e-07,0.544,0.5535714285714286
CC(=O)C1=CC(C(=O)C(C(C(=O)C)))=CC=C1CC(C)CNC(=O)C2=CC=C(C)C=C2F,2.74473605923719e-09,Fc1c(ccc(c1)C)C(=O)NCC(CNC(=O)c2cc(F)c(cc2)C(=O)C)C,9.663652860855617e-08,0.632,0.631578947368421
O=C(CC1=CC=CC=C1)NCC=CC2=C(C(=C)N)C=CC=C2CCC=CF,2.74473605923719e-09,O=C(N)c1c(cccc1)CCC(=O)NCC=CCNC(=O)CCNC(=O)Cc2ccccc2,1.787048067207503e-08,0.484,0.5161290322580645
CCC1=CC=CC(C(=O)C)=C1C(=O)C(=O)NC(=O)C2[NH1]C3=CC=CC=C3[NH1]2,2.74473605923719e-09,O=C(NNC(=O)C1C(=O)Nc2c(cccc2)C1=O)c3c(cccc3CC)CC,4.0860975120705305e-08,0.381,0.38333333333333336
CC(CC1=CC=C(C(N))C=C1N)CCC2=CC(C(C(C(C))))=CC=C2Br,2.74473605923719e-09,Brc1c(N)cc(cc1)C(=O)NCC(CNC(=O)c2ccc(cc2)CCCC)C,1.9444039222013203e-08,0.391,0.3968253968253968
CC(CC1=CC=CC=C1N)C(C)CCCNC(=O)C2=CC(N)=CC=C2,2.74473605923719e-09,O=C(NCCCCNC(=O)c1cc(N)ccc1)c2c(cccc2)CC(C)C,1.2447785150583497e-07,0.63,0.6296296296296297
C(=O)(CC1=CC(C(=O)N)=CC=C1)N(C(=O)C)CCC(C)NC2=CC=CC=C2C(=O)C,2.74473605923719e-09,O=C(N)c1cc(ccc1)CC(=O)Nc2c(cccc2)C(=O)C,3.149523704937078e-07,0.569,0.5789473684210527
FC1=CC=C(C(=O)N)C=C1CCCC2=CC=CN=C2C=CC=CC3=CC=CN=C(N)3,2.74473605923719e-09,Fc1c(cc(cc1)C(=O)N)C(=O)NCCCCNC(=O)c2c(nccc2)N,1.2239453674810362e-07,0.446,0.4393939393939394
CC(CC1=CC=CC(C(=O)N)=C1F)CCCC(=O)NCC2=CC=CC(N)=N2,2.74473605923719e-09,O=C(N)c1c(cccc1)CCC(=O)NCc2nc(N)ccc2,3.69256731663388e-08,0.593,0.5932203389830508
C(C(=O)N)=C(CC1=CC(C(=O)N)=CC=C1)CC=CC=CC2=CC=CC=C2F,2.74473605923719e-09,O=C(N)c1c(cccc1)CCC(=O)NCc2nc(N)ccc2,3.69256731663388e-08,0.593,0.17105263157894737
CC(N)(C)C1=CC=CC=C1CCC=CC(=O)C(=O)C=CC2=CC=CC(C(=O)N)=C2,2.74473605923719e-09,O=C(N)c1cc(NCc2c(cccc2)C(C)(C)C)ccc1,1.866436868034807e-07,0.41,0.4098360655737705
CC(CC1=CC=CC(C(=O)N)=C1)NC(=O)NC(=O)CC(N)C2=CC=CC=C2,2.74473605923719e-09,O=C(N)c1cc(ccc1)CC(=O)NC(CNC(=O)CC(c2ccccc2)C)C,1.3873481875084242e-08,0.508,0.5161290322580645
C(=O)=C(CC1=CC(C(=O)N)=CC=C1)CSC=CCNCC2=CC=CC=C2,2.74473605923719e-09,S(Cc1ccccc1)CC(=O)NCC=CCNC(=O)Cc2cc(ccc2)C(=O)N,3.950468696913859e-08,0.431,0.4838709677419355
O=C(CNC1=CC=CCC1)NC(=O)CCCC(=O)CC2=CC=CC(C(=O)N)=C2Cl,2.74473605923719e-09,Clc1c(Cl)cccc1CC(=O)NCCNC(=O)CCCC(=O)NCc2ccccc2,6.024207140153832e-08,0.352,0.323943661971831
O=C(CC1=C(N)C=CC=C1)NCCCC2=CC=CC3=C2CC(C)C=C3,2.74473605923719e-09,O=C(NCCCc1c(N)cccc1)Cc2c(N)cccc2,4.2676205429835293e-07,0.6,0.6
O=C(CCC1=CC(C(=O)N)=CC=C1)NC(C)C=CC2=CC=C(C(=C)C)C=C2,2.74473605923719e-09,O=C(N)c1cc(ccc1)CCNC(=O)CC=Cc2ccc(cc2)C(C)C,1.4109626643465221e-08,0.485,0.48484848484848486
NC1=CC(C(=O)N)=CC2=C1CCN2CCCC(=O)CC3=CC(N)=CC(C(N))=C3,2.74473605923719e-09,O=C(NCCCN1c2c(cccc2)CC1)Cc3cc(OC)cc(N)c3,1.6584521607389992e-07,0.333,0.33766233766233766
O=C(CC1=CC=CC=C1)NCC=CC2=CN=CC(=C2)CCC(=C)C(=C(N)(N)),2.79145504923635e-09,Brc1cncc(c1)CCC(=O)NCC=CCNC(=O)CCNC(=O)Cc2ccccc2,1.3412982852910454e-08,0.523,0.53125
CN(CC1=C(N)C=CC=C1)C(=O)CC=CC2=CC=CN=C2NC3=CC(N)=CC=C3,2.79145504923635e-09,Ic1cc(Nc2ncccc2C(=O)N(Cc3c(N)cccc3)C)ccc1,1.0,0.551,0.5588235294117647
O=C(C1=CC=CC=C1)CC2CCC(C3=CC=C(C(=O)C(C(=O)N))C=C3)C2,2.79145504923635e-09,O=C(N)CN(c1ccccc1)CC(=O)c2ccc(cc2)C3CC3,2.6603842787697305e-07,0.49,0.5
CCC1=C(N)C(N)=C(C(=O)N)C=C1CCCC2=CC3=CC=CC=C3[NH1]2,2.79145504923635e-09,O=C(NCCCCNC(=O)CCC=1Nc2c(cccc2)C1)c3c(N)c(ccc3)CC,4.919707539022398e-08,0.478,0.48484848484848486
CC1=CC=CC=C1NCC2=CC=CC=C2C=CC=C(N)C=C(N)CCl,2.79145504923635e-09,Clc1c(cccc1)C=CC(=O)Nc2c(NCc3c(cccc3)C)cccc2,3.950468696913859e-08,0.387,0.3968253968253968
CN(CC1=CC=C(C(=O)C)C=C1)N2CCCC(C3=CC=CC(C(=O)(O))=C3)C(=O)2,2.79145504923635e-09,O=C(N(C1CN(C(=O)Cc2ccc(cc2)C(=O)C)CCC1)C)c3cc(ccc3)C4CC4,3.978887930830501e-09,0.432,0.4583333333333333
O=C(CC1=CC=CCC1)NCC(=O)C=CC=C(C)C=CC2=CC=CC=C2,2.79145504923635e-09,O=C(NCCNC(=O)CC1=CCCC1)C=Cc2ccccc2,1.774284064318968e-07,0.422,0.4153846153846154
CC1=C(C(=O)N)C=CC=C1CCCCCC=CC=C2CCCC(C(=O)O)=C2,2.79145504923635e-09,O=C(NCC=CCNC(=O)C1=CCCC1)c2c(c(ccc2)C(=O)N)C,3.1721810293620355e-08,0.366,0.37142857142857144
O=C(CCCC=C(N)CC1=CC=CC=C1F)CCC2=CC=CC(C(=C)N)=C2Cl,2.8389692574202203e-09,Clc1c(F)cccc1CCC(=O)NCCCCNC(=O)Cc2c(F)cccc2,6.666228587545247e-08,0.429,0.43548387096774194
C=C(CC1=CC=CC(C(=C(C(=O)N))N)=C1)N2CCN(CC3=CC(N)=CC=C3)C2,2.8389692574202203e-09,O=C(N1CC[NH+](Cc2cc(N)ccc2)CC1)Cc3ccccc3,5.630924353796884e-08,0.508,0.34328358208955223
C=CC1=C(C(=O)N)C=CC=C1CCC(=C)C=CC2=CC3=CC=CC=C3[NH1]2,2.8389692574202203e-09,O=C(N)c1c(cccc1)CCC(=O)NCC=2Nc3c(cccc3)C2,1.9118615434800558e-08,0.446,0.4461538461538462
O=C(CC1=CC=CC=C1)NCC2=CC=CC(C(=O))=C2C3CCCC(C)C3,2.8389692574202203e-09,O=C(NCCNC(=O)CC1CC(CCC1)C)Cc2ccccc2,9.342889642716197e-08,0.5,0.5344827586206896
C=C(CC1=C(O)C=CC(C(=O)N)=C1)NC(=O)C2=CC=CC=C2[NH1]CC=CC=C,2.8389692574202203e-09,Fc1c(ccc(c1)C(=O)N)CNc2c(cccc2)C(=O)NCC=C,2.529031392181985e-07,0.441,0.45588235294117646
O=C(C1=CC(C(=O)N)=CCC1)C(=C)C2=CC=CN=C2CC3=CC=CC=C3,2.8389692574202203e-09,O=C(N1CCN(C(=O)C2=CCC2)CC1)c3c(nccc3)CC,4.056912532995847e-07,0.354,0.38095238095238093
C#CC(=O)NC1=CC=CC=C1CCN2CCC3=CC(N)=C(C(=C)N)C=C23,2.8389692574202203e-09,O=C(Nc1c(cccc1)CCC(=O)N)c2c(N)cc3c(c2)CCCC3,4.967710225537015e-07,0.42,0.4264705882352941
O=C(NC(=O)C1=CC=CC=C1)CCCC=C2CCC=C(C(=O)N)C(=N)2,2.8389692574202203e-09,O=C(NC(=O)COC(=O)CCCC=C)c1ccccc1,5.188398501862559e-06,0.393,0.3870967741935484
O=C(CC1=CC=C(N)C=C1)NCC2=CC=CC=C2C3=CC(C)CC(=O)N3,2.8389692574202203e-09,O=C(NCc1c(c2ccccc2)cccc1)Cc3ccc(N)cc3,1.3873481875084242e-08,0.564,0.5636363636363636
C(N)C1=CC=CC=C1CCC2=CC=CC=C2C(=O)CC=CC(Cl)=CNC,2.8389692574202203e-09,O=C(NCC=CC(=O)NC)c1c(cccc1)CCc2ccccc2,8.44308018487042e-08,0.361,0.36065573770491804
CC1=CC=CC=C1NC(=C(=N))CC=CC2=C(C(=O)N)C=CC3=C2C=CC=C3F,2.88729221944018e-09,Fc1c2c(c(cc1)C(=O)Nc3c(cccc3)C)cccc2,4.72243623145164e-07,0.45,0.4576271186440678
CCC1=CC(N)=C(C(=C)N)C=C1CC(=C)NC(=O)C2=CC(N)=CC=C2,2.88729221944018e-09,O=C(NCCNC(=O)c1cc(c(cc1)CC)CC)c2cc(N)ccc2,4.3714843711196514e-08,0.491,0.49056603773584906
O=C(NCC1=CC=CC=C1)NCC(=O)C(=N)[CH1]C=CC2=CC=CC(C(=C)C)=C2,2.88729221944018e-09,O=C(NCc1cc(ccc1)C(=O)C)NCc2ccccc2,1.6306955934488178e-07,0.473,0.4642857142857143
C(C(=O)O)CC1=CC(N)=CC=C1CC=CC2=CC=CC=C2C=CC3=CC=CC(=O)3,2.88729221944018e-09,Brc1c(cccc1)C=CC(=O)NCc2c(cc(N)cc2)C([O-])=O,6.779696498481721e-08,0.315,0.2876712328767123
O=C(CC1=CC=C(N)C=C1)NCC2(C3=CC(C(=O)N)=CC=C3)CCCO2,2.88729221944018e-09,O=C(NCC1(OCCOC1)c2ccccc2)Cc3ccc(N)cc3,1.331718053230139e-07,0.607,0.576271186440678
O=C(NC(=O)CCCC1=CC=CC(C(=O)N)=C1)C=CC2=CC(C(N)(=O))=CCC(=O)2,2.88729221944018e-09,O=C1N=CNC=C1C=CC(=O)NCCc2cc(ccc2)C(=O)N,8.732950843165048e-08,0.425,0.3918918918918919
CC1=C(C(=O)N)C=CC=C1CCC(C)CCNC(=O)C2=CC(N)=CC(N)=C2,2.88729221944018e-09,O=C(NC(CCNC(=O)c1c(c(ccc1)C(=O)N)C)C)c2cc(N)cc(c2)C,2.705667491374261e-07,0.583,0.5833333333333334
CC(=O)C1=C(N)C=CC=C1CCNC2=CC=CC=C2C3=CC(N)=CC3,2.88729221944018e-09,O=C(NCCNC(=O)Cc1c(NC(=O)C)cccc1)c2c(N)cccc2C,1.6034035719839377e-07,0.348,0.34782608695652173
O=C(CC1=CC=CC(C(=O)N)=C1Cl)CC(=C(=N))CCCC2=CC=C(C(=O)(O))C=C2,2.88729221944018e-09,Clc1ccc(cc1)CCCC(=O)NCCNC(=O)CCc2c(cccc2)C(=O)N,3.33693783557396e-08,0.388,0.4090909090909091
O=C(CC1=CC=CC=C1)NCCC(C(=O)C(N))CC2=CC(C(=C)N)=CC=C2,2.88729221944018e-09,O=C(N)c1cc(ccc1)CC(=O)NCCNC(=O)Cc2ccccc2,3.630766924904767e-08,0.528,0.5384615384615384
CC(N)(C)C1=CC=CC=C1CCCC(C)(C)CC2=CC(C(N)(N))=CC=C2CC,2.88729221944018e-09,[NH2+](Cc1c(cccc1)CC)CC(CCCc2ccccc2)(C)C,1.1440416335501129e-07,0.362,0.375
O=C(CCCC1=CC=CC=C1)N(C(=O)C(N))C(=O)CCC(=O)CC2=CC=C(N)S2,2.9364377013420504e-09,S1C(=CC=C1C)CC(=O)N(CCN(C(=O)CCCc2ccccc2)C)C,4.8373692017537316e-08,0.45,0.46551724137931033
O=C(NC1=CC=CC=C1N)NCC2C(C3=CC=CC(C(=O)O)=C3)CCC2,2.9364377013420504e-09,O=C(Nc1c(N)cccc1)c2cc(ccc2)C3CCC3,3.989014303322279e-07,0.517,0.5535714285714286
CC(CC1=CC=CC(C(=O)N)=C1)C(=C)C(=O)CCC(C)=CC2=CC=CC=C2,2.9364377013420504e-09,O=C(N)c1cc(ccc1)C[NH2+]CC(=Cc2ccccc2)C,1.2447785150583497e-07,0.544,0.543859649122807
CC1=C(C(=O)N)C=CC=C1CC(C)CCC=CC=CC2=CC=CC=C2,2.9364377013420504e-09,O=C(NCC(CNC(=O)C=CC=Cc1ccccc1)C)c2c(c(ccc2)C(=O)N)C,1.191831921847226e-08,0.516,0.5161290322580645
NC1=CC(=O)CC=C1C(=O)C2=CC=CC=C2CCNC3=NC(N)=CC=C3,2.9364377013420504e-09,O=C(Nc1nc(N)ccc1)c2c(cccc2)CCC,1.116859895376092e-06,0.443,0.4426229508196721
O=C(CC1=CC=CC=C1)NCC2=CC=CC=C2N3CC(=N)CC(N)C3,2.9364377013420504e-09,O=C(Nc1c(N2CC([NH3+])C2)cccc1)CCNC(=O)Cc3ccccc3,1.7445888845670109e-07,0.492,0.4126984126984127
NC1=CC=C(N)C=C1CCC=C(CCCC2=CC=CC3=CC=CC=C3)C2,2.9364377013420504e-09,Fc1c(cc(N)cc1)CNC(=O)C=CC=Cc2ccccc2,2.0307831856022635e-07,0.338,0.328125
O=C(CCCCC1=CC(C(=O)N)=CC=C1)CCC(=O)NC(=O)C(N)2C=CC=C2,2.9364377013420504e-09,O=C(NC(=O)CC[NH2+]CCc1cc(ccc1)C(=O)N)N,3.728596521607661e-07,0.466,0.49122807017543857
CC(C(=O)C1=CC(C(=O)N)=CC=C1)N2CCCC(C3=C(C(=O)C)C=CC=C3)C2,2.9364377013420504e-09,O=C(Nc1cc(ccc1)C(=O)N)c2c(cccc2)C3CCCC3,4.4458927405249594e-08,0.452,0.47540983606557374
O=C(CCC1=CC=CC(C(=O)N)=C1F)CC=CC=C(C(=N))C2=CC=CC=C2,2.9364377013420504e-09,Fc1c(cccc1C(=O)N)C(=O)NCC=CCNC(=O)c2ccccc2,4.8373692017537316e-08,0.41,0.4098360655737705
C(C(C(=O)N))CC1=CC=CC=C1CC(=O)CC2=NC=CC=C2C=C(C)C3=CC=CO3,2.9364377013420504e-09,O=C(Nc1c(cccc1)CCC(=O)N)C=C(C=2OC=CC2)C,4.4141379216012366e-07,0.435,0.4411764705882353
O=C(OCC1=CC(C(=O)N)=CC=C1)NC(=O)C=CC(=O)C(N)CC2=CC=CC=C2,2.9364377013420504e-09,O=C(OCc1ccccc1)NC(C(=O)OCc2cc(ccc2)C(=O)N)Cc3ccccc3,9.410101355195093e-09,0.559,0.5892857142857143
O=C(CC=CC1=CC(C(=O)N)=CC=C1CC(=O)C)C=CC2=CC3=CC=CC=C3[NH1]2,2.9364377013420504e-09,O=C(N)c1cc(NC(=O)C=2Nc3c(cccc3)C2)c(cc1)C[NH+](C)C,1.354385632577588e-07,0.389,0.39436619718309857
O=C(CC1=CC=C(C)C=C1)NCC2=CC=CC=C2CC3=CC(C(C(N)))CCC3,2.9364377013420504e-09,O=C(NCc1c(cccc1)COC2CCCCC2)Cc3ccc(cc3)C,3.4181510395981035e-09,0.524,0.5238095238095238
C(=O)(CCC1CCCC1)NC2=CNC3=CC=C(C(=O)C(C(=O)(O)))C=C3C2=C,2.9864197034877504e-09,BrC=1C(=O)c2c(NC1)ccc(NC(=O)CCC3CCCC3)c2,5.0886125869110914e-08,0.478,0.352112676056338
C(=O)=C(CC1=CC(C(=O)N)=CC=C1)CC(=N)CCCC2=CC=CC(C)=C2,2.9864197034877504e-09,O=C(N)c1cc(ccc1)CC(=O)NCCCc2cc(ccc2)C,1.1248944616653033e-07,0.561,0.5892857142857143
CN(CC1=CC=CC(C(=O)C(N))=C1C)C(=O)CCCC(N)=CC2=CC=CC=C2,2.9864197034877504e-09,O=C(N(CCN(C(=O)CCCC(=O)c1ccccc1)C)C)c2c(c(ccc2)CO)C,4.3714843711196514e-08,0.433,0.4461538461538462
CC1=C(C(=O)N)C=CC=C1CCCCCCSC2=C(N)C3=CC=CC=C3C2,2.9864197034877504e-09,O=C(NCCCCCCNC(=O)c1cc2c3c(cccc3)Cc2cc1)c4c(c(ccc4)C(=O)N)C,7.948657655044036e-09,0.426,0.42028985507246375
CC1=CC(C(=O)C(C(=O)N))=CC=C1CCN(C)C2=CC3=CC(C)=CC=C3CC(=O)2,2.9864197034877504e-09,O=C(N(CCN(C(=O)CCC(=O)c1cc(c(cc1)C)C)C)C)CCc2c(cc(cc2)C)C,4.8373692017537316e-08,0.391,0.4117647058823529
O=C(NC1CCC(N)CC1)CCN2CC3=CC=CC(C(=C(N))(N))=C3C2,2.9864197034877504e-09,O=C(OC)c1c2c(ccc1)C[NH+](C2)CCC(=O)NC3CC3,1.116859895376092e-06,0.627,0.40298507462686567
CC1=CC=C(C(=O)O)C=C1CCCC=CC2=CC3=CC(N)=CC=C3C(=N)2,2.9864197034877504e-09,O=C(Nc1c(ccc(N)c1)C)CCCc2c(ccc(c2)C)C,1.203460892404676e-07,0.333,0.34328358208955223
O=C(C1=CC=CC=C1)NCCCC2=CC(C(=O)N)=C(N)C(=O)C2=CC,2.9864197034877504e-09,O=C(NCCCCNC(=O)c1ccccc1)c2ccc(cc2)C(=O)N,2.0307831856022635e-07,0.471,0.4897959183673469
O=C(CCC1=C(C(=O)C(C(C)))C(N)=CC(N)=C1)NC2CCCC3=CC=CC=C32,2.9864197034877504e-09,O=C(NC1c2c(cccc2)CCC1)CNC(=O)CCc3c(N)cccc3,3.630766924904767e-08,0.597,0.578125
CC1=CC=CC=C1C(N)CC=CC=CC2=CC=CC3=C2C=CC(C(=O)O)=C3,2.9864197034877504e-09,O=C(NC(c1c(cccc1)C)c2c(cccc2)C)C=Cc3c4c(ccc3)cccc4,4.955099369734089e-09,0.406,0.4126984126984127
C#CC1=CC=C(C(=O)N)C=C1CCNC(=O)C2(N)CC3=CC=CC=C3C2,2.9864197034877504e-09,O=C(NCCNC(=O)C1(Cc2c(cccc2)C1)C)c3cc(c(C#C)cc3)C,3.33693783557396e-08,0.469,0.47619047619047616
C(N)#CC1=CC=CC=C1CC(=C2)C=CC3=CC=CC(C(=C(N))N)=C32,2.9864197034877504e-09,Brc1cc2c(cc1)cccc2C(=O)Nc3c(cccc3)Cc4ccccc4,3.304693205036462e-09,0.333,0.3384615384615385
CCC1=CC=CC(C(=O)C)=C1CCC(=O)C=CC2=CC3=CC=CC=C3C(=O)2,2.9864197034877504e-09,O=C1OC(C(=O)NCC=CCNC(=O)c2c(cccc2)CC)=Cc3c1cccc3,5.175227414503487e-08,0.357,0.24324324324324326
CC=CC1=C(C(=O)NC(=O)C(=O)CC2=CC=CC(N)=C2)C=C(C)C=C(N)1,3.0372524645435904e-09,O=C(Nc1cc(cc(c1)C)C)Cc2cc(N)ccc2,7.080881444127068e-07,0.439,0.4727272727272727
CCC1=CC=C(C(=O)N)C=C1CC(C)C2=C(C(=O)N)C3=CC=CC=C3[NH1]2,3.0372524645435904e-09,O=C(OC(C(=O)C=1c2c(NC1C)cccc2)C)c3cc(c(cc3)CC)CC,3.8193417751766345e-08,0.5,0.4918032786885246
O=C(CCC1=CC=CC=C1)NC(=O)CCC(=C)C=CC=C2CCC(=O)CC2,3.0372524645435904e-09,O=C(NC1CCC(=O)CC1)CCc2ccccc2,6.618615004839549e-07,0.453,0.4528301886792453
O=C(CC1=CC=CC(=O)C1)NCCCC2=CC=CC3=C2C=C(C(=O)O)C(N)=C3,3.0372524645435904e-09,O=C(NCCCCNC(=O)Cc1c2c(ccc1)cccc2)c3c(N)cc4c(c3)cccc4,1.2537333137184442e-08,0.429,0.4411764705882353
CC1=CC=C(C(=O)O)C=C1C2=CC(C(=O)O)=C(C3=CC=C(N)C(=C3)CC=C)C2,3.0372524645435904e-09,O=C(OCc1c(cccc1)CC=C)c2cc(c3ccccc3)c(cc2)C,2.3809325856381848e-08,0.371,0.40298507462686567
CC(N)(C)C1=CC=CC=C1CNC(=O)CC2CCC3=CC=CC=C3C2,3.0372524645435904e-09,O=C(NCc1c(cccc1)C(C)(C)C)CC2Cc3c(cccc3)CC2,1.4842452734127424e-08,0.833,0.8333333333333334
O=C(NCC=C1C=CC(N)=C1)CCCCC=CC2=CC=CC(C(=O)N)=C2,3.0372524645435904e-09,O=C(NCCCCC(=O)NCC=CCNC(=O)Cc1cc(ccc1)C(=O)N)N,1.3094298482212224e-07,0.433,0.4461538461538462
CC1=CC=CC=C1C(=O)NCCC(=N)C2=CC3=CC(C(C(=O)N))=CC=C3C(=O)C2,3.0372524645435904e-09,O=C(NCCNC(=O)c1ccc(cc1)CC(=O)N)c2c(cccc2)C,6.024207140153832e-08,0.508,0.5081967213114754
O=C(CC1=CC=CC=C(N)1)NCCC2=CC=C(C(=O)N)C3=C2C(C)CC(=O)3,3.0372524645435904e-09,O=C(NCCc1c(cccc1)C2CC2)Cc3c(N)cccc3,6.337092539563196e-08,0.508,0.5084745762711864
CN(C(=O)C1=CC=C(N)C=C1)C(=O)CC(C(=O)O)CCC(=O)CC2=CC=CC=C2Cl,3.0372524645435904e-09,Clc1c(cccc1)CC(=O)N(CCN(C(=O)CCC(=O)c2ccc(N)cc2)C)C,4.8373692017537316e-08,0.476,0.4838709677419355
CC(C)C1=CC=CC=C1CCC(=C(C(=O)N))CCCC2=CC=C(N)C=C2,3.08895046553658e-09,O=C(NCCCc1ccc(N)cc1)Cc2c(cccc2)C(C)C,2.3809325856381848e-08,0.545,0.5454545454545454
O=C(C1CC=CC(N)=C1)NCCCCC(=O)NC(=O)C2=CC=CC=C2,3.08895046553658e-09,O=C(NCCC(=O)NCCCCNC(=O)C1CC=CC1)c2ccccc2,9.342889642716197e-08,0.483,0.49122807017543857
O=C(NCCC(C(=C(=O))C(N))CCC1=CC=CC=C1)NCCC2=CC=CC=C2,3.08895046553658e-09,O=C(NCC(=O)NCCc1ccccc1)C(Cc2ccccc2)CCc3ccccc3,5.301180255280092e-09,0.471,0.46153846153846156
O=C(NCC1CCCC1)CC2CCC3=CC=C(N)C(C(=O)N)=C3C2,3.08895046553658e-09,O=C(NCC1CCCC1)CC2Cc3c(cccc3)CC2,6.666228587545247e-08,0.588,0.5882352941176471
O=C(CCC1=CC=CC(C(=O)N)=C1)NCCCC2CNC3=CC=CC=C3N2,3.08895046553658e-09,O=C(N)c1cc(ccc1)CCNC(=O)CC2Nc3c(cccc3)C2,2.26337724959514e-08,0.563,0.5625
C=C(N)C1=CC=CC=C1CC2=CC=CC=C2NCC(C)CCC(=O)N,3.08895046553658e-09,O=C(NCC(CNC(=O)CCC(=O)N)C)c1c(cccc1)Cc2ccccc2,1.4349790904006652e-08,0.433,0.43333333333333335
O=C(CC1=CC(N)=C(C(=C)O)C=C1)CCC=CC2=CC3=CC=CC=C3CC2,3.08895046553658e-09,O=C(NCC=CCNC(=O)CC1=Cc2c(cccc2)C1)c3c(N)cc(cc3)CC,1.9444039222013203e-08,0.372,0.40540540540540543
CCC1=C(N)C(N)=C(C(=O)N)C=C1CC(=C)C2=CC3=CC=CC=C3S2,3.08895046553658e-09,S1c2c(cccc2)C=C1C(=O)NCCNC(=O)c3c(N)c(ccc3)CC,3.755419631688537e-08,0.46,0.46774193548387094
CC(N)(C)C1=CC=CC=C1NC(=O)C=CCC(C(=O)N)NC2=CC=CC=C2,3.08895046553658e-09,O=C(Nc1c(cccc1)C(C)(C)C)NC(C(=O)N)Cc2ccccc2,7.502233167218944e-08,0.426,0.4576271186440678
O=C(CC1=CC(N)=CC=C1)NCC2=CC=CC=C2C3CCCC(C)C3,3.08895046553658e-09,O=C(NCc1c(cccc1)C2CCC2)Cc3cc(N)ccc3,6.126747008126378e-08,0.824,0.8235294117647058
O=C(NC(=O)C1=CC=CC(N)=C1)CC=2CC(C)C3=CC=CC=C3C=2,3.08895046553658e-09,O=C(NCCNC(=O)CC1=Cc2c(cccc2)C1)c3cc(N)ccc3,5.444018486747391e-08,0.508,0.5081967213114754
O=C(CC1=CC=CC=C1)NCC2=CC=CC=C2C(=C(C(N)))C=CCC(=O)CCC(=O)C,3.1415284339797e-09,O=C(NCCNC(=O)CCCCC(=O)C)Cc1ccccc1,1.1552043035786423e-06,0.4,0.4067796610169492
C(=C(C))=C(CC1=CC=CC(N)=N1)COC2=CC=CC=C2NC(=O)CC3=CC=CC=C3,3.1415284339797e-09,O=C(OCc1nc(N)ccc1)c2c(NC(=O)Cc3ccccc3)cccc2,2.9650891805873545e-08,0.571,0.5483870967741935
CC1=CC=CC=C1C(N)=NC=CC2=CC(C(=C)N)=CN=C2C3=CC=CC=C3C,3.1415284339797e-09,O=C(NCC=CCNC(=O)c1cnc(N)c(c2ccccc2)c1)c3c(cccc3)C,1.6988149784872092e-08,0.306,0.3055555555555556
C(=O)(N)C(N)C(C)C1=CC=CC=C1NCCC2=CC=CC3=CC=CC=C23,3.1415284339797e-09,N(c1c(cccc1)C(C)C)CCCc2c3c(ccc2)cccc3,5.0886125869110914e-08,0.558,0.5686274509803921
O=C(CC(C(=O)O)CC1=CC(C(=O)N)=CC=C1)CCC=C(N)C2=CC=CC=C2,3.1415284339797e-09,O=C(N)c1cc(ccc1)C[NH2+]C(C(=O)N)Cc2ccccc2,1.576568321506011e-07,0.414,0.42857142857142855
O=C(NCC1=CC=CC=C1)C(N)CCC=CC2=CC(C(=N)C)=CC=C2Cl,3.1415284339797e-09,Clc1c(Cl)ccc(c1)C(=O)NC(C(=O)NCc2ccccc2)C,6.666228587545247e-08,0.438,0.4375
O=C(CC=CC=CC1=CC=CC(C(=O)O)=C1)C=CC2=CC3=CC=CC=C3C(=O)2,3.1415284339797e-09,O=C1OC(C(=O)NCC=CCNC(=O)C=CC=Cc2ccccc2)=Cc3c1cccc3,1.7571392636239635e-08,0.338,0.29333333333333333
C=C(N)C1=CC=CC=C1CC(=O)NCC(=O)C2=CC3=CC=CC(N)=C3C2,3.1415284339797e-09,O=C(N)c1c(cccc1)CC(=O)NCC(=O)c2ccccc2,1.0338595034593205e-07,0.446,0.45614035087719296
O=C(NCC1=CC=C(N)C=C1)CCN2CCC3=CC=CC(C(=O)N)=C3S2,3.1415284339797e-09,O=C(NCc1ccc(N)cc1)CCN2c3c(cccc3)CCC2,9.828140844988805e-08,0.516,0.5161290322580645
O=C(NCC1=CC=CC=C1)C(N)CCC=CC=CC2=CC(N)=CC=C2,3.1415284339797e-09,O=C(NCc1ccccc1)C=Cc2cc(N)ccc2,8.242477699578632e-07,0.556,0.5660377358490566
C(=O)(C(=O)N)CCC1=CC(=O)CC=C1C(=O)CNC(=O)C2=CC=CC=C2C,3.1415284339797e-09,O=C(N1CCN(C(=O)CNC(=O)c2c(cccc2)C)CC1)C(=O)N,6.08298667624497e-07,0.426,0.43548387096774194
N#CC1=CC=CC(C(=C(N))N)=C1CCN2CCCC3=CC=C(C(=O)C)C=C23,3.1415284339797e-09,Brc1c(c(C#N)ccc1)CN2c3c(ccc(c3)C(=O)OC)CCC2,9.828140844988805e-08,0.507,0.5
NC(=O)CC(=O)CC1=CC=CC=C1CCC(=C)CN2C=CC3=CC=CC=C3C2,3.1415284339797e-09,O=C(N)c1c(cccc1)CCC(=O)N2Cc3c(cccc3)C2,7.502233167218944e-08,0.339,0.3442622950819672
CCC1=CC=C(C(=O)N)C=C1CC(=C(C(=O)C(C(N))))CNCC2=CC=CC=C2C,3.1415284339797e-09,O=C(NCC=CCNC(=O)Cc1c(cccc1)C)c2cc(c(cc2)CC)CC,3.8193417751766345e-08,0.386,0.4307692307692308
O=C(CC1=CC=C(C(=O)(O))C=C1)C(=C)C2=CC=NN=C2CC3=CC=CC(C(=O)N)=C3,3.1415284339797e-09,[O-]C(=O)c1ccc(cc1)CC(=O)NCc2cc(ccc2)C(=O)N,7.891884314063094e-08,0.483,0.3968253968253968
CC(N)(C)C1=CC(C(=O)N)=CC=C1CC(C)CCC(=O)C2=CC(C(=O)N)=CC=C2,3.19500134806747e-09,O=C(N)c1cc(c2ccc(cc2)C(=O)CC(C)(C)C)ccc1,9.501917818235033e-08,0.386,0.39285714285714285
O=C(NCC1=CC=CC=C1)C(=C)CCC(C)=CC=CC2=CC=CC(=O)N2,3.19500134806747e-09,O=C(NCc1ccccc1)C(=O)NCC(C=2NC(=O)C=CC2)(C)C,7.759802350413329e-08,0.443,0.4426229508196721
N1N=CC=C1CNC(=O)CCC=C2CCCC3=C(C)C=C(N)C=C32,3.19500134806747e-09,O=C(NCC1=NNC=C1)c2c(c(cc(N)c2)C)C,2.2311603421159625e-06,0.484,0.29577464788732394
CC1=C(C(=O)N)C=CC=C1CCC(=O)C(=N)C=CC2=CC3=CC=CC=C3S2,3.19500134806747e-09,S1c2c(cccc2)C=C1CCNC(=O)c3c(c(ccc3)C(=O)N)C,4.5985306199700256e-08,0.455,0.45454545454545453
O=C(CC1=CC=C(N)C=C1)CCC2=CC=CC=C2CC=CC3=CC(C(N))=CC=C3,3.19500134806747e-09,O=C(OC)CCc1c(cccc1)CNC(=O)Cc2ccc(N)cc2,1.1635147152901845e-07,0.369,0.38095238095238093
CCC1=CC=C(C(N)(N))C=C1CCC(=C(=O))CC=CC2=CC=C(Cl)C=C2,3.19500134806747e-09,Clc1ccc(cc1)C=CCOC(=O)c2cc(c(cc2)CC)CC,1.106067745068516e-07,0.413,0.4032258064516129
O=C(CCC1=CC=CC=C1)NC(=O)C(=C(C(=O)C(N)))C=CC=CC2=CN=CC=C2,3.19500134806747e-09,O=C(NCCNC(=O)CCc1ccccc1)C=Cc2cnccc2,1.898206059494335e-07,0.524,0.5238095238095238
C(C(=O)C1=CC=CC=C1)C2CCCC(C3=CC=C(C(=C(C(=O)O))C)C=C3)C2,3.19500134806747e-09,O=C(N1C(CC(=O)c2ccccc2)CCC1)C=C(c3ccccc3)C,2.4626755610502637e-08,0.458,0.48214285714285715
CC(N)(C)C1=CC=CC=C1NC(=O)NCN(C=C(N)C2=CC=CC=C2C)C,3.19500134806747e-09,O=C(NNC(=O)c1c(cccc1)C)Nc2c(cccc2)C(C)(C)C,2.894640452668897e-07,0.441,0.45614035087719296
C=C(C(=O)C1=CC=CC=C1)CCC(=O)C2=CC=CC3=C2CCC(C(=O)N)3,3.19500134806747e-09,Brc1c2c(ccc1)C(C(=O)NCCNC(=O)C(=O)c3ccccc3)CC2,1.8484016003142757e-08,0.413,0.4126984126984127
CN(CCC1=CC=CC(C(=O)N)=C1)C(=O)C(C)C=CC2=CC=C(C(=O)N)C=C2,3.19500134806747e-09,O=C(N)c1cc(ccc1)CN(C(=O)C=Cc2ccc(cc2)C(=O)N)C,4.919707539022398e-08,0.564,0.5925925925925926
O=C(CC1=CC=CC=C1)NSCCC=CC2=CC=CC3=C2CCCC(=C)3,3.2493844409427602e-09,O=C(NN=Cc1c2c(ccc1)CCC2)Cc3ccccc3,1.28751466817905e-07,0.415,0.47540983606557374
O=C(NCC1=CC=CC=C1)NC(=O)CCCC=CC=C2C=CC(C(=O)C)=CC2,3.2493844409427602e-09,O=C(NC(=O)CC[NH+]1CC[NH+](CC1)CCCNC(=O)C)NCc2ccccc2,2.0453924147377183e-08,0.426,0.43283582089552236
CCC=CC1=CC=CC=C1NC(=O)NCCCC2=CC(C(C(=O)N))=CC2,3.2493844409427602e-09,FC(F)(F)C=Cc1c(NC(=O)NCc2ccc(cc2)CC(=O)N)cccc1,6.554659724274869e-08,0.4,0.4
O=C(CCC1=CC=CC(N)=C1)N(C(=O)N)C=CCC=CC2=CC=CC(N)=C2,3.2493844409427602e-09,Brc1ccc(cc1)C=CCN(C(=O)CCc2cc(N)ccc2)C,2.3019028844124836e-08,0.5,0.5172413793103449
CC(N)(C)C1=CC(C(=O)N)=CN=C1N(C)CC=CC(=O)CC2=CC=CC(C(=O)N)=C2,3.2493844409427602e-09,O=C(N(CCN(C(=O)Cc1cc(ccc1)C(=O)N)C)C)c2cnc(nc2)C(C)(C)C,7.183126046655341e-09,0.443,0.4492753623188406
O=C(CCC1=CC(C(=O)N)=CC=C1)N(C(=O)C(N))CCC(=O)C=CC2=CC=CC=C2,3.2493844409427602e-09,O=C(N)c1cc(ccc1)CCNC(=O)C(=O)C=Cc2ccccc2,3.8193417751766345e-08,0.508,0.5166666666666667
NCC1=CC=CC(C(=O)N)=C1CC=CC2=NC=CC=C2C(C)=CC3=CC=CO3,3.3046932050364603e-09,O=C(N)c1c(nccc1)N2CC[NH+](CC(=CC=3OC=CC3)C)CC2,1.774284064318968e-07,0.421,0.43243243243243246
O=C(CC1=CC(N)=CC=C1)NCC2=CC=C(N)C=C2CC(C)CC(=O)(N),3.3046932050364603e-09,O=C(NCc1c(ccc(N)c1)C)Cc2cc(N)ccc2,3.485179787238657e-07,0.627,0.6274509803921569
CCC1=CC=C(C(=O)N)C=C1CC(C)C2=CC3=CC=C(C(=O)N)C=C3N2,3.3046932050364603e-09,O=C(NCC(CNC(=O)c1cc(c(cc1)CC)CC)C)c2cc3NC(c4ccccc4)=Cc3cc2,2.6795227883814164e-08,0.444,0.43548387096774194
O=C(CCC1=CC=CC(C(=O)(N))=C1Cl)C(C)CCC(=O)C=CC2=CC=CC=C2,3.3046932050364603e-09,O=C(N)c1c(cccc1)CCC(=O)NC(CCNC(=O)C=Cc2ccccc2)C,1.6703828817525453e-08,0.478,0.47761194029850745
O=C(NCC(=C(=N))C=CC=CC1=CN=CC=C1)C2=CC=CC3=CC=CN=C32,3.3046932050364603e-09,O=C(NNC(=O)C=Cc1cnccc1)c2c3ncccc3ccc2,5.138263317745444e-07,0.583,0.5833333333333334
C(O)1=CC(C(=O)N)=CC=C1CCCC(=C(N))C=CC=CC2=CC=CC=C2C#N,3.3046932050364603e-09,O=C(N)c1cc(O)c(NC(=O)C=Cc2c(C#N)cccc2)cc1,1.390879024457524e-06,0.515,0.515625
O=C(CC1=CC=CC(C(=C(N))O)=C1)C=CC2=CC=CC=C2C3=CC=CCC3,3.3046932050364603e-09,O=C(N)c1cc(ccc1)CNC(=O)C=Cc2c(cccc2)C=3[N-]N=NN3,1.9118615434800558e-08,0.325,0.3333333333333333
CC(C)C1=CC=C(C(=O)N)C=C1N(C)CCC(C)CCC2=CC=CC(C(=O)N)=C2,3.3046932050364603e-09,Fc1c(ccc(c1)CC(=O)N(CCN(C(=O)Cc2cc(ccc2)C(=O)N)C)C)C(C)C,1.5095090651174104e-08,0.492,0.4918032786885246
CC(N)(C)C1=CC=CC=C1CC(=C(=O))C(=O)CCCC2=CN=C(N)C=C2,3.3046932050364603e-09,O=C(NCc1c(cccc1)C(C)(C)C)CCc2cnc(N)cc2,4.6768036128584304e-08,0.484,0.49206349206349204
N#CC1=CC=CC=C1CCC(=C(C(=O)N))C=CC2CC3=CC=CC=C3C2,3.3046932050364603e-09,O=C(NC1Cc2c(cccc2)C1)CCc3c(C#N)cccc3,2.9439110110908165e-07,0.527,0.5272727272727272
O=C(CC1=CC(C(=O)N)=C(N)C=C1)NC2CCC(C3=CC=CC=C3)=C2(O),3.3046932050364603e-09,O=C(NC1C(NC(=O)C2=C(c3ccccc3)CCC2)CC1)c4c(N)ccc(c4)CC,2.279659734645111e-09,0.435,0.4696969696969697
O=C(NC1=CC=CC=C1)NCCC(=O)CC=CC2=C(C(=O)N)C=CC3=C2CCC(=N)3,3.3046932050364603e-09,O=C(Nc1ccccc1)NCCC(=O)NCC=CCNC(=O)c2c(cccc2)C(=O)N,5.9233834234292066e-08,0.441,0.46153846153846156
N#CC1=CC=C(C(=O)N)C=C1CC(=O)C=CC=CC2=CC=CC=C2C(N)=C,3.3046932050364603e-09,Clc1c(C#N)ccc(c1)C(=O)NCC=CCNC(=O)c2c(cccc2)C(=O)N,6.231032238480951e-08,0.348,0.37681159420289856
C(=O)(N)C1=CC=CC=C1CCC2=CC=CC=C2CC(=O)NC(N)=CCCl,3.3046932050364603e-09,ClC(Cl)=CCNC(=O)CCc1c(cccc1)C(=O)N,3.856607946889424e-07,0.49,0.49019607843137253
O=C(CC1=CC=CC=C1)NCCCCCC(=O)CC2=CC=CN(C(=O)N)C2,3.3046932050364603e-09,O=C(NCCCCCCNC(=O)CCNC(=O)Cc1ccccc1)C(=O)N,9.995428629292189e-08,0.491,0.49122807017543857
CC(=O)C1=CC(C)=C(C(=O)C(C))C=C1CCCC(C)C2=CC=CC(C(=O)(N))=C2,3.3609433964808403e-09,O=C(N)c1cc(c2cc(c(cc2)C(=O)CC)C)ccc1,2.994020218722163e-07,0.466,0.46551724137931033
O=C(NCC1CCCC1)CCC2CC3=C(C(=O)C(=O)(N))C=CC=C3CC2,3.3609433964808403e-09,O=C(N)c1c2c(ccc1)C[NH+](CC2)CCC(=O)NCC3CCCCC3,1.2537333137184442e-08,0.508,0.515625
C(C(=O)N)(CC1=CC(C(=O)N)=CC=C1)CCCC(C)[NH1]C2=CC=CC=C2,3.3609433964808403e-09,O=C(N)c1cc(ccc1)CNC(=O)C(Nc2ccccc2)C,9.995428629292189e-08,0.545,0.5454545454545454
O=C(CC1=CC=CC=C1)NCC2=CC(C(=O)N)=CC(N)=C2CCC(C)CC,3.3609433964808403e-09,O=C(NCCNC(=O)Cc1ccccc1)C(=O)NCCC(CC)C,1.686681181030728e-07,0.483,0.4827586206896552
N#CC1=CC=C(C(=O)N)C=C1CC(=C(C(=O)N))C2=CC3=CC=C(C)C=C3[NH1]2,3.3609433964808403e-09,O=C(NCCNC(=O)C=1Nc2c(ccc(c2)C)C1)c3cc(c(C#N)cc3)C,1.203460892404676e-07,0.5,0.5
O=C(CC1=CC=CC=C1)NCCC(=O)C=CC=C(C)C=C(N)C2=CC=CC=C2,3.3609433964808403e-09,O=C(NCCNC(=O)CCNC(=O)Cc1ccccc1)C=C(c2ccccc2)C,9.663652860855617e-08,0.518,0.5178571428571429
O=C(CCC=CC1=CC=CC=C1)NC2CC3=CC(N)=C(C(=O)N)C=C3C2,3.3609433964808403e-09,O=C(NC1CC(NC(=O)CCC=Cc2ccccc2)C1)c3c(N)cc4c(c3)CCCC4,2.5472249636873493e-08,0.661,0.6551724137931034
CN(CC1=CC(C(=C(N))N)=CC=C1)C(=O)CCC=C(N)CC2=CC=CC=C2,3.3609433964808403e-09,O=C(N)c1cc(ccc1)CN(C(=O)CCC=Cc2ccccc2)C,1.9444039222013203e-08,0.569,0.5689655172413793
NC(=O)NCCCCC(=O)CCC=CC1=C(C)C2=CC=CC(C(=O)N)=C2C1,3.3609433964808403e-09,O=C(NCCCCC(=O)NCC=CCNC(=O)c1c(c(ccc1)C(=O)N)C)N,1.787048067207503e-08,0.455,0.46153846153846156
C(=O)(N)CC1C(=O)CCC=1CC(=O)C2=C(C(=O)C(C))C3=CC=CC=C3N2,3.3609433964808403e-09,O=C(N)C[NH+](CC(=O)C=1c2c(NC1C)cccc2)CC,6.731272470455863e-07,0.387,0.39344262295081966
C(=C)(N)CC1=C(N)CCCN1CCCCCCC2=CC3=CC=CC=C3S2,3.3609433964808403e-09,S1c2c(cccc2)C=C1CCNC(=O)NCCCN3C(=O)CCC3,2.994020218722163e-07,0.471,0.47058823529411764
O=C(CCNC(=O)C1=CC=CC=C1)C2=C(C(=O)O)C=CC3=CC(=N)C(=C)C=C23,3.3609433964808403e-09,[O-]C(=O)c1ccc(NC(=O)CCNC(=O)c2ccccc2)cc1,4.884568494700594e-07,0.393,0.3442622950819672
N(C(=O)C)(CCC1=CC=C(C(=C(N))C)S1)C(=O)CCCC2=CC(Br)=CC=C2,3.3609433964808403e-09,Brc1cc(ccc1)CCCC(=O)N(CCN(C(=O)C=2SC(=CC2)CCC)C)C,1.1522717422507956e-08,0.561,0.5692307692307692
C(=N)=C(C)C1=CC=CC=C1NC(=O)CCCC2=CC(C(=C(C(O)))N)=CC=C2Cl,3.3609433964808403e-09,Clc1c(cc(OCCCC(=O)Nc2c(cccc2)C(=O)C)cc1)CO,3.0968119242070426e-07,0.452,0.4444444444444444
C(C(=O)N)=C(CCC1=CC=CC=C1NCC)CC(=O)C=C(N)C2=CC=CC=C2,3.3609433964808403e-09,O=C(Nc1c(cccc1)CCC(=O)N)C=C(c2ccccc2)C,1.28751466817905e-07,0.441,0.4482758620689655
CCCCC1=CC=C(Cl)C=C1C(C(C(=O)N))CCCC2=CC=CC=C(C(=O)(N))2,3.3609433964808403e-09,Clc1c(ccc(Cl)c1)CCCNC(=O)CCc2c(cccc2)C(=O)N,3.226175690629193e-08,0.46,0.4603174603174603
NC(C)(C)C1=CC=CC=C1CCCCCC(N)(N)C2=CC=CC=C2,3.3609433964808403e-09,FC(F)(F)c1c(cccc1)CC[NH2+]CCC(c2ccccc2)(C)C,2.751721483358364e-07,0.396,0.3877551020408163
O=C(CC1=CC=CC=C1)NCCCC2=CC(=O)C3=CC(=O)CC=C3C(=N)2,3.4181510395981e-09,O=C(NCCNC(=O)Cc1ccccc1)NCCCN2C(=O)CCC2=O,2.3639267585660757e-07,0.403,0.4032258064516129
CN(C(=O)C1=CC=CC=C1)C(=O)CC(C)CCCC2=CC(C(N)(N))=CC=C2,3.4181510395981e-09,O=C(N(CCN(C(=O)C(CCCc1ccccc1)C)C)C)c2ccccc2,1.2537333137184442e-08,0.441,0.4482758620689655
CC(C)C1=CC=C(C(=O)C(C(C(C(=O)O))))C=C1N2CCC(=O)C(C3=CC=CC(C(=O)C(N))=C3)=C2,3.4181510395981e-09,[O-][N+](=O)c1c(ccc(c1)C(=O)N2CCN(C(=O)CCCC(=O)c3cc(OC)ccc3)CC2)C(C)C,9.25260985941592e-09,0.356,0.3448275862068966
O=C(CC1=CC=CC=C1)NCCCC(C(=O)N)CCC2=CC(C(=O)N)=CC=C2,3.4181510395981e-09,O=C(N)c1cc(ccc1)CC(=O)NCCNC(=O)Cc2ccccc2,3.630766924904767e-08,0.66,0.6595744680851063
CC(=C(C(=O)N))C1=CC=CC=C1C(=O)CNC(=O)CC2=CC3=CC=CC=C3C2,3.4181510395981e-09,O=C(NCC(=O)c1c(cccc1)C)CC2=Cc3c(cccc3)C2,4.756408914243168e-08,0.673,0.6792452830188679
NC1=CC(C(=O)N)=CC2=C1C(=C)C(=C)N2CCC(=O)[NH1]C3=CC(C)=CC(F)=C3,3.4181510395981e-09,Fc1cc(NC(=O)CCN2C(=O)c3c(cccc3)C2=C)cc(c1)C,1.1833192542966173e-07,0.523,0.47761194029850745
O=C(C(=N)C1=CC=CC=C1)CC(=N)C2=CC=CC=C2[NH1]C(=O)CC3=CC=CC=C3,3.4181510395981e-09,O=C(OCC(=O)c1ccccc1)c2c(NC(=O)Cc3ccccc3)cccc2,1.7571392636239635e-08,0.551,0.5510204081632653
O=C(NC1=CC=CC=C1Cl)C=CCC(C(=O)N)CC2=CC=CC(C(=O)N)=C2F,3.4181510395981e-09,Clc1c(cccc1)CC(C(=O)N)CNC(=O)Nc2c(F)c(ccc2)C(=O)N,5.263316539506193e-08,0.571,0.5714285714285714
CCC1=CC=C(C(=O)N)C=C1CC(=C(=C))CNCC2=CC(N)=CC=C2,3.4181510395981e-09,O=C(NCc1cc(N)ccc1)c2cc(c(cc2)CC)CC,1.576568321506011e-07,0.467,0.5357142857142857
O=C(NC1=CC=CC=C1Cl)C=CCC(C(=O)N)CC2=CC(C(=O)N)=CC=C2F,3.4181510395981e-09,Clc1c(cccc1)CC(C(=O)N)CNC(=O)Nc2c(F)ccc(c2)C(=O)N,5.630924353796884e-08,0.53,0.5384615384615384
CCC1=CC=C(C(=O)O)C=C1CCNC2=CC=CC=C2C3=CCC(=N)CS3,3.4181510395981e-09,O=C(Nc1c(NCCC)cccc1)c2cc(c(cc2)CC)CC,3.5445020958727777e-07,0.4,0.390625
CC(N)(C)C1=CC=CC=C1NCCCC2=CCC3=CC=C(C(=O)O)C=C3N2,3.4181510395981e-09,O=C(Nc1c(cccc1)C(C)(C)C)c2cc3NC(=O)Cc3cc2,1.898206059494335e-07,0.38,0.38571428571428573
C(N)CCCC=CC1=CC=CC=C1C(C)C(=O)NCC2=CC=C(C)C=C2C,3.4181510395981e-09,O=C(NCc1c(cc(cc1)C)C)C(c2c(OC)cccc2)C,2.751721483358364e-07,0.567,0.576271186440678
CC1=CC=CC=C1C(=O)NCC(=O)CC2C(=O)CC3=CC=C(C(=O)C)C=C3C2,3.4181510395981e-09,O=C(NCC(=O)Nc1c(ccc(c1)C(=O)C)C)c2c(cccc2)C,9.032773438039765e-08,0.475,0.4918032786885246
O=C(CC1=CC=CC=C1)NCC=CC=CC2=CC=CC=C2CCC(C(=O)C)N,3.4181510395981e-09,Fc1c(cccc1)CCC(C(=O)NCC=CCNC(=O)CCNC(=O)Cc2ccccc2)C,1.8484016003142757e-08,0.449,0.45588235294117646
CC(N)(C)C1=CC=CC=C1NC(=O)CCCC(C)C2=C(N)C=C(N)C=C2,3.4181510395981e-09,O=C(Nc1c(cccc1)C(C)(C)C)CCCC(c2ccccc2)C,1.715390696090709e-07,0.544,0.5535714285714286
O=C(NC1=CC=CC=C1)N(C)C=CCC(=C(C(=O)C))CN2C3=CC=CC=C3C=C2,3.4181510395981e-09,O=C(N(CC(=O)Nc1ccccc1)C)CN2c3c(cccc3)C=C2,9.828140844988805e-08,0.508,0.5166666666666667
CN(C)C1=CC(=O)NC=C1C=CC=CC2=CC=CC=C2NC3=CC(C(=O)O)=CC=C3,3.47633243146534e-09,O=C(N(CCN(C(=O)C1=CNC(=O)C=C1)C)C)c2cc(Nc3ccccc3)ccc2,2.9650891805873545e-08,0.397,0.42424242424242425
C(=C(=C(=N)))=C(CC1=C(C(=O)N)C=CC(C(=O)N)=C1)CCC2=CC=CC=C2,3.47633243146534e-09,O=C(N)c1c(cccc1)COC(=O)CCc2ccccc2,4.967710225537015e-07,0.436,0.4107142857142857
O=C(CC1=CC=CC=C1)NCC2=CC(=O)CC=C2C3=CCCC(C)=C3,3.47633243146534e-09,O=C(NCCNC(=O)Cc1ccccc1)C2=CCC2,7.323984638763735e-07,0.421,0.42857142857142855
NC1=C(C(N))C(C(=O)N)=CC=C1CCC2=CC(C)=CC(C(C(=C(C))(N)))=C2,3.47633243146534e-09,O=C(N)c1c(NC(=O)Cc2cc(cc(c2)C)C)cc(cc1)C,1.9305160040558177e-07,0.367,0.38596491228070173
CC(N)(C)C1=CC=CC=C1NC(=C)CCC2=CC(C(=O)C(N))=CC=C2Cl,3.47633243146534e-09,Brc1cc(c(Cl)cc1)CCC(=O)Nc2c(cccc2)C(C)(C)C,1.715390696090709e-07,0.476,0.5
CC1=C(C(=O)N)C=CC=C1CC(=O)CCCNC2=CCC3=CC=C(C(=O)O)C=C3C2,3.47633243146534e-09,O=C(NCCCCNC(=O)c1cc2c(cc1)CC2)c3c(c(ccc3)C(=O)N)C,1.977500214680861e-08,0.394,0.4142857142857143
C=C(CC1=CC=CC=C1)NCC2=CC(C(N))=CC=C2CCCCCC(N),3.47633243146534e-09,Fc1c(ccc(c1)C[NH3+])CNC(=O)C(=C)Cc2ccccc2,1.80448469478674e-07,0.482,0.3898305084745763
CC(CC1=CC(C(=O)N)=CC=C1)NC2CCN(C3=C(C(=O)N)C=CC=C3)C2,3.47633243146534e-09,O=C(N)c1c(N2CC([NH2+]C(Cc3cc(ccc3)C)C)CC2)cccc1,3.451502703596816e-08,0.825,0.5522388059701493
CCC=C1C=CC=C1C(=O)CCCCC=CC2=CC(C(C(C(N))))=CC=C2,3.47633243146534e-09,O=C(Nc1cc(ccc1)CCC[NH3+])CCCCCCCC=CCCCCCCCC,3.1190900459242615e-08,0.435,0.3424657534246575
CCC1=CC=CC=C1CCCC=CC2=CC3=CC(N)=CC=C3C(=N)2,3.47633243146534e-09,Nc1cc(c(c2c(cccc2)CC)cc1)C,1.7915961506679684e-06,0.377,0.37735849056603776
CC(N)(C)C1=CC=CC=C1CCNC(=O)CC2=CC3=CC=CC=C3S2,3.47633243146534e-09,S1c2c(cccc2)C=C1CC(=O)NCCc3c(cccc3)C(F)(F)F,9.828140844988805e-08,0.765,0.78
C(C(=O)C)C(C)C1=CC=CC=C1CNC(=O)C2=CC(C(=O)N)=CC=C2CS,3.47633243146534e-09,O=C(NCCNC(=O)CC(c1c(cccc1)C)C)c2c(ccc(c2)C(=O)N)C,4.4458927405249594e-08,0.484,0.484375
NC1=CC(C(=O)N)=CC=C1CC=C(C)CCC2CCC3=CC=CC=C3C2,3.47633243146534e-09,O=C(NCCC1Cc2c(cccc2)CC1)c3cc(N)c(cc3)CC,1.642426636793946e-08,0.547,0.5737704918032787
O=C(CCC1=CC=CC=C1)CC2CCSC3=CC=C(C(=O)N(C(=O)(O)))C=C23,3.47633243146534e-09,S1c2c(cc(cc2)C(=O)NCC(=O)CCc3ccccc3)CCC1,9.032773438039765e-08,0.477,0.484375
O=C(CC1=CC=CC=C1)NCCCC2=CC=CC3=C2CC(=N)CC3C,3.5355041465571305e-09,Clc1c2c(ccc1)C(CN(C(=O)NCCNC(=O)Cc3ccccc3)C2)C,7.759802350413329e-08,0.463,0.4626865671641791
CC1=CC=CN=C1NCC=CC=CC=CCC(=O)CC2=CC(Cl)=C(C(=O)O)C=C2,3.5355041465571305e-09,Clc1c(ccc(c1)CNc2ncccc2C)C(=O)OC,1.8846481098952129e-06,0.508,0.515625
C(C(=O)O)=C(C(=O)NC1CCCC1)CCC2=CC3=C(C(=O)N)C=CC=C3C2=O,3.5355041465571305e-09,O=C(N)c1c(cccc1)CCC(=O)NCC(=O)NC2CCCC2,3.281089411501842e-08,0.388,0.3880597014925373
C1=CC=CC=C1CCC=CC=CCCC2=CC(=O)NC(C(C(C(=O)N)))=C2C#N,3.5355041465571305e-09,ClC=1NC(=O)C=C(NC(=O)CCc2ccccc2)C1C#N,5.314671895870166e-07,0.415,0.4153846153846154
C(C)=C(CCC1=CC=CC=C1CC(N))CCCC(N)=C(C)C2=CC=CC=C2,3.5355041465571305e-09,O=C(N)c1c(cccc1)CCC(=O)NCCCCNC(=O)C(c2ccccc2)=C(C)C,1.642426636793946e-08,0.303,0.3125
O=C(CCC1=CC=CC(C(=C)N)=C1)NC(=O)CCC=CC(N)=CC2=CC=CS2,3.5355041465571305e-09,S1C(C=C(C(=O)NCCc2cc(ccc2)C(=O)N)C)=CC=C1,1.0514571415418939e-07,0.456,0.45588235294117646
CN(CC1=CC(N)=CC=C1N)C(=O)CCCC(=O)C2=CC3=CC=CC=C3C(=N)2,3.5355041465571305e-09,O=C(N(Cc1c(N)cccc1)C)CCCC(=O)c2c(N)cccc2,1.4987273864256132e-07,0.492,0.5087719298245614
O=C(NC1=CC=CC=C1C(=C)(N))NCC(C(=C)C(=O)(N))CC2=CC=CC=C2,3.5355041465571305e-09,O=C(N)c1c(NC(=O)C(Cc2ccccc2)Cc3ccccc3)cccc1,1.5352028795297333e-08,0.52,0.5510204081632653
O=C(CC1=CC=CC=C1)NCCCCC2=CCCC(C(=C(C(O))(N))C(C))=C2,3.5355041465571305e-09,O=C(NCCCCNC(=O)CCNC(=O)Cc1ccccc1)C2=CCCCC2,6.126747008126378e-08,0.426,0.43283582089552236
O=C(NCC(C(=O)C(N))CC=CC=CC1=CC=CC=C1)C2=CC=CC3=CC=CC=C32,3.5355041465571305e-09,O=C(NCC(CNC(=O)C=CC=Cc1ccccc1)C)c2c3c(ccc2)cccc3,1.787048067207503e-08,0.583,0.5833333333333334
C(=O)(N)NC1=CC=CC=C1NCC(C(=O)N)=C2C=CC3=CC=C(C)N=C32,3.5355041465571305e-09,O=C(Nc1c(cccc1)C(=O)NCCNC(=O)c2c(nc(cc2)C)C)N,3.666193129637751e-07,0.433,0.4067796610169492
C(C(N)N)CC1=CC=CC=C1CCNC2=CC3=CC=C(C(=O)N)C=C3C2,3.5355041465571305e-09,O=C(N)c1cc(ncc1)NCCc2c(cccc2)CC,5.052267137144056e-07,0.397,0.4166666666666667
C(CC1=CC(C(=C(N)(N))C(C))=CC=C1F)CC(N)=CC2=CC(N)=CC=C2,3.5355041465571305e-09,Fc1c(cc(cc1)C(=O)NCCCCNC(=O)c2cc(N)ccc2)CC,2.6346771447493833e-08,0.391,0.3968253968253968
CC1=CC(C(=O)N)=CC=C1CCCCC=NC2=CN=C(N3CCC(=O)NC3)C=C2,3.5355041465571305e-09,O=C(N)c1cc(c(NCc2cnc(N3CCCC3)cc2)cc1)C,2.172619946236769e-07,0.38,0.375
C(C(=O)C)=C(CC1=CC(C(=O)N)=C(N)C=C1)C(=O)C=CC2=CC(N)=CC=C2F,3.5956830414673105e-09,Fc1c(c2cc(c(N)cc2)C(=O)N)cc(cc1)CC(=O)OC,7.448648416157136e-07,0.415,0.4153846153846154
CC(N)(C)C1=CC=CC=C1NC(=O)CCC=C(N)C(=N)C2=CC=CC=C2,3.5956830414673105e-09,O=C(Nc1c(cccc1)C(C)(C)C)CCC(=O)c2ccccc2,2.529031392181985e-07,0.481,0.49056603773584906
O=C(CCC1=CC(C(=O)O)=CC=C1)C(=N)C=CC=CC=CC2=CC=CC=C2,3.5956830414673105e-09,[O-]C(=O)c1cc(ccc1)CCNC(=O)C=CC=Cc2ccccc2,1.6306955934488178e-07,0.63,0.5357142857142857
NC1=CC=CCN1CC2=CC(C(=O)N)=CC=C2NCC(=N)C3=CC=CC=C3,3.5956830414673105e-09,O=C(Nc1c(NCc2ccccc2)ccc(c1)C(=O)N)c3cc(N4CC=CC4)ccc3,1.0412969741292451e-08,0.365,0.375
O=C(N(C(=O)C(N))CCCC1=CC=CC(N)=C1)CCC(C)=CC2=CC=C[NH1]2,3.5956830414673105e-09,O=C(NCCCc1cc(N)ccc1)C=CC=2NC=CC2,3.0968119242070426e-07,0.463,0.47692307692307695
O=C(CCCCCCC1=CC=CC(C(=C)N)=C1C)C(C(N))CC2=CC=CC=C2,3.5956830414673105e-09,O=C(NCCCCCCNC(=O)C(Cc1ccccc1)Cc2ccccc2)c3c(c(ccc3)CO)C,9.25260985941592e-09,0.418,0.4375
O=C(CC1=CC=CC=C1)NCC2=CSC3=CC=CC(C(=O)C(N))=C3S2,3.5956830414673105e-09,[O-]C(=O)c1c(cccc1)CNC(=O)Cc2ccccc2,3.5445020958727777e-07,0.418,0.41818181818181815
N#CC1=CC=CC=C1CC(C)=C2C(C(=O)N)=CC(=O)C3=CC=C(C(=O)N)C=C23,3.5956830414673105e-09,O=C(OCc1c(C#N)cccc1)c2c(OC)ccc(c2)C(=O)N,7.8355164770535e-07,0.424,0.4307692307692308
CN(CCC1CCCC1)C(=O)NCCC2=CC=CC(N)=C2CC(N)C,3.5956830414673105e-09,O=C(N(CCC1CCCC1)C)NCCc2c(c(ccc2)C)C,2.2854615275150829e-07,0.617,0.6271186440677966
O=C(CC1=CC=CC(C(=O)N)=C1)CSC=CC(=C)CC=CC2=CC=CC=C2F,3.5956830414673105e-09,Fc1c(cccc1)C=CC(=O)NCC=CCNC(=O)Cc2cc(ccc2)C(=O)N,1.2967769059876142e-08,0.515,0.5303030303030303
CS(C)C1=CC=C(C(=O)N)C=C1N(C)C(=O)CCCC2=CC(C(=O)N)=CC=C2,3.5956830414673105e-09,O=C(N)c1cc(ccc1)CC(=O)N(c2ccc(cc2)C(=O)N)C,1.2447785150583497e-07,0.481,0.48148148148148145
NC(=C)C1=CC=CC=C1CCN(C(=O)C(=O)(N))CC2=CC3=CC=CC=C3S2,3.5956830414673105e-09,S1c2c(cccc2)C=C1CC(=O)N(CCN(C(=O)CCc3c(cccc3)C(=O)N)C)C,4.7104480196499205e-09,0.484,0.484375
C(=N)=C(CCC1=CC(C(=O)N)=CC=C1)CC(=C)C(F)=CC2=CC=CC=C2,3.5956830414673105e-09,FC(C(=O)NCCc1cc(ccc1)C(=O)N)=Cc2ccccc2,7.131820520357163e-08,0.559,0.6140350877192983
CC(N)C1=CC=CC(C(=O)C)=C1CCC=C(C)NC2=CC=C(C)C=C2,3.5956830414673105e-09,O=C(Nc1ccc(cc1)C)c2c(cccc2)C(C)C,1.3447119240503068e-06,0.426,0.47058823529411764
C(C(=O)O)CC1=CC=CC(C(=O)C)=C1CCCC(=O)NC2=CC3=CC=CC=C3C2,3.5956830414673105e-09,O=C(N)c1c(cccc1)CCC(=O)Nc2cc(NC(=O)C3=Cc4c(cccc4)C3)ccc2,1.2121184566672398e-08,0.417,0.43478260869565216
CC(C)C1=CC=CC=C1N2CCCC(C3=CC=CC(C(=O)C(N))=C3)C2=O,3.5956830414673105e-09,O=C(OC1C(=O)N(c2c(cccc2)C)CCC1)c3cc(ccc3)C4CC4,5.444018486747391e-08,0.429,0.42857142857142855
CC(=O)C1=CC=C(C(=O)O)C=C1C(C=CC2=CC3=CC=CC(C(=C(N))O)=C3)=C2,3.5956830414673105e-09,[O-]C(=O)c1cc(NC(=O)c2cc(NC(=O)c3cc(O)c(cc3)C(=O)C)ccc2)ccc1,8.586792429037429e-08,0.358,0.2647058823529412
C(C(=C)C(C))=C(CC1=CC=CC=C1C(N))CCC2=CC3=CC=CC=C3N2,3.5956830414673105e-09,O=C(NCc1c(cccc1)C[NH3+])CCC=2Nc3c(cccc3)C2,3.950468696913859e-08,0.517,0.3968253968253968
CCC1=CC=CC(C(=O)N)=C1CCC(=O)NCCC=C2C(C)=CCCC2,3.5956830414673105e-09,O=C(N)c1c(cccc1)CCC(=O)NCCNC(=O)C2=CCCC2,9.342889642716197e-08,0.478,0.48484848484848486
O=C(N)CCCC=CC1=CC=C(C(N))C=C1CC=CC2=CC=C(C(=O)N)O2,3.5956830414673105e-09,O=C(NCC=CCNC(=O)CCCCC(=O)N)C=CC=1OC(C(=O)N)=CC1,8.586792429037429e-08,0.418,0.43548387096774194
O=C(CCC1=CC(C(=O)N)=CC=C1)N(C(=C)C)C(=O)NCC=C(N)C2=CC=CC=C2F,3.6568862597108603e-09,Fc1c(cccc1)C(=CC(=O)NCCc2cc(ccc2)C(=O)N)C,8.88159706425867e-08,0.515,0.5147058823529411
O=C(CC1=CCCC=C1)NCCCC2=CC(C(=O)N)=CC(N)=C2CC,3.6568862597108603e-09,O=C(NCCCCNC(=O)Cc1ccc(cc1)C(=O)N)c2cc(N)c(cc2)CC,2.72513176339802e-08,0.418,0.4307692307692308
FC1=CC=C(N)C(C(=O)C)=C1CC(=O)NC2=CC=CC=C2C=CNC(=O)OF,3.6568862597108603e-09,Fc1c(F)ccc(N)c1C(=O)Nc2c(cccc2)C=CC(F)(F)F,1.7321281466772288e-06,0.418,0.417910447761194
C(N)C1=CC=CC=C1CC2=CC=CC=C2NCC(N)C3=CC=CC=C3,3.6568862597108603e-09,N(c1c(cccc1)Cc2ccccc2)CC(c3ccccc3)c4ccccc4,3.195001348067469e-09,0.512,0.525
CC(C)(N)C1=CC=CC=C1CCNC(=O)CC2=CC3=CC=CC=C3S2,3.6568862597108603e-09,S1c2c(cccc2)C=C1CC(=O)NCCc3c(cccc3)C(F)(F)F,9.828140844988805e-08,0.765,0.78
O=C(CCC=CC1=CC(C(=O)C)=CC=C1Cl)NC2CNC3=CC=CC=C3C2,3.6568862597108603e-09,O=C(NC1CNc2c(cccc2)C1)CCC=Cc3ccccc3,3.33693783557396e-08,0.639,0.6333333333333333
CC1=C(C(=O)N)C=CC=C1C(=O)CCCC=C2CCCN=C2NCCCC,3.6568862597108603e-09,O=C(N1CCN(C(=O)c2c(c(ccc2)C(=O)N)C)CCC1)c3c(NCCCC)cccc3,4.155648224664381e-08,0.437,0.43661971830985913
C(=O)=C(CC1=CC(C(=O)N)=CC=C1)CC2=CC=CC=C2C3=CC=CC(F)=C3,3.6568862597108603e-09,Fc1c(c2cc(F)ccc2)ccc(NC(=O)Cc3cc(ccc3)C(=O)N)c1,2.6795227883814164e-08,0.533,0.5333333333333333
CCC1=CC=CC=C1CCC(=C(N))C=CC2=C(C(=O)N)C3=CC=CC=C3[NH1]2,3.6568862597108603e-09,O=C(NCCc1c(cccc1)CC)C=2c3c(NC2C)cccc3,9.18652303100925e-08,0.443,0.43333333333333335
NC1=CC=C(N)C=C1CC2=CC=CN=C2CCC(C(C(=O)O))C3=CC=CC=C3,3.6568862597108603e-09,O=C(NCc1c(ccc(N)c1)C)CC(c2ccccc2)CC,9.032773438039765e-08,0.353,0.36363636363636365
CC(N)(C)C1=CC=CC=C1NNCC2=CC=CC3=C2C=CC(C(=O)N)=C3,3.6568862597108603e-09,O=C(NCc1c(cccc1)C(C)(C)C)c2c3c(cc(c2)C(=O)N)cccc3,9.25260985941592e-09,0.46,0.46774193548387094
O=C(CCCCC1=CC(=C(N)(N))C=C1)NC(=O)CNC2CCCCC2,3.6568862597108603e-09,O=C(Nc1ccccc1)CCCCC[NH2+]C2CCCCC2,8.44308018487042e-08,0.377,0.27692307692307694
CC(N)(C)C1=CC=CC=C1CCC(=O)C=CC(=O)CC=CC2=CC=C(N)C=C2,3.6568862597108603e-09,FC(F)(F)c1c(cccc1)CCNC(=O)CC=Cc2ccc(cc2)C,1.866436868034807e-07,0.406,0.4126984126984127
O=C(NC1=CC=C(N)C=N1)NCC(=O)C2=CC=CC=C2CC(=O)CC=C(N),3.6568862597108603e-09,O=C(NCC=CCNC(=O)c1c(cccc1)CC)c2ncc(N)cc2,1.016556387001877e-07,0.388,0.4090909090909091
CC(=C)C1=CC=CC=C1N2CCCC(C3=CC=CC(C(=O)C(N))=C3)C(=O)2,3.6568862597108603e-09,O=C(OC1C(=O)N(c2c(cccc2)C)CCC1)c3cc(ccc3)C4CC4,5.444018486747391e-08,0.423,0.4225352112676056
NC(=C)C1=CC=CC=C1CCC(=O)CC=C(C(=O)(N))C2=CC=C(C)C=C2C,3.6568862597108603e-09,O=C(N)c1c(cccc1)CCC(=O)OCC(=O)c2c(cc(cc2)C)C,1.2239453674810362e-07,0.483,0.47540983606557374
CC(N)(C)C1=CC=CC=C1NCCC2=CC(=C(C(=O)O))CC3=CC=CC=C23,3.6568862597108603e-09,O=C(Nc1c(cccc1)C(C)(C)C)CCCc2cc3c4c(cccc4)Cc3cc2,3.476332431465339e-09,0.342,0.37142857142857144
O=C(CCC1=CC=CC=C1)NC(=O)C(C(=O)(N))CCC=CC2=CC(C(=O)N)=CC=C2,3.6568862597108603e-09,O=C(N)c1cc(ccc1)CC(=O)NCC=CCNC(=O)CCc2ccccc2,2.72513176339802e-08,0.484,0.5
CC(C)C1=CC=CC=C1NC(=O)NCC(C(=C)C(=O)(N))CCCC2=CC=CC=C2,3.6568862597108603e-09,O=C(Nc1c(cccc1)C(C)C)NCCCc2ccccc2,7.891884314063094e-08,0.623,0.6226415094339622
C(=O)(CCC(C(=C(=O))N)CCC1=CC=CC=C1C(N))NCC2=CC=CC=C2,3.6568862597108603e-09,O=C(NCc1ccccc1)CNC(=O)CCc2c(cccc2)C[NH3+],2.6346771447493833e-08,0.6,0.44642857142857145
O=C(CC1=CC=CC=C1N)CCC2=CCC3=CC=CC(C(=O)N)=C3S2,3.7191312366078302e-09,O=C(N)c1c2c(ccc1)CN(C(=O)Cc3c(N)cccc3)CC2,3.0668876159758165e-08,0.429,0.42857142857142855
O=C(CC1=CC=CC=C1)NCCCC(C2=CC(C(=C(N))N)=CC=C2)CC,3.7191312366078302e-09,O=C(NCCNC(=O)CC(c1ccccc1)CC)Cc2ccccc2,7.629930967206321e-08,0.518,0.5178571428571429
O=C(CC1=CC=CC=C1)NCCCCC=CC=C2C(C(=O)O)=C(C(=O)C)C=CC2,3.7191312366078302e-09,O=C(NCCCCNC(=O)CCNC(=O)Cc1ccccc1)c2ccc(cc2)C(=O)C,5.263316539506193e-08,0.403,0.4153846153846154
C=C(C1=CC=CC=C1)C(=N)CCCC(C)C(=O)C2=CC=CC(C(=O)N)=C2,3.7191312366078302e-09,O=C(N)c1cc(NC(=O)C(CCCc2ccccc2)C)ccc1,4.0860975120705305e-08,0.441,0.4406779661016949
O=C(CC1=CC=C(C(=O)N)C(C)=C1)CSC=CC=C(N)C2=CC=CC=C2F,3.7191312366078302e-09,Fc1c(cccc1)C(=O)Nc2cc(c(cc2)C(=O)N)C,9.924036212805188e-07,0.433,0.43333333333333335
CCCC(=O)CC1=CC=CC=C1C(=C)C(=O)NC2CCCC3=CC=CC=C32,3.7191312366078302e-09,O=C(NC1c2c(cccc2)CCC1)c3c(cccc3)CCC,1.069354314392057e-07,0.586,0.6140350877192983
CCC1=NC(N)=C(C(=O)N)C=C1CC(=O)C=C(C=C)C2=CC=C(Cl)C=C2,3.7191312366078302e-09,Clc1ccc(cc1)C(=O)NCC=CCNC(=O)c2c(nc(nc2)N)CC,8.586792429037429e-08,0.357,0.35714285714285715
O=C(CC1=CC=CC=C(N)1)NCC2=CC=CC=C2C3CC(C)CCC3,3.7191312366078302e-09,O=C(NCc1c(cccc1)C2CCC2)Cc3c(N)cccc3,9.501917818235033e-08,0.804,0.8
O=C(N)C1=CC=CC=C1CCC(C(=O)C)CCCC2=CC(C(=O)N)=CC=C2C#N,3.7191312366078302e-09,O=C(N)c1c(cccc1)CCC(=O)NCC(CNC(=O)CCc2c(C#N)cccc2)C,5.263316539506193e-08,0.46,0.453125
NC(N)(CC)C(C)NC1=CC=CC=C1CC2=C(C(=O)N)C=CC=C2,3.7191312366078302e-09,O=C(N)c1c(cccc1)CC(=O)NC(C(CC)(C)C)C,3.922252447567377e-07,0.491,0.5
NC(=C(N))C1=CC=CC=C1CCCCCCC2CC3=CC=CC=C3CC2,3.7191312366078302e-09,O=C(N)c1c(cccc1)CCC(=O)NCCC2Cc3c(cccc3)CC2,1.6703828817525453e-08,0.508,0.5
O=C(CC1=CC=C(N)C=C1)NCC2=CC=CC=C2C=C(N)CC=CC,3.7191312366078302e-09,O=C(NCc1c(cccc1)CC)Cc2ccc(N)cc2,2.0307831856022635e-07,0.569,0.58
O=C(CCC1=CC=CC=C1)NCCC2CC(C(=O)O)=C(N)C3=CC=CC=C32,3.7191312366078302e-09,O=C(NCCNC(=O)CCc1ccccc1)C2c3c(c4c2cccc4)cccc3,3.3937368727139225e-08,0.5,0.5283018867924528
O=C(CC1=CC=CC(C(=O)(C))=C1)CC(N)CC=CC=CC2=CC=CC=C2,3.7824357042501205e-09,O=C(NCc1cc(ccc1)C(=O)C)C=CC=Cc2ccccc2,1.6584521607389992e-07,0.517,0.5172413793103449
CNC=CC1=CC=CC=C1NCCCCCNC(=O)CC2=CCCC=C2,3.7824357042501205e-09,O=C(NCCCCCCNC(=O)CC1=CCCC1)C=Cc2c(cccc2)C,7.891884314063094e-08,0.394,0.39436619718309857
O=C(NCC1CCCC1)NCC2CC3=C(C(=O)C(N))C=CC=C3CC2,3.7824357042501205e-09,O=C(NCC1Cc2c(cccc2)CC1)NCC3CCCC3,4.521567637491066e-08,0.625,0.625
O=C(NC1=CC(N)=CC=C1)NCCC(C(=O)O)CC2=CC3=CC=CC=C3CC2,3.7824357042501205e-09,O=C(Nc1cc(N)ccc1)CC2=Cc3c(cccc3)C2,2.894640452668897e-07,0.492,0.5
C(=O)(N)CCCNC(=O)CCCCC=C1C=CC2=CC(C(=O)N)=CC=C2S1,3.7824357042501205e-09,O=C(NCCCCNC(=O)CCCCC(=O)N)c1ccc(cc1)C(=O)N,2.994020218722163e-07,0.482,0.4727272727272727
CC(N)(C)C1=CC=CC=C1CCC(=C)C=CCC2=CC=CC(N)=N2,3.7824357042501205e-09,n1c(N)cccc1C[NH+](Cc2c(cccc2)C(C)(C)C)C,3.149523704937078e-07,0.407,0.41379310344827586
CCC1=CC=CC=C1CCC(=C(C(=O)C(N)))C=CC=CC2=CC=CC=C2O,3.7824357042501205e-09,O=C(NCCc1c(cccc1)CC)C=Cc2c(O)c(O)ccc2,4.056912532995847e-07,0.435,0.4166666666666667
CC(N)(C)C1=CC=CC=C1NCC(=O)NCCC2=CC(N)=C(N)CC2,3.7824357042501205e-09,O=C(NCCC1=CCCCC1)CNc2c(cccc2)C(C)(C)C,6.666228587545247e-08,0.533,0.5517241379310345
CC(N)(C)C1=CC=CC=C1CC(=O)CC(C)=CC2=CC(C(=O)O)=CC=C2CC,3.7824357042501205e-09,O=C(NCc1c(cccc1)C(C)(C)C)c2cc(c(cc2)CC)CC,5.352905056385263e-08,0.354,0.3709677419354839
CC(C)C1=CC=CC=C1N2CC(=O)C(=O)N(C3=CC(C(=O)N)=CC=C3)S2,3.7824357042501205e-09,S=C1SC(C(=O)N1c2cc(ccc2)C(=O)N)=Cc3c(cccc3)C(C)C,1.2659662699976492e-07,0.463,0.45454545454545453
O=C(CC1=CC=CC=C1)NCC(=O)C(=C(C(=O)N))CCC2=CC=CC=C2C#C,3.7824357042501205e-09,O=C(NCCC(=O)NCCc1c(C#C)cccc1)Cc2ccccc2,9.18652303100925e-08,0.593,0.5818181818181818
CCC1=CC=C(C(=O)O)C=C1C(=O)C(=C(C(=O)C))C2=CC3=CC=C(C(C(N)))C=C3C2,3.7824357042501205e-09,O=C(OCC(=O)c1c(ccc(c1)CC)CC)C2=Cc3c(cccc3)C2,4.01771083005885e-08,0.36,0.375
C=C(N)C1=CCCC=C1CC(=O)NCCC2=CC3=CC=CC=C3S2,3.7824357042501205e-09,S1c2c(cccc2)C=C1CCNC(=O)CC3=CCCC3,1.5501821972997198e-07,0.603,0.6140350877192983
C(C(=O)(N))CC1=CC(N)=C(C(=O)N)C=C1CCC(C)CC2=CC=CC=C2CC,3.84681769655304e-09,O=C(N)CCc1c(OCc2c(cccc2)CC)cccc1,3.5445020958727777e-07,0.444,0.4339622641509434
O=C(NCC1=CC=CC=C1)C(N)CC(=N)C=CC2=CC(C(=O)N)=CC=C2,3.84681769655304e-09,O=C(NN=Cc1cc(ccc1)C(=O)N)NCc2ccccc2,7.253213413653791e-08,0.5,0.5172413793103449
CC(N)(C)C1=CC=CC=C1CCCC(=O)C=CC=C(N)C2=CC=CC=C2,3.84681769655304e-09,Brc1c(cccc1)CCCC(=O)NCC(CNC(=O)C=CC(=O)c2ccccc2)(C)C,8.945490289059996e-09,0.348,0.373134328358209
CN(CC1=CC(C(=O)N)=CC=C1)C(=C(N))C=CC=CC2=CC=CC=C2F,3.84681769655304e-09,Fc1c(cccc1)C=CC(=O)N(Cc2cc(ccc2)C(=O)N)C,1.8351993794011885e-07,0.709,0.7037037037037037
CCC1=CC=CC=C1CCNC2=CC=C(N)C=C2C3=CNC(=N)CC3,3.84681769655304e-09,[O-][N+](=O)c1c(NCCc2c(cccc2)CC)ccc(N)c1,2.0307831856022635e-07,0.518,0.5
CC(CCC=CC1=CC(C(=O)N)=CC=C1)C(=O)CCCC2=CC(N)=CC=C2,3.84681769655304e-09,O=C(NCCCc1cc(N)ccc1)C(CC=Cc2ccccc2)C,6.779696498481721e-08,0.485,0.48484848484848486
CN(C(=O)C1=CC=CN=C1NC(=O)S)C(=O)CC2=CC=CC(C(=O)C(N))=C2C,3.84681769655304e-09,O=C(N(CCN(C(=O)Cc1c(c(ccc1)C)C)C)C)c2c(nccc2)NC,1.106067745068516e-07,0.485,0.48484848484848486
FC1=CC=CC=C1C=NC2=CC=CC=C2C(=O)C3=CC(C(N))=CC=C3C(=N),3.84681769655304e-09,Fc1c(cccc1)C=NNC(=O)Cc2cc3c(cc2)cccc3,2.3639267585660757e-07,0.359,0.359375
C(N)(N)CC1=CC=CC=C1C(=C)C(=C)CC=CC2=CC=C(Br)C=C2,3.84681769655304e-09,Brc1ccc(cc1)C=CCC(=O)NCCNC(=O)c2c(cccc2)CC(C)C,3.281089411501842e-08,0.467,0.4915254237288136
O=C(CCCCC(=O)NCC1=CC=CC(=O)C1)NC(=O)CC2=CC=C(N)N=C2,3.84681769655304e-09,O=C(NCc1cnc(N)cc1)CNC(=O)CCCCCCCCCC,2.798559374393035e-07,0.475,0.46774193548387094
O=C(NC(=O)NCC1=CC=CC(O)=C1)CCC(=O)CC2=CC=C3CCC(=C)SC3=C2,3.84681769655304e-09,O=C(NCc1cc(O)ccc1)Cc2cc3c(cc2)CCC3,1.1833192542966173e-07,0.477,0.47619047619047616
O=C(CC1=CC=CC=C1)NCC2=CC=CC=C2C3CCNC(C)=C3,3.84681769655304e-09,O=C(NCc1c(cccc1)C2CC2)NCCNC(=O)Cc3ccccc3,3.3937368727139225e-08,0.518,0.5178571428571429
CC(N)(C)C1=CC=CC=C1CCC=CC=CC=CC2=CC=CC(C(C(N)))=C2,3.84681769655304e-09,O=C(NCc1c(cccc1)C(C)(C)C)c2cc(ccc2)CC[NH3+],1.642426636793946e-08,0.381,0.2878787878787879
C(C(=C)N)C=C(C=CCC1=CC=CC=C1CCC(=O)N)C2=CC=C(C(=O)O)C=C2,3.84681769655304e-09,[O-]C(=O)c1ccc(cc1)C(=O)Nc2c(cccc2)CCC(=O)N,1.576568321506011e-07,0.464,0.35
O=C(NC1=CC(O)=CC=C1)C=CCC(C(=O)N)CC2=CC(C(=O)N)=CC=C2,3.84681769655304e-09,O=C(N)c1cc(ccc1)CC(=O)Nc2cc(O)ccc2,6.29182981330297e-07,0.564,0.5660377358490566
O=C(CC1=CC=CC=C1)NCC(C(=O)C)=CC2=CC=CC(=C2)C(N)CCCC,3.84681769655304e-09,O=C(NCC[NH2+]C(c1ccccc1)CCCC)Cc2ccccc2,5.7267700354556634e-08,0.46,0.453125
O=C(CC1=CC=CC(C(=O)N)=C1)C(=C)C=CC(C)CC2=CC=CC=C2,3.84681769655304e-09,O=C(N)c1cc(ccc1)CC(=O)OC(Cc2ccccc2)C,2.751721483358364e-07,0.547,0.5576923076923077
O=C(CCC1=CC=CC=C1)NC(=O)NC(C(=O)N)CCC(=O)C2=CC(C(=O)C)=CC=C2,3.84681769655304e-09,O=C(NC(CCNC(=O)CCc1ccccc1)C)c2cc(ccc2)C(=O)C,2.3410842758158432e-08,0.516,0.5161290322580645
CCC1=CC=C(C(=O)O)C=C1CCNC2=CC=CC=C2C3=CCC(=N)C(=O)S3,3.91229555439259e-09,O=C(NCCNC(=O)C=1c2c(cccc2)CC1)c3cc(c(cc3)CC)CC,2.915464175229528e-08,0.375,0.37681159420289856
O=C(CC1=CC=CC(C(=O)N)=C1)N2CCCC(C3=CCC(=O)CC3)=C(N)2,3.91229555439259e-09,O=C(N)c1cc(ccc1)CC(=O)N2c3c(c(N)ccc3)CCC2,5.352905056385263e-08,0.557,0.5862068965517241
O=C(NCCC(N)CCC1=CC=C(C(=O)N)C=C1)NC(=O)C2=CC=CC=C2,3.91229555439259e-09,O=C(NC(CCNC(=O)CCc1ccc(cc1)C(=O)N)C)c2ccccc2,1.642426636793946e-08,0.526,0.5357142857142857
O=C(CC1=CC=CC(C(=O)C)=C1)C(=O)C2CCC3=C(Cl)C=C(C(=O)(O))C=C3C2,3.91229555439259e-09,O=C(NCc1cc(ccc1)C(=O)C)C2Cc3c(cccc3)CC2,3.01555886830405e-08,0.439,0.4461538461538462
C(N)(=O)NC(=O)NC1=CC=CC=C1N(C)C=CC=CC2=C(C(=O)N)C=CC=C2Cl,3.91229555439259e-09,Clc1c(c(Cl)ccc1)C=CC(=O)Nc2c(N(C)C)cccc2,4.884568494700594e-07,0.443,0.45
O=C(CC1=CC(C(=O)C)=CC=C1C)NC2=CC=CC=C2CCC(C)C(N)C,3.91229555439259e-09,O=C(Nc1c(cccc1)CCC(C)C)Cc2c(ccc(c2)C)C,5.352905056385263e-08,0.618,0.6181818181818182
O=C(NCC1=CC=CC=C1)CCC(=C(=N))C=CC=CC2=CC=CC=C2,3.91229555439259e-09,O=C(NCCC(=O)NCc1ccccc1)C=CC=Cc2ccccc2,3.3937368727139225e-08,0.646,0.6458333333333334
NC(N)=CC(C)C1=CC=CC=C1CCNC(=O)CCC2=CC=CC=C2,3.91229555439259e-09,O=C(NCCNC(=O)CCc1ccccc1)Cc2c(cccc2)C(C)C,9.342889642716197e-08,0.588,0.5882352941176471
CCC1=CC=CC(C(=O)C)=C1CCNC(=O)CC2C(=O)NC3=CC=CC=C3S2,3.91229555439259e-09,S1c2c(NC(=O)C1CC(=O)NCCNC(=O)c3c(cccc3)CC)cccc2,1.7571392636239635e-08,0.717,0.711864406779661
CC(N)(C)C1=CC=CC=C1CCCCC2(C)C(=O)C3=CC=CC=C3C2,3.91229555439259e-09,O=C1c2c(cccc2)CC13C[NH+](Cc4c(cccc4)C(C)(C)C)CC3,2.011159849253765e-08,0.403,0.4098360655737705
FC1=CC=CC(C(=O)N)=C1CC(=O)NC2=CC=CC=C2C=CC(N)=CCl,3.91229555439259e-09,Fc1c(c(F)ccc1)CC(=O)Nc2c(cccc2)C=CC(F)(F)F,7.448648416157136e-07,0.554,0.5535714285714286
CCC1=CC=CC=C1CCN(C)CC=C2SC3=CC(C(=O)N)=CC=C3C(=N)2,3.91229555439259e-09,O=C(N)c1cc(ccc1)C[NH+](CCc2c(cccc2)CC)C,7.891884314063094e-08,0.5,0.36363636363636365
O=C(CCC1=CC=CC=C1)NCN2C=CC3=CC=CC(C(=O)C(N))=C3C2,3.91229555439259e-09,[O-]C(=O)c1c2c(ccc1)CN(C(=O)CNC(=O)CCc3ccccc3)C2,3.451502703596816e-08,0.424,0.417910447761194
CN(CC1=CC=C(C(=O)N)C=C1N)C(=C)C=CC2=CC(C(=C)N)=CC=C2C,3.91229555439259e-09,O=C(N(CCN(C(=O)c1cc(N)c(cc1)CC)C)C)c2c(ccc(c2)C(=O)N)C,3.01555886830405e-08,0.444,0.45901639344262296
CC1=C(C(=O)O)C=CC=C1CCCC(=C)C=C2C=CC3=CC(C(=O)(O))=CC=C3[NH1]2,3.91229555439259e-09,O=C(NCCCCNC(=O)c1cc2NC(=O)C(=O)Nc2cc1)c3c(c(ccc3)CO)C,9.663652860855617e-08,0.312,0.27848101265822783
CNC1=CC=CC(C(=O)N)=C1CC=C(C(=C)C)NC(=O)CC=CC2=CC=CC=C2,3.91229555439259e-09,O=C(NCCNC(=O)CC=Cc1ccccc1)c2c(NC)cccc2,2.9439110110908165e-07,0.476,0.47540983606557374
C(=O)(N)CC1=CC=CC=C1CC=C(C(=O)C)C2=CC3=CC=C(C(=O)N)C=C3S2,3.9788879308305e-09,S1c2c(ccc(OC)c2)C=C1C(=O)Nc3c(cccc3)CC(=O)N,5.98117919997189e-07,0.439,0.4393939393939394
C=C(CC1=CC(C(=C(N))N)=CC=C1)C(=O)C(=C)CCCC2=CC=CC=C2F,3.9788879308305e-09,Fc1c(cccc1)CCCNC(=O)Cc2cc(ccc2)C(=O)N,1.1635147152901845e-07,0.508,0.5166666666666667
C(C(=O)O)#CC1=CC=CC=C1CCC(N)C2=CC3=CC=CC(C(=O)C)=C3C=C2,3.9788879308305e-09,Clc1cc2c(c(ccc2)C(=O)NCCC(NC(=O)CCc3c(C#N)cccc3)C)cc1,2.4626755610502637e-08,0.354,0.35802469135802467
O=C(CC1=CC=CC=C1)NCCC(C(=O)C2=CC)=CC(C(=O)C)=C2C#N,3.9788879308305e-09,O=C(NCCNC(=O)Cc1ccccc1)Cc2ccc(C#N)cc2,3.856607946889424e-07,0.446,0.44642857142857145
O=C(C(N)C1=CC=CC=C1)NCCCC2=CC=CC=C2CC(=C(N))CC,3.9788879308305e-09,O=C(NCCCCNC(=O)C(c1ccccc1)c2ccccc2)C=C(CC)CC,5.352905056385263e-08,0.456,0.4642857142857143
CCC=C(C(=O)(N))C1=CC=CC=C1CCC(C)CNCC2=CC=CC=C2C,3.9788879308305e-09,O=C(N)c1c(cccc1)CCC(=O)NCC(CNC(=O)CCc2c(cccc2)C)C,5.352905056385263e-08,0.397,0.4426229508196721
CCC1=C(N)C=CC=C1CCNC2=CC=CC=C2C=CC3=CC=CC(=N)3,3.9788879308305e-09,FC(F)(F)C=Cc1c(NCCc2c(cccc2)CC)cccc1,1.898206059494335e-07,0.426,0.43333333333333335
CC(N)(C)C1=CC=CC=C1NCC(=O)NC2=NC=C(C)C(C(=C)C(N))=N2,3.9788879308305e-09,O=C(Nc1c(cccc1C)C)CNc2c(cccc2)C(C)(C)C,2.172619946236769e-07,0.443,0.45
CC(CC1=CC=CC=C1N)CCCC(C(=O)O)CC2=CC=CC(C(=O)N)=C2,3.9788879308305e-09,[O-]C(=O)C(Cc1ccccc1)CCC[NH2+]Cc2cc(ccc2)C(=O)N,1.1635147152901845e-07,0.569,0.46774193548387094
C(=C(C(=O)C))C1C2=CC=CC=C2C(=C)C=1C3=CC4=CC=C(C(=O)N)C=C4S3,3.9788879308305e-09,S1C(c2c(c3c(ccc(c3)C(=O)N)C)cccc2)=CC=C1C(=O)C,1.1248944616653033e-07,0.354,0.359375
O=C(CCC1=CC=CC=C1F)NC(=O)CCC(C(=C)N)CC2=CC(C(=O)N)=CC=C2,3.9788879308305e-09,Fc1c(cccc1)CCC(=O)NCc2cc(ccc2)C(=O)N,2.445085884224233e-07,0.614,0.6140350877192983
O=C(CCC1=CC(C(=O)O)=CC=C1)NCC2=CSC3=CC=C(C(=O)C(N))C=C3S2,3.9788879308305e-09,[O-]C(=O)c1cc(ccc1)CCC(=O)NCc2ccc(cc2)C(=O)C,6.337092539563196e-08,0.516,0.4090909090909091
CC1=CC=C(NC=CCC(C(=O)N)CC2=CC(C(=O)N)=CC=C2C)C=C1,3.9788879308305e-09,O=C(Nc1ccc(cc1)C)c2c(ccc(c2)C(=O)N)C,3.203132708971498e-07,0.436,0.43636363636363634
CN(C(=O)C1=CC=C(N)C=C1)CCC=CC2=CC=CC(N)=C2CC(=C)CC,4.046613796427911e-09,O=C(N(CCC=C1c2c(cccc2)CCc3c1cccc3)C)c4ccc(N)cc4,2.318462518608964e-09,0.415,0.4375
O=C(NC1=CC=CC=C1)CSC=CCN(C2=CC(C(=O)N)=CC=C2)CC(=O)CC,4.046613796427911e-09,O=C(N)c1cc(NC(=O)CN(c2ccccc2)CC(=O)Nc3ccccc3)ccc1,1.1140246738246686e-08,0.517,0.5517241379310345
CCC1=CC=C(C(=O)N)N=C1CC(=C(C(=O)N))C2=CC3=CC=CC=C3N2,4.046613796427911e-09,O=C(N(CCN(C(=O)C=1Nc2c(cccc2)C1)C)C)c3nc(ccc3)C(=O)N,2.26337724959514e-08,0.469,0.47540983606557374
C=CC1=C(O)C=C(C(=O)N)C=C1CC(=C(C(=O)O))C2=CC3=CC=CC=C3[NH1]2,4.046613796427911e-09,O=C(N)c1cc(O)c(NC(=O)C=2Nc3c(cccc3)C2)cc1,1.061716443979821e-06,0.446,0.4444444444444444
C(C(=O)N)C(CC1=CC(C(=O)N)=CC=C1)N2CCCC(C3=CC=CC=C3)C2,4.046613796427911e-09,O=C(N)c1cc(ccc1)C[NH+]2CC(c3ccccc3)CCC2,3.281089411501842e-08,0.632,0.5
N=C(C)C1=CC=C(C(=O)N)C=C1N2CCC(=O)C(C3=CC(C(=O)N)=CC=C3)=C2,4.046613796427911e-09,O=C(N1CCC(=O)CC1)c2c(cc(c3cc(ccc3)C(=O)N)cc2)C,6.554659724274869e-08,0.429,0.45161290322580644
O=C(CCC1=CC=CC=C1)NCC(=O)C=2CC3=CC=CC=C3SC(C(=O)C(=N))2,4.046613796427911e-09,S1c2c(N(C(=O)CNC(=O)CCc3ccccc3)Cc4c1cccc4)cccc2,1.3188497414058236e-08,0.484,0.5
CC(CC1=C(C(=O)C)C=CC=C1CC(N)C)NCCC2=CC=CC=C2,4.046613796427911e-09,O=C(NC(C([NH3+])C)CCc1ccccc1)c2c(cccc2)CC(C)C,5.7267700354556634e-08,0.393,0.3770491803278688
CSC1=CC=C(C(=C(N)(C(=O)C))N)C=C1CC(=O)C2CC3=CC=CC=C3C2,4.046613796427911e-09,Brc1cc(c(SC)cc1)CCNC(=O)C2Cc3c(cccc3)C2,9.898843400829273e-09,0.429,0.42857142857142855
CC(N)(C)C1=CC=CC=C1N(C)CCCCCCC2=CC=CC(C(=C(N))N)=C2,4.046613796427911e-09,O=C(N(CCCCN(C(=O)c1cc(ccc1)CCC)C)C)c2c(cccc2)C(C)(C)C,3.1721810293620355e-08,0.382,0.4090909090909091
C(C(C)C)=C(C)C1=CC=CC=C1N2C(=O)CCC(C3=CC=CC(C(=O)N)=C3)=C2,4.046613796427911e-09,O=C(N)c1cc(c2ccc(cc2)C(=O)C(N3C(=O)CCC3=O)C)ccc1,6.666228587545247e-08,0.46,0.45161290322580644
C(=O)(N)N(CC(=O)CCCC1=CC=CC=C1)C=CC2=CC3=CC=CC(N)=C3[NH1]2,4.046613796427911e-09,O=C(Nc1c2NC(C(=O)N)=Cc2ccc1)CCCc3ccccc3,4.6768036128584304e-08,0.412,0.417910447761194
O=C(CC1=CC=CC=C1)NCCCCC(=N)C=CC2=CN=CC3=C2C(=O)C=C3,4.046613796427911e-09,O=C(NCCCCNC(=O)CCNC(=O)Cc1ccccc1)C=Cc2c(ccnc2)C,1.6306955934488178e-07,0.486,0.5072463768115942
CC1=CC=CC=C1CNC(=O)CCC(N)=C2C=C(C(=O)N)SC3=NC=CC=C32,4.115492444649671e-09,O=C(N)c1ncccc1NCC(=O)NCc2c(cccc2)C,7.704377909721083e-07,0.5,0.47692307692307695
CC(N)(N)CCCC1=CC=CC=C1N2CCCC(C3=CC=CC=C3)C(=O)2,4.115492444649671e-09,O=C1N(c2c(cccc2)C)CCCC1[NH2+]C(CCc3ccccc3)(C)C,4.226382781160167e-08,0.415,0.42857142857142855
CC(CC1=CC=CC=C(N)1)C(C(=O)N)CCC(=O)NC2=CC=CC(C)=C2,4.115492444649671e-09,O=C(Nc1cc(ccc1)C)Cc2c(N)cccc2,1.488022715946687e-06,0.596,0.5961538461538461
CCC1=CC=CC=C1CCNC(=O)C2=C(C(=O)O)SC3=CC=CC(C(=O)C(N))=C3C2,4.115492444649671e-09,Clc1c(cccc1)C(=O)NCCNC(=O)C(=O)NCCc2c(cccc2)CC,1.2239453674810362e-07,0.409,0.40625
CN(CC1=CC(C(=O)N)=CC=C1)C(=O)CC(N)C(=O)CC2=CC=CC(N)=N2,4.115492444649671e-09,O=C(N)c1cc(ccc1)CN(C(=O)CC([NH3+])c2ccccc2)C,5.175227414503487e-08,0.576,0.559322033898305
CC(N)(C)C1=CC(N)=CC=C1CC(=O)C2=CC3=CC=CC(C(=O)N)=C3C2,4.115492444649671e-09,Fc1c(ccc(N)c1)CC(=O)N2Cc3c(c(ccc3)C(=O)N)CC2,5.7267700354556634e-08,0.361,0.36619718309859156
OC(O)(CC1=CC=CC=C1)C(=C(N))CCCC=2C(=O)C3=CC=CC=C3C(C)2,4.115492444649671e-09,O=C(NNC(=O)CCCc1ccccc1)C(O)(Cc2ccccc2)C,2.172619946236769e-07,0.344,0.3333333333333333
NC1=CC(C(=O)N)=CC2=C1CC(=O)N2CCC=CC3=CC(N)=CC(F)=C3,4.115492444649671e-09,Fc1cc(N)cc(c1)C(=O)NCCN2c3c(cccc3)CC2=O,5.824247135708563e-08,0.38,0.4
O=C(NC(=O)CC1=CC=CC=C1)NCCCCC2CC=C(C(=O)(N))CC2,4.115492444649671e-09,O=C(NCCNC(=O)Cc1ccccc1)NCCCCCC2CC2,5.225723265577915e-07,0.554,0.5535714285714286
C(N)C(CC1=CC(C(=O)N)=CC=C1)CCCCC(N)=CC2=CC=CC=C2Cl,4.115492444649671e-09,Clc1c(cccc1)C=C(C(=O)NCc2cc(ccc2)C(=O)N)C,4.0860975120705305e-08,0.484,0.49206349206349204
O=C(C#CC1=CC=CC=C1)NC(=O)CC=CC(=O)CC2=CC=C(C(=O)N)C=C2,4.115492444649671e-09,O=C(NCc1ccc(cc1)C(=O)N)C#Cc2ccccc2,4.340261014476901e-07,0.558,0.5576923076923077
CC(N)(C)C1=CC=CC=C1NC(=C)CCCC2=CC(C(=O)N)=CN=C(N)2,4.115492444649671e-09,Clc1c(ncc(c1)C(=O)N)C(=O)Nc2c(cccc2)C(C)(C)C,2.798559374393035e-07,0.433,0.4461538461538462
N#CC1=CC=C(C(=O)(O))C=C1CC(=C(C(=O)N))C=CC2=CC(C(=O)(N))=CC=C2,4.115492444649671e-09,[O-]C(=O)Cc1c(C#N)cc(c2cc(ccc2)C(=O)N)cc1,4.196195813603635e-07,0.429,0.3968253968253968
C(=O)(CC=CC1=CC(N)=CC=C1)C(=C(C(=O)C))CCCC2=CC=CC=C2,4.115492444649671e-09,O=C(N(CCCc1ccccc1)C)C=Cc2cc(N)ccc2,1.377439043709943e-07,0.508,0.5084745762711864
CC(N)(C)C1=CC=CC=C1CCCC2=C(C)C=C(C(=C(=N))N)C=C2,4.115492444649671e-09,[NH2+](Cc1c(cccc1)C(C)(C)C)CCCc2c(cc(cc2)C)C,4.298321332126153e-08,0.379,0.3793103448275862
O=C(CC1=CC=CC=C1)NCCC(=C(CN))CC(=C(=O))CC2=CC=CC=C2,4.115492444649671e-09,O=C(NCCC(=O)NCCNC(=O)CCNC(=O)Cc1ccccc1)Cc2ccccc2,2.011159849253765e-08,0.511,0.5227272727272727
CN(CC1=CC=CC=C1)C(=O)CC=CC2=CC=CN=C2CC(=C)C(C(=O)N)=C,4.18554349736059e-09,O=C(N(Cc1ccccc1)C)CNC(=O)Cc2ncccc2C,5.052267137144056e-07,0.446,0.46153846153846156
CSC1=CC=CC(C(=O)O)=C1CCNC(=O)C(=O)N2CC3=CC=CC=C3C(=N)2,4.18554349736059e-09,S(c1c(cccc1)CCNC(=O)C(=O)N2Cc3c(c4c(cccc4)C2)cccc3)C,1.5352028795297333e-08,0.516,0.5238095238095238
O=C(NC(=O)CC(=C(=O))C=CC1=CC=CC=C1)CCC2=CC3=CC=CC=C3C(=O)2,4.18554349736059e-09,O=C1OC(C(=O)NCCNC(=O)C=Cc2ccccc2)=Cc3c1cccc3,1.0514571415418939e-07,0.368,0.2602739726027397
O=C1N(C2=CC=CC=C2C1)C(=O)C(C)CCC(=O)CC3=CC(C(=O)N)=CC=C3,4.18554349736059e-09,O=C1N(c2c(cccc2)C1)CC(=O)NCC(CNC(=O)Cc3cc(ccc3)C(=O)N)C,1.2121184566672398e-08,0.536,0.5522388059701493
O=C(N)CCCCCCCC1=CC=CC=C1CCNC2=CCNC[CH1]2,4.18554349736059e-09,O=C(NCCc1c(cccc1)CC)CCCCC(=O)N,2.994020218722163e-07,0.444,0.4423076923076923
O=C(N)C1=CC=C(C(=O)O)C=C1CCCC=CC2=CC3=CC=C(C(=O)O)C=C3C2,4.18554349736059e-09,Clc1c(ccc(c1)C(=O)NCC=CCNC(=O)C2=Cc3c(cccc3)C2)C(=O)N,1.1140246738246686e-08,0.324,0.3380281690140845
O=C(NCC1=CC=CC=C1)C(C)CCC=CC=C(N)C2=CC=CC=C2,4.18554349736059e-09,O=C(NCc1ccccc1)C(CC=Cc2ccccc2)C,1.016556387001877e-07,0.5,0.5
O=C(CC1=CC=CC=C(N)1)CCC2=CC=CC=C2C3CCCC(C)C3,4.18554349736059e-09,O=C(NC1CC(CCC1)C)CCc2c(N)cccc2,5.685866541802747e-07,0.545,0.5454545454545454
O=C(CC1=CC=C(C(=O)O)C=N1)C(=O)C2=CC=CC=C2CC3=CC(=O)CC=C3,4.18554349736059e-09,[O-]C(=O)c1cnc(cc1)CNC(=O)c2c(cccc2)Cc3ccccc3,3.8843519569743744e-08,0.431,0.40298507462686567
C(=O)=C(CC1=CC(C(=O)N)=CC=C1)CC(=C(=N))C2=CC=C(C(=O)O)C=C2,4.256786910415251e-09,O=C(NCCNC(=O)Cc1cc(ccc1)C(=O)N)c2ccc(cc2)C(=O)N,4.0860975120705305e-08,0.404,0.43636363636363634
O=C(CC1=CC(C(=O)N)=CC=C1)CCC=CC=C2C=CC(C(=O)O)=CC2=C,4.256786910415251e-09,O=C(N)c1cc(ccc1)CC(=O)NCC=CCNC(=O)CCC=C,1.016556387001877e-07,0.397,0.42857142857142855
C=CC1=C(C(=O)N)C=CC=C1CC(=O)C2=CC3=CC(C(=O)O)=CC(C(=O)N)=C3S2,4.256786910415251e-09,Brc1c2SC(C(=O)OCc3c(cccc3)C(=O)N)=Cc2ccc1,1.576568321506011e-07,0.362,0.36764705882352944
CC(CC1=CC=CC=C1N)C(C)CCNC(=O)NC2=CC=CC(N)=C2,4.256786910415251e-09,O=C(Nc1cc(NC(=O)NCCC)ccc1)NCc2c(N)cccc2,5.630924353796884e-08,0.556,0.5555555555555556
C(C(=O)C)=C(CC1=CC=CC(C(=O)C(N))=C1)N2CCCC(C3=CC=C(C(=O)O)C=C3)=C2,4.256786910415251e-09,[O-]C(=O)c1cc(ccc1)CN(C(=O)c2ccc(cc2)C3=CCCC3)C,1.9305160040558177e-07,0.392,0.32
CC1=C(C(=C(N))N)C=CC=C1CCCC(=O)C(=O)CC2=NC3=CC=CC=C3S2,4.256786910415251e-09,S1c2c(N=C1CCCC(=O)Nc3c(c(ccc3)C(=O)N)C)cccc2,5.175227414503487e-08,0.5,0.5
CC(N)(C)C1=CC=CC=C1C(=O)CNC2=CC=CC3=C2C=CC(C(=O)N)=C3,4.256786910415251e-09,FC(F)(F)c1c(cccc1)C(=O)CNC(=O)c2c3c(cc(c2)C(=O)N)cccc3,3.8843519569743744e-08,0.492,0.4838709677419355
O=C(CC1=CC=CC=C1)C(=O)CC=C(C=CC(N)=C)C2=CC=CC(C(=O)N)=C2,4.256786910415251e-09,O=C(N)c1cc(ccc1)CNC(=O)C(=C)Cc2ccccc2,1.069354314392057e-07,0.455,0.45454545454545453
C(=O)=C(CC1=CC(C(=O)O)=CC=C1)N2CC=CC(C3=CC=CC(C(=O)(O))=C3)=C2,4.256786910415251e-09,[O-]C(=O)c1cc(c2cc(NC(=O)Cc3cc(ccc3)C(=O)N)ccc2)ccc1,5.483182152299871e-09,0.397,0.3181818181818182
CC(N)(C)C1=CC=CC=C1CCC(=O)CCC(C(=O)N)CC2=CC=CC=C2,4.256786910415251e-09,O=C(N)C([NH2+]Cc1c(cccc1)C(C)(C)C)Cc2ccccc2,1.1440416335501129e-07,0.439,0.44642857142857145
O=C(CC1=CC=C(O)C=C1)NCC2=CC=CC=C2CCC(N)C=C(N),4.256786910415251e-09,O=C(NCc1c(cccc1)C[NH3+])Cc2ccc(O)cc2,3.149523704937078e-07,0.6,0.5714285714285714
O=C(CC1=CC(N)=C(C(=O)N)C1)CCCCC=CC2=CC=C(C(=O)O)C=C2,4.256786910415251e-09,O=C(N)c1ccc(cc1)CC(=O)NCCCCNC(=O)CCC=Cc2ccccc2,5.352905056385263e-08,0.329,0.3582089552238806
NC(CC1=CC=CC=C1)C2CCCN(C3=CC=CC(C(=O)C(C(=O)C))=C3)C2,4.256786910415251e-09,O=C(NC(C1CCCC1)Cc2ccccc2)c3cc(N4CCCC4)ccc3,9.733172108370871e-09,0.508,0.5396825396825397
CC1=CC=CC=C1CC(=C(N))CCC=CC2=CC3=CC(C(=O)C)=CC=C3N2C,4.256786910415251e-09,O=C(NCC=CCNC(=O)Cc1c(cccc1)C)C=CC=2N(c3c(cccc3)C2)C,3.195001348067469e-09,0.444,0.4444444444444444
O=C(CCC1=CC=CC(N)=C1)NC2CCCC3=CC=C(C(=O)N)N=C32,4.256786910415251e-09,O=C(NC1c2ncccc2CCC1)CCc3cc(N)ccc3,3.8193417751766345e-08,0.712,0.7241379310344828
NC1=CC=CC=C1CC2=CC=CC=C2CCC(N)C3=CC(N)=CC=N3,4.256786910415251e-09,O=C(NCc1c(N)cccc1)c2nccc(N)c2,1.463118529005241e-06,0.389,0.40384615384615385
O=C(CCC1=CC(=C(C(=O)O))CC=C1)NC(=O)C(=O)NC(=O)C2=CC=CC=C2,4.329242979342871e-09,O=C(NC(=O)COC(=O)C=C1CCC1)c2ccccc2,1.4386311492271292e-06,0.339,0.3442622950819672
CC(N)(C)C1=CN=CC=C1NC(C)C(=O)NC(=O)C2=CC(N)=CC=C2,4.329242979342871e-09,FC(F)(F)c1c(ccnc1)C(=O)NCC(CNC(=O)c2cc(N)ccc2)C,3.36949708418157e-07,0.478,0.48484848484848486
CC(N)(C)C1=CC=CC=C1NC(=O)C(C)CCCC2=CC=CC(N)=C(N)2,4.329242979342871e-09,O=C(Nc1c(cccc1)C(C)(C)C)C(CCCc2ccccc2)C,1.1248944616653033e-07,0.554,0.5636363636363636
O=C(NCC1=CC=CC=C1)NC(=O)CCCC=CC2=CNCC(C(=O)C)=C2,4.329242979342871e-09,S(CCC(=O)NC(=O)NCc1ccccc1)CCC=Cc2ccccc2,1.5613340361974413e-08,0.469,0.46153846153846156
O=C(CCC1=CC=CC=C1)NC(=O)NCC(=C(N))C=CC2=CC(C(=O)O)=CC=C2C,4.329242979342871e-09,O=C(NCCNC(=O)CCc1ccccc1)C=Cc2c(cc(c(c2)C)C)C,3.755419631688537e-08,0.455,0.46875
C(C(=C(=N)))CC1=CC=CC(C(=O)N)=C1CCC(=O)NCC2=CC=CC=C2O,4.329242979342871e-09,O=C(N)c1c(cccc1)CCC(=O)NCc2c(O)cccc2,5.138263317745444e-07,0.623,0.6153846153846154
O=C(C)C1=C(C(=O)O)C=CC2=C1C=CC=C2CC3CC4=CC=CC(C(=O)N)=C4C3,4.329242979342871e-09,[O-]C(=O)c1c2c(c(cc1)C(=O)N3Cc4c(c(ccc4)C(=O)N)CC3)cccc2,2.6795227883814164e-08,0.388,0.3188405797101449
CC1=CC=CC=C1NNC(=O)CCC=C2CC(=O)SC3=CC=CC(N)=C32,4.329242979342871e-09,S1c2c(N(c3c1cccc3)CCC(=O)NNc4c(cccc4)C)cccc2,9.733172108370871e-09,0.453,0.4603174603174603
O=C(C)C1=CC=CC=C1CC2=CC=CC=C2[NH1]CC(C(=O)O)CC3=CC=CC=C3,4.329242979342871e-09,[O-]C(=O)C(CNC(=O)c1c(cccc1)Cc2ccccc2)Cc3ccccc3,1.2967769059876142e-08,0.588,0.46296296296296297
O=C(CCC1=CC=C(C(=O)N)C=C1)NC(=O)CNC(=O)C2=CC(=C)C=C(N)2,4.329242979342871e-09,O=C(NCC(=O)NCCNC(=O)CCc1ccc(cc1)C(=O)N)c2ccc(N)cc2,5.0886125869110914e-08,0.519,0.5272727272727272
O=C(N)C1=CCCC=C1NC(=O)CCN2CCCC3=C(C(=O)N)C=CC=C32,4.329242979342871e-09,O=C(N)c1c2c(N(CCC2)CCCC(=O)Nc3c(cccc3)C(=O)C)ccc1,8.361495206493742e-09,0.578,0.6129032258064516
CN(CC1=CC=CC(C(=C)(N))=C1)C(=O)C(=C(C(=O)N))C=CC2=CC=CC=C2F,4.329242979342871e-09,Fc1c(cccc1)C=CC(=O)N(Cc2cc(ccc2)C(=O)N)C,1.8351993794011885e-07,0.627,0.6491228070175439
CSC1=CC=CC=C1CCNC(=O)CC2=CC3=CC=CC(C(=C)C(N))=C3[NH1]2,4.40293234512913e-09,S(c1c(cccc1)CCNC(=O)CC=2NC(=O)NC(=O)C2)C,4.196195813603635e-07,0.571,0.5714285714285714
CC1=CC=CC=C1CCC=CC(=O)CC=CC2=CC=CC(C(=O)N)=C2C#N,4.40293234512913e-09,O=C(OCCc1c(cccc1)C)C=Cc2c(C#N)cccc2,7.575434133745734e-07,0.409,0.4090909090909091
N=C(CC1=CC=CC=C1)CC2=C(C(=O)N)C=C(C3=CC=CC=C(N)3)C(=O)2,4.40293234512913e-09,O=C(N)C=1C(=O)c2c(N(C1)Cc3ccccc3)cccc2,7.8355164770535e-07,0.328,0.26229508196721313
O=C(NCC1=CC=CC=C1)NCCC=2C(C(=O)C)C3=CC=CC=C3C2,4.40293234512913e-09,O=C(NCc1ccccc1)NCCc2ccc(cc2)C(=O)C,1.686681181030728e-07,0.52,0.52
CN(C(=O)C1=CC=CC=C1NNCC)C(=O)CC2=CC=CC(C(=C)N)=C2F,4.40293234512913e-09,Fc1c(F)cccc1CC(=O)N(CCN(C(=O)c2c(NC(=O)N)cccc2)C)C,8.732950843165048e-08,0.477,0.49206349206349204
O=C(CCC1=CC(C(=O)N)=CC=C1)C(N)CCC(C(=O)O)=CC2=CC=CC=C2,4.40293234512913e-09,O=C(N)c1cc(ccc1)CCNC(=O)C(=Cc2ccccc2)CC,4.8373692017537316e-08,0.5,0.5172413793103449
O=C(C(=O)C1=CC=CC(C(=O)N)=C1)N(C)C=CN2C3=CC=CC=C3CCC(=O)2,4.40293234512913e-09,O=C(N)c1cc(ccc1)CN(C(=O)CN2c3c(cccc3)CCC2=O)C,1.9444039222013203e-08,0.485,0.515625
C=C(C(=O)C1=CC(C(=C)N)=CC=C1)CCC(=O)C=CC2=CC=CC(N)=N2,4.40293234512913e-09,O=C(N)c1cc(c2nc(N)ccc2)ccc1,1.539110010486632e-06,0.339,0.37037037037037035
CN(CC1=CC(C(=O)O)=CC=C1)C(=C(=C(N)))C=CC=CC2=CC=CC(C)=C2,4.40293234512913e-09,[O-]C(=O)c1cc(ccc1)CN(C(=O)C=Cc2cc(ccc2)C)C,1.2239453674810362e-07,0.655,0.532258064516129
C(C(=O)O)C(CC1=CC(C(=O)N)=CC=C1)N2CCCC(C3=CC=CC=C3)=C(N)2,4.40293234512913e-09,O=C(N)c1cc(ccc1)CC(=O)N2CCN(C(=O)C3=C(c4ccccc4)CCC3)CC2,8.945490289059996e-09,0.471,0.49230769230769234
O=C(NCC1=CC=CC=C1)NCCC2C(C)CC3=CC=C(C(=O)C)C=C3C=2,4.40293234512913e-09,O=C(NCc1ccccc1)NCCc2ccc(cc2)C(=O)C,1.686681181030728e-07,0.556,0.5555555555555556
O=C(CC1=CC(C(=O)O)=CC=C1)NC(=O)CC=C2C=C(C(=O)C(N))C=CC2=C,4.40293234512913e-09,O=C(N)c1cc(ccc1)CC(=O)NCCNC(=O)CC=CC=C,1.9305160040558177e-07,0.319,0.38461538461538464
C(=O)(N)C1=CC=CC=C1CSC2=CC(C(=O)O)=CC=C(C(=C(=C(=C)))C(N))2,4.40293234512913e-09,Clc1cc(SCC)c(cc1)C(=O)OCc2c(cccc2)C(=O)N,1.5501821972997198e-07,0.353,0.36923076923076925
O=C(CC1=CC=CC=C1)NCCC2C(=O)C(=O)C=C2SC3=CC=CC=C3,4.4778760000961505e-09,S(c1ccc(cc1)C(=O)NCCNC(=O)Cc2ccccc2)c3ccccc3,8.648564861970537e-09,0.51,0.5098039215686274
CC(N)(C)C1=CC=CC=C1CC(=O)NC(CC)C2=CC=C(C(=O)N)C=C2C,4.4778760000961505e-09,O=C(N)c1cc(c(NCc2c(cccc2)C(C)(C)C)cc1)C,1.377439043709943e-07,0.459,0.48333333333333334
C(N)CCCCC1=CC=CC=C1CC(=O)NC2(C)C3=CC=CC=C3CC2,4.4778760000961505e-09,O=C(NC1(c2c(cccc2)CC1)C)Cc3c(cccc3)CC,6.779696498481721e-08,0.7,0.7142857142857143
C(O)#CC1=CC(C(=O)(N))=CC=C1C(=C)CCC2=CC=CC=C2C(=O)N,4.4778760000961505e-09,O=C(N)c1c(cccc1)CCC(=O)Nc2c(O)cc(cc2)C(=O)N,9.434050306048824e-07,0.482,0.48214285714285715
CC1=CC=C(C(=O)N)C=C1CC(=O)C2=CC=CC=C2C(C(=C(=N))C(CC)),4.4778760000961505e-09,Fc1c(cccc1)CC(=O)c2c(c3c(ccc(c3)C(=O)N)C)cccc2,2.1516260497613893e-08,0.475,0.4915254237288136
C(=O)(N)C(CC1=CC(C(=O)N)=CC=C1)N2CCN(CC3=CC=CC(C(=O)(N))=C3)C(=O)2,4.4778760000961505e-09,O=C1N(C(=O)CCN1Cc2cc(ccc2)C(=O)N)Cc3cc(ccc3)C(=O)N,2.936437701342053e-09,0.577,0.5769230769230769
O=C(CC1=CC=CC=C1)NCCCC2=CC(C(=O)N)=C(C)C(N)=C2C,4.4778760000961505e-09,O=C(NCCNC(=O)Cc1ccccc1)c2c(c(ccc2)C(=O)N)C,6.666228587545247e-08,0.547,0.5471698113207547
O=C(CC1=CC=CC=C1)NCC=CC=CCC2=CC=CC(C(=O)C(N))=C2,4.4778760000961505e-09,O=C(N)c1cc(ccc1)CC(=O)NCC=CCNC(=O)CCNC(=O)Cc2ccccc2,3.5102517843139754e-08,0.518,0.5555555555555556
O=C(NC1=CC=CC(C(=O)N)=C1)CCCC2C=CC3=CC=C(C)C=C3C2,4.4778760000961505e-09,O=C(N)c1cc(NC(=O)CCCc2c(ccc(c2)C)C)ccc1,8.88159706425867e-08,0.548,0.5483870967741935
O=C(NCC1=CC=CC=C1)C(N)CN2CC(=N)C3=CC(C(=O)(O))=CC=C3C2,4.4778760000961505e-09,[O-]C(=O)c1cc2c(cc1)C[NH+](C2)CC(=O)NCc3ccccc3,1.400884853987751e-07,0.525,0.3382352941176471
C(=O)=C(CCC1=CC=CC=C1)CCN(C(=O)C)C(=O)CC[NH1]C2=CC=CC=C2,4.4778760000961505e-09,O=C(N(CCc1ccccc1)C)CCNc2ccccc2,6.186527048637454e-07,0.56,0.56
CCCC1=CC=CC=C1CCC(=C(C(N)))C=CC2=CC3=CC=CC=C3[NH1]2,4.4778760000961505e-09,O=C(OCc1c(cccc1)CCC)CCC=2C(=O)Nc3c(cccc3)C2,5.175227414503487e-08,0.435,0.4426229508196721
O=C(N)NC(=O)CCCC=CC1=CC(C(=O)N)=CC=C1CCC2=CC=C[NH1]2,4.4778760000961505e-09,O=C(Nc1c(ccc(c1)C(=O)N)C[NH+](C)C)NCCC=2NC=CC2,1.0514571415418939e-07,0.403,0.4084507042253521
NC=CC(N)=CC1=CC=CC=C1NC(=O)CC2=CC=CC(N)=C2C,4.4778760000961505e-09,O=C(Nc1c(c(N)ccc1)C)Cc2c(NC(=O)C)cccc2,1.9305160040558177e-07,0.537,0.5370370370370371
CC1=CC=C(C(=O)C(N))C=C1CCCCNC(=O)CC2=CC3=CC=CC=C3C2,4.4778760000961505e-09,O=C(NCCCCNC(=O)CCCc1c(ccc(c1)C)C)CC2=Cc3c(cccc3)C2,1.2121184566672398e-08,0.694,0.7049180327868853
C(=O)(C(N))C(CCC1=CC=CC(C(=O)N)=C1)=C(C)C(=O)SC2=CC=CC=C2,4.4778760000961505e-09,S(c1ccccc1)CCC(=O)NCCc2cc(ccc2)C(=O)N,1.2239453674810362e-07,0.459,0.4745762711864407
O=C(NCC1=CC=CC=C1)C(C)CCC(C(=O)C)CC2=CC=CC(C(=O)(N))=C2,4.4778760000961505e-09,O=C(N)c1cc(ccc1)CNC(=O)C(CCCc2ccccc2)C,3.755419631688537e-08,0.66,0.6730769230769231
CC(CC1=CC(C(=O)C)=CC=C1)=CCCC2NCC3=CC=CC=C3C2,4.4778760000961505e-09,O=C(NCC1[NH2+]Cc2c(cccc2)C1)c3cc(ccc3)C(=O)C,6.44495812539366e-08,0.552,0.36363636363636365
CC1=C(C(=O)C(N))C=CC=C1CC(=O)N(C)C2=CC3=CC(F)=CC=C3CC2,4.4778760000961505e-09,Fc1cc(N(C(=O)Cc2c(c(ccc2)C)C)C)c(cc1)C,9.120908228220764e-07,0.444,0.45161290322580644
CC(N)(C)C1=CC=CC=C1NCCC(=O)C(C)=CC2=CC(C(=O)O)=CC=C2CC,4.554095293882871e-09,[O-]C(=O)c1cc(NC(=O)CCNc2c(cccc2)C)c(cc1)CC,2.20960077329976e-07,0.463,0.37681159420289856
CC=C1C=C(C(=O)NC(=O)CCC2=CC=CC=C2C(=N)(N))C=C1,4.554095293882871e-09,O=C(N)c1c(cccc1)CCC(=O)NCCNC(=O)C=CC,1.9305160040558177e-07,0.41,0.4098360655737705
CC(CC1=CC(C(=O)N)=CC=C1)C(C)CCCC(=O)CNCC2=CC=CC=C2,4.554095293882871e-09,O=C(N)c1cc(ccc1)CNC(=O)CCCC(c2ccccc2)C,5.0034473822546355e-08,0.468,0.5166666666666667
C(C(=O)C(N))=C(CC1=CC=CC(C(=O)N)=C1)C(=C)C=CC2=CC=CC=C2F,4.554095293882871e-09,Fc1c(cccc1)C=CC(=O)NCCNC(=O)Cc2cc(ccc2)C(=O)N,4.298321332126153e-08,0.556,0.5645161290322581
CCC1=CC=CC=C1CC(=O)NC2=CC=CC=C2C=C(N)C=CS,4.554095293882871e-09,O=C(Nc1c(cccc1)C=C)Cc2c(cccc2)CC,2.572078807222593e-07,0.625,0.6170212765957447
C(C(=O)C(N))=C(CCC1=CC=CC=C1Cl)C(=O)C=CC2=CC(N)=CC=C2,4.554095293882871e-09,Clc1c(cccc1)CCNC(=O)C=Cc2cc(N)ccc2,3.426850322227279e-07,0.569,0.5789473684210527
CCC1=C(C(=O)(N))C=CC=C1CC(=O)CCCC=C(C(N))C2=CC=CC=C2,4.554095293882871e-09,O=C(N)c1c(cccc1)CC(=O)OCCCC(=O)c2ccccc2,3.426850322227279e-07,0.359,0.3709677419354839
CCC1=CC=C(C(=O)N)C=C1CCCC=CC2=CC3=CC=CC=C3C(=O)2,4.554095293882871e-09,O=C1OC(C(=O)NCC=CCNC(=O)c2cc(c(cc2)CC)CC)=Cc3c1cccc3,1.8484016003142757e-08,0.414,0.3013698630136986
O=C(CCC(C(O))CC1=CC=CC(C(=O)N)=C1)NC(=O)CCC2=CC=CC=C2,4.554095293882871e-09,O=C(N)c1cc(ccc1)CNC(=O)CCc2ccccc2,2.0307831856022635e-07,0.569,0.58
C=C(CCC1=CC=CC(C(=O)N)=C1)CCC=CCC(N)C2=CC=CC=C2,4.554095293882871e-09,O=C(N)c1cc(ccc1)CCNC(=O)CCC([NH3+])c2ccccc2,6.895095781354073e-08,0.533,0.4444444444444444
CCC1=CC=CC=C1CC(=C(=C(C(=O)N)))CNC(=O)C2=CC(C)=CC=C2,4.554095293882871e-09,O=C(NCCNC(=O)Cc1c(cccc1)CC)c2cc(ccc2)C,6.666228587545247e-08,0.593,0.5660377358490566
CC(CC1=CC(C(=O)C)=CC=C1)NCCCC(C2)CC3=CC=CC=C3C2,4.554095293882871e-09,O=C(Nc1cc(ccc1)C(=O)C)C([NH2+]CCC2Cc3c(cccc3)CC2)C,6.82846888359762e-09,0.585,0.5538461538461539
O=C(NC(=O)C=C(N)C1=CC=CC=C1)C(=C)C2=CC(C(=O)N)=CC=C2C,4.554095293882871e-09,O=C(NNC(=O)c1ccccc1)c2c(ccc(c2)C(=O)N)C,3.989014303322279e-07,0.52,0.52
O=C(CC=C(N)C1=CC(C(=O)N)=CC=C1)CCC=C(C(N))NC2=CC=CC=C2,4.554095293882871e-09,O=C(Nc1cc(ccc1)C(=O)N)c2cc(ccc2)C(=O)Nc3ccccc3,2.3410842758158432e-08,0.453,0.46153846153846156
CC1=C(C(=O)N)C=CC=C1CC(=O)CC(C)C=CC2=CC=CC(C)=C2,4.554095293882871e-09,O=C(N)c1c(cccc1)COC(=O)C=Cc2cc(ccc2)C,2.529031392181985e-07,0.492,0.4915254237288136
CC(N)(N)CCC1=CC=CC=C1CNC(=O)CC2=CC=C(C)C=C2CC,4.554095293882871e-09,O=C(NCc1c(cccc1)CC)Cc2c(cc(cc2)C)C,1.6306955934488178e-07,0.62,0.6170212765957447
CC(N)(C)C1=CC=CC=C1CCC(=C)CC(C(=O)N)NC2=CC=CC=C2,4.554095293882871e-09,O=C(Nc1c(cccc1)CCC(=O)N)C(Nc2ccccc2)C,1.2659662699976492e-07,0.393,0.4
CCC1=CC=CC=C1CC=C(C(=C)C(N))C=CNC(=O)NC2=CC=CC=C2C,4.554095293882871e-09,O=C(Nc1c(cccc1)C)NCc2c(cccc2)CC,4.056912532995847e-07,0.482,0.4727272727272727
O=C(CC1=CC=CC=C1)NSC=CC(=O)CC2=CC=CC(C(=O)(N))=C2F,4.554095293882871e-09,Fc1c(cccc1C(=O)N)C(=O)NNC(=O)Cc2ccccc2,3.0968119242070426e-07,0.519,0.5185185185185185
O=C(CCC1=CC=C(N)C=C1)CC(C(=O)C)CCC2=CC=CC(C(=C)N)=C2,4.554095293882871e-09,O=C(N)c1cc(ccc1)CCNC(=O)CCc2ccc(N)cc2,4.226382781160167e-08,0.458,0.4576271186440678
CCC1=CC=CC=C1C(C)(C(C(=O)N))CCNC(=O)C2=CC(N)=CC=C2,4.554095293882871e-09,FC(F)(c1c(cccc1)CC)C(=O)NCCNC(=O)c2cc(N)ccc2,7.759802350413329e-08,0.632,0.625
O=C(C1=CC=CC=C1)NC(=O)CCC(=O)CC(C)C2=NC=C(N)C(C(=O)N)=C2,4.554095293882871e-09,Brc1ncc(N)c(c1)C(=O)OCC(=O)NC(=O)c2ccccc2,3.7920621007542017e-07,0.453,0.4461538461538462
CCC1=CC=CC=C1NC(=O)CCCC2=C(C(=C(N))N)C(N)=CN=C2Cl,4.6316119395268505e-09,Clc1ncc(cc1N)C(=O)OCC(=O)Nc2c(cccc2)CC,4.72243623145164e-07,0.485,0.4925373134328358
O=C(NC1=CC=CC=C1C)C=CCC(C(=O)C(N))CC2=CC(C(=O)C)=CC=C2F,4.6316119395268505e-09,Fc1c(cc(cc1)C(=O)Nc2c(cccc2)C)CC=C(C)C,1.9305160040558177e-07,0.47,0.47692307692307695
CC1=CC(O)=CC=C1CNC(=O)CC(=C(N))C=CC=C[NH1]C2=CC=CC=C2,4.6316119395268505e-09,O=C(Nc1ccccc1)NCC(=O)NCc2c(O)cc(O)cc2,1.982533003772821e-06,0.406,0.4426229508196721
O=C(NC(=O)CC=CC=CC1=CC(C(=O)O)=CC=C1)C=CC2=CC3=CC=CC=C3C2,4.6316119395268505e-09,O=C(NCC=CCNC(=O)CC1=Cc2c(cccc2)C1)C=CC=Cc3ccccc3,1.977500214680861e-08,0.411,0.44285714285714284
CC(N)(C)C1=CC=CC=C1NC(=O)NCCCCC=C(N)C2=CC=CC=C2,4.6316119395268505e-09,O=C(Nc1c(cccc1)C(C)(C)C)NCCCCc2ccccc2,2.3639267585660757e-07,0.518,0.5185185185185185
CNC1=CC=CC(C(=O)N)=C1CC=CCCC2=C(N)C3=CC=CC=C3S2,4.6316119395268505e-09,ClC=1c2c(SC1CNc3c(c(ccc3)C(=O)N)C)cccc2,1.5242376825949801e-07,0.446,0.4461538461538462
O=C(CC1=CCCC=C1N)C2CCC(C3=CC(C(=O)N)=CC=C3)CC2,4.6316119395268505e-09,O=C(NCc1cc(ccc1)C(=O)N)c2cc(ccc2)C3CC3,8.732950843165048e-08,0.482,0.5
CC1=CC=C(N)C=C1C(=O)NC=C(CCC2=CC=CC(N)=C2C#N)C(C(=O)C),4.6316119395268505e-09,O=C(Nc1c(cccc1)CCC(=O)N)c2c(ccc(N)c2)C,6.231032238480951e-08,0.433,0.4393939393939394
O=C(CSC1=CC=CC(C(=O)N)=C1)C=C(C(C))C(=O)C(N)=CC2=CC=CC=C2,4.6316119395268505e-09,O=C(N)c1cc(NC(=O)C(=Cc2ccccc2)CC)ccc1,7.376672572429296e-08,0.492,0.4915254237288136
O=C(CC1=CC(C(=C)N)=CC=C1)CSC=CCNCC2=CC=CC=C2Cl,4.6316119395268505e-09,Clc1c(cccc1)C[NH2+]Cc2cc(ccc2)C(=O)N,3.257654208221959e-07,0.508,0.3968253968253968
O=C(NCCCC(=O)(N))C1=CC=CC=C1C=CC=CC2=CCCC[NH1]2,4.6316119395268505e-09,O=C(NCCCC(=O)N)c1c2NCCCc2ccc1,8.242477699578632e-07,0.508,0.5254237288135594
O=C(NC1=CC=CC(C(=O)N)=C1)CCC(=O)CC(C(=O)O)=C2C=C(C(C)C)C=CC2=C,4.6316119395268505e-09,O=C(N)c1cc(NC(=O)COC=2C(=O)C=CC=C(C2)C(C)C)ccc1,9.18652303100925e-08,0.44,0.48484848484848486
CC(C)(C)C1=CC=CC=C1CCCCC(C)C(N)(N)C2=CC=CC=C2,4.6316119395268505e-09,[NH2+](C(CCCCc1ccccc1)C)Cc2c(cccc2)C(C)(C)C,5.0034473822546355e-08,0.49,0.4897959183673469
CC(=C(C(=N)N))C1=CC=CC=C1CC(=O)NC(=C)C2=CC=CC=C2,4.6316119395268505e-09,O=C(N)c1c(cccc1)CC(=O)NCC(=O)c2ccccc2,1.0338595034593205e-07,0.434,0.42592592592592593
CCC1=C(C(=O)N)C=CC=C1CCC(=O)C=C2C=CC3=CC(C(=O)C)=CC=C3C2,4.6316119395268505e-09,O=C(N)c1c(cccc1)CCC(=O)Nc2cc(ccc2)C(=O)C,7.891884314063094e-08,0.397,0.4307692307692308
CC1=CC=C(CNC(=O)N(C)CCC(=O)CC2=CC(C(=O)N)=CC=C2)C1,4.7104480196499205e-09,O=C(NCC(=O)N(CCN(C(=O)Cc1cc(ccc1)C(=O)N)C)C)N,4.3714843711196514e-08,0.468,0.46774193548387094
O=C(NC1=CC=CC(C(=C(C(=O)O))O)=C1)CC2SC=CC=2C3C=CC=C3,4.7104480196499205e-09,BrC1=C(SC=C1)CC(=O)Nc2cc(ccc2)C([O-])=O,7.201407287863507e-07,0.508,0.48333333333333334
C(N)C1=CC=CC=C1NC(=O)CCC2=CC3=CC(N)=CC=C3C(=C(=O))2,4.7104480196499205e-09,Brc1c(SCCC(=O)Nc2c(cccc2)CC)ccc(N)c1,1.4736440415238078e-07,0.377,0.3880597014925373
O=C(CCCC(=O)C1=CC=C(C)C=C1)CCCC(=O)N2C=CC=C(C(=O)N)N2C,4.7104480196499205e-09,O=C(N1CCN(C(=O)CCCC(=O)c2ccc(cc2)C)CC1)N,2.615858945450191e-07,0.481,0.48148148148148145
O=C(NCC=CC=CCN(C(=O)N)CC1=CC=CC=C1)CC2=CC=CC=C2,4.7104480196499205e-09,O=C(N(Cc1ccccc1)CCC(=O)NCC=CCNC(=O)CCNC(=O)Cc2ccccc2)C,3.226175690629193e-08,0.527,0.5370370370370371
O=C(CC1=CC=CC=C1)NC(=O)NCC(=O)CC=CCC2=CC=CC(=O)C2,4.7104480196499205e-09,O=C(NCCNC(=O)CC=CCc1ccccc1)Cc2ccccc2,3.451502703596816e-08,0.421,0.41379310344827586
O=C(CCSC1=CC=CC=C1)NC=CCC(=O)CC2=CC=CC(C(=O)N)=C2Cl,4.7104480196499205e-09,S(c1ccccc1)CCC(=O)NCC=CCNC(=O)CCc2c(cccc2)C(=O)N,4.8373692017537316e-08,0.516,0.5161290322580645
CC(N)(C)C1=CC=CC=C1NCCCCCNC(=O)CC2=CCCC=C2,4.7104480196499205e-09,O=C(NCCCCCCNC(=O)CC1=CCCC1)c2c(cccc2)C(C)(C)C,1.5352028795297333e-08,0.418,0.417910447761194
O=C(CC1=CC=CC(C(=O)O)=C1)CCC2=CC=CC=C2SC=CC3=CCCC=C3,4.7104480196499205e-09,S(c1c(cccc1)CCNC(=O)Cc2cc(ccc2)C([O-])=O)CC,9.501917818235033e-08,0.417,0.3698630136986301
O=C(CC1=CC=CC=C1)NCC2=CC=C(N)C=C2CC(=O)C=CC3OCCO3,4.7104480196499205e-09,[O-]C(=O)c1c(ccc(N)c1)CNC(=O)CCNC(=O)Cc2ccccc2,1.6034035719839377e-07,0.469,0.4838709677419355
CC(N)(C)C1=CC=CC=C1NCC2CCCCC2C3=CC=CC=C3,4.7104480196499205e-09,O=C(c1c(NCC2C(c3ccccc3)CCCC2)cccc1)C,2.4214591657014063e-08,0.592,0.6041666666666666
O=C(CC1=CC=CC=C1)NCC2=CC(=O)CC=C2CCCCC(N)=O,4.790625992749e-09,O=C(NCCNC(=O)CCCCC(=O)N)Cc1ccccc1,6.29182981330297e-07,0.529,0.5306122448979592
CC(C)CC1=CC=CC(C(=C)N)=C1NCCCCC=CC2=CC=CC=C2,4.790625992749e-09,N(c1c(cccc1)CC(C)C)CCC=Cc2ccccc2,1.2659662699976492e-07,0.509,0.509090909090909
CC(N)(C)C1=CC=CC=C1CC(=C(=O))CCC2=CC(C(=O)O)=CC=C2Br,4.790625992749e-09,Brc1c(cc(Cl)cc1)CCC(=O)NCc2c(cccc2)C(C)(C)C,4.4458927405249594e-08,0.388,0.3939393939393939
CC(N)(C)C1=CC=CC=C1NC(=C(CC))NCCNC2=CC=CC=C2,4.790625992749e-09,O=C(Nc1c(cccc1)C(C)(C)C)NCCNc2ccccc2,7.502233167218944e-08,0.529,0.52
CC(N)(C)C1=CC=CC=C1CC=CCCCC=C(N)C2=CC=CC=C2,4.790625992749e-09,FC(F)(F)c1c(cccc1)CC=NN=C(c2ccccc2)c3ccccc3,1.203460892404676e-07,0.316,0.32142857142857145
O=C(NCC1=CC=CC=C1)C(N)CCC=CC=CC2=CC(N)=CC=N2,4.790625992749e-09,O=C(NCc1ccccc1)C([NH3+])CCc2ncccc2,2.894640452668897e-07,0.483,0.38095238095238093
O=C(CC1=CC=CCC1)NCCCC2=C(C(=O)O)C=CC3=C2C(=O)CCC3,4.790625992749e-09,O=C(NCCCCNC(=O)CC1=CCCC1)c2c3c(ccc2)CCC3=O,5.7267700354556634e-08,0.403,0.4142857142857143
CC(CC1CCC(N)CC1)NC(=O)CC2=CC(C(=O)N)=CC=C2C,4.790625992749e-09,O=C(NC(CC1CC1)C)Cc2c(ccc(c2)C)C,7.8355164770535e-07,0.667,0.68
C(=O)=C(CCC1=CC=CC(=O)C1)CCCNC(=O)CNC2=CC=CC=C2,4.790625992749e-09,O=C(N1CCCC1)CCCNC(=O)CNc2ccccc2,1.0264751549738792e-06,0.45,0.4666666666666667
CC(CC1=CC=CC=C1)NCC(=N)C(=C)CCC2=CC(C(=O)N)=CC=C2,4.790625992749e-09,O=C(N)c1cc(ccc1)CC[NH2+]C(Cc2ccc(c3ccccc3)cc2)C,3.846817696553037e-09,0.596,0.5
CCC=CC1=CC=CC=C1NC(=O)NCCC2=CC=CC(=C(C(=O)N))2,4.790625992749e-09,Fc1c(c(NC(=O)NCC)ccc1)C(=O)NCCNC(=O)C=CC(=O)N,1.9305160040558177e-07,0.311,0.3108108108108108
CCC1=CC(N)=C(C(=O)N)C=C1CCNC(=O)CC2=CC(N)=CC=C2C,4.790625992749e-09,O=C(NCCNC(=O)Cc1c(ccc(c1)C)C)c2c(cc(N)cc2)CC,1.4736440415238078e-07,0.579,0.5714285714285714
CC(N)(C)C1=CC=CC=C1CCCCCC(C(=O)N)CCC2=CC=CC(O)=C2,4.790625992749e-09,O=C(NCc1c(cccc1)C(C)(C)C)CCCCc2cc(O)ccc2,9.828140844988805e-08,0.462,0.47540983606557374
O=C(CC1=CC=C(C(=O)O)C=C1)NCC2=CC=CC=C2C3CC=CC(F)=C3,4.790625992749e-09,[O-]C(=O)c1ccc(cc1)CC(=O)NCc2c(cccc2)C3CC3,4.226382781160167e-08,0.636,0.5714285714285714
O=C(NC1=CC=CC=C1)NC(=O)C2=CC=CC=C2[NH1]C3=CC=CC(C)C3,4.790625992749e-09,O=C(NNC(=O)c1c(Nc2ccccc2)cccc1)Nc3ccccc3,5.7267700354556634e-08,0.462,0.46153846153846156
CC1=CC=CC=C1CNC(=O)CCC(=C(=C(N)))C2=CSC3=CC=CC=C23,4.790625992749e-09,S1c2c(cccc2)C(C(=O)NCc3c(cccc3)C)=C1,4.6433995114696347e-07,0.611,0.6226415094339622
CC1=CC=CC=C1NC2=NC=C(C(=O)N)C=C2NCC(N)C3=CN=CC=C3,4.790625992749e-09,O=C(Nc1c(ccc(c1)C(=O)N)C)NCC(O)c2cnccc2,2.705667491374261e-07,0.471,0.4852941176470588
O=C(CCC1=CC=C(C(=O)N)C=C1)NCCC(=O)C=C[NH1]C2=CCCC=C2,4.872168699593871e-09,O=C(N)c1ccc(cc1)CCC(=O)NCCNC(=O)C2=CCC2,1.866436868034807e-07,0.508,0.5344827586206896
FC1=CC=CC=C1C(=O)NC(=O)CC=CC2=C(C(=C(N))O)C=CC=C2CCl,4.872168699593871e-09,Clc1c(F)cccc1CC(=O)NCC=CCNC(=O)c2c(F)cccc2,1.80448469478674e-07,0.4,0.40625
O=C(NCC1=CC=NC=C1)CCCC(C(=O)N)CC2=CC(C(=O)N)=CC=C2,4.872168699593871e-09,O=C(N)c1cc(ccc1)CNC(=O)CCCc2ccncc2,2.529031392181985e-07,0.679,0.6792452830188679
O=C(CC1=CC=CC=C1)NCCC(=C(=O))C(C2=CC=CC(C(=O)N)=C2)C,4.872168699593871e-09,O=C(N)c1cc(ccc1)CC(=O)NCC(CNC(=O)CCNC(=O)Cc2ccccc2)C,3.0668876159758165e-08,0.614,0.6140350877192983
C(N)CC(CCC1=CC=CC=C1C(N)=C)CCCCC2=CC=C(O)C=C2,4.872168699593871e-09,O=C(NC(CCc1ccc(O)cc1)C)c2c(cccc2)CC[NH3+],4.196195813603635e-07,0.433,0.3728813559322034
O=C(CC1=CC(C(=C(N))(C(=C)O))=CC=C1)NC2CCN(C3=CC=CC=C3)C2,4.872168699593871e-09,O=C(N)c1cc(ccc1)CC(=O)NC2CN(c3ccccc3)CC2,8.026214485119953e-08,0.712,0.7321428571428571
C(C(=O)N)CC(CCC1=CC=CC=C1)CCC(=O)CC=C(N)C2=CC=CC=C2,4.872168699593871e-09,O=C(N(Cc1ccccc1)CCC(=O)N)C([NH3+])CCc2ccccc2,1.5242376825949801e-07,0.393,0.4
O=C(NC=CC=CC(C(N))=CC1=CC=CC=C1)CCC2=CC3=CC=CC=C3S2,4.872168699593871e-09,S1c2c(cccc2)C=C1CCNC(=O)C=CC=Cc3ccccc3,4.919707539022398e-08,0.492,0.5
O=C(C(N)C1=CC=CC=C1)NCCCCCCC2=CC=CC3=C2CC(=O)CC(=O)3,4.872168699593871e-09,O=C(NCCCCCCNC(=O)C(c1ccccc1)c2ccccc2)c3c4c(ccc3)C(=O)CC4,8.945490289059996e-09,0.469,0.47619047619047616
CC(N)(C)C1=CC=CC=C1NC(=O)NCC(C(=O)(O))C2=CC=C(N)C=C2,4.872168699593871e-09,O=C(Nc1c(cccc1)C(C)(C)C)NCC(c2ccccc2)C(=O)N(C)C,3.5700008510608346e-08,0.517,0.5555555555555556
CC1=CC(C)=CC=C1CC(C)CC2=CC3=CC(C)=C(N)C=C3C(N)=C2,4.872168699593871e-09,O=C(NC(Cc1c(cc(cc1)C)C)C)c2c(cc(c(N)c2)C)C,6.337092539563196e-08,0.436,0.43636363636363634
NC1=CC(C(=O)N)=CC2=C1CC(=O)N2CCCNC3=CC=CC(Br)=C3,4.872168699593871e-09,Brc1cc(NCCNC(=O)NCCCN2C(=O)CCC2=O)ccc1,2.798559374393035e-07,0.508,0.5079365079365079
C(=N)=C(CC1=CC(C(=O)O)=CC=C1)CC2=CC=CN=C2CCC3CCC(C(=O)(O))CC3,4.872168699593871e-09,[O-]C(=O)c1cc(ccc1)CC(=O)NCc2c(nccc2)N3CCC(C(=O)N)CC3,5.125219501815028e-09,0.412,0.3373493975903614
CC1=CC=CC2=C1CCN2CCCC(=N)C3=CC(C(=N)N)=CC(C)=C3F,4.872168699593871e-09,Fc1c(cc(cc1C)C(=O)CN2c3c(c(ccc3)C)CC2)C,2.615858945450191e-07,0.5,0.5166666666666667
N(NC1=CC=CC=C1)N2NCCC(C3=CC(C(=O)O)=CC=C(C(=O)N)3)=C2,4.872168699593871e-09,Fc1c(ccc(NC(=O)NNc2ccccc2)c1)C(=O)N,2.846194507463227e-07,0.323,0.3333333333333333
C(C(=O)C)=C(CC1=CC(C(=O)N)=CC=C1)C(=O)SC=CC2=CC=CC=C2Cl,4.872168699593871e-09,Clc1c(cccc1)C=CC(=O)N(CCN(C(=O)Cc2cc(ccc2)C(=O)N)C)C,1.4109626643465221e-08,0.523,0.5230769230769231
O=C(CCCCCC1=CC=CC=C1)CCCC(=O)CC2=CC=C(C(=O)N)C(=N)2,4.955099369734091e-09,O=C(N)c1c(NC(=O)CCCCCCc2ccccc2)cccc1,1.1440416335501129e-07,0.418,0.4528301886792453
CN(CC1=CC(C(=O)N)=CC=C1)C(=C)NC(=O)CC2=CC(C(=O)N)=CN=C2CCC,4.955099369734091e-09,O=C(N(Cc1cc(ccc1)C(=O)N)C)C=2OC=NC2CCC,4.6433995114696347e-07,0.522,0.5223880597014925
CC(N)(C)C1=CC=CC=C1NCCCCC(C)C2=CC=C(C(=O)N)C=C2,4.955099369734091e-09,O=C(NC(CCCCNC(=O)CCCC(c1ccccc1)C)C)c2ccc(cc2)C(=O)N,2.9650891805873545e-08,0.469,0.47619047619047616
CCC(=C(=N))C1=CC=C(Cl)C=C1N(C(=O)CCC2=CC(C(=O)N)=CC=C2)C(=O)C,4.955099369734091e-09,Clc1cc(c(cc1)C(=O)NCCc2cc(ccc2)C(=O)N)CC,6.337092539563196e-08,0.449,0.45588235294117646
C(C(=O)N)C1=CCCC=C1CCNC(=O)CC2=CC3=CC=CC=C3S2,4.955099369734091e-09,S1c2c(cccc2)C=C1CC(=O)NCCNC(=O)CCC(=O)N,1.016556387001877e-07,0.635,0.66
CC1=CC=CC=C1CC(=N)C(=O)C=CC(=O)CC2=CC(C(=O)N)=CC=C2C#N,4.955099369734091e-09,O=C(NCC=CCNC(=O)Cc1c(cccc1)C)c2cc(c(C#N)cc2)C,5.630924353796884e-08,0.433,0.45454545454545453
O=C(CCC1=CC(C(=O)C(C(=O)N))=CC(=O)C1)NC(=O)NC(=O)C2=CC=CC=C2,4.955099369734091e-09,O=C(NC(=O)C[NH+]1CC[NH+](CC(=O)N)CC1)c2ccccc2,5.49713699241593e-07,0.373,0.38596491228070173
CC(N)(C)C1=CC=CC=C1NCC=CC(=C)C2=CC=CC(C(=O)N)=C2,4.955099369734091e-09,O=C(N)c1cc(ccc1)CNc2c(cccc2)C(C)(C)C,1.576568321506011e-07,0.5,0.5
O=C(CC1=CC=CC=C1)NCCCC(=O)C=CC2=CC=CC3=C2CCC(=N)C3,4.955099369734091e-09,O=C(NCCCCNC(=O)CCNC(=O)Cc1ccccc1)C=Cc2c3c(ccc2)cccc3,1.977500214680861e-08,0.463,0.47692307692307695
O=C(NCC1=CC=CC=C1)NCCC(C(C(O)))CC=CC2=CC(C(=O)C)=CC=C2,4.955099369734091e-09,O=C(NCc1cc(ccc1)C(=O)C)NCc2ccccc2,1.6306955934488178e-07,0.527,0.5370370370370371
O=C(CCCCC1=CC=CC=C1)N(C(=O)C(N))CCCC(N)C2CCCCC2,4.955099369734091e-09,O=C(N(CCN(C(=O)CCCCc1ccccc1)C)C)C(C2CCCCC2)C3CCCCC3,1.8616987965412166e-09,0.533,0.5333333333333333
O=C(C(=O)CSC1=CC=CC=C1)CC2CCC3=CC=C(C(=O)N)C=C3C2,4.955099369734091e-09,S(c1ccccc1)CC(=O)N2CCN(C(=O)CC3Cc4c(cccc4)CC3)CC2,2.3980607507452514e-09,0.517,0.5172413793103449
CC(N)(C)C1=CC=CC=C1NCC(C)CC2=CC=C(C(=O)N)C=C2Br,4.955099369734091e-09,Fc1c(ccc(c1)C(=O)N)CNc2c(cccc2)C(C)(C)C,2.615858945450191e-07,0.483,0.4915254237288136
O=C(CC1=CC=CC=C1)NCC2=CC=CC=C2C3C(C)CCCC3,4.955099369734091e-09,O=C(NCCNC(=O)CC1C(CCCC1)C)Cc2ccccc2,1.8351993794011885e-07,0.549,0.5490196078431373
C(N)CC(CCC1=CC=CC(C(=O)N)=C1F)CCCCC=CC2=CC=CC=C2,4.955099369734091e-09,Fc1c(cccc1C(=O)N)C(=O)NC(CCCCNC(=O)CCC=Cc2ccccc2)C,3.5102517843139754e-08,0.466,0.4722222222222222
O=C(CCC1=CC=CC(N)=C1)C=C2C(=N)CC3=CC=CC=C3S2,4.955099369734091e-09,S1c2c(N(C(=O)CCc3cc(N)ccc3)Cc4c1cccc4)cccc2,3.5700008510608346e-08,0.508,0.5166666666666667
O=C(NC(N)C1=CC=CC=C1)NCC(C)CC2=CC=CC(C(=O)N)=C2,4.955099369734091e-09,O=C(NC(c1ccccc1)C)NCc2cc(ccc2)C(=O)N,7.012459310633414e-08,0.593,0.6037735849056604
C=C(CC1=CC(C(=C(C(C(=O)O)))O)=CC=C1)N2CCCC(C3=CC=CC=C3)=C2,4.955099369734091e-09,[O-]C(=O)Cc1cc(ccc1)C(=O)N2CC=C(c3ccccc3)CC2,9.995428629292189e-08,0.435,0.4153846153846154
CC(N)(C)C1=CC=CC=C1CCCCC(=O)C(N)=CCC2=CC=CC=C2,4.955099369734091e-09,O=C(NCc1c(cccc1)C(C)(C)C)CCCCc2ccccc2,4.919707539022398e-08,0.414,0.42105263157894735
CSC1=CC=C(C(=O)N)C=C1NC(=O)C2CCC3=CC=C(C(=O)C(N))C=C3C2,4.955099369734091e-09,O=C(N)c1cc(NC(=O)C2Cc3c(cccc3)CC2)c(cc1)C,3.8193417751766345e-08,0.548,0.5573770491803278
C(N)CC1=CC=CC=C1CCC(=C(=O))CC=CC2=CC3=CC=CC=C3S2,4.955099369734091e-09,S1c2c(cccc2)C=C1CNC(=O)CCc3c(cccc3)C[NH3+],1.4109626643465221e-08,0.403,0.3709677419354839
CN(C(=O)C1=CC=CC=C1)CCCC(=O)NC=CC2=C(C(=C(N))N)C=CC=C2Cl,5.0394416281164e-09,Clc1c(c(Cl)ccc1)C=CC(=O)N(CCCCN(C(=O)c2ccccc2)C)C,3.01555886830405e-08,0.516,0.5245901639344263
C=C(CC1=CC(N)=CC=C1N)C(=C)C=CC2=CC(C(=O)N)=CC=C2F,5.0394416281164e-09,Fc1c(cc(cc1)C(=O)N)C(=O)NCc2c(F)ccc(N)c2,4.340261014476901e-07,0.424,0.43103448275862066
O=C(CC1=CC=CC=C1)NSC(=O)CC=CC=CC2=CC=CC=C(C(C(=O)N))2,5.0394416281164e-09,O=C(Nc1c(cccc1)CC(=O)N)CC=CCc2ccccc2,6.666228587545247e-08,0.431,0.423728813559322
O=C(CCC1=CC(N)=CC=C1N)CC=CC=C(C)C2=CC(N)=CC=C2,5.0394416281164e-09,O=C(NCC=CCNC(=O)CCc1c(cccc1)C)c2cc(N)ccc2,1.8484016003142757e-08,0.385,0.390625
CC(C(C)C1=CC(C(=O)N)=CC=C1)NC(=O)C(=O)NC(=O)C2=CC=CC=C2,5.0394416281164e-09,O=C(NCCNC(=O)C(=O)NC(C(c1ccccc1)C)C)c2ccccc2,1.6306955934488178e-07,0.551,0.5510204081632653
C(C(=O)C)C1=CC=CC(Cl)=C1CC(=O)NCCCC2=CCCCC(=N)2,5.0394416281164e-09,Clc1c(c(Cl)ccc1)CC(=O)NCCCCNC(=O)CC2=CCCC2,2.7715170626955952e-08,0.542,0.5423728813559322
CC1=CC=CC(C(=O)O)=C1CC(=O)NCC2=CC3=CC(Cl)=CC=C3C(=C(=N))2,5.0394416281164e-09,Clc1cc(c(cc1)C)CNC(=O)Cc2c(cccc2C)C,3.856607946889424e-07,0.468,0.47540983606557374
CC(C)C1=CC=CC=C1NCC(=N)CC=CC2=CC(C(=O)N)=C(C)C=C2Cl,5.0394416281164e-09,O=C(N)c1c(cc(NCC(=O)Nc2c(cccc2)C(C)C)cc1)C,1.5501821972997198e-07,0.463,0.4626865671641791
C(N)=C(CCC1=CC=CC(C(=O)N)=C1)CCCCCC(N)C2=CC=CC=C2,5.0394416281164e-09,O=C(N)c1cc(ccc1)CCNC(=O)CCC([NH3+])c2ccccc2,6.895095781354073e-08,0.586,0.46774193548387094
C(C(=O)N)(CC1=CC(C(=O)N)=CC=C1)C(C)CC(=O)NC2=CC=CC=C2Cl,5.0394416281164e-09,Clc1c(NC(=O)Cc2cc(ccc2)C(=O)N)cccc1,4.340261014476901e-07,0.635,0.6346153846153846
CC(N)(C)C1=CC=CC=C1CCCCC2=CC=C(C(NC(=O)(N)))C=C2Br,5.0394416281164e-09,Brc1c(Br)ccc(c1)CNC(=O)C(=O)NCc2c(cccc2)C(C)(C)C,2.6346771447493833e-08,0.491,0.5
CC(N)(C)C1=CC=CC=C1NCC(=O)NCCC2=CCCC(N)=C2,5.0394416281164e-09,O=C(NCCC1=CCCCC1)CNc2c(cccc2)C(C)(C)C,6.666228587545247e-08,0.525,0.559322033898305
O=C(CCC1=CC(C(=O)N)=CC=C1)C(=C(CN))CCC=CC2=CC=CC=C2,5.0394416281164e-09,O=C(N)c1cc(ccc1)CCNC(=O)CCC=Cc2ccccc2,9.342889642716197e-08,0.614,0.625
CC(N)(C)C1=CC=CC=C1NCC=CCC=C(C(N))C2=CC=CC=C2,5.0394416281164e-09,O=C(NCC=CCNC(=O)c1ccccc1)c2c(cccc2)C(C)(C)C,7.759802350413329e-08,0.351,0.35714285714285715
CCC1=CC=CC=C1NC(=O)CC2=C(C(=O)N)C(=O)NC3=C(C)C(=O)C=C23,5.0394416281164e-09,O=C(N)c1c(NCC(=O)Nc2c(cccc2)CC)cccc1,9.828140844988805e-08,0.426,0.43859649122807015
C(C(=O)N)CCC1=CC=C(C(=O)N)C=C1C(=O)CCC=CC2=CC3=CC=CC=C3C2,5.0394416281164e-09,Fc1c(cc(cc1)C(=O)N)C(=O)NCC=CCNC(=O)C2=Cc3c(cccc3)C2,6.491322439757576e-09,0.411,0.43478260869565216
C(=O)(N)CCC(=O)C1=CC=CC=C1C(C)CCC=CNC2=CC=CC=C2C,5.12521950181503e-09,O=C(NC(c1c(cccc1)C)c2c(cccc2)C)CCC(=O)N,2.894640452668897e-07,0.404,0.40350877192982454
CC(N)(C)C1CCCC=1NC(=O)CCC2=CC=C(C(C(N)))C=C2Br,5.12521950181503e-09,Brc1c(ccc(Br)c1)CCC(=O)NC=2N(N=C3C2CCC3)C,7.891884314063094e-08,0.406,0.4117647058823529
CC1=CC=CC=C1NCCCC2=CC=CC=C2C(N)=CC3=CCCC(=N)3,5.12521950181503e-09,N(c1c(cccc1)C)CCCc2c3c(ccc2)cccc3,8.732950843165048e-08,0.431,0.43103448275862066
O=C(C1=C(N)CCC=C1)NC2=CC=CC=C2NCCC3=CC=CC(C)=C3,5.12521950181503e-09,O=C(Nc1c(NCCCc2cc(ccc2)C)cccc1)c3ccccc3,2.1882495333063525e-08,0.542,0.5423728813559322
CC1=CC=C(C(=O)N)C=C1CC(=C(CO))NCCC2=CCC3=CC=CC=C3C2,5.12521950181503e-09,O=C(NCCNC(=O)C=1c2c(cccc2)CC1)c3c(ccc(c3)C(=O)N)C,3.01555886830405e-08,0.417,0.4225352112676056
CC1=CC(C(=O)O)=CC=C1C2=CC=C(C(=O)O)C=C2CCC3=CC(=N)CC(N)=C3,5.12521950181503e-09,[O-]C(=O)c1cc(c(c2nc3c(c(c2)CCC([O-])=O)cccc3)cc1)C,2.572078807222593e-07,0.358,0.3088235294117647
O=C(NC(=O)CCC(N)C=CC1=CC=CC=C1)C2=CC=CC3=CC=C(N)C=C32,5.12521950181503e-09,Brc1cc2c(cc1)cccc2C(=O)NCCNC(=O)CCC=Cc3ccccc3,1.3188497414058236e-08,0.429,0.43478260869565216
CC(CC1=C(C(=O)N)C=CC=C1C(=O)CCC)CNC(=O)C2=CC=CC=C2C,5.12521950181503e-09,O=C(NCC(CNC(=O)c1c(cccc1)C)C)c2c(cccc2)C(=O)N,4.8373692017537316e-08,0.633,0.6326530612244898
NC1=CC(C(=O)O)=CC=C1CC(=O)CCCC=CC2=CC3=CC=CC=C3C2,5.12521950181503e-09,O=C(NCC=CCNC(=O)CC1=Cc2c(cccc2)C1)c3cc(N)c(cc3)CC,1.1522717422507956e-08,0.413,0.44285714285714284
CC(CCCCC1=CC=CC=C1)CN(C)C(=O)NC(=O)C2=CC(C(N))=CS2,5.12521950181503e-09,S1C(C(=O)NCC(CN(C(=O)CCCCc2ccccc2)C)C)=CC(=C1)COC,9.342889642716197e-08,0.521,0.5211267605633803
CC(N)(C)C1=CC=CC=C1NC(=O)CC2=CC=CC3=C2C(=O)CC(C(=O)N)=C3,5.12521950181503e-09,O=C(N)c1c(cccc1)CC(=O)Nc2c(cccc2)C(C)(C)C,3.33693783557396e-08,0.483,0.4915254237288136
O=C(NC(=O)CCC(C(=O)O)=CC1=CC=CC=C1)C=CC2=CC3=CC=CC(C(=O)N)=C3C2,5.12521950181503e-09,O=C(NCCNC(=O)C=CC1=Cc2c(OC1)cccc2)C(=Cc3ccccc3)CC,4.0860975120705305e-08,0.372,0.38666666666666666
O=C(CC1=CC=CC=C1)C(=C(C(=O)N))N2CCC(C3=CC=CC(N)=C3)=C(N)2,5.12521950181503e-09,O=C(N1CCN(C(=O)Cc2ccccc2)CC1)c3cc(c4cc(N)ccc4)ccc3,1.6542420719645711e-09,0.435,0.43548387096774194
O=C(C1=CC=CC=C1)NCC(=O)C(C(C(=O)C)(=C(=O)))CCC2=CC=CC=C2,5.12521950181503e-09,O=C(NCC(=O)NC(CCc1ccccc1)C)c2ccccc2,1.1635147152901845e-07,0.52,0.5294117647058824
O=C(NCC1=CC=CC=C1)C(=O)CC=CC(=O)C=C(C(=O)N)C2=CC=CC=C2,5.12521950181503e-09,O=C(NCc1ccccc1)C(c2ccccc2)=Cc3ccccc3,8.732950843165048e-08,0.49,0.4897959183673469
CN(CC1=CC=CC(N)=C1)C(=O)SC=CC2=CC=C(N)C=C2NC3=CC=CN=C3,5.12521950181503e-09,O=C(N(Cc1cc(N)ccc1)C)c2ccc(Nc3cnccc3)cc2,4.8373692017537316e-08,0.576,0.5846153846153846
CC1=CC=CC=C1CCC2=CC=CC=C2C=CC=CC(C(=O)O)=C(N)CF,5.212457426876321e-09,O=C(NCCc1c(cccc1)C)C=CC=Cc2ccccc2,2.751721483358364e-07,0.407,0.43859649122807015
CC(N)(C)C1=CC=CC=C1NCCC(=O)C(=N)C=CCCC2=CC=CC=C2,5.212457426876321e-09,O=C(NCCc1ccccc1)CNc2c(cccc2)C(C)(C)C,1.4736440415238078e-07,0.424,0.423728813559322
O=C(CC1=CC=CC=C1)NCCC=CC=CC2=CC(C(=O)N)=CC=C2Cl,5.212457426876321e-09,Clc1c(NC(=O)CCNC(=O)Cc2ccccc2)cc(cc1)C(=O)N,3.0668876159758165e-08,0.569,0.5689655172413793
O=C(CC1=CC=CC=C1)NCC=CCC(C(=O)N)CC2=CC(C(=O)(N))=CC=C2F,5.212457426876321e-09,Fc1c(cc(cc1)C(=O)N)C(=O)NCC=CCNC(=O)CCNC(=O)Cc2ccccc2,2.3019028844124836e-08,0.578,0.6065573770491803
CN(CC1=CC=CC=C(C(C(N)))1)C(=O)NC(=O)C2=CC=CC(N)=C2,5.212457426876321e-09,O=C(OC(C)(C)C)N(Cc1c(cccc1)CNC(=O)c2cc(N)ccc2)C,9.032773438039765e-08,0.517,0.5344827586206896
CC(N)CCC1=CC=CC=C1CCCCCC=C(N)C2=CC=CC=C2,5.212457426876321e-09,O=C(Nc1c(cccc1)CCC(C)C)c2ccccc2,2.3243630655657442e-07,0.333,0.33962264150943394
CC(CC1=CC(N)=CC=C1C)(C)CC=CC=C(N)C2=C(C)C=CC=C2,5.212457426876321e-09,O=C(NCc1c(ccc(N)c1)C)c2c(cccc2)C,8.104528054528737e-07,0.436,0.4528301886792453
NC1=C(C(N))C=CC=C1CC(=O)CCC(=O)NC2CCC3=CC=CC=C3C2,5.212457426876321e-09,O=C(NC1Cc2c(cccc2)CC1)CCc3c(cccc3)C[NH3+],9.342889642716197e-08,0.66,0.5535714285714286
C(=O)(C(N)(N)C1=CC=CC=C1)NCC(=C(=O))CCC2=CC=CC(C)=C2,5.212457426876321e-09,O=C(NCCNC(=O)CCc1cc(ccc1)C)C(c2ccccc2)(C)C,8.16283113100815e-08,0.526,0.5172413793103449
NC(C)C1=CC=CC=C1NC(=O)CCC(C(=O)C)CCC2=CC=CC=C2,5.212457426876321e-09,O=C(Nc1c(cccc1)C(C)C)C([NH3+])CCc2ccccc2,1.7445888845670109e-07,0.538,0.5094339622641509
CC(CC1=CC(C(=O)N)=CC=C1)C(C(N))CCCCC2=CC=CC=C2C,5.212457426876321e-09,O=C(N)c1cc(ccc1)C[NH2+]CCCc2c(cccc2)C,1.774284064318968e-07,0.561,0.5714285714285714
CC=CC(N)=C(CC(=O)NC(=O)CCC1=CC=CC=C1)CCCC(=O)N,5.212457426876321e-09,O=C(NNC(=O)CCCCC(=O)N)CCc1ccccc1,1.0797882435473248e-06,0.51,0.5106382978723404
O=C(CCC1=CC(N)=CC=C1)NCCC(C(=O)C)CCC2=CC=NC(N)=C2,5.212457426876321e-09,O=C(NCCc1cc(ncc1)C)CCc2cc(N)ccc2,3.485179787238657e-07,0.614,0.6140350877192983
CCC1=CC(C)=C(C(=O)N)C=C1C(=O)C(C)NCCC2=CC=C(C)C=C2,5.212457426876321e-09,O=C(N)c1c(O)ccc(c1)C([NH2+]CCc2ccc(cc2)C)C,1.866436868034807e-07,0.5,0.4
O=C(OC1=CC(C(=O)O)=C(C(=O)(O))C=C1)NC2CCC(C3=CC(=O)CC=C(N)3)CC2,5.212457426876321e-09,O=C(NC1CCC(NC(=O)C2=CCC2)CC1)c3c(N)cc(OC)cc3,5.49713699241593e-07,0.329,0.3333333333333333
O=C(NCC1=CC=CC=C1)NC(=O)CC=C2C(C(=O)C(N))=CC=CC2=C,5.212457426876321e-09,S(CC(=O)NC(=O)NCc1ccccc1)CC(=O)c2ccccc2,9.18652303100925e-08,0.4,0.42105263157894735
O=C(CC1=CC=CC=C1)NCCCC=C2C(C(=O)C)=CC=CN2(C(=O)O),5.30118025528009e-09,O=C(NCCC(=O)NCCCCNC(=O)C)Cc1ccccc1,3.36949708418157e-07,0.431,0.44642857142857145
C(=O)(N)CCCC1=CC=CC=C1C(C)CCCCC(N)C2=CC=CC=C2,5.30118025528009e-09,O=C(Nc1c(cccc1)CCC(=O)N)CCCC(c2ccccc2)C,3.8193417751766345e-08,0.474,0.4909090909090909
NC1=CC=CC=C1CCCC(=O)C=CC2=CC3=C(C(=O)O)C=CC=C3C(=C)2,5.30118025528009e-09,O=C(N1Cc2c(c3c(cccc3)C1)cccc2)CCCc4c(N)cccc4,1.977500214680861e-08,0.375,0.3870967741935484
CCC1=CC=CC=C1NC(=O)CC(C(=O)N)CC2=CC(C(C(=O)(N)))=CC=C2Cl,5.30118025528009e-09,Clc1c(cccc1)CC(C(=O)N)C[NH2+]C(CC(=O)Nc2c(cccc2)CC)C,3.8193417751766345e-08,0.607,0.5901639344262295
CC1=CC=CC=C1CNCCCC(N)CCCC2=CC=CC(C(=O)N)=C2C#N,5.30118025528009e-09,O=C(N)c1c(OCCCC([NH2+]Cc2c(cccc2)C)C)cccc1,5.630924353796884e-08,0.412,0.35714285714285715
O=C(NC(=O)C(=O)NC(=O)C1=CC(N)=CC=C1)CCCC2=CC=CC(=O)C2,5.30118025528009e-09,O=C(NCCNC(=O)CCCc1ccccc1)c2cc(N)ccc2,5.9233834234292066e-08,0.435,0.4426229508196721
CCC1=CC=CC=C1CNC(=O)CCC(N)=CC2=N[NH1]C3=CC=CC=C3C(=N)2,5.30118025528009e-09,O=C(NCc1c(cccc1)CC)c2nnc3c(c2N)cccc3,8.732950843165048e-08,0.589,0.36363636363636365
C(=O)=C(CC1=CC=CC=C1)NCC2=CC=CC=C2CC(=O)CCC(N)=C,5.30118025528009e-09,[O-]C(=O)Cc1c(cccc1)CNC(=O)C(=C)Cc2ccccc2,1.4489805022498715e-07,0.453,0.4528301886792453
NC(C(=O)N)CC1=CC=CC=C1C(=O)CCCC2=CC3=CC=CC=C3C2,5.30118025528009e-09,O=C(N)c1c(cccc1)CCC(=O)NCCCCNC(=O)CC2=Cc3c(cccc3)C2,1.0953798786632844e-08,0.462,0.4603174603174603
CN(C(=O)C1=CC=CC=C1)NCC=CC2=C(C(=C)N)C=CC=C2Br,5.30118025528009e-09,Brc1c(N)c(ccc1)C(=O)NCC=CCNC(=O)CN(C(=O)c2ccccc2)C,4.756408914243168e-08,0.439,0.4393939393939394
O=C(NCC(=N)CC(C(=O)C)CCC1=CC=CC=C1)CCC2=CC=CC=C2,5.30118025528009e-09,O=C(NCCNC(=O)CNC(=O)CCc1ccccc1)C(CCc2ccccc2)CC,3.226175690629193e-08,0.56,0.5882352941176471
O=C(CC1=CC=CC=C1)NC(=O)CCC=CCC2=CC=CC3=C2CC(=C)CC(=O)3,5.30118025528009e-09,O=C(OCC(=O)NC(=O)Cc1ccccc1)c2c3c(ccc2)C(=O)CC3,3.8843519569743744e-08,0.424,0.4375
CC(CCC1=CC(C(=O)N)=CC=C1)NCC=CCC(=O)CC2=CC=CC=C2F,5.30118025528009e-09,Fc1c(cccc1)CC(=O)C[NH+](Cc2cc(ccc2)C(=O)N)C,2.3639267585660757e-07,0.516,0.5573770491803278
CC1=CC=C(C(=O)N)C=C1C2=CC=CC=C2C(=O)CC(C)C(C(=O)(N))=C,5.30118025528009e-09,O=C(N)c1cc(c2c(cccc2)C(=O)C(C)C)c(cc1)C,1.715390696090709e-07,0.604,0.6122448979591837
O=C(CC1=CC=CCC1)NCCCCN2CC3=CC=CC(C(=O)N)=C3C2,5.30118025528009e-09,O=C(NCCCCNC(=O)C[NH+]1Cc2c(cccc2)C1)c3c(cccc3)C(=O)N,6.024207140153832e-08,0.446,0.36764705882352944
O=C(NCC1=CC=CCC1)NCCC(=O)C=CC2=CC(C(=O)N)=CC=C2,5.30118025528009e-09,O=C(NCC1=CCCCC1)NCCc2cc(ccc2)C(=O)N,4.0860975120705305e-08,0.441,0.4411764705882353
C(=O)=C(CC1=CC=CC(C(=O)N)=C1C)C(=N)CCC2=CC=CC=C2CC,5.30118025528009e-09,O=C(N)c1c(c(NCCc2c(cccc2)CC)ccc1)C,2.798559374393035e-07,0.509,0.5
CC(N)(C)C1=CC=CC=C1C(C)NC(=O)CCC2=CC(N)=CC(N)=C2,5.30118025528009e-09,FC(F)(F)c1c(cccc1)C(NC(=O)CCc2cc(N)ccc2)C,3.666193129637751e-07,0.648,0.6730769230769231
O=C(CCC1=CC=CC(C(=O)N)=C1F)CCCC(N)=CC2=CC=CC(N)=C2,5.30118025528009e-09,Fc1c(c2cc(N)ccc2)cccc1C(=O)N,1.822091455440132e-06,0.418,0.41818181818181815
CCC1=CC=CC=C1CCCNC2=NC=C(N)C=C2C=CC3CCCCC3,5.39141326201917e-09,O=C(NCCc1c(cccc1)CC)C=CC2CCCCC2,9.501917818235033e-08,0.438,0.4444444444444444
CC1=C(C(=O)O)C=CC=C1CC(=N)C(=O)CN(CCN2NCCC3=CC=CC=C3)C2,5.39141326201917e-09,O=C(NCCc1ccccc1)CNC(=O)Cc2c(c(ccc2)C)C,9.342889642716197e-08,0.357,0.36764705882352944
CC(C1=CC=CC=C1)NC(=O)CCC2=C(C(=O)N)C=CC3=C2CCS3,5.39141326201917e-09,O=C(N)c1c(NC(=O)CCC(=O)NC(c2ccccc2)C)cccc1,1.106067745068516e-07,0.5,0.5087719298245614
O=C(C(N)(N)C1=CC=CC=C1)NC(=C)CCC2=CC=CC(=C2)CC#C,5.39141326201917e-09,O=C(NCCc1cc(C#C)ccc1)C([NH3+])(c2ccccc2)C,1.377439043709943e-07,0.419,0.375
O=C(NCCC(C(=O)C(N))CCC1=CC=CC=C1C(C))CC2=CC=CC=C(N)2,5.39141326201917e-09,O=C(NCCc1c(cccc1)CC)Cc2c(N)cccc2,1.5242376825949801e-07,0.667,0.6739130434782609
C=C(C)C1=CC=CC=C1NC(=C)C=CC2=C(C(=O)N(C(=O)(N)))C=CC=C2F,5.39141326201917e-09,Fc1c(c(F)ccc1)C=CC(=O)Nc2c(cccc2)C(=O)C,1.76161122840727e-06,0.509,0.5471698113207547
O=C(CC1=CC=CC=C1)NCCCC(C(=O)C)CC2=CC=CC(C(=O)N)=C(O)2,5.39141326201917e-09,O=C(NC(CCCNC(=O)CCNC(=O)Cc1ccccc1)C)c2c(O)c(ccc2)CC,5.444018486747391e-08,0.537,0.546875
CCC=CC=CC1=CC=CC=C1NCCC2CCCC3=CC=CC=C23,5.39141326201917e-09,FC(F)(F)C=Cc1c(NCCC2c3c(cccc3)CC2)cccc1,9.995428629292189e-08,0.579,0.5892857142857143
O=C(CC1=CC=C(C(=O)C)C=C1)NCC2=CC(=C)C(=O)C(N)=C2CCC(C)=O,5.39141326201917e-09,O=C(NCCCCNC(=O)CCCC(=O)C)Cc1ccc(cc1)C(=O)C,1.106067745068516e-07,0.448,0.4482758620689655
NC1=CC(C)=CC=C1C(C)CCC(=O)CCC2=C(C(C(C(=O)N)))C=CC=C2,5.39141326201917e-09,O=C(N)CCc1c(OCc2c(ccc(c2)C)C(C)C)cccc1,5.630924353796884e-08,0.518,0.5178571428571429
CC1=CC=CC=C1CC(=O)CNC=C2C=CC3=CC=CC(C(=O)C)=C3C2,5.39141326201917e-09,O=C(NCC=CCNC(=O)Cc1c(cccc1)C)c2c(cccc2)C(=O)C,7.131820520357163e-08,0.443,0.3968253968253968
C(C(C(=O)N))CC1=CCC(=O)C=C1NC(=O)C2CC3=CC=CC=C3C2,5.39141326201917e-09,O=C(Nc1c(cccc1)CCC(=O)N)C2Cc3c(cccc3)C2,5.630924353796884e-08,0.509,0.5185185185185185
C(=O)(CC1=CC=CC(N)=C1)NCCCC(C)=CC2=CCCC(N)=C2,5.39141326201917e-09,O=C(N(C)C)CCCNC(=O)Cc1cc(N)ccc1,2.26913760312036e-06,0.542,0.5423728813559322
CC(C)CCCCC(=O)NCCCC1=CC=CC2=C1NC(=N)NC(=C)2,5.39141326201917e-09,O=C(NCCCc1c(N)cccc1)CCCCC(C)C,1.043947101807607e-06,0.586,0.5517241379310345
O=C(NCC1=CC=CC=C1)C(=O)CC(O)(C)CCC=CC2=CC=C(C(N))C=C2,5.39141326201917e-09,Fc1ccc(cc1)CNC(=O)C(=O)NCC(O)(CNC(=O)CCC=Cc2ccccc2)C,9.501917818235033e-08,0.5,0.49230769230769234
C(N)=C(CC(=N)C=CC1=CC=CC=C1)C(=O)CC2=CC(C(=O)N)=CC=C2,5.39141326201917e-09,O=C(N)c1cc(ccc1)CC(=O)NCCNC(=O)C=Cc2ccccc2,6.554659724274869e-08,0.534,0.5614035087719298
CC(N)(C)C1=CC=CC=C1C=CCCCC=CC2=CC=CN=C(N)2,5.39141326201917e-09,O(N=Cc1c(nccc1)N)C(C)(C)C,3.494049659760815e-05,0.4,0.4166666666666667
O=C(CCC(=O)NCC1=CC=CC=C1)C(=N)CC=CC2=CC=C3C=CSC3=C2,5.39141326201917e-09,S1c2c(ccc(NCC(=O)NCc3ccccc3)c2)C=C1,1.715390696090709e-07,0.534,0.5081967213114754
C=CC1=CC=CC=C1CCC(=O)C=CC2=CC3=CC(N)=CC=C3C2=O,5.39141326201917e-09,O=C(Nc1c(cccc1)C=C)c2cc3c(c4c(cccc4)C3=O)cc2,1.977500214680861e-08,0.299,0.3181818181818182
O=C(CCC1=CC=C(N)C=C1)C(N)CC(C)=CC2=CC=CC=C2C(=O)(N),5.39141326201917e-09,O=C(N(CC(=Cc1ccccc1)C)C)CCc2ccc(N)cc2,1.0338595034593205e-07,0.41,0.4166666666666667
CC(N)(C)C1=CC=CC=C1NCC(=O)NC=CCCCC2=CC=CN=C(N)2,5.39141326201917e-09,O=C(NCc1c(cccc1)C(C)(C)C)Cc2c(nccc2)N,8.88159706425867e-08,0.484,0.4307692307692308
CC(=C(C(N)N))C1=CC=CC=C1CCCC(=O)NC2=CC3=CC=CC=C3C2,5.39141326201917e-09,Brc1c(cccc1)CCCC(=O)NCC(CNC(=O)C2=Cc3c(cccc3)C2)C,7.684819844846174e-09,0.417,0.4084507042253521
O=C(CCC1=CC=CC=C1)NCN2CC(=O)C3=CC=CC(C(=O)C(O))=C3S2,5.39141326201917e-09,O=C(NCCNC(=O)CCc1ccccc1)c2c3c(ccc2)C(=O)CC3,7.012459310633414e-08,0.446,0.4603174603174603
CC1=CC=CC=C1NC(=O)CC2C(C(=O)(C(=O)O))=CC3=CC(C)=CC=C3C2,5.48318215229987e-09,O=C(Nc1c(cccc1)C)C[NH+]2C(Cc3c(ccc(c3)C)C2)C,3.5700008510608346e-08,0.462,0.46875
C=CC1=C(C(=O)N)C=CC=C1CC(=C)C2=CC3=C(C(=O)N)C=CC=C3[NH1]2,5.48318215229987e-09,Fc1c(c2c3c(NC(C(=O)N)=C3)ccc2)cccc1C(=O)N,2.994020218722163e-07,0.429,0.42857142857142855
CC(CC1=CC(C(=O)N)=CC=C1)C(C)CC(=O)N2CCC3=CC=CC=C32,5.48318215229987e-09,O=C(N)c1cc(ccc1)CC(=O)N2c3c(cccc3)CC2,9.501917818235033e-08,0.692,0.7058823529411765
O=C(CC1=CC=CC(C(=O)N)=C1)C(=C)C(C)CSC2=CC(C(=O)O)=CC=C2,5.48318215229987e-09,S(c1cc(ccc1)C(=O)NCC(CNC(=O)Cc2cc(ccc2)C(=O)N)C)CC,5.352905056385263e-08,0.47,0.47692307692307695
O=C(CC1=CC=CC=C1)C=NC=CC2=CC=CN=C2NC3=CC(O)=CC(C(=O)N)=C3,5.48318215229987e-09,O=C(N)c1cc(NC(=O)C(=C)Cc2ccccc2)cc(c1)C(=O)N,1.069354314392057e-07,0.358,0.3582089552238806
O=C(CCC1=CC=CC=C1)NCC2C(C(=O)C(C))CC3=CC=CC=C3C=2,5.48318215229987e-09,O=C(NCCNC(=O)CCc1ccccc1)C2c3c(cccc3)C2,1.2659662699976492e-07,0.491,0.49122807017543857
CC(N)(C)C1=CC=CC=C1NC(=O)NCCCC=C(N)C2=CC=CC=C2F,5.48318215229987e-09,Fc1c(cccc1)C(=O)NCCCNC(=O)Nc2c(cccc2)C(C)(C)C,8.732950843165048e-08,0.586,0.5892857142857143
CCC1=CC=C(C(=O)O)C=C1CCNC=CC2=CC3=CC=C(C(=O)O)C=C3C2,5.48318215229987e-09,O=C(NCC=CCNC(=O)C1=Cc2c(cccc2)C1)c3cc(c(cc3)CC)CC,1.191831921847226e-08,0.397,0.373134328358209
CC(N)(C)C1=CC=CC=C1NC(=O)CCN(C)CC2=CC(C(=O)N)=CN=C2C=C,5.48318215229987e-09,FC(F)(F)c1c(NC(=O)CC[NH+](Cc2cc(ccc2)C(=O)N)C)cccc1,6.779696498481721e-08,0.5,0.35443037974683544
O=C(CC1=CC=CC(C(=C)N)=C1)CSC=CC=CC2=CC=CC=C2F,5.48318215229987e-09,Fc1c(cccc1)C=CC(=O)NCCNC(=O)Cc2cc(ccc2)C(=O)N,4.298321332126153e-08,0.455,0.46153846153846156
O=C(CC1=CC=CC=C1)NCCCC(C)=CC(N)=C2C(C(=O)C)=CC=CC2=C,5.48318215229987e-09,O=C(NCCNC(=O)Cc1ccccc1)C=C(CCc2ccccc2)C,4.3714843711196514e-08,0.452,0.4745762711864407
O=C(CCC(N)=C)C1=CC=CC=C1CC(=O)C2CCC3=CC=CC=C3C2,5.48318215229987e-09,O=C(N)c1c(cccc1)COC(=O)C2Cc3c(cccc3)CC2,9.501917818235033e-08,0.5,0.5272727272727272
O=C(CC1=CC=CC(=O)C1)CCC2=CC=CC=C2[NH1]C(N)=CC3=CC=CC=C3,5.48318215229987e-09,O=C(Nc1c(cccc1)CCC(=O)OC(C)(C)C)C(=Cc2ccccc2)C,8.732950843165048e-08,0.377,0.38235294117647056
CC(N)(C)C1=CC=CC=C1CCCC=C=C(N)C2=CC=C(C(O))C=C2F,5.48318215229987e-09,Fc1c(ccc(c1)CO)C(=O)NCc2c(cccc2)C(C)(C)C,2.3243630655657442e-07,0.439,0.4375
CC(CC1=CC=CC(C(=O)O)=C1)CCCC=C(C(N))C2=CC=C(C)C=C2Cl,5.48318215229987e-09,Clc1c(ccc(c1)C)C(=O)NCC(CNC(=O)c2cc(ccc2)CC(C)C)C,3.0668876159758165e-08,0.464,0.47058823529411764
O=C(CC1=CC=CC=C(O)1)NCC2=CC=CC=C2C3C(=O)C(=O)C(C)=C3,5.48318215229987e-09,O=C(NCc1c(cccc1)C2CC2)Cc3c(O)cccc3,1.898206059494335e-07,0.6,0.5833333333333334
O=C(NC(=O)CC=CC(=O)CC1=CC=C(C(=O)C)C=C1)C=CC2=CC3=CC=CC=C3C(=O)2,5.48318215229987e-09,O=C1OC(C(=O)NCC=CCNC(=O)Cc2ccc(cc2)C(=O)C)=Cc3c1cccc3,2.7715170626955952e-08,0.431,0.375
CN(CC1=CC=CC=C1)C(C(=O)N)CC(O)C2=CC=CC=C2NC3=CC=CC=C3,5.48318215229987e-09,O=C(Nc1c(Nc2ccccc2)cccc1)C([NH+](Cc3ccccc3)C)CC,3.630766924904767e-08,0.545,0.3548387096774194
CN(CC1=CC(N)=CC=C1N)C(=O)CCC(N)=CCC2=CN=C(N)C=C2,5.48318215229987e-09,O=C(N(Cc1c(cc(cc1)C)C)C)CCc2cnc(N)cc2,1.2239453674810362e-07,0.492,0.5333333333333333
CC(C)C1=CC=C(C(=O)N)C=C1CCC(=O)CC(N)(C2=CC=CC=C2)N,5.48318215229987e-09,O=C(N)c1cc(OC(C)C)c(NC(=O)CC(c2ccccc2)(C)C)cc1,1.8351993794011885e-07,0.379,0.38461538461538464
NC(=C)C1=CC=CC=C1CCCCC(C)(C2=CC=C(C(=N))C=C2)C,5.5765130688645904e-09,O=C(N)c1c(cccc1)CCC(=O)NCCC(c2ccccc2)(C)C,2.504593513241216e-08,0.383,0.3898305084745763
O=C(CC1=CC=CC=C1)NCCCC(C(=O)C)CCC2=CC=CC(N)=C2,5.5765130688645904e-09,O=C(NCCC(=O)NCCCc1cc(N)ccc1)Cc2ccccc2,1.0514571415418939e-07,0.647,0.6470588235294118
C(N)C(=O)NC1=CC=CC(C(=O)N)=C1C(C)CCC=CCC2=CC=CC=C2,5.5765130688645904e-09,O=C(N)c1c(c(NC(=O)CC=CCc2ccccc2)ccc1)C,1.400884853987751e-07,0.542,0.5517241379310345
C(=N)=C(CCC1=CC(C(=O)O)=CC=C1)CCCC=2[NH1]C3=CC=CC=C3CC2,5.5765130688645904e-09,[O-]C(=O)c1cc(ccc1)CCC(=O)N2Cc3c(NC(=O)C2)cccc3,9.663652860855617e-08,0.493,0.39436619718309857
CN(CC1=CC=CC=C1)NC(=O)N(C(=C(=O))C)CCC2=C(C(=O)N)C=CC=C2,5.5765130688645904e-09,O=C(N)c1c(cccc1)CCC(=O)N(Cc2ccccc2)C,2.404163877257511e-07,0.5,0.5
CC(N)(N)C1=CC=CC=C1CCNC2=NC=CC=C2C=CC3=CC=CS3,5.5765130688645904e-09,S1C(C=CC(=O)Nc2ncccc2CNC(=O)OC(C)(C)C)=CC=C1,2.529031392181985e-07,0.417,0.4027777777777778
O=C(CCC1=CC=CC=C1)NC(C(=O)C(C))=CCC=CC2=CC(C(=O)O)=CC=C2Cl,5.5765130688645904e-09,Clc1c(cc(cc1)C([O-])=O)C=NNC(=O)CCc2ccccc2,1.4987273864256132e-07,0.547,0.484375
O=C(CCCCCCC1C=CC=CC1)NC(=O)C2=CC(C(=O)O)=CC=C2Cl,5.5765130688645904e-09,Clc1c(cc(cc1)C([O-])=O)C(=O)NCCCCCCC(=O)NC,3.485179787238657e-07,0.5,0.4153846153846154
CC1=CC=CC=C1C2=CC=CC=C2CCNCC3CCCC(CN)C3,5.5765130688645904e-09,[NH2+](Cc1c(c2c(cccc2)C)cccc1)CC3CC(CCC3)CC,8.083954182461677e-09,0.633,0.4727272727272727
O=C(CCC1=CC=CC=C1)NCCCCC=C2C=C(C(=O)N)C=CC(=O)2,5.5765130688645904e-09,O=C(N)c1ccc(cc1)CCC(=O)NCCCCNC(=O)CCc2ccccc2,1.9444039222013203e-08,0.547,0.5471698113207547
O=C(CC1=C(C(=O)O)C(C(=O)N)=CC=C1)CSC=CC=C(C2=CC=CC=C2C)C,5.671432599439371e-09,O=C(N)c1c(cccc1)COC(=O)C=C(c2c(cccc2)C)C,1.898206059494335e-07,0.413,0.41935483870967744
CC(CC1=CC(N)=CC=C1N)CCC=CC2=CC=CC(C(C(=O)N))=C2,5.671432599439371e-09,O=C(NCC=CCNC(=O)c1ccc(cc1)CC(=O)N)c2cc(c(N)cc2)CC(C)C,3.195001348067469e-09,0.403,0.4153846153846154
O=C(CC1=CC=CC=C1)NC(=O)CCC(C(=N))CCCC2=CC(C(=O)N)=CC=C2,5.671432599439371e-09,O=C(N)c1cc(ccc1)CCNC(=O)CCNC(=O)Cc2ccccc2,3.8843519569743744e-08,0.517,0.5263157894736842
CCC1=CC=C(C(=C(N))(C(=O)O))C=C1CC(=C)C2=CC3=CC=CC=C3[NH1]2,5.671432599439371e-09,O=C(NNC(=O)C=1Nc2c(cccc2)C1)c3cc(c(cc3)CC)CC,6.666228587545247e-08,0.517,0.5172413793103449
C(=N)=C(CCC=CC1=CC=C(N)C=C1)CC(=O)CC2=CC=CC=C2C,5.671432599439371e-09,O=C(NCCNC(=O)CCC=Cc1ccccc1)Cc2c(cccc2)C,1.106067745068516e-07,0.475,0.5
CN(CC1=CC(N)=CC=C1)CCCOC2=CC=CC=C2CC3=CC(=O)C(N)=C3,5.671432599439371e-09,O(c1c(cccc1)C)CCC[NH+](Cc2cc(N)ccc2)C,5.782647411208766e-07,0.614,0.36363636363636365
CC(CC1=CC=CC=C1)C(C(N))CCCC(=O)NC(=O)CC2=CC=CC=C2,5.671432599439371e-09,O=C(OCC(=O)NC(=O)Cc1ccccc1)CCCC(c2ccccc2)C,5.630924353796884e-08,0.491,0.48214285714285715
CC(C(=O)N)C(CC1=CC=CC(C(=O)N)=C1)CCC(=O)NC2=CC=CC(C)=C2,5.671432599439371e-09,O=C(N)c1cc(ccc1)CC(=O)Nc2cc(ccc2)C,3.313103734547974e-07,0.623,0.6226415094339622
CC(C)C1=CC=CC=C1CCC(C)CCC(N)(N)C2=CC=CC=C2,5.671432599439371e-09,[NH2+](Cc1c(cccc1)C(C)C)CCC(c2ccccc2)(C)C,6.44495812539366e-08,0.447,0.4375
CCC1=CC=CC=C1CCCC(C)CC=CC=C(N)C2=CC=CC=C2,5.671432599439371e-09,O(N=C(N)c1ccccc1)CCc2c(cccc2)CC,9.924036212805188e-07,0.389,0.3888888888888889
CCC1=C(C(=O)N)C=CC=C1CC(=O)CC=CC(=O)CC2=CC=CC3=C2CCCN3,5.671432599439371e-09,O=C(NCC=CCNC(=O)c1c(cccc1)CC)c2c3c(NCCC3)ccc2,6.895095781354073e-08,0.464,0.5
O=C(CCC1=CC=CC=C1)NCC2=CC(N)(C)CC3=CC=C(C(=O)C)C=C23,5.671432599439371e-09,O=C(NCc1cc(ccc1)C(=O)C)CNC(=O)CCc2ccccc2,5.7267700354556634e-08,0.517,0.5084745762711864
O=C(NC(=O)C1=CC=CC=C1)CCC(=C(C(=O)N))CNC(=O)CC2=CC=CCC(=O)2,5.671432599439371e-09,O=C(NC(=O)COC(=O)CCNC(=O)Cc1ccccc1)c2ccccc2,1.774284064318968e-07,0.343,0.3333333333333333
NCCC(=C)CC1=CC=CC=C1C(=O)CNC(=O)CCC2=CC=CC2,5.671432599439371e-09,Clc1c(cccc1)C(=O)CNC(=O)CCC(=O)NCC(=C)CC,4.6433995114696347e-07,0.371,0.4098360655737705
O=C(NC(=O)C1=CC=CC=C1)NCCC(N)C=CC(=O)CC2=CC=CC=C(O)2,5.671432599439371e-09,O=C(NCC(O)CCNC(=O)Cc1c(O)cccc1)c2ccccc2,7.8355164770535e-07,0.483,0.4745762711864407
NC1=CC(C(=O)N)=CC2=C1CCN2CCC=CC3=CC(N)=CC(F)=C3,5.671432599439371e-09,Fc1c2c(N(CC=Cc3cc(F)cc(F)c3)CC2)cc(F)c1,1.463118529005241e-06,0.417,0.4067796610169492
O=C(CC1=CC=CC=C1)NCCCCCSC2=CC=CC3=C2CCC(N)C3,5.671432599439371e-09,Brc1c(SCCCCNC(=O)C(=O)NCCNC(=O)Cc2ccccc2)cccc1,1.6306955934488178e-07,0.516,0.5245901639344263
O=C(CCC(=O)C1=CC=CC(C(=O)C)=C1)NC(=O)CC=C2C=CC=C[NH1]2,5.76796778430801e-09,O=C(NCCNC(=O)CC=C(C)C)c1cc(ccc1)C(=O)C,6.618615004839549e-07,0.361,0.3898305084745763
CC(CC1=CC(C(=O)O)=CC=C1)C(=O)CCCC(C)=C(C)C2=CC=CC=C2C,5.76796778430801e-09,O=C(NNC(=O)c1cc(ccc1)CC(C)C)c2c(cccc2)C,1.576568321506011e-07,0.458,0.46551724137931033
O=C(CC=CC=CC=CC1=CC(C(=O)C(N))=CC=C1)NC2=CC=CC=C2,5.76796778430801e-09,O=C(Nc1ccccc1)CNC(=O)CC=Cc2ccccc2,2.404163877257511e-07,0.471,0.4528301886792453
O=C(CC1=CC=CC=C1)NCCCC2=CC(=N)C3=CC=CC(C(=O)N)=C32,5.76796778430801e-09,O=C(N)c1c(cccc1)CCC(=O)NCCCCNC(=O)CCNC(=O)Cc2ccccc2,5.5366827866102494e-08,0.517,0.5172413793103449
ClC1=C(N)C=C(C(=O)N)C=C1CCC(C)C(=O)NC2=CC=CC(C)=C2,5.76796778430801e-09,Clc1c(N)cc(cc1C)C(=O)OC(C(=O)Nc2cc(ccc2)C)C,8.16283113100815e-08,0.532,0.5573770491803278
O=C(CCC1=CC=CC=C1)CCC(C(=O)O)CC=CC2=CC=CC(C(=O)C(N))=C2,5.76796778430801e-09,O=C(NCC(=O)CCc1ccccc1)C(CC=Cc2ccccc2)C,6.554659724274869e-08,0.422,0.42857142857142855
O=C(CC1=CC=CC(C(=O)N)=C1)N2CCCC(C3=CC=CCC(=O)3)=C2,5.76796778430801e-09,O=C(N)c1cc(ccc1)CC(=O)N2CCC(=O)CCC2,2.0653497658821166e-07,0.508,0.5081967213114754
CC(=C(C(=O)N))C1=CC=CC=C1CCCCCC(=O)N=C2C(C)=CCCC2,5.76796778430801e-09,O=C(N)c1c(cccc1)CCC(=O)NCCCCCCNC(=O)C2=CCCC2,6.126747008126378e-08,0.37,0.3698630136986301
CC1=C(C(=O)N)C=CC=C1CCN(C)C=C2C3=CC(C)=CC=C3CC(=O)2,5.76796778430801e-09,O=C1OC(C(=O)N(CCN(C(=O)c2c(c(ccc2)C(=O)N)C)C)C)(Cc3c1cc(cc3)C)C,1.191831921847226e-08,0.427,0.4383561643835616
O=C(CC1=CC=CC=C1)NCC=CNC(=O)CC=C(O)C2=CC(N)=CC=N2,5.76796778430801e-09,O=C(NCC=CCNC(=O)CCNC(=O)Cc1ccccc1)c2nccc(N)c2,4.0860975120705305e-08,0.587,0.6271186440677966
CC1=CC=CC=C1CNC(=O)CCC(C)C2=CC(C(=O)N)=C(C)C(F)=C2,5.76796778430801e-09,O=C(NCc1c(cccc1)C)CCC(c2ccccc2)C,2.247211062304602e-07,0.635,0.6346153846153846
O=C(NC1=CC=CC=C1)CC2=CC=CN=C2C3CC(C(C(=O)N))CC=3,5.76796778430801e-09,Brc1ncccc1CC(=O)NCC(=O)Nc2ccccc2,1.9305160040558177e-07,0.441,0.4262295081967213
O=C(CCCCC1=CC=CC=C1)NC(=C)CCNC(=O)CC2=CC(N)=CC2,5.76796778430801e-09,O=C(NCCNC(=O)CCCCc1ccccc1)CC2=CCCC2,8.16283113100815e-08,0.517,0.5166666666666667
N=C(CC1=CC=CC=C1)N2C(=N)CCC(C3=CC(C(=N)N)=CC=C3)=C2,5.76796778430801e-09,O=C(NNC(=O)Cc1ccccc1)c2cc(c3ccc(cc3)C(=O)N)ccc2,4.4458927405249594e-08,0.323,0.3333333333333333
CC(NC1=CC=CC=C1)C(=O)CCCC(C)CCC2=CC(C(=O)N)=CC=C2,5.76796778430801e-09,O=C(N)c1cc(ccc1)CCNC(=O)C(Nc2ccccc2)C,6.231032238480951e-08,0.618,0.6181818181818182
O=C(CC1=CC=CC=C1)CCC2=CC=CC=C2C3CC(C(C(=O)C))CCC3,5.76796778430801e-09,O=C(OCC(=O)Cc1ccccc1)CC2CC(CCC2)C,5.314671895870166e-07,0.458,0.45
CC(N)(C)C1=CC=CC=C1CCCCC#CCC(N)=CC2=CC=CC=C2,5.76796778430801e-09,FC(F)(F)c1c(cccc1)CC[NH2+]CC(=Cc2ccccc2)C,2.2854615275150829e-07,0.35,0.35
C=CC1=C(C(=O)O)C=CC=C1CCCC=CC2=C(C(=O)N)C3=CC=CC=C3[NH1]2,5.8661461240152804e-09,O=C(N)c1c(cccc1)CCC(=O)NCC=CCNC(=O)C=2c3c(NC2C)cccc3,5.5765130688645855e-09,0.364,0.3684210526315789
NC1=CC=C(N)C=C1CCCCC=CC2=CC3=CC(N)=CC=C3C(=O)2,5.8661461240152804e-09,O=C(NCCCc1c(N)cccc1)c2cc3c(c4c(cccc4)C3=O)cc2,2.0453924147377183e-08,0.273,0.27692307692307694
NC(C(=O)N)CC1=CC=CC=C1CCNC2CCCC3=CC=CC=C32,5.8661461240152804e-09,[NH2+](C1c2c(cccc2)CCC1)CCc3c(cccc3)CC,7.253213413653791e-08,0.615,0.3898305084745763
CCC1=CC=C(C(=O)N)C=C1CCCCC(C)C2=CC3=CC=CC=C3N2,5.8661461240152804e-09,O=C(N)c1ccc(cc1)C[NH2+]C(C=2Nc3c(cccc3)C2)C,1.6034035719839377e-07,0.492,0.5
CC(N)(C)C1=CC=CC=C1CCC(=O)C=CCC(O)(O)C2=CC=CC=C2,5.8661461240152804e-09,FC(F)(F)c1c(cccc1)CCNC(=O)C(O)(c2ccccc2)C,4.4892723101046985e-07,0.39,0.3793103448275862
C(C(=O)O)=C(CC1=CC=CC=C1)CC=CC=CC2=CC=CC=C2CC(=O)N,5.8661461240152804e-09,O=C(Nc1c(cccc1)CC(=O)N)CC=CCc2ccccc2,6.666228587545247e-08,0.39,0.40350877192982454
C=C(CC1=CC=CC=C1)NCC2=C(C(=C)N)C=CC=C2C(=O)CCCC(N)=O,5.8661461240152804e-09,O=C(NCCNC(=O)CCCC(=O)c1c(N)cccc1)Cc2ccccc2,4.0860975120705305e-08,0.439,0.43636363636363634
CC(N)(C)C1=CC=CC=C1NC(=C(N))CCC=CC2=CC(C(=O)O)=CC=C2,5.8661461240152804e-09,O=C(Nc1c(cccc1)C(C)(C)C)CCC=Cc2ccccc2,9.995428629292189e-08,0.468,0.5263157894736842
O=C(NCC1=CC=CC=C1)NCCCCCC(=O)CC=C2C(N)=CC=CS2,5.8661461240152804e-09,O=C(NCCCCCCNC(=O)CCCC(=O)NCc1ccccc1)CC=C(C)C,1.0875561204824821e-07,0.385,0.390625
O=C(N(C(=O)O)C=CCC(=O)CCC(=O)CC1=CC(C(=O)O)=CC=C1)NC2=CC=CC=C2,5.8661461240152804e-09,[O-]C(=O)c1cc(ccc1)CC(=O)NCC(=O)Nc2ccccc2,1.203460892404676e-07,0.509,0.39344262295081966
O=C(NCC1=CC=CC=C1)C(=O)CCC=CC=CC=CC=C(N)C,5.8661461240152804e-09,O=C(NCc1ccccc1)C(=O)NCCC=CC=C,1.322206248041431e-06,0.471,0.47058823529411764
C(C(=O)O)=C(CC1=CC=CC(C(=O)N)=C1)C(=C)C=CC2=CC=CC(N)=N2,5.8661461240152804e-09,O=C(N)c1cc(ccc1)CC(=O)Nc2nc(N)ccc2,3.313103734547974e-07,0.467,0.4745762711864407
O=C(CCC1=CC=C(C)C=C1)NN2CC(=O)C(=O)C3=CC(=O)C(=O)C=C32,5.965995587201041e-09,O=C1N(NC(=O)CCc2ccc(cc2)C)CCc3c1cccc3,2.1362580461703601e-07,0.475,0.46551724137931033
O=C(CCC1=CC=CC=C1)NC(=O)CC(C(=C(CN))C)=CCCC2=CC=CC=C2,5.965995587201041e-09,O=C(NNC(=O)CCc1ccccc1)CCc2ccccc2,2.994020218722163e-07,0.422,0.4318181818181818
O=C(C(N)CCCCNC(=O)C1=CC=CC=C1)NCC2=CCCC=C2,5.965995587201041e-09,O=C(NCCCCC(NC(=O)C1=CCC1)C)c2ccccc2,1.6584521607389992e-07,0.467,0.4666666666666667
O=C(CC1=CC=CC=C1)NCCCC2=C(C(=O)O)CCC3=C2CCC(N)=C3,5.965995587201041e-09,O=C(NCCNC(=O)Cc1ccccc1)C(=O)NCCCc2ccc(N)cc2,9.032773438039765e-08,0.45,0.47368421052631576
NC(=O)CC1=CC=CC=C1CCNC(=O)CC2=CC3=CC=NC=C3C(=N)2,5.965995587201041e-09,O=C(NCCNC(=O)Cc1c(ccnc1)C)Cc2c(cccc2)CC,3.149523704937078e-07,0.403,0.4166666666666667
C(=O)(N)CCC(=O)CC1=CC=CC=C1C(C)CCC=CC2=CC=CC=C2,5.965995587201041e-09,O=C(NCC(CNC(=O)CCC=Cc1ccccc1)C)CCC(=O)N,7.376672572429296e-08,0.5,0.5
C(CC1=CC(C(=C(N))(O))=CC=C1)C(=O)C2=CC=CC=C2NC3=CC=CC(=O)C3,5.965995587201041e-09,[O-]C(=O)CCc1cc(ccc1)C(=O)Nc2c(cccc2)C(=O)N,1.4987273864256132e-07,0.366,0.3880597014925373
CSC1=CC(C(=O)O)=CC=C1NC(=O)C2CCC3=CC=CC(C(=O)N)=C3C2,5.965995587201041e-09,S(c1c(NC(=O)C)ccc(c1)C(=O)N2Cc3c(c(ccc3)C(=O)N)CC2)C,8.026214485119953e-08,0.5,0.5217391304347826
CC(N)(C)C1=CC=CC=C1N2CNC(=O)C(C3=CC(C(=O)N)=CC=C3)=C2,5.965995587201041e-09,O=C1N(c2c(NC1)ccc(c3cc(ccc3)C(=O)N)c2)C,1.28751466817905e-07,0.406,0.42857142857142855
CC=CC=CC1=CC=C(C(=O)N)C=C1NC(=O)CCCC2=CC=C(C)CC2,5.965995587201041e-09,O=C(N)c1cc(NC(=O)CCCc2cc(c(cc2)C)C)c(cc1)C,3.5102517843139754e-08,0.446,0.4461538461538462
C(C(=C(N))C(C(=O)O))(=O)CC1=CC=CC=C1NC(=O)C2=CC3=CC=CC=C3C2,5.965995587201041e-09,O=C(Nc1c(cccc1)CC(=O)N)C2=Cc3c(cccc3)C2,7.629930967206321e-08,0.648,0.6730769230769231
CCCC(=O)C(=O)C1=CC=CC=C1NC(=O)CC=C2CCCC3=C2C=CN=N3,5.965995587201041e-09,O=C(Nc1c(NC(=O)CCC)cccc1)c2c3c(ncc2)CCC3,9.828140844988805e-08,0.414,0.4057971014492754
C(=N)=C(NC1=CC=CC=C1)N2CCC(CC3=CC=CC(C(=O)N)=C3)=C(N)2,5.965995587201041e-09,O=C(N)c1cc(ccc1)CC(=O)Nc2ccccc2,6.962372772649842e-07,0.474,0.47368421052631576
FC1=CC=C(C(=O)N)C=C1C2=NC=C(C(=O)N)C=C2C=CNC(=O)CCCl,5.965995587201041e-09,Clc1c(ncc(c1)C(=O)N)C(=O)Nc2c(F)ccc(c2)C(=O)N,4.4141379216012366e-07,0.385,0.390625
CC(=C(C(=O)N))CC1=CC=CC=C1CC=CCC=CC2=CC=CC=N2,5.965995587201041e-09,O=C(Cc1c(cccc1)C=Cc2ncccc2)C,1.7031385064593036e-06,0.463,0.47058823529411764
CC(CC1=CC(N)=CC=C1N)=C(C(=O)C(N))CC2=CC=CC(Cl)=C2,5.965995587201041e-09,Clc1cc(ccc1)CC(=O)NCc2c(ccc(N)c2)C,2.994020218722163e-07,0.483,0.49122807017543857
CN(CC1=CC(N)=CC=C1)N2CCCN(C3=C(C)C=CC(C(C))=C3)C2,5.965995587201041e-09,O=C(N(Cc1cc(N)ccc1)C)C(=O)Nc2cc(N3CCCC3)c(cc2)C,2.504593513241216e-08,0.478,0.47761194029850745
C=C(CC1=CC=C(N)C(C(=C)N)=C1)NC(=O)C=CC2=CC=CC=C2,5.965995587201041e-09,O=C(NCCNC(=O)C=Cc1ccccc1)c2c(N)ccc(c2)CC,7.759802350413329e-08,0.517,0.5263157894736842
O=C(CC=CC(N)=CC1=CC=CC=C1)NC(=O)CC2=CC3=CC=CC=C3[NH1]2,6.067544618568e-09,O=C(NCC=1Nc2c(cccc2)C1)CC=Cc3ccccc3,8.732950843165048e-08,0.526,0.5178571428571429
O=C(CC1=CC=CC(C(=O)O)=C1)C(C)NCCC2=CC(C(=C(C(N))))=CC=C2,6.067544618568e-09,O=C(N)c1cc(ccc1)CC(=O)NCC(CNC(=O)CC=Cc2ccccc2)C,1.4349790904006652e-08,0.356,0.42028985507246375
O=C(CCC=CC1=CC(C(=O)(N))=CC=C1)NC(=O)CCCC2=CC(C(=O)C)=CC=C2,6.067544618568e-09,O=C(NCc1cc(ccc1)C(=O)C)CCC=Cc2ccccc2,7.131820520357163e-08,0.569,0.5689655172413793
NC(=C)C1=CC=CC=C1NCCCC=2CSC3=CC(C(=O)O)=CC=C3C2,6.067544618568e-09,S1c2c(NC(=O)C1)cc(cc2)C(=O)NCCNC(=O)c3c(NCCCC)cccc3,3.8193417751766345e-08,0.351,0.37662337662337664
CC(CC1=CC=CC(C(=O)N)=C1C)CCCC(=C)C2=CC=CC(Br)=C2,6.067544618568e-09,Brc1cc(ccc1)C(=O)NCC(CNC(=O)c2c(c(ccc2)C(=O)N)C)C,2.72513176339802e-08,0.508,0.5081967213114754
O=C(CC1=CC=CC=C1)NCCC(C(=O)O)C2=CC=CC(=C2)C3CCNC3,6.067544618568e-09,O=C(NCCNC(=O)Cc1ccccc1)c2cc(ccc2)C3C[NH2+]CCC3,1.0067334634909954e-08,0.563,0.45588235294117646
CN(CC1=CCCC=C1N)C(=O)CCC(=O)C=CC2=CC=C(C(N))C=C2,6.067544618568e-09,O=C(N(Cc1ccccc1)C)CCNC(=O)C=Cc2ccc(cc2)CC,3.8193417751766345e-08,0.373,0.40625
CC(NCC1=CC=CC=C1)=CCC2=CC3=C(C(=O)C(N))C=CC=C3S2,6.067544618568e-09,S1c2c(c(ccc2)C(=O)OC)C=C1C(=O)NCc3ccccc3,2.2854615275150829e-07,0.46,0.46774193548387094
O=C(CCC1=CC=CC=C1)N(C)CC=CC2=CC=CC(C(=C(=N))N)=C2,6.067544618568e-09,Brc1ccc(cc1)C=CCN(C(=O)CCc2ccccc2)C,6.779696498481721e-08,0.571,0.5714285714285714
C(C(=O)N)=C(CC1=CC(N)=CC=C1N)C(=O)CC=CC2=CC=CC(C)=C2,6.067544618568e-09,O=C(NCc1c(ccc(N)c1)C)C=Cc2cc(ccc2)C,1.8351993794011885e-07,0.452,0.4426229508196721
CN(CC1=CC=CC=C1NNC(C(=O)N)C)C(=O)CCC2=CC=CC=C2Br,6.067544618568e-09,Brc1c(cccc1)CCC(=O)N(Cc2c(NC(=O)OC(C)(C)C)cccc2)C,1.1329868277338134e-08,0.576,0.576271186440678
NC(N)(C1=CC=CC=C1)C(=C(N))CCC=CC2=CC(C(=O)O)=CC(C)=C2,6.067544618568e-09,O=C(NC(c1ccccc1)(C)C)C=Cc2cc(cc(c2)C)C,1.3094298482212224e-07,0.355,0.3793103448275862
CC(=O)C1=CCCC(C(=O)C(N))=C1NCCCCC=CC2=CC=CC=C2,6.067544618568e-09,O=C(c1c(NCCC=Cc2ccccc2)cccc1)C,4.4141379216012366e-07,0.41,0.4098360655737705
O=C(CCC1=CC(C(=O)N)=CC=C1)NC(=O)CCC(N)C=CC2=CC=CC=C2F,6.067544618568e-09,Fc1c(cccc1)C=CC(=O)NCCc2cc(ccc2)C(=O)N,9.828140844988805e-08,0.548,0.5573770491803278
O=C(CCC1=CC(C(=O)N)=CC=C1)NC(=O)NCNC2(C)C=CC=C2,6.17082214698475e-09,O=C(N)c1cc(ccc1)CCNC(=O)CCC2(CC2)C,2.615858945450191e-07,0.475,0.48333333333333334
C(C(=O)O)CC1=CC=C(C(=O)N)C=C1CCC=CC2=CC3=CC=CC(N)=C3C(=O)2,6.17082214698475e-09,[O-][N+](=O)c1c(ccc(c1)C(=O)N)COC(=O)CCC=Cc2ccccc2,7.891884314063094e-08,0.321,0.3246753246753247
O=C(NC(=O)NC=C1C=CC=CC1=C)C2=CC=CC3=CC(N)=C(C(=O)O)C=C32,6.17082214698475e-09,O=C(Nc1cc(NC(=O)c2ccc(cc2)C=C)ccc1)c3c(N)cc4c(c3)cccc4,2.011159849253765e-08,0.31,0.3235294117647059
O=C(CC1=CC=CC=C1)NCCCC2=C(C(=C)N)C=CN=C2CCCC(=O)CF,6.17082214698475e-09,O=C(NCCNC(=O)Cc1ccccc1)NCCCc2ncccc2C,1.400884853987751e-07,0.47,0.49230769230769234
NC(=O)CC1=CC=CC=C1CCC(=O)NOCC2=CC3=CC=CC=C3C(=N)2,6.17082214698475e-09,O=C(N)c1c(cccc1)CCC(=O)NOCc2ccccc2,8.732950843165048e-08,0.448,0.44642857142857145
O=C(NC(=O)C1=CC=CC=C1)CCCC=CC(N)=C2CCC(=O)C(=C)C2,6.17082214698475e-09,O=C(NC(=O)COC(=O)C=CCCCCCCCCC)c1ccccc1,1.1635147152901845e-07,0.4,0.4
O=C(C(N)(N)C1=CC=CC=C1)NC(=C)CCC2=CC=CC(C(=O)O)=C2CC,6.17082214698475e-09,O=C(NCCNC(=O)C(c1ccccc1)(C)C)c2c(cccc2)CC,5.444018486747391e-08,0.349,0.3728813559322034
O=C(NC(=O)CC(C)CC1=CC=CC=C(C(=O)O)1)C=CC2=CC3=CC=CC=C3[NH1]2,6.17082214698475e-09,O=C1Nc2c(cccc2)C=C1C(=O)NCC=CCNC(=O)CC(Cc3c(OC)cccc3)C,2.26337724959514e-08,0.429,0.44
CC(CC1=CC(C(=O)N)=CC=C1F)CSC2=NC3=CC(C(=O)N)=CC=C3[NH1]2,6.17082214698475e-09,S(Cc1c(F)ccc(c1)C(=O)NC2=Nc3c(N2)ccc(c3)C(=O)N)C,1.686681181030728e-07,0.547,0.5230769230769231
FC1=CC=CC=C1NCC=CC=CC=CC2=CC=CC(C(=O)C(N))=C2C#N,6.17082214698475e-09,Fc1c(NCc2c(C#N)c(ccc2)C(=O)OC)cccc1,1.488022715946687e-06,0.431,0.4307692307692308
C=C(C(=O)C1=CC=CC(C(=O)N)=C1)C(C)C2CC3=CC=CC=C3C2,6.17082214698475e-09,O=C(N)c1cc(ccc1)C[NH2+]C(C2Cc3c(cccc3)C2)CC,2.8666697152640347e-08,0.491,0.4909090909090909
CC(N)(C)C1=CC=CC=C1CCCCSC=C(N)C2=CC=CC=C2F,6.17082214698475e-09,Fc1c(cccc1)C(=NOCCc2c(cccc2)C(F)(F)F)N,7.080881444127068e-07,0.377,0.38333333333333336
C(=O)(C(N)C1=CC=CC=C1)NC(=O)CC(C2=CC=CC=C2CC(C)C)=O,6.17082214698475e-09,O=C(NC(c1ccccc1)C(=O)NC)c2c(cccc2)CC(C)C,5.0034473822546355e-08,0.491,0.5
O=C(NC(=O)CC1=CC=CC=C1)NC(=O)CC2=CC(C)=C(N)SC2,6.17082214698475e-09,S(c1c(N)c(ccc1)C)CC(=O)NC(=O)Cc2ccccc2,1.331718053230139e-07,0.411,0.40350877192982454
CCC1=CC=C(C(C(=O)(O)))C=C1NC(=O)CC(C(=O)C(N))CC2=CC(Br)=CC=C2,6.17082214698475e-09,Brc1cc(ccc1)CC(C(=O)Nc2c(ccc(c2)CC)CC)CC,2.5905820570601723e-08,0.571,0.5833333333333334
CCC1=CC=CC=C1CC(=C(C(=C)C(C(N))))C=CC2=CC(C(C(N)))=CC=C2,6.17082214698475e-09,O=C(Nc1cc(ccc1)CC[NH3+])Cc2c(cccc2)CC,1.1248944616653033e-07,0.45,0.3548387096774194
CC(N)(N)C1=CC=CC=C1CC(=O)NCC(O)2CC3=CC=CC=C3C2,6.17082214698475e-09,O=C(NCC1(O)Cc2c(cccc2)CC1)Cc3c(cccc3)C,6.126747008126378e-08,0.585,0.5769230769230769
CCCC(=O)CC1=CC=CC=C1C(=O)CC(C)NC(=O)CC2=CC=CC=C2,6.17082214698475e-09,O=C(OCC(=O)CCC)C(NC(=O)Cc1ccccc1)C(C)C,2.30776128667278e-06,0.509,0.509090909090909
CCC1=CC=C(C(=C(C(N)))O)C=C1CCCC2=CC=CC=C2C3=CC=NS3,6.27585759372699e-09,S1N=CC=C1NC(=O)c2cc(c(cc2)CC)CC,1.6746340493045234e-06,0.359,0.3770491803278688
O=C(NCC1=CC=CN=C1)C(=O)N=C2C(C(=O)N)=CC3=CC=CC(C(=O)O)=C3S2,6.27585759372699e-09,Fc1c(cccc1C(=O)N)C(=O)NCc2cnccc2,1.1552043035786423e-06,0.433,0.47619047619047616
C(C(=O)N)CCCC1CCCC=C1CC(=O)NCC2=CC=CC=C2,6.27585759372699e-09,O=C(NC1C(NC(=O)CCCCC(=O)N)CCC1)CCCC(=O)NCc2ccccc2,1.2537333137184442e-08,0.544,0.5357142857142857
C=C(N)C1=CC=CC=C1CC=CC=CC=CCC(=O)NC2=CC=CC=N2,6.27585759372699e-09,O=C(NCC(=O)Nc1ncccc1)c2c(cccc2)CC=C,2.1005047144726285e-07,0.526,0.5172413793103449
O=C(NCC1=CC=CC(=O)C1)CCN2N=NC3=CC=C(C(=O)C(C(=O)C))C=C23,6.27585759372699e-09,O=C(NCCC(=O)NCc1ccccc1)c2cc3N(N=Nc3cc2)C,6.126747008126378e-08,0.364,0.3918918918918919
C(=O)(N)CC1=C(N)C=CC=C1CCCCC=CC2=CC(N)=CC=C2,6.27585759372699e-09,O=C(NCc1ccc(cc1)CC(=O)N)C=Cc2cc(N)ccc2,2.20960077329976e-07,0.424,0.423728813559322
CC(C)(C(=O)C(N)1CCCCC1)NCCCC2=CC=CC=C2CC(N),6.27585759372699e-09,O=C(NCCCc1c(cccc1)C)C2([NH3+])CCCCC2,8.586792429037429e-08,0.439,0.41379310344827586
CN(CC1=CC=CC=C1)C(=O)SC=CC2=CC=CN=C2NC3=CC(N)=CN=C(N)3,6.27585759372699e-09,O=C(N(Cc1ccccc1)C)c2c(nccc2)Nc3c(OC)cccc3,9.828140844988805e-08,0.411,0.4225352112676056
CC(CC1=CC(C(=O)N)=CC=C1)C(N)CCCCNC2=CC=CC=C2F,6.27585759372699e-09,Fc1c(NCc2cc(ccc2)C(=O)N)cccc1,6.08298667624497e-07,0.574,0.5740740740740741
CC(CC1=CC=CC=C1)NC(=O)C(=O)CC(C(=O)C)CCC2=CC=CC=C2,6.27585759372699e-09,O=C(NC(C(=O)C)Cc1ccccc1)C(Cc2ccccc2)CCc3ccccc3,7.948657655044036e-09,0.542,0.574468085106383
C(C(=O)N)=C(CC1=CC=CC(C(=O)C(N))=C1)C(=O)SC=C(C)C2=CC=CC=C2,6.27585759372699e-09,O=C(N)c1cc(ccc1)CC(=O)NCCNC(=O)C=C(c2ccccc2)C,6.337092539563196e-08,0.422,0.42857142857142855
CC(C)C1=CC=C(C(=O)N)C=C1N2CCCC(C3=CC=C(N)C=C(C(=O)N)3)C2,6.27585759372699e-09,O=C(N1C(C(NC(=O)c2c(ccc(c2)C(=O)N)C)C)CCC1)c3c(ccc(N)c3)C,1.1140246738246686e-08,0.411,0.4166666666666667
C(=O)=C(CCC1CCCC1)C=C2C(=O)C3=CC=C(C(=O)N)C=C3CC2,6.27585759372699e-09,O=C(OCC(=O)CCC1CCCC1)c2cc3c(cc2)C(=O)CC3,3.485179787238657e-07,0.453,0.4461538461538462
O=C(CC1=CC=CC=C1)NCCC(C(=O)C(N))CC=CC2=CC(C(=O)C)=CC=C2,6.27585759372699e-09,O=C(NCCNC(=O)Cc1ccccc1)c2cc(ccc2)C(=O)C,6.554659724274869e-08,0.508,0.5084745762711864
C(CC)NC1=CC=CC(C(=C(=C))C)=C1CC(=O)NC(=O)C2=CC=CC=C2C,6.27585759372699e-09,O=C(Nc1c(NCCC)cccc1)c2c(cccc2)C,1.1748673885314715e-06,0.528,0.5283018867924528
CC1=CC=CC=C1CCCCC(=C(N))C=CC2=CC3=CC=CC=C3C2,6.27585759372699e-09,O=C(NCCCc1c(cccc1)C)C2=Cc3c(cccc3)C2,4.0860975120705305e-08,0.45,0.46551724137931033
CC(N)(C)C1=CC=CC=C1NC(=O)CCCC=CC2=CC(N)=CC=C2,6.27585759372699e-09,O=C(Nc1c(cccc1)C(C)(C)C)CCC=Cc2ccccc2,9.995428629292189e-08,0.554,0.5636363636363636
O=C(NCC1=CC=CC=C1)C(N)CCC(=C(N))CCSC2=CC=CC=C2,6.27585759372699e-09,S(c1ccccc1)CCC(=O)NCc2ccccc2,7.201407287863507e-07,0.531,0.5416666666666666
CC(N)(C)C1=CC=CC=C1NC(=O)CCNC(C)C2=C(N)C=CC=C2,6.27585759372699e-09,FC(F)(F)c1c(NC(=O)CC[NH2+]C(c2c(cccc2)C(F)(F)F)C)cccc1,3.149523704937078e-07,0.642,0.4406779661016949
C(=N)=C(CC1=CC=CC(C(=O)O)=C1C)C(=N)CC2=CC=CC3=CC=CC=C23,6.27585759372699e-09,[O-]C(=O)Cc1c(c(NC(=O)Cc2c3c(ccc2)cccc3)ccc1)C,4.6768036128584304e-08,0.456,0.42857142857142855
O=C(NC1=C(N)C=CC(N)=N1)CSC2=CC=CC=C2CC(=O)N(C)C(=O)N,6.27585759372699e-09,S(c1c(cccc1)CC(=O)NC2=NC(=O)NC=C2N)CC,3.922252447567377e-07,0.455,0.46153846153846156
O=C(CC1=CC(C(=O)N)=CC=C1)CCC=CCNCC2=CC=CCC2,6.382680880859011e-09,O=C(N)c1cc(ccc1)CC(=O)NCC=CCNC(=O)CC2=CCCC2,1.5879099792565044e-08,0.4,0.45454545454545453
O=C(CCC1=CC=C(C(=O)N)C=C1)NCC2=C=C(C)C3=CC=CC=C3S2,6.382680880859011e-09,O=C(N)c1ccc(cc1)CCC(=O)NCc2c(cccc2)C,1.866436868034807e-07,0.564,0.5636363636363636
O=C(CC1=CC=C(N)C=C1)C(=O)N2CCC(C3=CC=CC=C3)C(C)C2,6.382680880859011e-09,O=C(N1CC(c2ccccc2)C(CC1)C)Cc3ccc(N)cc3,1.6584521607389992e-07,0.654,0.6538461538461539
CC(CC1=CC(C(=C)N)=CC=C1)=CC(=O)NCC2=C(C(C(=O)O))C=CN=C(N)2,6.382680880859011e-09,O=C(N)c1cc(ccc1)CC(=O)NCc2c(nccc2)N,1.6034035719839377e-07,0.414,0.42028985507246375
CC(N)(C)C1=CC=CC=C1NC(C)C(=O)NCC(O)C2=CC=CC=C2,6.382680880859011e-09,O=C(NCC(O)c1ccccc1)C(Nc2ccccc2)C,5.98117919997189e-07,0.638,0.6304347826086957
C(N)CC=CC1=CC=CC=C1N(C)C(=O)CC=CC2=CC(N)=CC=C2,6.382680880859011e-09,O=C(N(c1c(cccc1)C)C)CC=Cc2ccccc2,6.731272470455863e-07,0.491,0.5
CN(C(=O)C1=CC=CC(N)=C(N)1)CCC(=O)CC2=CC(C(=O)N)=C(N)C=C2Cl,6.382680880859011e-09,Clc1c(Cl)cc(c(N)c1)C(=O)N(CCN(C(=O)c2c(cccc2)C(=O)N)C)C,3.226175690629193e-08,0.545,0.5740740740740741
CC(CC1=CC=CC(C(=O)N)=C1C)CCCCC(C(O))CC2=CC=CC=C2,6.382680880859011e-09,O=C(NCC(CO)Cc1ccccc1)c2c(c(ccc2)C(=O)N)C,7.502233167218944e-08,0.571,0.5636363636363636
O=C(CC1=CC=CC=C1)C(C)C2=CC=CC=C2NC3=CC(N)=CC(C(=O)O)=C3,6.382680880859011e-09,O=C(NC(C(=O)Cc1ccccc1)C)c2ccc(Nc3c(cccc3)C(C)C)cc2,2.6795227883814164e-08,0.475,0.4915254237288136
CC1=CC=CC=C1C(=O)NCC(=C)CC(C(=O)N)CC2=CC=CC(C(N))=C2,6.49132243975758e-09,[O-]C(=O)C(CNC(=O)CNC(=O)c1c(cccc1)C)Cc2cc(ccc2)C,1.354385632577588e-07,0.484,0.5
CC(=N)C1=CC=CC=C1CCC(=O)N2C=CC=C3C(Br)=C(C(=O)N)C=C23,6.49132243975758e-09,Brc1c(ccc(N(C(=O)CCc2c(cccc2)C(=O)N)C)c1)C(=O)N,3.69256731663388e-08,0.385,0.40625
CC(C(N))(C)C1=CC=CC=C1C(C)CCC(=O)CC2=CC=CC(C(=O)N)=C2,6.49132243975758e-09,FC(F)(F)c1c(cccc1)C(CC(=O)NCCNC(=O)Cc2cc(ccc2)C(=O)N)C,9.828140844988805e-08,0.5,0.53125
N#CC1=CC=C(C(=O)C(N))C=C1CC(=C(C(=O)N))C2=CC3=CC=CC=C3O2,6.49132243975758e-09,Clc1c(C#N)ccc(c1)C(=O)OCC(=O)C=2Oc3c(cccc3)C2,3.922252447567377e-07,0.456,0.4696969696969697
O=C(CCC(C(=O)O)CC1=CC(C(=O)N)=CC=C1)NCCC2(C)CCCCC2,6.49132243975758e-09,O=C(N)c1cc(ccc1)CC(=O)NCCC2(CC2)C,3.7920621007542017e-07,0.593,0.603448275862069
O=C(CC1=CC=CC=C1)NCCC=C2C(=C)C=CC(=O)C(=C(C(=O)N))2,6.49132243975758e-09,O=C(N)c1ccc(cc1)CC(=O)NCCNC(=O)Cc2ccccc2,1.0338595034593205e-07,0.434,0.4339622641509434
O=C(NC(=O)C(=C(C(=O)O))CC(C)CCC1=CC=CC=C1)NCCC2=CC=CC=C2,6.49132243975758e-09,O=C(NCCc1ccccc1)C([NH2+]CC(CCc2ccccc2)C)C,4.756408914243168e-08,0.473,0.48148148148148145
CC1=CC=CC(C)=C1CC(=C(C(=O)C(N)))NC(=O)C=CC2=CC=CC=C(N)2,6.49132243975758e-09,O=C(NCCNC(=O)Cc1c(cccc1C)C)C=Cc2c(cccc2)C,1.80448469478674e-07,0.466,0.509090909090909
C(N)CC=CC1=CC=CC=C1CCC(C)CCCC2=CC=CC=C(N)2,6.49132243975758e-09,[NH2+](C(c1ccccc1)CC[NH3+])CCCc2c(N)cccc2,1.6034035719839377e-07,0.393,0.3275862068965517
O=C(C(N)CC1=CC=CC=C1)CCC(C(=O)N)CC2=CC=CC(C(=O)N)=C2,6.49132243975758e-09,O=C(N)c1cc(ccc1)CNC(=O)C([NH3+])Cc2ccccc2,9.995428629292189e-08,0.569,0.49056603773584906
CC(C1=CC=CC=C1)NC(=O)C=CC2=C(C(=O)O)C=CC=C2C3=C(C)C=CS3,6.49132243975758e-09,S1C(c2cc(NC(=O)NC(c3ccccc3)C)ccc2)=C(C=C1)C,6.126747008126378e-08,0.462,0.47619047619047616
C(N)CC1=CC=CC=C1CC=CC=CC=CC2=CC=CC3=C2C=C(C(N))[NH1]3,6.49132243975758e-09,[NH2+](CC=1Nc2c(c(ccc2)C)C1)CCc3c(cccc3)CC,6.666228587545247e-08,0.333,0.3333333333333333
O=C(CC1=CC=CC=C1)NCCCC=CC(C2=CC3)=CC(N)=C2CC3,6.49132243975758e-09,O=C(NCCC(=O)NCCCCNC(=O)CC1=CCCC1)Cc2ccccc2,6.337092539563196e-08,0.484,0.4838709677419355
CC1=CC=C(N)C=C1C(C)CCCC=CC2=CN=C(N3CCCC3)C=C2,6.49132243975758e-09,n1c(N2CCCC2)ccc(c3c(ccc(N)c3)C)c1,1.539110010486632e-06,0.467,0.4745762711864407
O=C(CC1=CC=CC(C(=O)(N))=C1)NC(=O)C(=O)NCC2(N)C=CC=C2,6.49132243975758e-09,O=C(N)c1cc(ccc1)CC(=O)NCC2(CNC(=O)C(=O)N)CC2,2.0307831856022635e-07,0.545,0.5471698113207547
O=C(CC(C(=O)(C(=O)C))CCC1=CC=CC=C1)CCC=CNC2=CC=CC=C2,6.49132243975758e-09,O=C(Nc1ccccc1)C(CCc2ccccc2)CC,5.881075617324877e-07,0.426,0.42592592592592593
O=C(CC1=CC=CC=C1)NCCC(=C(N))C=CC=CC2=CC(N)=CC=N2,6.49132243975758e-09,O=C(NCCC(=O)NCc1nccc(N)c1)Cc2ccccc2,1.4489805022498715e-07,0.55,0.55
CC(N)(C)C1=CC=CC=C1NCCCC(C(=O)(N))NC2=CC=CC=C2F,6.49132243975758e-09,Fc1c(NC(=O)C(NC(=O)N)CCCNC(=O)OC(C)(C)C)cccc1,2.0307831856022635e-07,0.439,0.453125
NC1=CC=CC=C1NC(=O)CCC2=CC3=C(C(=O)C(N))C(C)=CC=C3C2,6.49132243975758e-09,O=C(Nc1c(N)cccc1)CCc2cc(c(cc2)C)C,2.445085884224233e-07,0.492,0.5178571428571429
O=C(NCC1=CC=CC(=O)C1)C(=O)CCC(C)=CCCC2=CC=CC=C2,6.49132243975758e-09,O=C1OC(C(=O)NCCNC(=O)C=C(CCc2ccccc2)C)=CC=C1,9.032773438039765e-08,0.361,0.3142857142857143
O=C(CC1=C(C(=C)N)C=CC=C1)N(C)C2=CC=C(C(=O)(O))C=C2C(=C(=O)),6.6018132197813e-09,O=C(N)c1c(cccc1)CC(=O)N(c2c(cc(cc2)C)C)C,1.377439043709943e-07,0.459,0.45901639344262296
CCC(=C)NC1=CC=CC=C1CC(=O)NC(=O)CC=C(N)C2=CC=CC=C2,6.6018132197813e-09,O=C(Nc1c(cccc1)CC(=O)NC)c2ccccc2,6.618615004839549e-07,0.444,0.4444444444444444
NC1=CC(N)=CC=C1CCC=CC=CCC2=CC(C(=O)N)=CC=C2C#N,6.6018132197813e-09,O=C(NCC=CCNC(=O)c1ccc(cc1)C(=O)N)c2cc(N)c(cc2)CCC,1.0067334634909954e-08,0.359,0.38095238095238093
O=C(NC1=CC=CC=C1C)C=CCC(C(=O))CC2=CC(C(=O)N)=CC=C2Cl,6.6018132197813e-09,Clc1c(NC(=O)CCCC(=O)Nc2c(cccc2)C)cc(cc1)C(=O)N,5.5366827866102494e-08,0.492,0.49206349206349204
N#CC1=CC=C(C(=O)N)C=C1CC(=C(=O))C2=CC3=CC=CC=C3C(=O)2,6.6018132197813e-09,Clc1c(C#N)ccc(c1)C(=O)NCCNC(=O)C=2OC(=O)c3c(cccc3)C2,1.2239453674810362e-07,0.361,0.2597402597402597
C(=O)(N)C1=CC=CC=C1CC(=C(=O))CCC2=CC3=CC(Cl)=CC=C3C(=O)2,6.6018132197813e-09,Clc1c(c2c(cccc2)CNC(=O)Cc3c(cccc3)C(=O)N)ccc(Cl)c1,6.714184697087197e-09,0.431,0.4375
CC1=CC(N)=C(C(=O)N)C=C1CCNC(C)C(=O)NC2=CC=CC(F)=C2,6.6018132197813e-09,Fc1cc(NC(=O)C([NH2+]CCc2c(cc(c(c2)C)C)C)C)ccc1,3.8193417751766345e-08,0.745,0.5079365079365079
O=C(CC1=CC(C(=O)N)=CC=C1)CCC(C)=CC2=CC(=O)CN(C(=O)C)C2,6.6018132197813e-09,O=C(N)c1cc(ccc1)CC(=O)N2CC3=C(C2)CN(C(=O)C)C3,8.301773170513547e-08,0.534,0.5344827586206896
C=C(CC1=CC=CC=C1Cl)NC(=O)C(=C(CC))C=C(N)C2=CC=CC=C2,6.6018132197813e-09,Clc1c(cccc1)CC(=O)NNC(=O)C=C(c2ccccc2)C,1.1440416335501129e-07,0.417,0.4166666666666667
CC(CC1=CC=CC=C1)NCCCC(C(=O)C)CC(=O)CC2=CC=CC=C2,6.6018132197813e-09,[O-]C(=O)C(Cc1ccccc1)CCC[NH2+]CC(Cc2ccccc2)C,4.919707539022398e-08,0.472,0.3620689655172414
CSC1=CC=C(C(=O)N)C=C1CC(=C(C(=O)N))C2=CC3=CC=CC=C3C(=O)2,6.6018132197813e-09,Brc1c(SC)ccc(c1)C(=O)NCC=CCNC(=O)C=2OC(=O)c3c(cccc3)C2,2.7715170626955952e-08,0.355,0.26582278481012656
C(C(=O)C)CC1=CC=CC=C1CC=CC2=NC=CC=C2C(N)=CC3=CC=CO3,6.6018132197813e-09,O=C(N)c1c(cccc1)CCC(=O)NCC=CCNC(=O)C(=CC=2OC=CC2)C,7.131820520357163e-08,0.438,0.4444444444444444
C(CC1=CC=CC=C1C)CC(=N)C=CC=CC=CC2=CC=CN=C(N)2,6.6018132197813e-09,n1c(N)c(ccc1)C[NH2+]CCCc2c(cccc2)C,2.572078807222593e-07,0.464,0.4642857142857143
CC1=CC=CC=C1C(=C(=O))CCCC=CC2=CN=C(N3CCC(=O)C3)C=C2,6.6018132197813e-09,O=C(c1c(cccc1)C)C(C#N)=Cc2cnc(N3CCCC3)cc2,8.16283113100815e-08,0.405,0.410958904109589
O=C(N)C1=CC=C(C(=O)N)C=C1CCCCC(N)=C2NC=CC=C2,6.6018132197813e-09,O=C(NCCCCNC(=O)CCc1c(cccc1)C(=O)N)c2ccc(cc2)C(=O)N,5.630924353796884e-08,0.323,0.3225806451612903
CCC1=CC=C(C(=O)N)C=C1CC(=C(C(=O)N))CC(=O)CC2=CC=CC(O)=C2C,6.6018132197813e-09,O=C(NCc1c(c(O)ccc1)C)c2cc(c(cc2)CC)CC,3.728596521607661e-07,0.483,0.49122807017543857
CC(CC1=CC=CC(C(=O)N)=C1C)CCCN(C)CC2=CC=CC=C2CC(C(N)),6.6018132197813e-09,O=C(NCC(CNC(=O)c1c(c(ccc1)C(=O)N)C)C)c2c(cccc2)CC[NH+](C)C,6.231032238480951e-08,0.433,0.38235294117647056
CN(CC1=CC(C(=O)N)=CC=C1C=C)C(=O)C=C(N)NC2=CC=CN=C(N)2,6.6018132197813e-09,O=C(Nc1c(nccc1)N)c2c(ccc(c2)C(=O)N)C,3.666193129637751e-07,0.462,0.47619047619047616
O=C(NCC1=CC=CC=C1)NC(=O)CCC(=O)CC(=O)CC=C2C=CC=CN2,6.6018132197813e-09,S(Cc1ccccc1)CCC(=O)NC(=O)NCc2ccccc2,1.377439043709943e-07,0.439,0.43859649122807015
O=C(NC=CC=CC=CC1=CC=CC=C1)CC(=O)C2=CC3=CC=CC=C3C2,6.7141846970872e-09,O=C(NCCNC(=O)C=CC=Cc1ccccc1)C2=Cc3c(cccc3)C2,1.7571392636239635e-08,0.544,0.5535714285714286
NCC1=CC=CC=C1CCNC(=O)C2C(C(N)(=O))=CC3=CC=CC=C3C2,6.7141846970872e-09,O=C(NCCc1c(cccc1)CC)C2c3c(cccc3)C2,1.1833192542966173e-07,0.5,0.5185185185185185
CC(N)(C)C1=CC=CC=C1CCCC(=O)N(C)NC2=CC=C(C(=O)N)C=C2C=C,6.7141846970872e-09,Brc1c(cccc1)CCCC(=O)N(CC(NC(=O)c2ccc(cc2)C(=O)N)(C)C)C,1.0953798786632844e-08,0.4,0.40540540540540543
C(=O)(N)CC1=C(N)C=CC=C1CC(=O)NCCC=2SC3=CC=CC=C3C=2,6.7141846970872e-09,S1c2c(cccc2)C=C1CCNC(=O)Cc3c(N)cccc3,7.131820520357163e-08,0.78,0.78
O=C(OCC1=CC=C(C(=O)N)C=C1)NCCC(C(N))=CCCC2=CCCC=C2,6.7141846970872e-09,O=C(OCc1ccccc1)NCCC(=O)OCc2ccc(cc2)C(=O)N,2.1362580461703601e-07,0.469,0.47619047619047616
C=C(CC1CCCCC1)CCC2CC3=CC(C(=O)N)=CC=C3CC2,6.7141846970872e-09,O=C(N1CCN(C(=O)CC2CCCCC2)CC1)c3cc4c(cc3)CC4,3.5102517843139754e-08,0.424,0.423728813559322
CC(N)(C)C1=CC=CC=C1NC(C)CCCCC2=CC=C(C(=C)N)C=C2,6.7141846970872e-09,FC(F)(c1c(NC(CCCCc2ccccc2)C)cccc1)C,5.138263317745444e-07,0.566,0.5769230769230769
C(CO)=C(CC1=CC(C(=O)N)=CC=C1)CCC2=CC=CC=C2C(=C)CCCF,6.7141846970872e-09,O=C(N)c1c(cccc1)CCC(=O)NCCCCNC(=O)Cc2cc(ccc2)C(=O)N,7.629930967206321e-08,0.478,0.48484848484848486
O=C(NC1=CC=CC=C1)NCCCCC=CC=C2C=C(N)C=CC(=N)2,6.7141846970872e-09,O=C(Nc1ccccc1)NCCC(=O)NCC=CCNC(=O)CCCC(=O)c2c(N)cccc2,7.253213413653791e-08,0.377,0.3939393939393939
O=C(CCC1=CC=CC=C1)NC(=O)C=2C(=O)C3=CC=C(C(=O)N)C=C3S=2,6.7141846970872e-09,O=C(NNC(=O)CCc1ccccc1)c2ccc(cc2)C(=O)N,2.798559374393035e-07,0.491,0.49056603773584906
O=C(NCC1=CC=CC(=O)C1)CCCCCC=CC2=CC(N)=CC=C2,6.7141846970872e-09,O=C(NCCCCNC(=O)CCCCCCCCCCCCC)C=Cc1cc(N)ccc1,1.1440416335501129e-07,0.441,0.44776119402985076
NC1=CC=C(C(C(N)))C=C1CC(=O)CCCCC2CC(=O)C3=CC=CC=C3C2,6.7141846970872e-09,Fc1c(N)ccc(c1)CCC(=O)NCCC2Cc3c(cccc3)C2,6.337092539563196e-08,0.394,0.4411764705882353
CN(CC1=CC(N)=CC=C1N)C(=O)CCCC(N)C2=CC(N)=CC=C2,6.7141846970872e-09,O=C(N(Cc1c(N)cccc1)C)CCC([NH3+])c2ccccc2,3.7920621007542017e-07,0.574,0.48214285714285715
CC(=C(C(=O)C(C(=O)(N))))C1=CC=CC2=C1CCN2C3=CC4=CC=CC=C4N3,6.7141846970872e-09,O=C(N1CCN(C=2Nc3c(cccc3)C2)CC1)C=C(c4c(cccc4)C)C,4.3714843711196514e-08,0.449,0.4626865671641791
CC1=CC=C(NC(=C(C(=C)N))NC(=O)CCC2=CC=CC=C2(C(=O)(O)))C=C1,6.82846888359762e-09,[O-]C(=O)c1c(cccc1)CCC(=O)Nc2ccc(cc2)C,4.4892723101046985e-07,0.667,0.5272727272727272
CN(CC1=CC=CC=C1)C(=O)NC=CC2=CC=CC=C2NC3=C(N)C(N)=CN=C3,6.82846888359762e-09,FC(F)(F)C=Cc1c(NC(=O)N(Cc2ccccc2)C)cccc1,8.67057568279137e-07,0.46,0.4603174603174603
C=C(CC1=CC=CC=C1C)CCC2=CC(C(=O)N)=CC(N)=C2CCC(=O)C,6.82846888359762e-09,O=C(N)c1ccc(cc1)CCC(=O)NCCNC(=O)Cc2c(cccc2)C,5.9233834234292066e-08,0.397,0.3968253968253968
CC(N)(C)C1=CC=CC=C1CCC(=O)CCC(C(N))=CNC2=CC=CN=C2,6.82846888359762e-09,O=C(Nc1cnccc1)CCc2c(cccc2)C[NH3+],5.49713699241593e-07,0.435,0.3968253968253968
O=C(CC1=CC=CC=C1)NCCC=CC=CC2=CC(C(C(=O)(N)))=CN=C2C#N,6.82846888359762e-09,Brc1cnc(C#N)c(NCCNC(=O)Cc2ccccc2)c1,3.666193129637751e-07,0.478,0.5
CCC1=CC=CC=C1CCNC2=NC=CC=C2C=CC3=CCCCC(=N)3,6.82846888359762e-09,FC(F)(F)c1c(nccc1)NCCc2c(cccc2)CC,1.1358703084564073e-06,0.467,0.4745762711864407
CCCC1=CC=C(C(=O)N)C=C1CC(C)C2=C(C(=O)O)C3=CC=CC=C3[NH1]2,6.82846888359762e-09,O=C(NCC(CNC(=O)C=1c2c(NC1C)cccc2)C)c3cc(N)c(cc3)CCC,1.2967769059876142e-08,0.444,0.4507042253521127
O=C(NCC1=CC=CC=C1)CCC2C(C(=O)C)=CC3=CC=CC=C3S2,6.82846888359762e-09,S1c2c(NC(=O)C1CC(=O)NCCC(=O)NCc3ccccc3)cccc2,2.2254963963401058e-08,0.452,0.45161290322580644
O=C(CC1=CC=CC=C1)NCC2=CC=CC(N)=C2CCCC(=O)C3CCCC(=O)3,6.82846888359762e-09,O=C(NCCC(=O)NCC1C(=O)CCC1)Cc2ccccc2,5.782647411208766e-07,0.439,0.4461538461538462
OC(=O)C=CCOCC=CC1=CC=CC=C1C=CC2=CC3=CC=CC=C3C2,6.82846888359762e-09,O=C(N1CCN(C(=O)C=CCOCc2ccccc2)CC1)C3=Cc4c(cccc4)C3,2.504593513241216e-08,0.394,0.421875
CN(CC1=CCCC=C1)C(=O)CCNC2=CC(C(=O)O)=CC=C2NC3=CC=CN=C3,6.82846888359762e-09,O=C(NCCC(=O)N(Cc1ccccc1)C)c2ccc(Nc3cnccc3)cc2,2.915464175229528e-08,0.442,0.4864864864864865
O=C(CC1=CC(C(=O)O)=CC=C1)CCC=CC=CCC=CC2=C(N)C=NC=C2,6.82846888359762e-09,[O-]C(=O)c1cc(ccc1)CC(=O)NNC(=O)c2c(N)ccnc2,2.994020218722163e-07,0.456,0.36619718309859156
O=C(CCC1=CCCC(C(=O)N)=C1)CCC(C)=CC2=CC=CC=C2Cl,6.82846888359762e-09,Clc1c(cccc1)C=C(C(=O)N2CC=C(C(=O)N)CC2)C,2.994020218722163e-07,0.438,0.47540983606557374
CC1=CC=CC(N)=C1CCCC(=O)CC=CC=CC2=CC(C(N))=CC=C2C#N,6.82846888359762e-09,O=C(Nc1c(c(ccc1)C)C[NH3+])C=Cc2c(C#N)cccc2,9.120908228220764e-07,0.373,0.3333333333333333
CC1=CC=CC=C1CC(=O)NCCC2=CC3=CC(C)=CC=C3CC(C(=O)(O))2,6.82846888359762e-09,O=C(NCCNC(=O)Cc1c(cccc1)C)Cc2c(cc(cc2)C)C,6.554659724274869e-08,0.518,0.5272727272727272
CC=CC=CC1=CC(N)=CC=C1NC(=O)CCC(N)C2=CC=C(C)C=C2,6.82846888359762e-09,O=C(Nc1c(cc(N)cc1)C)CC([NH3+])c2ccc(cc2)C,5.685866541802747e-07,0.534,0.4666666666666667
C(CN)=C(CCC1=CC=CC(C(=O)N)=C1)CCCC(O)C2=CC=CC=C2,6.82846888359762e-09,O=C(N)c1cc(ccc1)CCNC(=O)CCCC(O)c2ccccc2,8.026214485119953e-08,0.638,0.6363636363636364
O=C(CC1=CC=CC=C1)NCCC=CC=CC=C(N)C2=CC(=O)CC2,6.82846888359762e-09,O=C(NCCNC(=O)Cc1ccccc1)C2=CCC2,7.323984638763735e-07,0.421,0.42105263157894735
O=C(CC1=CC=CC(C(=O)(N))=C1)C2=CC=CC=C2CC(=O)CCC(N)CN,6.82846888359762e-09,O=C(N)c1c(cccc1)CC(=O)NCc2cc(ccc2)C(=O)N,9.995428629292189e-08,0.466,0.4909090909090909
O=C(CCC1=CC=CC=C1)NCCCC(C(=O)C(N))CCC2=CC=CC=C2,6.82846888359762e-09,O=C(NCCCCNC(=O)CCc1ccccc1)CCc2ccccc2,8.44308018487042e-08,0.625,0.625
CC1=C(C(=O)N)C=CC=C1CC(C)CCC2=CC(C(=C)N)=CC=C2C,6.82846888359762e-09,O=C(NCC(CNC(=O)c1cc(c(cc1)C)CO)C)c2c(c(ccc2)C(=O)N)C,1.787048067207503e-08,0.468,0.4838709677419355
C=C(N)C1=CC=CC(C(=O)(O))=C1CCCC=CC2=CC3=CC=CC=C3C(=O)2,6.9446983361195504e-09,O=C1OC(C(=O)NCC=CCNC(=O)c2c(cccc2)C(=O)N)=Cc3c1cccc3,7.253213413653791e-08,0.306,0.21052631578947367
CC1=CC=CC=C1CNC=CC2=CC=CC=C2NC(=O)NC(N)=CCCl,6.9446983361195504e-09,FC(F)(F)C=Cc1c(NC(=O)NCc2c(cccc2)C)cccc1,8.104528054528737e-07,0.492,0.4918032786885246
O=C(CCC1=CC=CC=C1)NCC=2C=CC3=CC=CC(C(=O)O)=C3S=2,6.9446983361195504e-09,[O-]C(=O)c1c(NC(=O)CNC(=O)CCc2ccccc2)cccc1,8.88159706425867e-08,0.509,0.40350877192982454
CC(N)(C)C1=CC=CC=C1CCCCC(C)C(N)C2=CC=CC=C2,6.9446983361195504e-09,FC(F)(F)c1c(cccc1)CC[NH2+]C(C([NH3+])c2ccccc2)C,1.4489805022498715e-07,0.451,0.34545454545454546
O=C(CC1=CC=CC=C1)NCCCC(C2=CC=CC(C(=C)N)=C2)Br,6.9446983361195504e-09,O=C(N)c1cc(ccc1)CC(=O)NCCNC(=O)Cc2ccccc2,3.630766924904767e-08,0.519,0.5294117647058824
O=C(NC1CCCCC1)CCCCC2=CC=CC(N)=C2CC(N)C,6.9446983361195504e-09,O=C(NC1CCCCC1)CCCc2c(N)cccc2,9.120908228220764e-07,0.623,0.6346153846153846
CC1=CC=CC=C1NC(=O)CC2C=CC3=CC(C)=C(C(=O)C)C=C3C2,6.9446983361195504e-09,O=C(Nc1c(cccc1)C)CNc2cc(c(cc2)C(=O)C)C,1.8351993794011885e-07,0.466,0.46551724137931033
CC(N)(C)C1=CC=CC=C1NCCC(=C(=O))CCC2=CC(C(O))=CC=C2,6.9446983361195504e-09,O=C(NCCc1cc(ccc1)CO)CCNc2c(cccc2)C,3.426850322227279e-07,0.475,0.4666666666666667
C(=O)=C(CC1=CC(C(=O)N)=CC=C1)CC(=N)CC2=CC=CC=C2CC,6.9446983361195504e-09,O=C(N)c1cc(ccc1)CC(=O)NCCNC(=O)Cc2c(cccc2)CC,9.032773438039765e-08,0.574,0.5961538461538461
O=C(CCC1=CC(C(=O)N)=CC=C1)C(C(=O)N)CC(C)=CC2=CC=CC=C2,6.9446983361195504e-09,O=C(N)c1cc(ccc1)CC[NH2+]CC(=Cc2ccccc2)C,6.337092539563196e-08,0.611,0.6
O=C(CCCCC1=NC=CC(C(=C)N)=C1)CCCCC(N)C2=CC=CC=C2,6.9446983361195504e-09,O=C(NC(c1ccccc1)CCCCC)c2cc(ncc2)C[NH3+],1.1440416335501129e-07,0.403,0.3880597014925373
O=C(CC1=CC=CC(C(=O)N)=C1C(=O))CSC=CC=CC2=CC=CC=C2,6.9446983361195504e-09,O=C(N)c1c(cccc1)CC(=O)NCC=Cc2ccccc2,1.1635147152901845e-07,0.407,0.4067796610169492
CC1=CC=CC=C1CCC(CCCC(N)(N)C)C2=CC=C(C(=O)O)C(C)=C2,6.9446983361195504e-09,O=C(OC)c1c(cc(cc1)C([NH2+]CCCc2c(cccc2)C)C)C,1.4489805022498715e-07,0.409,0.421875
O=C(NCC1=CC=CC=C1)NCCCN2C=C(C(=O)N)C(N)=CC2=C,6.9446983361195504e-09,O=C(NCc1ccccc1)NCCCN2C(=O)CCC2=O,1.2152033294281094e-06,0.482,0.4909090909090909
O=C(NCC1=CCCC=C1)NCCCCCCCC2=CC(C(=O)N)=CC=C2F,6.9446983361195504e-09,Fc1c(cc(cc1)C(=O)N)C(=O)NCCCCCCNC(=O)C2=CCC2,3.950468696913859e-08,0.453,0.453125
O=C(C1=CC=CC=C1NC(=O)C2=CC=CC(N)=C2)N3CC(C)CC(C(=O)O)=C3,6.9446983361195504e-09,O=C(N1c2c(cccc2)CC(C1)C)c3c(NC(=O)c4cc(ccc4)C)cccc3,3.195001348067469e-09,0.493,0.5074626865671642
CN(CC1=CC=CC=C1N)C(=O)CC2N(C)CC3=CC=C(C(=O)C)C=C3C2,6.9446983361195504e-09,O=C(N(Cc1c(N)cccc1)C)c2cc3c(cc2)CC([NH3+])C3,2.1005047144726285e-07,0.532,0.5409836065573771
CN(CC1=CC(C(C(N)))=C(N)C=C1)C(=O)C(C)CC2=CC(N)=CC=C2,6.9446983361195504e-09,Fc1cc(ccc1)CC(C(=O)N(Cc2c(N)cccc2)C)C,4.196195813603635e-07,0.542,0.5517241379310345
C=C(CCCC=CC1=C(C(=O)N)C=CC=C1C(=O)N)C2=CC=CC(N)=C2,6.9446983361195504e-09,O=C(NCC=CCNC(=O)c1cc(N)ccc1)c2c(cccc2)C(=O)N,1.0238693809699677e-08,0.455,0.46296296296296297
C(C(C(=O)C))N(CC1=CC=CC=C1NCC(C))CCC2=CC=CC=C2C(C(=O)(N)),6.9446983361195504e-09,O=C(N)CC[NH+](Cc1c(NCC)cccc1)Cc2ccccc2,4.125966479155306e-07,0.5,0.3384615384615385
C(N)C(=O)C(CCC1=CC=CC(N)=C1)CC=CCCC2=CC=CC=C2,6.9446983361195504e-09,O=C(NCCCc1cc(N)ccc1)C(Cc2ccccc2)CCc3ccccc3,1.7277310266162335e-08,0.483,0.49122807017543857
CC(N)(C)C1=CC=CC=C1NC(=O)CCC=C(N)C2=C(C)C=CC(N)=C2,6.9446983361195504e-09,O=C(Nc1c(cccc1)C(C)(C)C)c2c(ccc(N)c2)C,5.138263317745444e-07,0.526,0.5357142857142857
CC1=CC=CC=C1CC(=O)NCC2C=CC3=CC=CC(C(=O)(O))=C3C2,6.9446983361195504e-09,O=C(NCC1C=CC(NC(=O)C)C1)Cc2c(cccc2)C,2.798559374393035e-07,0.492,0.5
CC(CCC1=CC=CC(C(=O)N)=C1)C(=N)CCC=CC2=CC=CC=C2,6.9446983361195504e-09,O=C(N)c1cc(ccc1)CCNC(=O)CCC=Cc2ccccc2,9.342889642716197e-08,0.614,0.6140350877192983
O=C(CCCCNC(=O)C(N)C1=CC=CC=C1)C=C2C=CC3=CC=CC=C32,6.9446983361195504e-09,O=C(NCCCCNC(=O)C(c1ccccc1)c2ccccc2)C(c3ccccc3)c4ccccc4,1.4349790904006652e-08,0.42,0.42
O=C(CC1=CC=CC(C(C(N)))=C1)C(=O)SCC(=O)CC=C(C2=CC=CC=C2)F,6.9446983361195504e-09,[O-]C(=O)C(=O)Cc1cc(c2ccc(cc2)C(=O)c3ccccc3)ccc1,7.629930967206321e-08,0.323,0.3389830508474576
NCC1=CC=CC=C1CC(=C)C2=CC3=C(C(=O)C(=C(N)))C=CC=C3S2,7.062906165619411e-09,S1c2c(c(ccc2)C(=O)OC)C=C1C(=O)NCc3c(cccc3)C[NH3+],7.012459310633414e-08,0.462,0.36764705882352944
CC(=O)CCC1=CC=CC(C(=O)O)=C1CCCCCC=CC2=CC=CC(=O)C2,7.062906165619411e-09,O=C(NCCCC=CC)c1c(cccc1)CN2N=NC(=C2)CCC(=O)C,9.032773438039765e-08,0.282,0.2962962962962963
CN(CC1=CC(C(=O)N)=CC=C1)N2CCCC(C3=CC=CC(N)=N3)=C2,7.062906165619411e-09,O=C(N(Cc1cc(ccc1)C(=O)N)C)c2nc(N)ccc2,9.663652860855617e-08,0.508,0.5333333333333333
CNC1=CC=CC=C1C(=O)CCC=CC2=C(C(=C(N))C)C3=CC=CC=C3[NH1]2,7.062906165619411e-09,O=C(NCC=CCNC(=O)C=1c2c(NC1C)cccc2)c3c(NC)cccc3,2.0453924147377183e-08,0.462,0.46875
CCC1=CC=CC=C1CC=CC2=NC=CC=C2C(N)=CC3=CC=C[NH1]3,7.062906165619411e-09,O=C(NCC=CCNC(=O)C=CC=1NC=CC1)c2c(cccc2)CC,1.80448469478674e-07,0.388,0.40625
C(C(=O)N)C1=CC=CC=C1NC(C)CCC=CC(=O)CC2=CC=CC=C2,7.062906165619411e-09,O=C(Nc1c(cccc1)CC(=O)N)NC(CCc2ccccc2)C,3.5102517843139754e-08,0.509,0.5178571428571429
C(C(N))C1=CC=CC=C1CC2=CC=CC=C2CCC=CC=CC=N,7.062906165619411e-09,O=C(Nc1c(cccc1)CCC=C)c2c(cccc2)CC[NH3+],2.1362580461703601e-07,0.321,0.23636363636363636
O=C(CC1=CC=CC(C(=O)C(N))=C1)N2CCCC(C3=CC=C(C(=O)C(N))C=N3)=C2,7.062906165619411e-09,O=C(N1CCN(C(=O)Cc2cc(ccc2)C(=O)N)CCC1)c3cnc(c4ccccc4)cc3,3.0668876159758165e-08,0.431,0.4507042253521127
O=C(CCC1=CC=CC=C1)NCCC(C(=O)N)CC(C(=O)N)CC2=CC=CC=C2,7.062906165619411e-09,[O-]C(=O)C(Cc1ccccc1)CCNC(=O)CCc2ccccc2,1.576568321506011e-07,0.705,0.7209302325581395
CN(CC1=CC=CC=C1C(=C)(N))C(=O)C=C(N)C2=CC=CC(N)=C2,7.062906165619411e-09,O=C(N(Cc1c(cccc1)C)C)c2cc(N)ccc2,1.367600676037962e-06,0.5,0.5
CC1=CC=CC(C(=O)N)=C1CCCC=C2CC(=O)N=C2NCCCC,7.062906165619411e-09,O=C(N)c1c(NCC(=O)NCCCC)c(ccc1)C,1.043947101807607e-06,0.415,0.4153846153846154
C(C(=O)(C))C(CCC=CC1=CC=CC(N)=C1)C(=O)CC2=CC=CC=C2Cl,7.062906165619411e-09,Clc1c(cccc1)CN(C(=O)C=Cc2cc(N)ccc2)C,5.405134547940605e-07,0.484,0.4838709677419355
CC(NCC1=CC=C(C(N))S1)(C)CC2=CC(Cl)=C(N)C=C2Cl,7.062906165619411e-09,Clc1c(N)cc(Cl)c(c1)C=2SC(=CC2)CC(=O)OC,7.575434133745734e-07,0.311,0.3389830508474576
CC(C)(N)C1=CC=CC=C1CC(=C(CC))C2=CC3=CC=CC=C3[NH1]2,7.062906165619411e-09,O=C(NCc1c(cccc1)C(C)(C)C)C=2Nc3c(cccc3)C2,8.586792429037429e-08,0.456,0.45614035087719296
CC(CC1=CC=CC=C1)NCC(=O)CC(C)CC2=CC(C(=O)N)=CC=C2,7.062906165619411e-09,O=C(N)c1cc(ccc1)C[NH+](CC(Cc2ccccc2)C)C,8.026214485119953e-08,0.547,0.5471698113207547
O=C(NC1=CC=CC=C1NC(C(=O)N)=C(N))C(N)=CC2=CC=CC=C2,7.183126046655341e-09,O=C(Nc1c(NC(=O)C)cccc1)C(=Cc2ccccc2)C,6.39892496845819e-07,0.477,0.4772727272727273
CC1=CC=C(CNC(=O)N(C)C(=O)C=CC2=CC(C(=O)C(N))=CC=C2)N1,7.183126046655341e-09,Clc1cc(ccc1)C=CC(=O)N(CCNC(=O)C=2C(=O)NC(=CC2)C)C,9.501917818235033e-08,0.4,0.40540540540540543
O=C(CC1=CC=C(N)C=C1)CCC2=CC=CC=C2CCCCC(N)C,7.183126046655341e-09,O=C(Nc1c(cccc1)CCC(C)C)Cc2ccc(N)cc2,1.6584521607389992e-07,0.455,0.46296296296296297
O=C(CC1=CCCC=C1)NCCC=CC=CC2=CC(C(=O)O)=CC=C2C,7.183126046655341e-09,O=C(NCCNC(=O)CC1=CCCC1)c2cc(c(cc2)C)C,8.88159706425867e-08,0.338,0.34285714285714286
NC(=CC1=CC=C(C(=O)O)C=C1)CCCC=C2C=CC3=CC=C(C(=O)O)C=C3C2,7.183126046655341e-09,O=C(NCCCCNC(=O)C=Cc1ccc(cc1)C(=O)N)c2cc3c(cc2)CC3,3.281089411501842e-08,0.26,0.2714285714285714
CCC1=CC=CC(C(C(=O)O))=C1CC(=C(=C))C2=CC3=CC=C(C(=O)N)C=C3S2,7.183126046655341e-09,Brc1cc2SC(C(=O)NCCNC(=O)c3c(cccc3CC)CC)=Cc2cc1,5.352905056385263e-08,0.366,0.36231884057971014
C(CC1=CC=CC=C1C(=C(N))CC(N)C)NCC2=CC=CC=C2,7.183126046655341e-09,[NH2+](Cc1ccccc1)CCc2c(cccc2)CC,3.7920621007542017e-07,0.457,0.23636363636363636
O=C(CC1=CC(C(=O)N)=CC=C1)CC(C(=O)N)CC#CC2=CC=CC=C2,7.183126046655341e-09,O=C(N)c1cc(ccc1)CC(=O)NCC#Cc2ccccc2,1.5501821972997198e-07,0.585,0.5849056603773585
O=C(NCC1=CC=CC(N)=C1)C(N)CCC=CC2=CC=C(C(=O)N)C=C2F,7.183126046655341e-09,Fc1c(cc(cc1)C(=O)N)C(=O)NCc2cc(N)ccc2,4.565685583961553e-07,0.516,0.5245901639344263
C(C(=O)C)C(CC1=CC=CC(C(N))=C1)=CCCC(C2=CC=CC=C2)N,7.183126046655341e-09,O=C(Nc1cc(ccc1)C[NH3+])C(c2ccccc2)CC=C(C)C,6.024207140153832e-08,0.419,0.3333333333333333
CC(C)C1=CC=C(N)C=C1N2CNC(CC3=CC=CC(N)=C3)=C2,7.183126046655341e-09,[NH+]1(Cc2cc(N)ccc2)CCN(c3c(cccc3)C(C)C)CC1,1.6584521607389992e-07,0.424,0.41379310344827586
O=C(CCC1=CC=CC=C1)N(C(=O)N)C(=C(=N))C=CC=CC2=CC=CC=C2F,7.183126046655341e-09,Fc1c(cccc1)C=CC(=O)N(CCN(C(=O)CCc2ccccc2)C)C,1.0338595034593205e-07,0.492,0.5254237288135594
O=C(CC1=CC(N)=CC=C1)OCC2=CC=CC(N)=C2C3CCC(C)CC3,7.3053922269705705e-09,O=C(N(C1CCC(CC1)C)C2CC2)Cc3cc(N)ccc3,1.686681181030728e-07,0.5,0.5
CC1=CC=CC=C1C(N)CC(=N)C(=O)CNC2=CC=CC3=C2C=CC=C3,7.3053922269705705e-09,O=C(NCCNc1c2c(ccc1)cccc2)CC([NH3+])c3c(cccc3)C,1.8798638079786135e-08,0.679,0.5263157894736842
O=C(CC1=CC=CC=C1)NCCCNC=CC2=C(C(=C(N))N)C=CC=C2C#N,7.3053922269705705e-09,O=C(NCCNC(=O)Cc1ccccc1)c2c(C#N)cccc2,1.4736440415238078e-07,0.508,0.5084745762711864
O=C(NCC(=O)NCC1=CC=CC=C1)NCC2=CC=C3CC(=C(=C))C[NH1]C3=C2,7.3053922269705705e-09,O=C(NCc1cc2NCCc2cc1)NCC(=O)NCC(=O)NCc3ccccc3,5.175227414503487e-08,0.667,0.6491228070175439
O=C(CC1=CC(=O)CC=C1)NCCCCC=CC2=CC(C(=C)C)=CC=C2,7.3053922269705705e-09,Clc1cc(ccc1)C=CC(=O)NCCCCNC(=O)Cc2ccc(cc2)C(=O)C,3.69256731663388e-08,0.368,0.3918918918918919
CC1=C(C(=O)C)C=CC(C)=C1CC(=O)NC(=O)C(=N)CC2=CC=CN=C(N)2,7.3053922269705705e-09,O=C(NCc1c(cccc1C)C)Cc2c(nccc2)N,4.340261014476901e-07,0.492,0.5
C(C(=O)N)CC1=CC(N)=CC=C1C(=O)N2CC3=C(C(=O)N)C=CC=C3S2,7.3053922269705705e-09,O=C(N1Cc2c(c(ccc2)C(=O)N)CC1)c3c(cc(N)cc3)CC,1.0875561204824821e-07,0.462,0.49206349206349204
CC(N)(C)C1=CC=CC=C1NCCC=CC2=CC(C(=O)N)=CC=C2C,7.3053922269705705e-09,O=C(N)c1cc(NCC(=O)Nc2c(cccc2)C(C)(C)C)c(cc1)C,8.88159706425867e-08,0.46,0.46774193548387094
O=C(CC1=CC=CC=C1)NCC=CC(C2=CC=CC(C(=O)N)=C2)Cl,7.3053922269705705e-09,O=C(N)c1cc(ccc1)CC(=O)NCC=CCNC(=O)CCNC(=O)Cc2ccccc2,3.5102517843139754e-08,0.611,0.6226415094339622
C(=N)=C(CC1=CC=CC=C1N)CCC=CNC(=O)C2=CC=CC=C2,7.3053922269705705e-09,O=C(NNC(=O)Cc1c(N)cccc1)c2ccccc2,1.0264751549738792e-06,0.471,0.47058823529411764
CC(=O)C1=CC=CC=C1NC(=O)CC(C(=O)C(N))CC2=CC(C(=O)(N))=CC=C2,7.3053922269705705e-09,O=C(N)c1cc(ccc1)CC(=O)Nc2c(cccc2)C(=O)C,3.149523704937078e-07,0.648,0.660377358490566
O=C(C(N)C1=CC=CC=C1)NCC2=CC=CC=C2CCCCC(=C(N)(N))F,7.3053922269705705e-09,FC(c1ccccc1)C(=O)NCc2c(cccc2)CCC([O-])=O,2.247211062304602e-07,0.473,0.48148148148148145
CC(N)(C)C1=CC=CC=C1NC(=O)CCC=CC2=C(N)C=CC(N)=C2,7.3053922269705705e-09,O=C(Nc1c(cccc1)C(C)(C)C)CCC=Cc2ccccc2,9.995428629292189e-08,0.536,0.5454545454545454
O=C(NCC1=CC=CC=C1)NCCC=CC=CC=CC2=CCCCC2,7.3053922269705705e-09,O=C(NCc1ccccc1)NCCC2=CCCCC2,3.149523704937078e-07,0.566,0.5660377358490566
O=C(CC=CC=C1C=CC=CC1=C)C2=CC=CC3=CC(N)=CC=C32,7.3053922269705705e-09,Fc1c(c2c3c(cc(N)cc3)ccc2)cccc1C(=O)N,5.49713699241593e-07,0.367,0.39285714285714285
O=C(CC1=CC=CC=C(C)1)NCCCC2=CC=CC3=C2CC(=N)C=C3C,7.3053922269705705e-09,O=C(NCCCc1c(cccc1)C)Cc2c(cccc2)C,2.1362580461703601e-07,0.612,0.6122448979591837
O=C(CC1=CC=CC=C1)NCC2=CC=CC=C2C=CNCCCC(=O)(N),7.3053922269705705e-09,O=C(NCCC(=O)NCCCC(=O)N)Cc1ccccc1,9.757943282630954e-07,0.56,0.5625
O=C(NCCC(=O)CCC1=CC=CC(=C(N))C1)C(=O)NC2=CC=CC=C2,7.3053922269705705e-09,O=C(Nc1ccccc1)C(=O)NCCC(=O)Nc2ccccc2,4.4141379216012366e-07,0.462,0.47058823529411764
O=C(CC1CCC2=CC=CC=C2)CC1C3=CC(C(=O)N)=CC=C3,7.4297395372495e-09,O=C(N)c1cc(ccc1)C[NH2+]C2C(CCc3ccccc3)CCC2,1.9118615434800558e-08,0.509,0.5087719298245614
CCC1=CC=CC=C1CCC(=C(C(=C)C))CNCC2OC3=CC=CC=C3O2,7.4297395372495e-09,O1c2c(cccc2)C([NH2+]CCc3c(cccc3)CC)C1C,2.0653497658821166e-07,0.397,0.3333333333333333
O=C(C1=CC=CC=C1)NC(=C)C=CC2=CC=CC(N)=C2C3=CC=CS3,7.4297395372495e-09,S1C(C2=NN(c3ccccc3)C=C2C=CC(=O)NNC(=O)c4ccccc4)=CC=C1,3.01555886830405e-08,0.397,0.40298507462686567
NC(=C)C1=CC=CC=C1NC(C)=CCC2=CC(C(=O)C)=C(C)C=C2C,7.4297395372495e-09,O=C(Nc1c(cccc1)C(=O)C)c2c(cc(c(c2)C)C)C,2.247211062304602e-07,0.462,0.49019607843137253
O=C(CC1=CC=CC=C1)NCCCC(C2=CC=CC(C(=O)N)=C2)CC(=O)(C(O)),7.4297395372495e-09,O=C(N)c1cc(ccc1)CC(=O)NCCNC(=O)Cc2ccccc2,3.630766924904767e-08,0.566,0.5882352941176471
C=C(CC1=CC(N)=CC=C1N)C(=C)CC(=O)CC2=CC=CC(C(=O)N)=C2,7.4297395372495e-09,Fc1c(cc(N)cc1)CNC(=O)Cc2cc(ccc2)C(=O)N,1.0514571415418939e-07,0.491,0.5178571428571429
C=C(CC1=CC=CC=C1)NCC2=CC=CC(N)=C2CC(=O)CC3=NC=CC=C3,7.4297395372495e-09,O=C(NCc1ncccc1)C(=O)NCc2c(N)cccc2,4.802818259561917e-07,0.491,0.4909090909090909
NC(=O)CCCC(=O)NC(=O)CC(=N)C=CC1=CC2=CC=CC=C2N1,7.4297395372495e-09,O=C(NNC(=O)CCCCC(=O)N)C=1Nc2c(cccc2)C1,4.196195813603635e-07,0.475,0.48214285714285715
CC1=CC=CC=C1CC(=N)C(=O)CCC=C2CC[NH1]C3=CC=CC=C32,7.4297395372495e-09,O=C(NCc1c2c(NCC2)ccc1)Cc3c(cccc3)C,1.424729742556605e-07,0.435,0.4426229508196721
CC1=CC=CC=C1C=C=CC2=CC=CC=C2C3=C(N)C=CC(N)=C3,7.4297395372495e-09,Nc1c(c2c(cccc2)C)cc(c3ccccc3)cc1,4.056912532995847e-07,0.419,0.4186046511627907
CC(CC1=CC(C(=C)N)=CC=C1NC(=O)C)CCCC2=CC=CC=C2C(N)=O,7.4297395372495e-09,O=C(OC)c1cc(c(NC(=O)CCc2c(cccc2)C(=O)N)cc1)CC(C)C,5.444018486747391e-08,0.5,0.5151515151515151
O=C(CC1=CC=C(N)CC1)NCCC2=CC=CC=C2C(N)(C)C,7.4297395372495e-09,FC(F)(F)c1c(cccc1)CCNC(=O)CC2=CCCC2,6.186527048637454e-07,0.492,0.5
O=C(NCCC(N)=C1C=CC=CC1=C)C2=CC=CC3=C(N)C=C(C(=O)O)C=C32,7.4297395372495e-09,[O-]C(=O)c1cc(ccc1)CCNC(=O)c2c3c(c(N)ccc3)ccc2,4.6768036128584304e-08,0.469,0.4
NC(=O)NC1=CC=C(C(=O)N)N1NCCCC2=CC(Br)=CC=C2Cl,7.4297395372495e-09,Brc1cc(c(Cl)cc1)CCC(=O)Nc2ccc(NC(=O)N)cc2,1.0514571415418939e-07,0.491,0.49122807017543857
O=C(CC1=CC=CC=C1)NCC=CCC(C(=O)C(N))CC2=CC=CC(C(=O)N)=C2,7.4297395372495e-09,O=C(N)c1cc(ccc1)CC(=O)NCC=CCNC(=O)C(Cc2ccccc2)CC=C,3.8193417751766345e-08,0.639,0.6440677966101694
O=C(NCC1=CC=CC=C1)NCCCC=C2C=C(C(=O)N)C(N)=CC2,7.4297395372495e-09,O=C(NCc1ccc(cc1)C(=O)N)NCc2ccccc2,2.705667491374261e-07,0.434,0.4339622641509434
CC(C(=O)CC1=CC=CC(C(=C)C(N))=C1)(O)CCCCCCC2=CC=CC=C2,7.4297395372495e-09,O=C(N)c1cc(ccc1)CC(=O)NCC(O)(CNC(=O)CCCCCCc2ccccc2)C,7.556203401040325e-09,0.455,0.46875
O=C(CC1=CC=CC=C1)CC(=N)C2=CC=C(C3=CC=CC=C3F)C(=O)[CH1]2,7.4297395372495e-09,Fc1c(cccc1)C2=NN(C(=O)C=C2)CC(=O)Cc3ccccc3,1.2447785150583497e-07,0.4,0.41379310344827586
C(=O)=C(CCC1=CC=CC=C1NC)CCCC(N)=CC2=CC=CC=C2,7.4297395372495e-09,O=C(Nc1c(cccc1)CCC(=O)N)C(=Cc2ccccc2)C,9.828140844988805e-08,0.456,0.45614035087719296
C(N)=CC1=C(C(=O)N)C=CC=C1CCNC(=C)C2=CC(N)=CC=C2,7.55620340104033e-09,O=C(NCCNC(=O)CCc1c(cccc1)C(=O)N)c2cc(N)ccc2,1.331718053230139e-07,0.475,0.47540983606557374
O=C(CC1=CC=CC=C1)NCC2=CC=CC=C2CCC(O)CC3=CCCC=C3,7.55620340104033e-09,O=C(NCCNC(=O)Cc1ccccc1)NCCC(O)CCc2ccccc2,5.175227414503487e-08,0.433,0.4482758620689655
O=C(CC1=CC=C(C(=O)O)C=C1)CCCCCC=CC2=CC=CN(C(=O)N)C2,7.55620340104033e-09,O=C(N)c1ccc(cc1)CC(=O)NCCCCCCNC(=O)CCC=Cc2ccccc2,5.824247135708563e-08,0.311,0.3380281690140845
C=C(CC1=CC=C(O)C=C1)NCC2=CC=CC=C2SC(=O)CC3=CC=CC=C3,7.55620340104033e-09,S(c1c(cccc1)CNC(=O)Cc2ccc(O)cc2)c3ccccc3,8.361495206493742e-09,0.558,0.5490196078431373
CC(=N)C1=CC=CC=C1CC=C(N)CCCC2=CC3=CC=CC=C3[NH1]2,7.55620340104033e-09,O=C(N(CCN(C(=O)CCC=1Nc2c(cccc2)C1)C)C)CCc3c(cccc3)C(=O)N,2.6346771447493833e-08,0.453,0.46774193548387094
O=C(C)C1=CC(N)=C(C(=O)N)C=C1CSC=CC2=CC(C(N))=CC=C2F,7.55620340104033e-09,Fc1c(F)ccc(c1)C=Cc2c(F)cc(N)c(c2)C(=O)C,3.989014303322279e-07,0.381,0.3870967741935484
C(C(=O)C)=C(CCC=C1C=CC=C1)CCC(=O)NC2=CC=CC=C2Cl,7.55620340104033e-09,Clc1c(NC(=O)CCSCCC=C(C)C)cccc1,1.0264751549738792e-06,0.482,0.47368421052631576
CC(N)(C)C1=CC=CC=C1NCCCCCC=C(N)C2=CC=CC=C2,7.55620340104033e-09,O=C(NCCCCCCNC(=O)c1ccccc1)c2c(cccc2)C(C)(C)C,5.5366827866102494e-08,0.351,0.35714285714285715
NC1=CC=CC=C1CC2=CC=CC=C2NC=CC3=CC(N)=CC(O)=C3,7.55620340104033e-09,O=C(NCc1c(N)cccc1)C=Cc2cc(O)ccc2,1.1748673885314715e-06,0.379,0.38596491228070173
C=C(CCC1CCCC1)CCC2CC3=CC(C(=O)N)=CC=C3CC2,7.55620340104033e-09,O=C(N1CCN(C(=O)CCC2CCCC2)CC1)c3cc4c(cc3)CC4,3.226175690629193e-08,0.464,0.4642857142857143
O=C(CC1=CC=CC(C)=N1)CCC=CC=CC=CC2=CC=CC=C2C(N),7.55620340104033e-09,O=C(OCc1nc(ccc1)C)CCC=Cc2ccccc2,8.67057568279137e-07,0.413,0.4126984126984127
O=C(NC(=O)CCC1=CC=CC=C1)NCCCCC2CC=CC(C)=C2,7.55620340104033e-09,O=C(NCCCCNC(=O)CCc1ccccc1)C2CC=CC2,1.6584521607389992e-07,0.483,0.4827586206896552
CC(C)C1=CC=CC=C1NC(=O)NCCCC(=O)CC=C(N)C2=CC=CCC2,7.55620340104033e-09,O=C(Nc1c(cccc1)C(C)C)NCCCC(=O)N2CCCC2,9.828140844988805e-08,0.493,0.4925373134328358
CCC1=CC=CC=C1C=C(C(=O)C(N))CCCC2=CC3=CC=CC=C3[NH1]2,7.55620340104033e-09,O=C(NCc1c(cccc1)CC)CCC=2Nc3c(cccc3)C2,5.9233834234292066e-08,0.5,0.4915254237288136
CC(C)C1=CC=CC=C1CCCCC(=O)NC(=O)CC2=CC=CN(C(=O)N)C2,7.55620340104033e-09,O=C(N1CC(NC(=O)Cc2c(cccc2)C(C)C)C1)N,1.4489805022498715e-07,0.409,0.4153846153846154
CC1=CC=CC=C1C(=O)C2C(=O)C=CC=C2CCC(=O)C3=CC=CC=C3,7.55620340104033e-09,O=C(NCCNC(=O)CCC(=O)c1ccccc1)c2c(cccc2)C,2.994020218722163e-07,0.411,0.4107142857142857
C(=C(=C(=N)))=C(CCC1=CC(C(=O)O)=CC=C1)CCCC2=CC(C)=CC=C2,7.55620340104033e-09,[O-]C(=O)c1cc(ccc1)CCC(=O)NCCCc2cc(ccc2)C,7.502233167218944e-08,0.582,0.4576271186440678
O=C(NC(=O)CCC(=O)C1=CC(C(=O)C)=CC=C1)C=CC=C2C=CC=C[NH1]2,7.55620340104033e-09,O=C(NCCNC(=O)C=CC=CC)c1cc(ccc1)C(=O)C,3.856607946889424e-07,0.375,0.3870967741935484
CC1=CC=CC=C1NC(=O)CCC2=CC3=CC(Cl)=CC=C3C(C(C(=O)N))2,7.55620340104033e-09,Clc1cc(NC(=O)CCCC(=O)Nc2c(cccc2)C)c(cc1)C(=O)N,8.44308018487042e-08,0.508,0.5423728813559322
CC(N)(C)C1=CC=CC=C1NCCCCC2CC3=CC(C(N))=CC=C3C2,7.55620340104033e-09,N(c1c(cccc1)C(C)(C)C)Cc2cc3c(cc2)CC3,2.894640452668897e-07,0.404,0.39655172413793105
C(=O)(CC1=CC=CC=C1)NCCCCCCCCN2CC=C(C)C(N)=C(N)2,7.55620340104033e-09,O=C(NCCCCCCNC(=O)CCNC(=O)Cc1ccccc1)c2c(N)c(ccc2C)C,1.774284064318968e-07,0.475,0.47540983606557374
CC1=CC(N)=CC=C1C(N)CCCC=CC2=CN=C(N3CCCC3)C=C2,7.68481984484617e-09,n1c(N2CCCC2)ccc(c3c(cc(N)cc3)C)c1,1.0092956261425885e-06,0.459,0.4827586206896552
O=C(CC1=CC=CC=C1C)CC=CSC2=CC(C(=O)C(N))=CC=C2C(N)=O,7.68481984484617e-09,Clc1c(ccc(c1)C(=O)NCC=CCNC(=O)Cc2c(cccc2)C)C(=O)N,2.915464175229528e-08,0.414,0.4264705882352941
CN(CC1=CC=CC(C(=O)N)=C1)CSC=CC=C(N)C2=CC=CC=C2,7.68481984484617e-09,O=C(N)c1cc(ccc1)C[NH+](Cc2cc(ccc2)C(=O)N)C,7.759802350413329e-08,0.587,0.4117647058823529
O=C(CC1CCCCC1)NCCC(N)C2=CC=C(C(=O)N)C=C2Br,7.68481984484617e-09,O=C(NC(CCNC(=O)CC1CCCCC1)C)c2ccc(cc2)C(=O)N,3.5102517843139754e-08,0.559,0.5689655172413793
CC(CC1=CC=CC=N1)CC=CC2=CC=CN=C2CC3=CC=CC(C(=O)O)=C3,7.68481984484617e-09,O=C(NC(Cc1ncccc1)C)c2cc(ccc2)Cc3ccccc3,3.281089411501842e-08,0.47,0.5238095238095238
C=C(CC1=CC=C(C(=O)N)C=C1)C(=O)CCC=CC(C)=CC2=CC=CC=C2,7.68481984484617e-09,O=C(N)c1ccc(cc1)CC(=O)N(CC(=Cc2ccccc2)C)C,9.995428629292189e-08,0.483,0.49122807017543857
N=C(CC1=CC(C(=O)N)=CC=C1)C2CCCC(C3=CC=CC=C3)=C2,7.68481984484617e-09,O=C(N)c1cc(ccc1)CC(=O)OC2C=C(c3ccccc3)CCC2,1.817465957663271e-08,0.661,0.6545454545454545
O=C(NCC1=CC=CC(=O)C1)C(N)CCCCCCCC2=CC=CC=C2,7.68481984484617e-09,O=C(NCc1ccccc1)C([NH2+]C(CCCCc2ccccc2)C)C,2.2254963963401058e-08,0.417,0.4166666666666667
CCC1=CC=CC=C1CC(=C(C(=O)(N)))C=CC2=CC(Br)=CC=C2Cl,7.68481984484617e-09,Brc1cc(NC(=O)Cc2c(cccc2)CC)c(Cl)cc1,2.172619946236769e-07,0.5,0.4909090909090909
CC(=C)C1=CC=CC=C1CC(=O)NCC(=O)C2[NH1]C3=CC=CC=C3C2,7.68481984484617e-09,O=C(NCC(=C)C)C1Nc2c(cccc2)C1,8.968256792757364e-07,0.547,0.5555555555555556
C(C(=O)N)CC1=CC=C(C(=O)O)C=C1NC(=O)C2=CC3=CC=CC=C3C(N)2,7.68481984484617e-09,FC(F)(F)C1Oc2c(cccc2)C=C1C(=O)Nc3c(cccc3)CCC(=O)N,1.9305160040558177e-07,0.449,0.5
N#CC1=CC(O)=C(C(=O)N)C=C1CC(=C(C(=O)N))C2=CC3=CC=CC=C3[NH1]2,7.68481984484617e-09,O=C(NCC=CCNC(=O)C=1Nc2c(cccc2)C1)c3c(O)cc(N)c(C#N)c3,2.72513176339802e-08,0.486,0.4925373134328358
CC(N)(C)C1=CC=CC=C1NC(C)CCCCC2=CN=C(N)C=C2,7.68481984484617e-09,n1c(N)ccc(c1)CNc2c(cccc2)C(C)(C)C,8.818160197246959e-07,0.481,0.48148148148148145
O=C(CC1=CC(C(=C(N))C)=CC=C1)CSC2=CC=CC=C2C=CCC(=O)N,7.68481984484617e-09,S(c1c(NC(=O)Cc2cc(ccc2)C(=O)N)cccc1)CC(=O)N,4.298321332126153e-08,0.409,0.4090909090909091
C=C(CC1=CC(C(=O)O)=CC=C1)CCC2=CC=CC=C2[NH1]C(=O)CC3=CC=CCC3,7.68481984484617e-09,[O-]C(=O)c1cc(ccc1)CC(=O)Nc2c(cccc2)CC(=O)NC,7.759802350413329e-08,0.508,0.43283582089552236
O=C(CC1=CC=CC=C1)NCCCCCC(=C)C2=CC(N)=CCC(=N)2,7.68481984484617e-09,O=C(NCCCCCCNC(=O)CCNC(=O)Cc1ccccc1)C=2c3c(cccc3)CC2,3.950468696913859e-08,0.469,0.46875
O=C(CC1=CCCC=C1)NCCC=CC=CC=CC2=CC=CC=C2,7.68481984484617e-09,O=C(NCCNC(=O)CC1=CCCC1)C=CC=Cc2ccccc2,4.5985306199700256e-08,0.459,0.45901639344262296
CCC1=CC=CC=C1CCC(C(=O)C)=C=CC2=NC3=CC=CC=C3N2,7.68481984484617e-09,O=C(NCCc1c(cccc1)CC)CCC2=Nc3c(N2)cccc3,1.1248944616653033e-07,0.483,0.4745762711864407
O=C(NC(=O)C(C(=O)C)CCCC1=CC=CC=C1C(C(=O)N))CCC2=CC=CC=C2,7.68481984484617e-09,O=C(Nc1c(cccc1)CC(=O)N)C(NC(=O)CCc2ccccc2)C,9.995428629292189e-08,0.508,0.5084745762711864
N(CC1=C(C(=O)N)C=CC=C1C(=C(N))CCC)CCCC2=CC=CC=C2F,7.68481984484617e-09,Fc1c(cccc1)CCC[NH2+]Cc2ccc(cc2)C(=O)N,6.08298667624497e-07,0.526,0.3484848484848485
O=C(CC1=CC=CC=C1)NCC2=C(C(=O)O)C=CC=C2[CH1]C(=C)CC=CCC,7.68481984484617e-09,[O-]C(=O)c1c(cccc1)CC(=O)NCCNC(=O)Cc2ccccc2,9.663652860855617e-08,0.482,0.36666666666666664
O=C(NCCCC1=CC(C(=O)N)=CC=C1)NC(=O)CCC2CCC[NH1]C=2,7.81562550838838e-09,O=C(NCCc1cc(ccc1)C(=O)N)NCCC2=CCCCC2,3.33693783557396e-08,0.5,0.5
CN(CC1=CC(C(=O)N)=CC=C1)C(=O)CCCC(N)CC(O)C2=CC=CC=C2,7.81562550838838e-09,O=C(N)c1cc(ccc1)CN(C(=O)CCCC(O)c2ccccc2)C,2.5905820570601723e-08,0.815,0.86
CCC(N)=CC1=CC=C(C(=O)N)C=C1NC(=O)NCCCC2=CC=CC(=O)2,7.81562550838838e-09,O=C(Nc1c(ccc(c1)C(=O)N)C)NCCCc2ccc(cc2)C,9.032773438039765e-08,0.455,0.45454545454545453
CN(CC1=CC=CC(C(=O)N)=C1C)C(=O)CCC=C(N)C2=CC(N)=NC=C2F,7.81562550838838e-09,Brc1c(cc(nc1)N)C(=O)N(CCN(C(=O)c2c(c(ccc2)C(=O)N)C)C)C,3.8843519569743744e-08,0.456,0.45588235294117646
CCC1=CC=C(C(=O)N)C=C1CCCCCCC=C2C(C)=CC=C(N)2,7.81562550838838e-09,O=C(NCCCCCCNC(=O)c1cc(c(cc1)CC)CC)c2c(ccc(c2)C(=O)N)C,7.253213413653791e-08,0.413,0.4032258064516129
CC(CC1=CC=CC=C1N)CCC=CC=CC2=CC(N)=CC=C2,7.81562550838838e-09,O=C(NC(Cc1c(cccc1)C)C)C=Cc2cc(N)ccc2,1.377439043709943e-07,0.41,0.4098360655737705
CC(CC1=CC=CC(N)=C1)N(C)C(=O)C=CC(=O)CC2=CC=CC(C(=O)N)=C2,7.81562550838838e-09,O=C(N)c1cc(ccc1)CC(=O)N(C(Cc2cc(ccc2)C)C)C,4.0860975120705305e-08,0.579,0.6
O=C(NCC1=CC=CC=C1)NCCCCCC=CC=C2C=CC(N)=CC2,7.81562550838838e-09,O=C(NCc1ccccc1)NCCCCCCCCC=C,4.196195813603635e-07,0.527,0.5370370370370371
CN(CC1=CC=C(N)C=N1)C(=O)NCC2=CC=CC=C2CC3=CCCC=C3,7.81562550838838e-09,O=C(N(Cc1ncc(cc1)C)C)NCc2c(cccc2)CC,1.80448469478674e-07,0.524,0.532258064516129
O=C(NCCCC=C1CC=CC(C(=O)N)=C1)C=CC2=CC=CC=C2,7.81562550838838e-09,O=C(N)c1ccc(cc1)C=CC(=O)NCCCCNC(=O)C=Cc2ccccc2,1.203460892404676e-07,0.537,0.5370370370370371
C(C(=O)N)=C(CCC=CC1=CC=CC=C1)CCCC2CC3=CC=CC=C3C2,7.81562550838838e-09,O=C(NCCC1Cc2c(cccc2)C1)CCC=Cc3ccccc3,5.263316539506193e-08,0.585,0.5769230769230769
C(C(=O)N)#CC1=C(C(=O)C(C(N)))C=CC=C1NC(=O)C2=CC3=CC=CC=C3C2,7.81562550838838e-09,O=C(NCCC(=O)N)c1c(NC(=O)C2=Cc3c(cccc3)C2)cccc1,8.083954182461677e-09,0.54,0.559322033898305
C=C(N)C1=CC=CC=C1NC(=O)C=CCC(C(=O)N)CC2=CC=CC=C2,7.81562550838838e-09,O=C(N)c1c(NC(=O)C(Cc2ccccc2)CC=C)cccc1,2.445085884224233e-07,0.527,0.5272727272727272
CCC1=C(C(=O)C)C(N)=CC=C1CC(=O)C2=CC3=C(C(=O)N)C=CC=C3C2,7.81562550838838e-09,O=C(N)c1c2c(ccc1)C[NH+](CC(=O)C=3NC(=C(C(=O)C)C3CC)C)CC2,2.6795227883814164e-08,0.368,0.3684210526315789
O=C(C=CC1=CC=CC=C1)NC(=O)CCCC(=O)CC2=CC(C(O))=CC(=O)C2,7.81562550838838e-09,O=C(NCCCCNC(=O)CC1=Cc2c(cccc2)C1)C=Cc3ccccc3,3.5102517843139754e-08,0.412,0.4307692307692308
O=C(CC1=CC=CC=C1)NC(=O)CNC2=C(C(=C(=N))C(C))C=CC=C2C,7.81562550838838e-09,O=C(NNC(=O)Cc1ccccc1)CNc2c(cccc2C)C,8.301773170513547e-08,0.549,0.5490196078431373
C=C(N)C1=CC=CC=C1NC(=O)C=CCC(C(=O)(N))CC2=CC=CC=C2,7.81562550838838e-09,O=C(N)c1c(NC(=O)C(Cc2ccccc2)CC=C)cccc1,2.445085884224233e-07,0.527,0.5272727272727272
CC(N)(C)C1=CC=CC=C1NN(C(CC))C(=C)CCC2=CC=CC=C2,7.81562550838838e-09,O=C(Nc1c(cccc1)C(C)(C)C)CCc2ccccc2,2.751721483358364e-07,0.407,0.4074074074074074
CC(C)C1=CC(C(C(=O)N))=CC=C1C(=O)NCC=CC=CCNC2=CC=CC=C2,7.81562550838838e-09,O=C(NCC=CCNC(=O)c1ccccc1)c2c(cc(cc2)C(C)C)C(C)C,1.191831921847226e-08,0.508,0.543859649122807
O=C(CF)NC1=CC=CC=C1CC(=C(=C(=N)))CC2=CC=CC(C(N))=C2,7.948657655044041e-09,O=C(Nc1cc(ccc1)C[NH3+])Cc2c(NC(=O)C)cccc2,8.026214485119953e-08,0.475,0.359375
O=C(C(=O)NC(=O)C(N)C1=CC=CC=C1)CCCCCC2CCCCC2,7.948657655044041e-09,O=C(NCCCCCCNC(=O)CCCCC1CCCCC1)C(c2ccccc2)c3ccccc3,8.083954182461677e-09,0.544,0.543859649122807
CC(N)C1=C(N)C=CC=C1CCNC(=O)CC2=CC3=CC=CC=C3S2,7.948657655044041e-09,S1c2c(cccc2)C=C1CC(=O)NCCCc3c(N)cccc3,5.9233834234292066e-08,0.649,0.6607142857142857
O=C(CC1=CC=CC(C(C(N)))=C1)NC(=O)C(=O)NCC2=CC=C(Cl)[CH1]2,7.948657655044041e-09,Clc1ccc(cc1)CNC(=O)C(=O)NNC(=O)c2cc(ccc2)CC[NH3+],2.915464175229528e-08,0.429,0.3333333333333333
O=C(CSC1=CC=CC=C1)NCCC(N)CC=CC2=CC(C(=O)N)=CC=C2,7.948657655044041e-09,S(c1ccccc1)CC(=O)NCCc2cc(ccc2)C(=O)N,1.1635147152901845e-07,0.559,0.5689655172413793
C(N)C1=CC=C(C(=C)N)C=C1CCCC=CC2=CC3=CC=CC=C3S2,7.948657655044041e-09,S1c2c(cccc2)C=C1C=CC(=O)c3ccc(cc3)CCCC,4.298321332126153e-08,0.394,0.4
O=C(NCC1=CC=CC=C1)CCCC2=CC(C)=C(C(=O)O)C=C(C(=C(=N))C(N))2,7.948657655044041e-09,[O-]C(=O)c1c(cc(NC(=O)CCCC(=O)NCc2ccccc2)cc1)C,7.376672572429296e-08,0.524,0.47619047619047616
C(=O)=C(CC1=CC(C(C(N)))=CC=C1)N2CCCC(C3=CC=CC=C3)C2,7.948657655044041e-09,O=C(N1CC(c2ccccc2)CCC1)c3cc(ccc3)CC[NH3+],8.586792429037429e-08,0.661,0.5166666666666667
CN(CC1=CC=CC=C1N)CCC=CC=CC=C(N)C2=C(N)C=CC=C2,7.948657655044041e-09,Fc1c(cccc1)C(=O)CC[NH+](Cc2c(N)cccc2)C,1.539110010486632e-06,0.455,0.2698412698412698
ClC1=CC(C(=O)C)=CC=C1C2=CC=CC=C2CCNN3NCC(N)=C3,7.948657655044041e-09,Clc1c(c2c(cccc2)CCCC([O-])=O)ccc(c1)C(=O)C,4.4892723101046985e-07,0.508,0.5333333333333333
C(N)CC1=CC=CC=C1CC(=O)NC(C)CC2=CC3=CC=CC=C3C2,7.948657655044041e-09,O=C(NC(CNC(=O)CC1=Cc2c(cccc2)C1)C)Cc3c(cccc3)CC,3.630766924904767e-08,0.603,0.6140350877192983
CC(C)C1=CC=CC=C1N(C)CC=C(N)C(=C)CC2=CC(C(=O)C(N))=CC=C2,7.948657655044041e-09,O=C(N)c1cc(ccc1)CN(c2c(cccc2)C(C)C)C,1.715390696090709e-07,0.525,0.5333333333333333
O=C(CC1=CC=CC=C1N)CCC=CC=CC=CC2=CC=CN=C(C(N))2,7.948657655044041e-09,Brc1c(nccc1)CNC(=O)Cc2c(N)cccc2,1.0264751549738792e-06,0.397,0.4098360655737705
NC(C)(C)C1=CC=CC=C1NCC2CCCC3=CC(C(=O)O)=CC=C23,7.948657655044041e-09,[O-]C(=O)c1cc2c(cc1)CCCC2CNC(=O)c3c(cccc3)C(C)(C)C,1.2327502947867038e-08,0.554,0.44285714285714284
CCC1=CC=CC=C1N(C)C(=O)CC(C(=O)(N))CC2=CC(C(=O)(N))=CC=C2F,7.948657655044041e-09,Fc1c(cc(cc1)C(=O)N)C(=O)N(c2c(cccc2)CC)C,3.989014303322279e-07,0.607,0.6
O=C(CC1CCC(C(=O)O)CC1)CC2CCC3=CC=CC(C(=O)O)=C3C2,7.948657655044041e-09,[O-]C(=O)C1CCC(CNC(=O)CC2Cc3c(cccc3)CC2)CC1,1.1140246738246686e-08,0.509,0.39655172413793105
O=C(NCC1=CC=CC=C1)NCC2C(N)=CC3=CC=C(C(=O)N)C=C3C2,7.948657655044041e-09,O=C(NCc1ccc(cc1)C(=O)N)NCc2ccccc2,2.705667491374261e-07,0.52,0.52
CC(N)(C)C1=CC=CC=C1CNC(=O)C=CC(C(=O)C)CC2=CC=CC=C2,7.948657655044041e-09,O=C(NCc1c(cccc1)C(C)(C)C)C([NH3+])Cc2ccccc2,6.44495812539366e-08,0.5,0.48214285714285715
NC(CC1=CC=CC(C(=O)O)=C1)=CC(C(C(=O)O))CCCCC2=CC=CC=C2,7.948657655044041e-09,[O-]C(=O)CC(NC(=O)Cc1cc(ccc1)C(=O)N)CCc2ccccc2,8.301773170513547e-08,0.492,0.4126984126984127
O=C(CC1=CC=CC=C1)NOCCC2=CC=CC3=C2CC(=N)C=C3,7.948657655044041e-09,O=C(NOCc1ccccc1)Cc2c3c(ccc2)cccc3,5.263316539506193e-08,0.397,0.39655172413793105
CC(C)C=C(N)C1=CC=CC=C1C(=O)NCCC2=CC(N)=CC=C2,8.08395418246168e-09,O=C(NCCCc1cc(N)ccc1)c2c(cccc2)C(=O)N,2.2854615275150829e-07,0.608,0.6078431372549019
O=C(NCC1=CC=CC=C1)NCN2C(=N)CC3=CC=CC(C(=O)C)=C3S2,8.08395418246168e-09,O=C(NNC(=O)c1c(cccc1)C(=O)C)NCc2ccccc2,3.666193129637751e-07,0.439,0.43859649122807015
CC1=CC=CC2=C1CCC2CCCCC3=CC(N)=CC(C)=C(N)3,8.08395418246168e-09,Clc1cc(c(N)c(c1)C)C[NH2+]C2c3c(c(ccc3)C)CC2,2.572078807222593e-07,0.458,0.4576271186440678
CNC1=CC=CC=C1CCCC=CC2=CC3=CC=CC(C(=C)N)=C3[NH1]2,8.08395418246168e-09,O=C(Nc1c2NC(C(=O)N)=Cc2ccc1)NCc3c(NC)cccc3,7.891884314063094e-08,0.386,0.391304347826087
O=C(CC1=CC=CC=C1)NCCCCCCC2=CC=CC3=C2CC(=O)C(=O)C(N)3,8.08395418246168e-09,O=C(NCCNC(=O)Cc1ccccc1)NCCCCCc2c3c(ccc2)cccc3,6.895095781354073e-08,0.508,0.5081967213114754
O=C(CC1=CC(=O)CC=C1)NCCCC2=CC(=O)C3=CC=C(C(=O)O)C=C32,8.08395418246168e-09,O=C1NNC(=O)c2c1cc(cc2)C(=O)NCCCCNC(=O)CC=3C(=O)NNC3,7.012459310633414e-08,0.333,0.26666666666666666
CC1=CC=C(C(N))C=C1C(=O)CCC=C2CCCN=C2NCCCC,8.08395418246168e-09,O=C(NCCCC)c1ccc(cc1)CNC(=O)CCC(=O)c2c(ccc(c2)C)C,5.263316539506193e-08,0.373,0.35526315789473684
O=C(CC1=CC=C(N)C=C1)CC2=CC=CC=C2CCC3CCC(=O)CO3,8.08395418246168e-09,O=C(NCCC1Oc2c(OC1)cccc2)Cc3ccc(N)cc3,3.666193129637751e-07,0.413,0.3484848484848485
CCCC1=CC=CC=C1CCC(=O)C=CC2=CC3=CC=C(C(N))C=C3C2,8.08395418246168e-09,O=C(NC1c2c(cc(cc2)C[NH3+])CC1)c3c(cccc3)CCC,8.16283113100815e-08,0.406,0.3150684931506849
CC(C)NC(=O)NCCCCC(=O)SC1=CC2=CC=CC(C(=O)O)=C2C(=C)1,8.08395418246168e-09,[O-]C(=O)c1c(c(ccc1)C(=O)NCCNC(=O)NC(C)C)C,5.881075617324877e-07,0.452,0.3870967741935484
O=C(CC1=CC=CC=C1)NCC(=O)C=CC=CC=C(C(N))C2=CC=CC=C2F,8.08395418246168e-09,Fc1c(cccc1)C(=O)NCCNC(=O)Cc2ccccc2,4.4892723101046985e-07,0.491,0.48148148148148145
CC1=C(C(=O)N)CCC=C1SCCC(=O)CC(=O)CC2=CC=C(C(=O)(O))C=C2,8.08395418246168e-09,O=C(N)c1ccc(cc1)CC(=O)N(CCN(C(=O)C2=CCC2)C)C,1.7445888845670109e-07,0.328,0.3333333333333333
O=C(N)C1=CC=CC=C1C(=O)CN2CC(=C(=O))CC3=CC=CC=C32,8.08395418246168e-09,O=C(N1CCN(C(=O)CN2c3c(cccc3)CC2)CC1)c4c(cccc4)C(=O)N,1.191831921847226e-08,0.439,0.44642857142857145
CN(C(=O)C1=CC(C(=C(N))C(C(=O)N))=CC=C(C(=O)O)1)CC=CC2=CC=CC=C2F,8.08395418246168e-09,Fc1c(cc(cc1)C(=O)N)C(=O)N(CCN(C(=O)C=Cc2c(F)cccc2)C)C,3.8193417751766345e-08,0.457,0.463768115942029
O=C(NC=CC(N)=CCC1=CC=CC=C1)CNC(=O)C2=CC=CC(=O)N2,8.08395418246168e-09,O=C(NCC(=O)NCC(=O)NCc1ccccc1)C=2NC(=O)C=CC2,6.231032238480951e-08,0.577,0.5740740740740741
O=C(CC1=CC=CC(N)=C1)N2CCCC(C3=CC=CC(C(=O)O)=C(N)3)=C2Cl,8.08395418246168e-09,Fc1c(F)ccc2N(C(=O)Cc3cc(N)ccc3)CCCc12,3.5445020958727777e-07,0.477,0.484375
CC(N)(C)C1=CC=CC=C1NCCNC(C)(C(=O)C)C2=CC=CC=C2,8.08395418246168e-09,O=C(NCc1c(cccc1)C(C)(C)C)C([NH3+])(c2ccccc2)C,6.126747008126378e-08,0.382,0.32142857142857145
CN(CC1=CC=CC=C1N)C(=C)C=CC2=CC(C(=O)N)=C(N)C=C2Br,8.08395418246168e-09,Brc1c(ccc(c1)C)C=CC(=O)N(Cc2c(N)cccc2)C,1.6584521607389992e-07,0.559,0.559322033898305
O=C(CC1=CC=CC=C1)NCCNC=CCC2=CC=CC3=C2CCCC(=C(=O))3,8.08395418246168e-09,O=C(NCC[NH2+]Cc1c2c(ccc1)CCC2)Cc3ccccc3,6.024207140153832e-08,0.455,0.46153846153846156
O=C(CC1=CC=CC=C1)NCCCC(N)(C)CC=CC2=CC(C(=O)(N))=CC=C2,8.22155363335718e-09,O=C(N)c1cc(ccc1)CC(=O)NCCNC(=O)Cc2ccccc2,3.630766924904767e-08,0.536,0.5555555555555556
CC(CC1=CC=C(C)C(N)=C1N)CCCC2=CC=CC3=C2CCC3,8.22155363335718e-09,S(c1c(N)c(ccc1)C)Cc2c3c(ccc2)CCC3,3.203132708971498e-07,0.481,0.4716981132075472
O=C(CCSC1=CC=CC=C1CC(C(=O)C(N)))NC2=CC=CC3=C2NCCO3,8.22155363335718e-09,Brc1c(SCCC(=O)Nc2c3NC(=O)COc3ccc2)cccc1,6.231032238480951e-08,0.5,0.5
O=C(CC1=CC=CC=C1)NCC(=O)CC2=CC(C)=C(N)N=C2C(=C(=N))Cl,8.22155363335718e-09,Clc1nc(N)c(c(c1)C)C(=O)NCCNC(=O)Cc2ccccc2,1.3094298482212224e-07,0.446,0.4461538461538462
CC(N)(C)C1=CCCC=C1NCCCNC(=O)CC2=CC=CC=C2,8.22155363335718e-09,O=C(NCCCNC(=O)CCNC(=O)Cc1ccccc1)C2=CCC2,4.5985306199700256e-08,0.482,0.48214285714285715
O=C(C=CC1=CC=CC=C1)NCCC(C(N))CC=CC2=CC(C(=O)O)=CC=C2,8.22155363335718e-09,O=C(NCCC(NC(=O)C(CC=Cc1ccccc1)C)C)C=Cc2ccccc2,2.9650891805873545e-08,0.5,0.5166666666666667
O=C(CCC1=CC=C(C(=O)N)C=C1)NC(=O)CCC=C[NH1]C2=CCCC=C2,8.22155363335718e-09,O=C(N)c1ccc(cc1)CCC(=O)NCCNC(=O)CCC=CCC=C,7.376672572429296e-08,0.459,0.4666666666666667
O=C(CC1=CC=CC=C1)NCCCC(C2=CC=CC(C(=O)N)=C2)C#C(O),8.22155363335718e-09,O=C(N)c1cc(ccc1)CC(=O)NCCNC(=O)Cc2ccccc2,3.630766924904767e-08,0.577,0.5882352941176471
CN(CC1=CC(C(=C)O)=CC=C1)C(=O)NC(=O)CCC=CC2=CC=CC=C2Cl,8.22155363335718e-09,Clc1c(cccc1)C=CC(=O)N(Cc2cc(ccc2)C(=O)N)C,4.5985306199700256e-08,0.5,0.5076923076923077
C(=N)=C(CC1=CC=C(N)C=C1C)CCC(=O)CC2=CC=CC(N)=C2,8.22155363335718e-09,O=C(Nc1c(cc(N)cc1)C)Cc2cc(N)ccc2,4.884568494700594e-07,0.472,0.4807692307692308
O=C(CCC1=CC=CC=C1)NCCCC(C(=O)C)CCC2=CC=CC=C2,8.22155363335718e-09,O=C(NCCCCNC(=O)CCc1ccccc1)C(CCc2ccccc2)CC,1.5095090651174104e-08,0.689,0.7272727272727273
C(N)C1=CC=CC(C(C))=C1CC(=C)NCCCC2=CC=CC(N)=N2,8.22155363335718e-09,O=C(NCc1c(cccc1CC)CC)NCCCc2nc(ccc2)C,3.451502703596816e-08,0.459,0.4827586206896552
NC(N)(C1=CC=CC=C1)N2CCCC(C3=CC(C(=O)N)=CC=C3)C2,8.22155363335718e-09,O=C(NC(c1ccccc1)(C)C)c2cc(ccc2)C3C[NH+](CCC3)C,6.126747008126378e-08,0.508,0.4
O=C(CNC1=CC=CC=C1)NCCCCC(=O)CC2=CC(=C(N))CC=C2,8.22155363335718e-09,O=C(Nc1ccccc1)CCCCCNC(=O)CNc2ccccc2,2.247211062304602e-07,0.482,0.49122807017543857
O=C(CC1=CCCC=C1)NC(=O)CCC(C2=CC=C(C(=N)(N))C=C2)=C,8.22155363335718e-09,O=C(NCCNC(=O)CCC(=O)c1ccc(N)cc1)CC2=CCCC2,4.521567637491066e-08,0.269,0.26865671641791045
O=C(CSC1=CC=CC=C1)NCCN2CC(=O)CC3=CC(=O)CC=C32,8.22155363335718e-09,S(c1ccccc1)CC(=O)NCCN2C(=O)c3c(cccc3)C2,2.1362580461703601e-07,0.533,0.5333333333333333
CCC1=CC=CC=C1CCC(=C(C(C(N))))C=CC2=CC3=CC=CN=C3[NH1]2,8.22155363335718e-09,O=C(NCCc1c(cccc1)CC)C=2Nc3ncccc3C2,1.6306955934488178e-07,0.455,0.47619047619047616
CC(N)C(N)=CCCCC1=CC=CC=C1NC(=O)NCCC2=CC=CC=C2,8.22155363335718e-09,O=C(Nc1c(cccc1)CCc2ccccc2)NCCc3ccc(cc3)C(C)C,5.965995587201039e-09,0.579,0.5892857142857143
C(=C)=C(CC1CCC(N)CC1)NC(=O)CCC2=CC=CC=C2Br,8.22155363335718e-09,Brc1c(cccc1)CCC(=O)NCCNC(=O)CC2CC2,1.400884853987751e-07,0.566,0.5660377358490566
CC(C(=C)N)CCCC1=CC=CC=C1NCC(=O)CCC(=O)C2=CC=CC=C2,8.22155363335718e-09,O=C(Nc1c(cccc1)CCC(C)C)CCC(=O)c2ccccc2,1.4736440415238078e-07,0.483,0.4827586206896552
O=C(CC1=CC=C(C(=O)N)C=C1)C(C)C(C2=CC(C(=O)N)=CC=C2)C,8.22155363335718e-09,O=C(NCCNC(=O)Cc1ccc(cc1)C(=O)N)c2cc(ccc2)C(C)C,2.9650891805873545e-08,0.538,0.5384615384615384
O=C(NCCC(C(=C(N))C(C))CCC1=CC=CC=C1)CSC2=CC=CC=C2,8.22155363335718e-09,S(c1ccccc1)CC(=O)NCCNC(=O)C(CCc2ccccc2)CC,5.630924353796884e-08,0.648,0.6481481481481481
O=C(CC1=CC=C(C(=O)O)C=C1)CSC=CC=CC=C(N)C2=CC=CC=C2F,8.36149520649374e-09,Fc1c(cccc1)C(=O)NCC=CCNC(=O)c2ccc(cc2)CC(=O)N,2.5472249636873493e-08,0.381,0.4032258064516129
O=C(CC=CC=CC1=CC=C(O)C=C1)NC(=O)CCCCC2=CC=CC(=O)2,8.36149520649374e-09,O=C(NCC=CCNC(=O)CCCCc1ccccc1)C=Cc2ccc(O)cc2,7.253213413653791e-08,0.382,0.3787878787878788
O=C(CCC1=CC(C(=O)N)=CC=C1)NCCC=CC=CC2=NC=CC=C2,8.36149520649374e-09,O=C(N)c1cc(ccc1)CCNC(=O)C=Cc2ncccc2,1.0875561204824821e-07,0.617,0.6101694915254238
O=C(CSC1=CC=CC=C1)NCCC(C(=O)C(C(N)))CCCC2=CC=CC=C2,8.36149520649374e-09,S(c1ccccc1)CC(=O)NCCNC(=O)CCCc2ccccc2,7.502233167218944e-08,0.62,0.6326530612244898
O=C(NCC1=CC=CC=C1)NCCC(N)C=CC2=CC(C(=O)N)=CC=C2F,8.36149520649374e-09,Fc1c(cc(cc1)C(=O)N)C(=O)NNC(=O)NCc2ccccc2,1.0875561204824821e-07,0.508,0.5254237288135594
C(=O)=C(CCC=CC1=CC=C(C(=O)O)C=C1)C=CCNC2=CC=CC=C2,8.36149520649374e-09,[O-]C(=O)c1ccc(cc1)C=CC(=O)NCCNc2ccccc2,4.802818259561917e-07,0.5,0.41379310344827586
O=C(NCC1=CC=CC=C1)CC2CC=C(N)C3=CC=C(C(=O)O)C=C23,8.36149520649374e-09,[O-]C(=O)c1cc(c(N)cc1)C(=O)NCC(=O)NCc2ccccc2,1.1833192542966173e-07,0.492,0.4098360655737705
O=C(CN1CC=CC=C1)NCCCC2=CC(C(=O)N)=CC=C2CC(C(=O)C),8.36149520649374e-09,O=C1N(C(=O)C2C1CC=CC2)CC(=O)NCCCCNC(=O)CCc3ccc(cc3)C(=O)N,3.195001348067469e-09,0.37,0.3698630136986301
CC(N)(C)C1=C(N)CC=C1NC(=O)CNCC2=CC=CC=C2F,8.36149520649374e-09,Fc1c(cccc1)C[NH2+]CC(=O)NC(C)(C)C,2.6863422430448945e-06,0.537,0.39655172413793105
C(N)CC1=CC=CC=C1CC(=C)C(=O)C=CC2=CC3=CC=CC=C3C2,8.36149520649374e-09,O=C(OCc1c(cccc1)CCC=C)C2=Cc3c(cccc3)C2,9.501917818235033e-08,0.381,0.38095238095238093
C(=N)=C(CCC1=CC=CC(C(=O)N)=C1)C(=N)CCC=CC2=CC=CC=C2Cl,8.36149520649374e-09,Clc1c(cccc1)C=CC(=O)NCCc2cc(ccc2)C(=O)N,5.9233834234292066e-08,0.524,0.532258064516129
O=C(CC1=CC=CC=C1)NCCCC(C2=CC(C(=O)N)=CC=C2)C#C(O),8.36149520649374e-09,O=C(N)c1cc(ccc1)CC(=O)NCCNC(=O)Cc2ccccc2,3.630766924904767e-08,0.577,0.5882352941176471
CCC1=CC(C)=C(C(=O)C(N))C=C1NC(C)CCC(=O)C2=CC=CC(C)=C2,8.36149520649374e-09,O=C(NC(CCNC(=O)c1c(cccc1)CC)C)c2cc(ccc2)C,1.2659662699976492e-07,0.418,0.4153846153846154
O=C(NCC=CC1=CC=CC=C1)CNC2CCC3=CC=CC(C(=O)O)=C3C2,8.503818767848781e-09,O=C(NCC=Cc1ccccc1)CC2Cc3c(cccc3)CC2,2.1882495333063525e-08,0.516,0.5517241379310345
CC(CC1=CC=CC=C1)C(C)C=CC(=O)NC(=O)CC2=CC=CC=C2,8.503818767848781e-09,O=C(NNC(=O)Cc1ccccc1)Cc2ccc(cc2)CC(C)C,1.0338595034593205e-07,0.5,0.5238095238095238
O=C(NC1=CC=C(C(=O)N(C(=O)C(N)))C=C1)N2CC=CC(C(=O)C(N))=C2,8.503818767848781e-09,O=C(N1CC=CC1)Nc2ccc(cc2)C(=O)NCC,1.539110010486632e-06,0.386,0.38596491228070173
O=C(CC1=CC=CC=C1)NCCC=CC=CC(N)=CC2=C(N)C=CS2,8.503818767848781e-09,S1C(C(=O)NCCNC(=O)Cc2ccccc2)=C(N)C=C1,5.405134547940605e-07,0.509,0.5178571428571429
O=C(NCC1=CC=CC=C1)NC(=O)CCCC=CC=C2C(=O)NC=CS2,8.503818767848781e-09,S(CCC(=O)NC(=O)NCc1ccccc1)CCC=CC=C,2.445085884224233e-07,0.469,0.46153846153846156
CC(C)C1=CC(N)=CC=C1C(=O)CCCC2=CCC3=CC=CC=C3S2,8.503818767848781e-09,S1c2c(N(Cc3c1cccc3)CC(=O)c4c(cc(cc4)C(C)C)C(C)C)cccc2,6.491322439757576e-09,0.42,0.43283582089552236
CC(N)(C)C1=CC=CC=C1NC(=O)CCCC(C)C2=CC=CC(N)=C2,8.503818767848781e-09,O=C(Nc1c(cccc1)C(C)(C)C)CCCC(c2ccccc2)C,1.715390696090709e-07,0.642,0.6538461538461539
O=C(CC1=CC=CC=C1)NCCC(=C(C(=O)O))C(C)=C2C=CCC(=O)N2,8.503818767848781e-09,O=C(N1CC(=O)NC(=O)C1)CCNC(=O)Cc2ccccc2,4.884568494700594e-07,0.452,0.4666666666666667
CCC1=CC=CC(N)=C1CC(=N)C2=CC3=CC=C(C(=O)N)C=C3C(=O)2,8.503818767848781e-09,O=C(N)c1cc(c(N)cc1)c2c(cccc2)CC,2.157101993598377e-06,0.464,0.45454545454545453
O=C(CC1=CC=CC=N1)NCCCC2=CC=C(N)C3=C2C(=N)CC=C3,8.503818767848781e-09,Brc1c(cccc1)CCCNC(=O)Cc2ncccc2,2.1005047144726285e-07,0.525,0.5245901639344263
O=C(C1=CC=CC(N)=C1)NCCC(=O)C(N)CC=CC2=CC(N)=CC=C2,8.503818767848781e-09,O=C(NCCNC(=O)C(CC=Cc1ccccc1)C)c2cc(N)ccc2,5.630924353796884e-08,0.586,0.625
CC(CC1=CC(N)=CC=C1N)C(C)CCNC(=O)C2=CC=CC=C2,8.503818767848781e-09,O=C(NCCNC(=O)c1ccccc1)c2cc(c(N)cc2)CC(C)C,4.521567637491066e-08,0.633,0.6326530612244898
CCC1=CCC(C(=C)N)=C1NC(=O)CCCC2=CC(N)=CC=C2,8.503818767848781e-09,O=C(Nc1ccc(cc1)CCCC)CCc2cc(N)ccc2,1.774284064318968e-07,0.475,0.48333333333333334
CC(C)C1=CC=CC=C1CCC=CC[NH1]C=C(N)C2=CC=CC=C2,8.503818767848781e-09,O=C(NCC=CCNC(=O)Cc1c(cccc1)C(C)C)c2ccccc2,6.337092539563196e-08,0.463,0.45454545454545453
CC(C(N)C1=CC=CC=C1)C(=O)CCCCC2=CC=CC(C(C(=O)(N)))=C2,8.503818767848781e-09,O=C(Nc1cc(ccc1)CCC(=O)N)C(C([NH3+])c2ccccc2)C,4.5985306199700256e-08,0.544,0.4262295081967213
C=CC1=CC=CC(C(=O)N)=C1CCC(=N)N2CC(=O)CC3=CC=CC=C32,8.503818767848781e-09,O=C(N)c1c(cccc1)CCC(=O)N2c3c(cccc3)CN(C(=O)C2)C,4.298321332126153e-08,0.386,0.4117647058823529
C=C(CC1=CC=CC=C1)NCC=CC2=CC=C(O)C(=C2)CCCCC(=O)(N),8.64856486197054e-09,O=C(NCC=CCNC(=O)CCCCC(=O)N)CCCCc1ccccc1,3.8843519569743744e-08,0.475,0.48214285714285715
CC1=CC=CC=C1CCN(C)C2=CC3=CC(C(N)(N))=CC=C3CC2=O,8.64856486197054e-09,O=C(N(CCc1c(cccc1)C)C)C2=Cc3c(cccc3)C2,1.9305160040558177e-07,0.419,0.41935483870967744
CN(CC1=CC=CC=C1)C(=N)CCCC2=C(C)C(C(=C(N))N)=CC=C2,8.64856486197054e-09,O=C(N(Cc1ccccc1)C)CCCc2c(N)cccc2,5.782647411208766e-07,0.439,0.43859649122807015
CC1=CC=C(C(=O)NC(=O)N(C)C(=O)C=CC2=CC(C(=O)N)=CC=C2)C(=O)1,8.64856486197054e-09,O=C(NCCN(C(=O)C=Cc1ccc(cc1)C(=O)N)C)c2cc(ccc2)C,1.354385632577588e-07,0.4,0.4117647058823529
CC1=CC=C(CNC(=O)C(C)=CCC(=O)CC2=CC=C(C(=O)C)C=C2)C1,8.64856486197054e-09,O=C(NCc1ccc(cc1)C(=O)C)Cc2ccc(cc2)C(=O)C,2.615858945450191e-07,0.404,0.40384615384615385
C=C(NC1CCCCC1)CSC2=NC3=C(C(=O)N)C=CC=C3N2Cl,8.64856486197054e-09,S(C1=Nc2c(N1C)cccc2)CC(=O)NC3CCCCC3,2.751721483358364e-07,0.433,0.4393939393939394
CSC1=CC=C(C(=O)N)C=C1CCN(C2)C(C(=O)N)C3=CC=CC=C3C2,8.64856486197054e-09,Brc1cc(c(SC)cc1)C[NH+]2C(c3c(cccc3)CC2)C(=O)N,1.1440416335501129e-07,0.639,0.42857142857142855
C(C(=O)(N))CC=CC1=CC=CC=C1C(C)CC=CC2=CC=CC=C2,8.64856486197054e-09,O=C(NCCC(=O)N)C(CC=Cc1ccccc1)C,5.782647411208766e-07,0.519,0.5192307692307693
CC(N)(C)C1=CC=CC=C1CCC=CC=CCNCC2=CC=CC=C2,8.64856486197054e-09,[NH2+](Cc1c(cccc1)C(C)(C)C)Cc2ccccc2,2.751721483358364e-07,0.457,0.3137254901960784
CC(N)(C)C1=CC=CC=C1CCCCC(C)CC2=C(N)C=CC=C2C,8.64856486197054e-09,FC(F)(F)c1c(cccc1)CC([NH2+]CCc2c(cccc2C)C)C,1.6306955934488178e-07,0.367,0.3793103448275862
CCC1=CC=C(C(N))C=C1NCCC2=NC(N)=CC=C2C3=C(N)C=CS3,8.64856486197054e-09,n1c(N)ccc(c1)CNc2c(ccc(c2)CC)CC,1.2152033294281094e-06,0.387,0.3870967741935484
CC(C)C1=CC=CC=C1CC(C)C=CC(=O)CC2=CC(C(=O)N)=CC=C2,8.64856486197054e-09,O=C(N)c1cc(ccc1)CC(=O)NCc2c(cccc2)C(C)C,4.226382781160167e-08,0.6,0.6111111111111112
O=C(CCC1=CC(C(=O)N)=CCC1)NCCCNC=CC2=CC=CC=C2,8.795774723528521e-09,O=C(N)c1c(cccc1)CCC(=O)NCCCNC(=O)C=Cc2ccccc2,2.3809325856381848e-08,0.462,0.46153846153846156
O=C(NC1=CC(C(C))=CC=C1)C(C)C=CC=CC2=CC=CC=C(C(=O)(N))2,8.795774723528521e-09,O=C(Nc1cc(ccc1)CC)c2c(cccc2)C(=O)N,9.594630155035226e-07,0.556,0.5555555555555556
O=C(C1=CC=CC=C1)NC2=CC=C(N)C=C2C(=C)C=CCCC(N)C,8.795774723528521e-09,O=C(Nc1c(cccc1)C(=O)NC(CCC=C)C)c2ccccc2,6.231032238480951e-08,0.444,0.45161290322580644
C=C(CC1=CC=CC=C1)C(=N)CC=CC2=CC=CN=C2NC3=CC=CN=C3,8.795774723528521e-09,O=C(NNc1cnccc1)C(=C)Cc2ccccc2,5.590705438572481e-07,0.45,0.45
O=C(CC1=CC=CC=C1)NC(=O)CCCCCCCC2=CC=CC(O)C2,8.795774723528521e-09,O=C(OCC(=O)NC(=O)Cc1ccccc1)CCCCCCc2ccccc2,1.7571392636239635e-08,0.473,0.4727272727272727
C(C(=O)N)=C(CCC1=CC=CC=C1C(=C)C)CC=CC2=C(N)C=CC=C2,8.795774723528521e-09,O=C(N)c1c(cccc1)CCC(=O)N(Cc2c(N)cccc2)C,2.615858945450191e-07,0.377,0.3770491803278688
CC1=C(C(=O)N)C=CC=C1CCN(CCC=CC2=CC(N)=CN=C2)(C(=O)C(N)),8.795774723528521e-09,O=C(OCCC=Cc1cncc(OC)c1)c2c(c(ccc2)C(=O)N)C,1.377439043709943e-07,0.446,0.4520547945205479
C(N)(=O)C1=CC=CC=C1CCCCC=CC=C2C(C)=CC(N)=C2,8.795774723528521e-09,O=C(N)c1c(cccc1)CCC(=O)NCC=CCNC(=O)CCc2c(cccc2)C,1.2537333137184442e-08,0.4,0.4
CC(=N)C1=CC=CC(C(=O)O)=C1CCNC(=O)N2CSC3=CC=CC=C3C2,8.795774723528521e-09,S1c2c(cccc2)CN(C(=O)NCCc3c(cccc3C)C)CC1,1.6306955934488178e-07,0.54,0.5483870967741935
O=C(CC1=CC(C(=O)N)=CC=C1)CC(=N)C=CC2=CC3=CC=CC=C3CC2,8.795774723528521e-09,S(=O)(=O)(NC(=O)Cc1cc(ccc1)C(=O)N)C2=Cc3c(cccc3)CC2,3.782435704250124e-09,0.508,0.53125
CC(NC1=CC=CC=C1N)=CC(=O)N(C)CC2=CC(C(=O)N)=CC=C2C=C,8.795774723528521e-09,O=C(Nc1c(N)cccc1)c2ccc(cc2)CN(C(=O)C)C,4.056912532995847e-07,0.429,0.45
C(C(=O)N)CC1=CC=CC=C1NC(=O)C=C2C=CC(N)(C)C=C2,8.795774723528521e-09,O=C(Nc1c(cccc1)CCC(=O)N)C=C2CCC(CC2)(C)C,1.7571392636239635e-08,0.611,0.6226415094339622
CC(CC1=CC(C(=O)C)=CC=C1)N2CCCC(C3=CC=CC=C(N)3)C2,8.795774723528521e-09,O=C(NCc1cc(ccc1)C(=O)C)c2c(cccc2)C3CCCC3,9.25260985941592e-09,0.446,0.4461538461538462
O=C(CC1=CC=CC=C1)NCCCN=C=CC2=CC=CC(C(=C)N)=C2,8.795774723528521e-09,O=C(N)c1cc(ccc1)CC(=O)NCCCCNC(=O)CCNC(=O)Cc2ccccc2,2.0802076631645675e-08,0.483,0.48333333333333334
O=C(NC(=O)C1=CC=CC=C1)NCCC=CC=C2CC(=O)C(C)=C2S,8.795774723528521e-09,O=C(NNC(=O)c1ccccc1)NCCC=CC=C,1.982533003772821e-06,0.441,0.4406779661016949
CNC1=CC=CC=C1C(=O)CNC(=O)SC=CCC2=CC=C(C(=O)C(C(N)))C=C2,8.795774723528521e-09,O=C(NCCNC(=O)CC=CCc1ccccc1)c2c(NC)cccc2,1.377439043709943e-07,0.406,0.4
O=C(NNC1=CC=CC=C1)C(=N)CC(=O)N=CC=CC2=CC=CC=C2F,8.795774723528521e-09,Fc1c(cccc1)C=CC(=O)NNc2ccccc2,1.235887676108159e-06,0.5,0.5098039215686274
CNC1=CC=CC=C1CC(=C(C(=O)C(N)))C2=CC3=CC=CC(C(=O)(O))=C3S2,8.795774723528521e-09,S1c2c(NCc3c(NC)cccc3)cccc2C=C1C(=O)OC,3.7920621007542017e-07,0.455,0.46153846153846156
O=C(NCC1=CC=CC=C1)C(C)=CNCC=CC2=C(C(N))C=CC=C2C,8.795774723528521e-09,O=C(NCc1c(c(ccc1)C)C)C(=O)NCc2ccccc2,9.501917818235033e-08,0.481,0.4727272727272727
CC(C)C1=CC=CC(C(=O)O)=C1NCCCC2(C)CC3=CC=CC=C3CC2,8.94549028906e-09,O=C(OCCNc1c(cccc1C(C)C)C(C)C)C2(Cc3c(cccc3)CC2)C,6.170822146984746e-09,0.531,0.5396825396825397
O=C(NCCCCCCC1=CC=CC=C1)NC(=O)C2=CC=CCC(N)2,8.94549028906e-09,O=C(NC1CC=CC1)NCCCCCCCc2ccccc2,9.18652303100925e-08,0.547,0.5471698113207547
O=C(CC1=CC=CC=C1)NCCCC(C(=O)C)CCCC2=CC=CC2,8.94549028906e-09,O=C(NCCNC(=O)Cc1ccccc1)NCCCC(C)C,2.247211062304602e-07,0.491,0.5
CC(C(=O)C1=CC=CC(N)=C1C(=O)CC)NC(=O)CC2=CC=CC(N)=C2,8.94549028906e-09,O=C(NCc1ccccc1)C(NC(=O)Cc2cc(N)ccc2)C,1.1248944616653033e-07,0.536,0.5357142857142857
CC(CC(N)C1=CC=C(C(=O)O)C=C1)CC2=CC=C(N)C3=CC=CC=C23,8.94549028906e-09,S(=O)(=O)(NC(c1ccc(cc1)C([O-])=O)C)c2c3c(c(N)cc2)cccc3,3.3937368727139225e-08,0.483,0.3770491803278688
O=C(CCC1=CC=CC=C1)NC(=N)C(C)CC2=CC=CC(C(=C)N)=C2,8.94549028906e-09,O=C(NN=C(c1cc(ccc1)CC(C)C)C)CCc2ccccc2,4.521567637491066e-08,0.458,0.4915254237288136
O=C(CC1=CC=CC(N)=C1)NCCC(N)CCC=CC2=CC=CC=N2,8.94549028906e-09,O=C(NCCc1ncccc1)Cc2cc(N)ccc2,1.1748673885314715e-06,0.55,0.5689655172413793
O=C(CCC1=CC=CC=C1)NC(=O)NCC=CC2=CC(=O)CC(N)=C2Cl,8.94549028906e-09,O=C(NNC(=O)CCc1ccccc1)NCC=Cc2ccccc2,1.424729742556605e-07,0.467,0.4745762711864407
CCC1=CC=CC=C1CNC(=N)CCC(=O)N2C(=O)CSC3=CC(O)=CC=C32,8.94549028906e-09,S1c2c(N(C(=O)C1)CCC(=O)NCc3c(cccc3)CC)cccc2,6.024207140153832e-08,0.478,0.5076923076923077
CC1=CC(Cl)=C(C(=C(N))O)C=C1CC(=O)NCCCC2=CC=CC=C2C,8.94549028906e-09,Clc1c(cccc1)CC(=O)NCCCc2c(cccc2)C,2.247211062304602e-07,0.623,0.6346153846153846
C(C(=O)N)C(CC1=CC=CC=C1)NC(=C)C=CC2=C(C(=O)N)C=CC=C2,8.94549028906e-09,O=C(NC(Cc1ccccc1)CC(=O)NC)c2c(cccc2)C(=O)N,1.0514571415418939e-07,0.482,0.4909090909090909
CC=CC(=O)CC1=CC=C(C(=O)O)C=C1CCC(C)NCC2=CC=C(C)C=C2C,8.94549028906e-09,O=C(N(C(C)C)C)c1ccc(cc1)C[NH2+]Cc2c(cc(cc2)C)C,6.554659724274869e-08,0.368,0.3188405797101449
O=C(NCC1=CC=CC=C1)NCC2CC(=O)C(=O)C3=CC=CC(C(=O)N)=C23,8.94549028906e-09,O=C(NCc1ccc(cc1)C(=O)N)NCc2ccccc2,2.705667491374261e-07,0.471,0.4423076923076923
CC(C)(N)C1=CC=CC=C1CCC(=C(C(=O)O))CCC=CC2=CC=CC=C2F,8.94549028906e-09,Fc1c(cccc1)C=CC(=O)NCc2c(cccc2)C(C)(C)C,1.2239453674810362e-07,0.406,0.4126984126984127
O=C(NCC1=CC=CC(=O)C1)CCCC=CC=CC2=CC=CC=C2F,8.94549028906e-09,Fc1c(cccc1)C=CC(=O)NCC=CCNC(=O)CCCC(=O)NCc2ccccc2,4.756408914243168e-08,0.426,0.4393939393939394
CC1=CC(N)=C(C(=O)N)C=C1CCCCNC=C2C=CC=CC2=C,8.94549028906e-09,O=C(NCCCCNC(=O)c1c(cccc1)C(=O)N)c2c(N)cc(c(c2)C)C,2.0307831856022635e-07,0.371,0.4406779661016949
CCC(=O)CC(N)=C(SCC(=O)NCCC1=CC=CC=C1)C(=O)C=CC,8.94549028906e-09,O=C(NCCNC(=O)CCC(=O)NCCc1ccccc1)C=CC,1.576568321506011e-07,0.482,0.48214285714285715
CN(C)C1=CC=CC=C1C(=N)CCCC(C)=CC2=CC=CC=C2C(N)=C,8.94549028906e-09,Clc1c(cccc1)C(=Cc2c(N(C)C)cccc2)C,1.3447119240503068e-06,0.37,0.37037037037037035
C(=O)(CC1=CC=CC=C1)NCCCC=CC2=CCC3=CC=CC=C3O2,8.94549028906e-09,O=C(NCCCCNC(=O)CCNC(=O)Cc1ccccc1)C2=C(Oc3c(cccc3)C2)C,1.0067334634909954e-08,0.477,0.49206349206349204
C=C(NCCCCC(N)C1=CC=CC=C1F)CCC2=CC(C(=O)N)=CC=C2,8.94549028906e-09,Fc1c(cccc1)C([NH3+])C(=O)NCCc2cc(ccc2)C(=O)N,7.131820520357163e-08,0.59,0.5573770491803278
C(N)(=O)CCCCCCC(=C(C(O)))C1=CC2=C(C(=O)N)C=CC=C2C(=O)1,8.94549028906e-09,O=C(NCCCCCCNC(=O)CCCCC(=O)N)c1c(cccc1)C(=O)N,1.6584521607389992e-07,0.35,0.3448275862068966
O=C(NCC1=CC=CC=C1)NCCC(=C(=C(=C(=O))))CCCC2=CC=CC=C2,8.94549028906e-09,O=C(NCc1ccccc1)NCCNC(=O)CCCc2ccccc2,1.0514571415418939e-07,0.609,0.6086956521739131
CCCC(=O)CC1=CC=CC=C1C(=O)CC(C)CCNC2=CC=C(N)C=N2,9.097754208916962e-09,O=C(NCC(CNC(=O)c1c(cccc1)CCC)C)c2ncc(N)cc2,1.354385632577588e-07,0.414,0.4142857142857143
CC(C)C1=CC=CC=C1NCC=CCNC=C(N)C2=CC=CC=C2,9.097754208916962e-09,N(c1c(cccc1)C(C)C)CC=Cc2ccccc2,5.314671895870166e-07,0.568,0.5555555555555556
CC1=CC=CC=C1C2=NC=C(C=C2CNCCC(N)=CC(N)=CC)C,9.097754208916962e-09,n1cc(NCc2c(c3c(cccc3)C)cccc2)cc(c1)C,2.2854615275150829e-07,0.302,0.3387096774193548
O=C(CC1=CC=CC=C1)NCCCC(=C(=O))C(C)C=CC2=CC=CC=C2,9.097754208916962e-09,O=C(NCCCCNC(=O)CCNC(=O)Cc1ccccc1)C(CC=Cc2ccccc2)C,5.175227414503487e-08,0.542,0.5423728813559322
O=C(CC1=CC=CC=C1)NCCCC=CC2=CC(C(=C)C(C(=O)N))=C(N)C=N2,9.097754208916962e-09,Clc1ncc(N)c(c1)C(=O)NCCCCNC(=O)CCNC(=O)Cc2ccccc2,3.666193129637751e-07,0.471,0.4782608695652174
CNC1=C(C(=O)(N))C=CC=C1CC(=C(=O))C2=CC3=C(C(=O)O)C=CC=C3[NH1]2,9.097754208916962e-09,O=C(NCCNC(=O)C=1Nc2c(c(ccc2)C)C1)c3c(cccc3)C(=O)N,6.666228587545247e-08,0.403,0.4090909090909091
CC(CC1=CC=CC=C1N)CCCC(C(=O)O)CC2=CC(C(=O)N)=CC=C2,9.097754208916962e-09,[O-]C(=O)C(Cc1ccccc1)CCC[NH2+]Cc2cc(ccc2)C(=O)N,1.1635147152901845e-07,0.569,0.46774193548387094
O=C(CCC1=CC=CC=C1)NC(=O)CCCCCC(N)C2=CN=C(N)C=C2,9.097754208916962e-09,O=C(NCCCCCCNC(=O)CCc1ccccc1)CCc2cnc(N)cc2,1.817465957663271e-08,0.536,0.5454545454545454
N=C(C1=CC=CC=C1)CNC=CC2=CC=CC(=C2)CCC(=N)CC,9.097754208916962e-09,O=C(c1ccccc1)C=Cc2cc(ccc2)CCC,5.225723265577915e-07,0.436,0.43636363636363634
CC(N)(C)C1=CC=CC=C1CCCCC(=O)C=CC2=CCCC=C2,9.097754208916962e-09,O=C(NCc1c(cccc1)C(C)(C)C)CCCCc2ccccc2,4.919707539022398e-08,0.323,0.36507936507936506
CSC1=CC=CC=C1N(C)C(=O)CC(C(=O)C)CC2=CC(C(=O)(N))=CC=C2,9.097754208916962e-09,S(c1c(N(C(=O)Cc2cc(ccc2)C(=O)N)C)cccc1)C,1.1248944616653033e-07,0.698,0.6981132075471698
NC1=CC=CC=C1CCC(C=CC2=CC(C(=C(N))N)=CC=C2)=C,9.097754208916962e-09,Clc1cc(ccc1)C=CC(=O)NCCCc2c(N)cccc2,1.6034035719839377e-07,0.403,0.4098360655737705
NCC1=CC=CC=C1NCCC(C(=O)(N))CC2=CC3=CC=CC=C3S2,9.097754208916962e-09,S1c2c(cccc2)C=C1CC(=O)Nc3c(cccc3)C[NH3+],7.448648416157136e-07,0.554,0.43333333333333335
C(N)=C(CC1=CC(N)=CC(C(=O)N)=C1N)CCCC2=CC=CC=C2CC,9.097754208916962e-09,O=C(N)c1c(cccc1)CC(=O)NCCc2c(cccc2)CC,8.16283113100815e-08,0.414,0.4107142857142857
CN(C(=O)C1=CC(C(=C)N)=CC=C1)N=CC=C(N)C2=CC=CC(C(=O)O)=C2,9.097754208916962e-09,O=C(N(C)C)c1cc(c2cc(ccc2)C(=O)N)ccc1,2.994020218722163e-07,0.34,0.34615384615384615
O=C(CC=CC(C)=CCCC1=CC=CC=C1)NC(=O)CCC2=CC=CC(F)=C2,9.097754208916962e-09,Fc1cc(ccc1)CCC(=O)NCC=CCNC(=O)CCc2ccccc2,5.444018486747391e-08,0.556,0.5660377358490566
O=C(NC(=O)NCC1=CC=CC=C1)CC(=C(N))C=C(C)CC(=O)CCCC,9.097754208916962e-09,O=C(NC(=O)COC(=O)CCCC)NCc1ccccc1,5.839069995011365e-06,0.526,0.5357142857142857
O=C(NCC1=C(N)N=CC=C1)NCC2CCC3=CC=CC(C(=O)O)=C3C2,9.097754208916962e-09,O=C(NCc1c(nccc1)N)NCC2Cc3c(cccc3)CC2,3.630766924904767e-08,0.724,0.75
O=C(CC1=CC=CC=C1)NCC=CC=CC2=CC=NC=C2SCC(=O)N,9.097754208916962e-09,S(c1c(cccc1)C(=O)NCC=CCNC(=O)CCNC(=O)Cc2ccccc2)CC(=O)N,6.126747008126378e-08,0.515,0.5230769230769231
NC1=CC=C(C(=O)O)C=C1CCNC(=O)CNC2CCC3=CC=CC=C3C2,9.097754208916962e-09,O=C(NCCc1ccccc1)C[NH2+]C2Cc3c(cccc3)CC2,4.3714843711196514e-08,0.621,0.4153846153846154
O=C(CCC1CCCC1)NC(=C(=O))CCC2=CC=CC=C2C(N)=C,9.097754208916962e-09,O=C(N)c1c(cccc1)CCC(=O)NCCNC(=O)CCC2CCCC2,6.44495812539366e-08,0.571,0.5714285714285714
O=C(C(N)C1=CC=C(N)C=C1)NC(C)CC2=CC=CC=C2C(=O)N,9.097754208916962e-09,O=C(N)c1c(NC(=O)CC(c2ccc(N)cc2)C)cccc1,2.529031392181985e-07,0.455,0.4716981132075472
C1=CC=CC=C1CCNC(=O)CC(C(N))C2CCC3=CC=CC=C3C2,9.097754208916962e-09,O=C(NCCc1ccccc1)CC([NH2+]C2Cc3c(cccc3)CC2)C,2.9650891805873545e-08,0.596,0.5964912280701754
O=C(CC1=CC=CC=C1)NCCCC=CC2=CC=NC(N)=C2C(O)CCCC,9.097754208916962e-09,O=C(NCC(NC(=O)CCNC(=O)Cc1ccccc1)CCCC)c2c(nccc2C)N,2.3809325856381848e-08,0.474,0.4868421052631579
O=C(CCSC=CC1=CC=CC=C1N)NCC2=CC=CC3=C2NCCC(=O)3,9.097754208916962e-09,S(c1ccccc1)CCC(=O)NCc2c3NCCCc3ccc2,3.950468696913859e-08,0.437,0.43661971830985913
CC(C1=CC=CC=C1N)CCCN(C)C(=O)C2=C(C(C))C=CC=C2CC,9.25260985941592e-09,O=C(N(CCCCN(C(=O)c1c(N)c(ccc1)C(C)C)C)C)c2c(cccc2CC)CC,3.5700008510608346e-08,0.623,0.6153846153846154
O=C(NC=CCC(=C(C(=O)O))CCCC1=CC=CC=C1)C=CC2=CC=CC=C2,9.25260985941592e-09,O=C(NCC=CCNC(=O)CCCc1ccccc1)C=Cc2ccccc2,1.4842452734127424e-08,0.518,0.5576923076923077
O=C(CCC1=CC(C(=O)N)=CC=C1)C(N)CCC(=O)CC=CC2=CC=CC=C2,9.25260985941592e-09,O=C(N)c1cc(ccc1)CCNC(=O)CC=Cc2ccccc2,6.895095781354073e-08,0.569,0.5789473684210527
CCC1=CC=CC=C1NC(=O)CC(C(=C(=O))C(N))CC2=CC(Cl)=CC=C2,9.25260985941592e-09,Clc1cc(ccc1)CC([NH2+]C(CC(=O)Nc2c(cccc2)CC)C)C,4.756408914243168e-08,0.623,0.6271186440677966
CC(N)(C)C1=CC=CC=C1NCC(=O)CC2=CC(C(=C(N))N)=CC=C2Br,9.25260985941592e-09,Brc1c(cc(cc1)C(=O)OC)CNc2c(cccc2)C(C)(C)C,1.106067745068516e-07,0.453,0.4603174603174603
CCCCC(N)=C(NC(=O)N1CCCC2=CC=C(C(=O)N)C=C2Cl)CC1,9.25260985941592e-09,Clc1c(NC(=O)CCN2C(=O)NC(=O)CC2)cc(cc1)C(=O)N,1.424729742556605e-07,0.457,0.45588235294117646
NC(=O)C1=CC=CC=C1CCCC2=CN(C(=O)O)CC=C2C3=CC=CS3,9.25260985941592e-09,S1C(C2=CCN(C(=O)CCc3c(cccc3)C(=O)N)CC2)=CC=C1,5.824247135708563e-08,0.478,0.5
CC(N)CCNC1=CC(N)=CC=C1CCN(C)C(=O)C2=CC=CC=C2CC,9.25260985941592e-09,O=C(N(CCN(C(=O)c1c(cccc1)CC)C)C)c2c(cc(N)cc2)CC,5.444018486747391e-08,0.561,0.5740740740740741
CN(CC1=CC=CC=C1)CCC2=CC=CC=C2NC=CC3=CCC(=O)C(N)=C3,9.25260985941592e-09,O=C(Nc1c(cccc1)CC[NH+](C)C)C(=O)NCc2ccccc2,1.0875561204824821e-07,0.324,0.25
O=C(CC1=CC=CC=C1N)CCC=CC=C(N)C(N)=CC2=CC=CC=C2,9.25260985941592e-09,O=C(N(CC(=Cc1ccccc1)C)C)Cc2c(N)cccc2,2.6603842787697305e-07,0.429,0.42857142857142855
CN(CC1=CC=CC=C1CCCC)CC(=O)CC2=CCCC(C(=O)N)=C2Cl,9.25260985941592e-09,Clc1c(cccc1)CC(=O)COc2c(cccc2)CCCC,4.2676205429835293e-07,0.343,0.34328358208955223
O=C(CSC1=CC(C(=O)N)=C(N)C=C1)NC(=O)CCC2(C)C=CC=C2,9.25260985941592e-09,S(c1cc(c(cc1)C)C)CC(=O)NCCNC(=O)CCC2(CC2)C,1.377439043709943e-07,0.375,0.38095238095238093
CC(N)(C)C1=CC=CC=C1CC(C)=CCCC2=CC=C(N)N=N2,9.25260985941592e-09,O=C(NCc1c(cccc1)C(C)(C)C)c2nnc(N)cc2,5.052267137144056e-07,0.361,0.3898305084745763
CC(N)(C)C1=CC=CC=C1NC(=O)CCCCCC2=C(N)C(=O)CC=C2F,9.25260985941592e-09,Fc1ccc(cc1)CCCCCC(=O)Nc2c(cccc2)C(C)(C)C,1.5242376825949801e-07,0.492,0.5
O=C(NC(=O)C1=CC=CC=C1)CCC2C(=C)C=CC3=CC=CC=C23,9.25260985941592e-09,O=C(NC(=O)CN1c2c(cccc2)C=Cc3c1cccc3)c4ccccc4,1.787048067207503e-08,0.46,0.46938775510204084
O=C(NCC1=CC=CC=C1)C(=O)CCN2NC3=CC=C(C(=O)N)C=C3S2,9.25260985941592e-09,O=C(N)c1cc(ccc1)CNC(=O)C(=O)NCc2ccccc2,4.756408914243168e-08,0.481,0.48148148148148145
NCCCCC1=CC=CC(C(=O)O)=C1NCCC=CC2=CC=CC(Cl)=C2,9.25260985941592e-09,Clc1cc(ccc1)C=CC(=O)NCCCCNC(=O)c2c(cccc2)CCC,1.576568321506011e-07,0.403,0.4142857142857143
O=C(NCC1=CC=CC=C1)CCC=2C=CC3=CC=CC(C(=O)O)=C3S=2,9.410101355195091e-09,[O-]C(=O)c1c(cccc1)CCC(=O)NCCC(=O)NCc2ccccc2,1.5501821972997198e-07,0.537,0.4727272727272727
O=C(NCC1=CC=CC=C1)CCC2C(C(=O)N)CCC3=CC=CC=C23,9.410101355195091e-09,O=C(NCc1ccccc1)CCC2c3c(cccc3)CC2,7.012459310633414e-08,0.673,0.673469387755102
O=C(CC1=CC=CC(C(=O)O)=C1)C(=O)CSC=CC2=CC3=CC=CC=C3C2,9.410101355195091e-09,O=C(N)c1cc(ccc1)CC(=O)NCC=CCNC(=O)CC2=Cc3c(cccc3)C2,4.402932345129126e-09,0.4,0.4117647058823529
CC1=CC=CC=C1CCCC(C(=O)C(=O)C2CNC3=CC=CC=C3)=C2C,9.410101355195091e-09,O=C(NCCCNc1ccccc1)NCCCc2c(cccc2)C,1.9305160040558177e-07,0.453,0.46153846153846156
O=C(CCC1=CC=CC=C(C(=O)N)1)C(=O)CC2=CNC3=CC=CC=C3S2,9.410101355195091e-09,O=C(N)c1c(cccc1)CCC(=O)NCCNC(=O)C=2C(=O)c3c(NC2)cccc3,2.3410842758158432e-08,0.431,0.3333333333333333
NC(=C)C1=CC=CC=C1CCCCC2CCC3=CC=CC=C3C2,9.410101355195091e-09,O=C(N)c1c(cccc1)CCC(=O)NCCC2Cc3c(cccc3)CC2,1.6703828817525453e-08,0.536,0.5272727272727272
C(=O)=C(CCC1=CC=CC=C1C(N)(N)C)CCC(=O)NC2=CC=CC=C2,9.410101355195091e-09,O=C(Nc1ccccc1)CC[NH2+]Cc2c(cccc2)C(C)(C)C,4.8373692017537316e-08,0.481,0.4727272727272727
O=C(NCC1=CC=CC=C1)CC(=O)N(C(=O)C)CC(=O)C2=CC=CC(=O)C2,9.410101355195091e-09,O=C1OC(C(=O)N(CC(=O)NCc2ccccc2)C)=CC=C1,8.525461206123696e-07,0.415,0.36507936507936506
O=C(CCC1=CC=CC=C1)NC=C(C(C(=O)C(=N)))CC2=CC=CC(C(=O)O)=C2,9.410101355195091e-09,[O-]C(=O)c1cc(ccc1)CC(=O)NNC(=O)CCc2ccccc2,1.898206059494335e-07,0.585,0.4727272727272727
CC1=CC(=O)CC=C1C(=O)NC(=O)CCCN2CCNC3=CC=CC=C32,9.410101355195091e-09,O=C(N1c2c(NCC1)cccc2)CCCN3C(=CC(=O)C=C3C)C,2.3243630655657442e-07,0.435,0.4142857142857143
O=C(CSC(=O)C1=CCCC(C(=O)(N))=C1)CCCCNC2=CC=CC=C2,9.410101355195091e-09,O=C(N1CC=C(C(=O)N)CC1)CCNc2ccccc2,2.798559374393035e-07,0.419,0.4126984126984127
CC(C(=O)N)CC1=CC=CC=C1C(=O)CCCC(N)C2=CC=CC=C2,9.410101355195091e-09,O=C(NCC([NH3+])c1ccccc1)c2c(cccc2)CC(C)C,9.18652303100925e-08,0.463,0.3684210526315789
C(=O)(CC1=CC=CC=C1)NCCC(C(C(N)))=C=CC2=CC=CC=C2Br,9.410101355195091e-09,Brc1c(cccc1)C=CC(=O)NCCNC(=O)CCNC(=O)Cc2ccccc2,5.630924353796884e-08,0.554,0.5636363636363636
CC(N)(C)C1=CC=CC=C1NC(=O)CCCC(N)C2=CC=C(N)N=C2,9.410101355195091e-09,O=C(Nc1c(cccc1)C)CCCC(=O)Nc2cnc(N)cc2,4.125966479155306e-07,0.475,0.48333333333333334
CC(C)C1=CC=CC=C1C2CC(=O)C(CC3=CC(C(=O)C)=CC=C3)=C2,9.410101355195091e-09,O=C(NCc1cc(ccc1)C(=O)C)c2c(cccc2)C(C)C,1.424729742556605e-07,0.458,0.46551724137931033
CC1=CC=CC(C)=C1C(N)(N)C(=O)NCC=CC2=CC=CC=C(C(=O)N)2,9.410101355195091e-09,FC(F)(F)c1c(cccc1C)C(=O)NCC=CCNC(=O)c2c(c(ccc2)C(=O)N)C,4.521567637491066e-08,0.483,0.5
CC(CC1=CC=CC=C1N)CCCC(=O)C(N)=C(C)C2=CC=CC=C2,9.410101355195091e-09,FC(F)(F)c1c(cccc1C)C(=O)NCC=CCNC(=O)c2c(c(ccc2)C(=O)N)C,4.521567637491066e-08,0.483,0.1527777777777778
